<?xml version='1.0' encoding='UTF-8'?>
<gpx version="1.1" creator="https://www.komoot.de" xmlns="http://www.topografix.com/GPX/1/1" xmlns:xsi="http://www.w3.org/2001/XMLSchema-instance" xsi:schemaLocation="http://www.topografix.com/GPX/1/1 http://www.topografix.com/GPX/1/1/gpx.xsd">
  <metadata>
    <name>Hardangervidda Loop</name>
    <author>
      <link href="https://www.komoot.de">
        <text>komoot</text>
        <type>text/html</type>
      </link>
    </author>
  </metadata>
  <wpt lat="59.929747" lon="8.811195">
    <name>Fähranleger Mæl</name>
    <sym>Flag, Blue</sym>
  </wpt>
  <trk>
    <name>Hardangervidda Loop</name>
    <trkseg>
      <trkpt lat="59.929588" lon="8.811187">
        <ele>198.185330</ele>
        <time>2024-08-10T21:31:27.539Z</time>
      </trkpt>
      <trkpt lat="59.929556" lon="8.811384">
        <ele>198.185330</ele>
        <time>2024-08-10T21:31:41.060Z</time>
      </trkpt>
      <trkpt lat="59.929480" lon="8.811597">
        <ele>198.185330</ele>
        <time>2024-08-10T21:31:56.535Z</time>
      </trkpt>
      <trkpt lat="59.929415" lon="8.811782">
        <ele>198.185330</ele>
        <time>2024-08-10T21:32:09.941Z</time>
      </trkpt>
      <trkpt lat="59.928649" lon="8.810559">
        <ele>198.543358</ele>
        <time>2024-08-10T21:32:34.762Z</time>
      </trkpt>
      <trkpt lat="59.928064" lon="8.809535">
        <ele>199.191790</ele>
        <time>2024-08-10T21:32:49.777Z</time>
      </trkpt>
      <trkpt lat="59.927430" lon="8.808318">
        <ele>199.219928</ele>
        <time>2024-08-10T21:33:00.912Z</time>
      </trkpt>
      <trkpt lat="59.927217" lon="8.807825">
        <ele>198.695665</ele>
        <time>2024-08-10T21:33:04.759Z</time>
      </trkpt>
      <trkpt lat="59.926952" lon="8.807066">
        <ele>197.950625</ele>
        <time>2024-08-10T21:33:10.014Z</time>
      </trkpt>
      <trkpt lat="59.926827" lon="8.806589">
        <ele>197.517090</ele>
        <time>2024-08-10T21:33:12.961Z</time>
      </trkpt>
      <trkpt lat="59.926715" lon="8.806037">
        <ele>197.037449</ele>
        <time>2024-08-10T21:33:16.160Z</time>
      </trkpt>
      <trkpt lat="59.926602" lon="8.805083">
        <ele>196.221298</ele>
        <time>2024-08-10T21:33:21.448Z</time>
      </trkpt>
      <trkpt lat="59.926481" lon="8.803434">
        <ele>194.813493</ele>
        <time>2024-08-10T21:33:30.624Z</time>
      </trkpt>
      <trkpt lat="59.926224" lon="8.801375">
        <ele>193.381275</ele>
        <time>2024-08-10T21:33:43.469Z</time>
      </trkpt>
      <trkpt lat="59.926199" lon="8.801091">
        <ele>193.256226</ele>
        <time>2024-08-10T21:33:45.402Z</time>
      </trkpt>
      <trkpt lat="59.926145" lon="8.800460">
        <ele>192.978616</ele>
        <time>2024-08-10T21:33:49.731Z</time>
      </trkpt>
      <trkpt lat="59.926131" lon="8.800258">
        <ele>192.890180</ele>
        <time>2024-08-10T21:33:51.187Z</time>
      </trkpt>
      <trkpt lat="59.926075" lon="8.798976">
        <ele>192.332101</ele>
        <time>2024-08-10T21:33:59.303Z</time>
      </trkpt>
      <trkpt lat="59.926074" lon="8.798538">
        <ele>192.112582</ele>
        <time>2024-08-10T21:34:01.915Z</time>
      </trkpt>
      <trkpt lat="59.926131" lon="8.797487">
        <ele>191.437550</ele>
        <time>2024-08-10T21:34:08.060Z</time>
      </trkpt>
      <trkpt lat="59.926216" lon="8.796766">
        <ele>190.964590</ele>
        <time>2024-08-10T21:34:12.336Z</time>
      </trkpt>
      <trkpt lat="59.926498" lon="8.794976">
        <ele>189.819747</ele>
        <time>2024-08-10T21:34:23.537Z</time>
      </trkpt>
      <trkpt lat="59.926656" lon="8.794036">
        <ele>189.417191</ele>
        <time>2024-08-10T21:34:29.405Z</time>
      </trkpt>
      <trkpt lat="59.926749" lon="8.793724">
        <ele>189.269797</ele>
        <time>2024-08-10T21:34:31.683Z</time>
      </trkpt>
      <trkpt lat="59.926894" lon="8.793391">
        <ele>189.090681</ele>
        <time>2024-08-10T21:34:34.507Z</time>
      </trkpt>
      <trkpt lat="59.927154" lon="8.793742">
        <ele>188.836343</ele>
        <time>2024-08-10T21:34:38.552Z</time>
      </trkpt>
      <trkpt lat="59.927601" lon="8.794247">
        <ele>188.436842</ele>
        <time>2024-08-10T21:34:45.678Z</time>
      </trkpt>
      <trkpt lat="59.928871" lon="8.795425">
        <ele>187.837998</ele>
        <time>2024-08-10T21:35:03.902Z</time>
      </trkpt>
      <trkpt lat="59.929154" lon="8.795736">
        <ele>187.699854</ele>
        <time>2024-08-10T21:35:08.412Z</time>
      </trkpt>
      <trkpt lat="59.929648" lon="8.796408">
        <ele>187.826869</ele>
        <time>2024-08-10T21:35:17.246Z</time>
      </trkpt>
      <trkpt lat="59.930003" lon="8.797003">
        <ele>187.941859</ele>
        <time>2024-08-10T21:35:24.410Z</time>
      </trkpt>
      <trkpt lat="59.930536" lon="8.798051">
        <ele>188.127453</ele>
        <time>2024-08-10T21:35:36.568Z</time>
      </trkpt>
      <trkpt lat="59.932227" lon="8.801793">
        <ele>190.790682</ele>
        <time>2024-08-10T21:36:27.377Z</time>
      </trkpt>
      <trkpt lat="59.932822" lon="8.803180">
        <ele>191.374645</ele>
        <time>2024-08-10T21:36:42.588Z</time>
      </trkpt>
      <trkpt lat="59.933055" lon="8.803665">
        <ele>191.403869</ele>
        <time>2024-08-10T21:36:47.274Z</time>
      </trkpt>
      <trkpt lat="59.933530" lon="8.804472">
        <ele>191.071390</ele>
        <time>2024-08-10T21:36:55.405Z</time>
      </trkpt>
      <trkpt lat="59.933780" lon="8.804825">
        <ele>190.908165</ele>
        <time>2024-08-10T21:36:59.293Z</time>
      </trkpt>
      <trkpt lat="59.934500" lon="8.805703">
        <ele>190.648671</ele>
        <time>2024-08-10T21:37:09.576Z</time>
      </trkpt>
      <trkpt lat="59.934709" lon="8.805862">
        <ele>190.847904</ele>
        <time>2024-08-10T21:37:12.685Z</time>
      </trkpt>
      <trkpt lat="59.935521" lon="8.806249">
        <ele>191.591536</ele>
        <time>2024-08-10T21:37:29.904Z</time>
      </trkpt>
      <trkpt lat="59.936162" lon="8.806554">
        <ele>192.197540</ele>
        <time>2024-08-10T21:37:42.147Z</time>
      </trkpt>
      <trkpt lat="59.936392" lon="8.806787">
        <ele>192.520917</ele>
        <time>2024-08-10T21:37:48.733Z</time>
      </trkpt>
      <trkpt lat="59.937005" lon="8.807945">
        <ele>193.579070</ele>
        <time>2024-08-10T21:38:07.979Z</time>
      </trkpt>
      <trkpt lat="59.937161" lon="8.808173">
        <ele>193.821478</ele>
        <time>2024-08-10T21:38:11.507Z</time>
      </trkpt>
      <trkpt lat="59.937392" lon="8.808402">
        <ele>194.144847</ele>
        <time>2024-08-10T21:38:15.394Z</time>
      </trkpt>
      <trkpt lat="59.937633" lon="8.808552">
        <ele>194.418492</ele>
        <time>2024-08-10T21:38:19.963Z</time>
      </trkpt>
      <trkpt lat="59.937855" lon="8.808709">
        <ele>194.543758</ele>
        <time>2024-08-10T21:38:22.895Z</time>
      </trkpt>
      <trkpt lat="59.938050" lon="8.808915">
        <ele>194.661100</ele>
        <time>2024-08-10T21:38:25.820Z</time>
      </trkpt>
      <trkpt lat="59.938446" lon="8.809434">
        <ele>194.913055</ele>
        <time>2024-08-10T21:38:34.668Z</time>
      </trkpt>
      <trkpt lat="59.939001" lon="8.810255">
        <ele>195.280453</ele>
        <time>2024-08-10T21:38:48.622Z</time>
      </trkpt>
      <trkpt lat="59.939572" lon="8.810798">
        <ele>195.104325</ele>
        <time>2024-08-10T21:38:57.053Z</time>
      </trkpt>
      <trkpt lat="59.940296" lon="8.811725">
        <ele>194.703868</ele>
        <time>2024-08-10T21:39:08.484Z</time>
      </trkpt>
      <trkpt lat="59.940880" lon="8.812632">
        <ele>194.110215</ele>
        <time>2024-08-10T21:39:17.608Z</time>
      </trkpt>
      <trkpt lat="59.941272" lon="8.813438">
        <ele>193.403395</ele>
        <time>2024-08-10T21:39:23.996Z</time>
      </trkpt>
      <trkpt lat="59.942100" lon="8.814970">
        <ele>192.300717</ele>
        <time>2024-08-10T21:39:37.134Z</time>
      </trkpt>
      <trkpt lat="59.942314" lon="8.815246">
        <ele>192.366595</ele>
        <time>2024-08-10T21:39:40.389Z</time>
      </trkpt>
      <trkpt lat="59.943021" lon="8.816011">
        <ele>192.574533</ele>
        <time>2024-08-10T21:39:53.872Z</time>
      </trkpt>
      <trkpt lat="59.943677" lon="8.816985">
        <ele>193.097117</ele>
        <time>2024-08-10T21:40:09.976Z</time>
      </trkpt>
      <trkpt lat="59.944346" lon="8.817757">
        <ele>194.137810</ele>
        <time>2024-08-10T21:40:26.269Z</time>
      </trkpt>
      <trkpt lat="59.944521" lon="8.818054">
        <ele>194.447145</ele>
        <time>2024-08-10T21:40:31.062Z</time>
      </trkpt>
      <trkpt lat="59.945018" lon="8.819096">
        <ele>195.280398</ele>
        <time>2024-08-10T21:40:45.213Z</time>
      </trkpt>
      <trkpt lat="59.945520" lon="8.819956">
        <ele>195.739332</ele>
        <time>2024-08-10T21:40:57.757Z</time>
      </trkpt>
      <trkpt lat="59.945660" lon="8.820124">
        <ele>195.852661</ele>
        <time>2024-08-10T21:41:00.744Z</time>
      </trkpt>
      <trkpt lat="59.946076" lon="8.820496">
        <ele>196.168918</ele>
        <time>2024-08-10T21:41:08.506Z</time>
      </trkpt>
      <trkpt lat="59.946311" lon="8.820791">
        <ele>196.361513</ele>
        <time>2024-08-10T21:41:12.900Z</time>
      </trkpt>
      <trkpt lat="59.946919" lon="8.821742">
        <ele>195.708271</ele>
        <time>2024-08-10T21:41:23.190Z</time>
      </trkpt>
      <trkpt lat="59.947715" lon="8.823229">
        <ele>194.727853</ele>
        <time>2024-08-10T21:41:35.951Z</time>
      </trkpt>
      <trkpt lat="59.947916" lon="8.823552">
        <ele>194.567330</ele>
        <time>2024-08-10T21:41:38.815Z</time>
      </trkpt>
      <trkpt lat="59.948245" lon="8.824003">
        <ele>194.319044</ele>
        <time>2024-08-10T21:41:43.596Z</time>
      </trkpt>
      <trkpt lat="59.949166" lon="8.825036">
        <ele>193.661822</ele>
        <time>2024-08-10T21:41:57.491Z</time>
      </trkpt>
      <trkpt lat="59.949781" lon="8.825704">
        <ele>194.076364</ele>
        <time>2024-08-10T21:42:11.313Z</time>
      </trkpt>
      <trkpt lat="59.950566" lon="8.826581">
        <ele>194.695949</ele>
        <time>2024-08-10T21:42:27.726Z</time>
      </trkpt>
      <trkpt lat="59.951281" lon="8.827259">
        <ele>195.029287</ele>
        <time>2024-08-10T21:42:40.310Z</time>
      </trkpt>
      <trkpt lat="59.951542" lon="8.827462">
        <ele>195.112492</ele>
        <time>2024-08-10T21:42:44.144Z</time>
      </trkpt>
      <trkpt lat="59.952246" lon="8.827873">
        <ele>195.330375</ele>
        <time>2024-08-10T21:42:56.746Z</time>
      </trkpt>
      <trkpt lat="59.952463" lon="8.827984">
        <ele>195.396918</ele>
        <time>2024-08-10T21:43:00.504Z</time>
      </trkpt>
      <trkpt lat="59.952736" lon="8.828047">
        <ele>195.541209</ele>
        <time>2024-08-10T21:43:04.654Z</time>
      </trkpt>
      <trkpt lat="59.953161" lon="8.828017">
        <ele>195.772213</ele>
        <time>2024-08-10T21:43:10.739Z</time>
      </trkpt>
      <trkpt lat="59.954154" lon="8.827684">
        <ele>196.319159</ele>
        <time>2024-08-10T21:43:28.787Z</time>
      </trkpt>
      <trkpt lat="59.955070" lon="8.827453">
        <ele>197.418315</ele>
        <time>2024-08-10T21:43:45.348Z</time>
      </trkpt>
      <trkpt lat="59.955920" lon="8.827179">
        <ele>198.520219</ele>
        <time>2024-08-10T21:44:03.195Z</time>
      </trkpt>
      <trkpt lat="59.956196" lon="8.827001">
        <ele>198.987471</ele>
        <time>2024-08-10T21:44:10.415Z</time>
      </trkpt>
      <trkpt lat="59.956592" lon="8.826660">
        <ele>199.792391</ele>
        <time>2024-08-10T21:44:20.991Z</time>
      </trkpt>
      <trkpt lat="59.956931" lon="8.826256">
        <ele>200.529221</ele>
        <time>2024-08-10T21:44:28.938Z</time>
      </trkpt>
      <trkpt lat="59.957538" lon="8.825038">
        <ele>202.118324</ele>
        <time>2024-08-10T21:44:47.323Z</time>
      </trkpt>
      <trkpt lat="59.957650" lon="8.824864">
        <ele>202.336646</ele>
        <time>2024-08-10T21:44:51.062Z</time>
      </trkpt>
      <trkpt lat="59.957843" lon="8.824655">
        <ele>202.674447</ele>
        <time>2024-08-10T21:44:56.101Z</time>
      </trkpt>
      <trkpt lat="59.958007" lon="8.824550">
        <ele>202.939438</ele>
        <time>2024-08-10T21:45:00.665Z</time>
      </trkpt>
      <trkpt lat="59.958419" lon="8.824451">
        <ele>203.577947</ele>
        <time>2024-08-10T21:45:10.224Z</time>
      </trkpt>
      <trkpt lat="59.958652" lon="8.824350">
        <ele>203.944806</ele>
        <time>2024-08-10T21:45:15.629Z</time>
      </trkpt>
      <trkpt lat="59.958903" lon="8.824183">
        <ele>204.351877</ele>
        <time>2024-08-10T21:45:20.193Z</time>
      </trkpt>
      <trkpt lat="59.959130" lon="8.823942">
        <ele>204.747428</ele>
        <time>2024-08-10T21:45:24.175Z</time>
      </trkpt>
      <trkpt lat="59.959258" lon="8.823735">
        <ele>204.786999</ele>
        <time>2024-08-10T21:45:26.856Z</time>
      </trkpt>
      <trkpt lat="59.959775" lon="8.822658">
        <ele>204.670617</ele>
        <time>2024-08-10T21:45:39.083Z</time>
      </trkpt>
      <trkpt lat="59.959952" lon="8.822346">
        <ele>204.633838</ele>
        <time>2024-08-10T21:45:42.234Z</time>
      </trkpt>
      <trkpt lat="59.960937" lon="8.820996">
        <ele>204.651318</ele>
        <time>2024-08-10T21:45:57.157Z</time>
      </trkpt>
      <trkpt lat="59.961342" lon="8.820517">
        <ele>204.767686</ele>
        <time>2024-08-10T21:46:03.339Z</time>
      </trkpt>
      <trkpt lat="59.961598" lon="8.820157">
        <ele>204.845090</ele>
        <time>2024-08-10T21:46:08.188Z</time>
      </trkpt>
      <trkpt lat="59.962503" lon="8.818340">
        <ele>207.308269</ele>
        <time>2024-08-10T21:46:37.923Z</time>
      </trkpt>
      <trkpt lat="59.963036" lon="8.817386">
        <ele>209.471119</ele>
        <time>2024-08-10T21:46:59.839Z</time>
      </trkpt>
      <trkpt lat="59.963759" lon="8.816155">
        <ele>211.899711</ele>
        <time>2024-08-10T21:47:27.134Z</time>
      </trkpt>
      <trkpt lat="59.964390" lon="8.815207">
        <ele>213.740249</ele>
        <time>2024-08-10T21:47:47.960Z</time>
      </trkpt>
      <trkpt lat="59.965666" lon="8.813151">
        <ele>213.349241</ele>
        <time>2024-08-10T21:48:10.973Z</time>
      </trkpt>
      <trkpt lat="59.966067" lon="8.812594">
        <ele>212.868308</ele>
        <time>2024-08-10T21:48:15.867Z</time>
      </trkpt>
      <trkpt lat="59.966518" lon="8.812077">
        <ele>211.998234</ele>
        <time>2024-08-10T21:48:21.205Z</time>
      </trkpt>
      <trkpt lat="59.967168" lon="8.811390">
        <ele>210.725689</ele>
        <time>2024-08-10T21:48:29.371Z</time>
      </trkpt>
      <trkpt lat="59.967441" lon="8.810935">
        <ele>210.110462</ele>
        <time>2024-08-10T21:48:33.973Z</time>
      </trkpt>
      <trkpt lat="59.967541" lon="8.810707">
        <ele>209.847889</ele>
        <time>2024-08-10T21:48:36.009Z</time>
      </trkpt>
      <trkpt lat="59.967649" lon="8.810391">
        <ele>209.684023</ele>
        <time>2024-08-10T21:48:38.430Z</time>
      </trkpt>
      <trkpt lat="59.968123" lon="8.808696">
        <ele>209.411679</ele>
        <time>2024-08-10T21:48:51.958Z</time>
      </trkpt>
      <trkpt lat="59.969452" lon="8.804674">
        <ele>209.147511</ele>
        <time>2024-08-10T21:49:26.647Z</time>
      </trkpt>
      <trkpt lat="59.969767" lon="8.803852">
        <ele>209.578470</ele>
        <time>2024-08-10T21:49:34.718Z</time>
      </trkpt>
      <trkpt lat="59.970768" lon="8.801605">
        <ele>211.301537</ele>
        <time>2024-08-10T21:50:04.642Z</time>
      </trkpt>
      <trkpt lat="59.971050" lon="8.800973">
        <ele>212.292293</ele>
        <time>2024-08-10T21:50:14.341Z</time>
      </trkpt>
      <trkpt lat="59.971176" lon="8.800608">
        <ele>212.811127</ele>
        <time>2024-08-10T21:50:20.333Z</time>
      </trkpt>
      <trkpt lat="59.971463" lon="8.799512">
        <ele>214.258487</ele>
        <time>2024-08-10T21:50:37.506Z</time>
      </trkpt>
      <trkpt lat="59.972288" lon="8.797050">
        <ele>216.318402</ele>
        <time>2024-08-10T21:51:11.086Z</time>
      </trkpt>
      <trkpt lat="59.972767" lon="8.795345">
        <ele>216.607302</ele>
        <time>2024-08-10T21:51:24.473Z</time>
      </trkpt>
      <trkpt lat="59.973078" lon="8.794280">
        <ele>215.507074</ele>
        <time>2024-08-10T21:51:31.904Z</time>
      </trkpt>
      <trkpt lat="59.973485" lon="8.792462">
        <ele>213.625472</ele>
        <time>2024-08-10T21:51:42.371Z</time>
      </trkpt>
      <trkpt lat="59.974271" lon="8.789230">
        <ele>207.824066</ele>
        <time>2024-08-10T21:52:00.506Z</time>
      </trkpt>
      <trkpt lat="59.974538" lon="8.788172">
        <ele>206.436098</ele>
        <time>2024-08-10T21:52:06.262Z</time>
      </trkpt>
      <trkpt lat="59.974906" lon="8.786722">
        <ele>204.531696</ele>
        <time>2024-08-10T21:52:15.236Z</time>
      </trkpt>
      <trkpt lat="59.975130" lon="8.785780">
        <ele>203.640626</ele>
        <time>2024-08-10T21:52:22.167Z</time>
      </trkpt>
      <trkpt lat="59.975486" lon="8.783859">
        <ele>202.936259</ele>
        <time>2024-08-10T21:52:34.821Z</time>
      </trkpt>
      <trkpt lat="59.975720" lon="8.782381">
        <ele>202.576622</ele>
        <time>2024-08-10T21:52:45.609Z</time>
      </trkpt>
      <trkpt lat="59.976012" lon="8.780065">
        <ele>202.781416</ele>
        <time>2024-08-10T21:53:04.450Z</time>
      </trkpt>
      <trkpt lat="59.976135" lon="8.779338">
        <ele>202.847220</ele>
        <time>2024-08-10T21:53:10.474Z</time>
      </trkpt>
      <trkpt lat="59.976520" lon="8.777749">
        <ele>203.126654</ele>
        <time>2024-08-10T21:53:24.996Z</time>
      </trkpt>
      <trkpt lat="59.976648" lon="8.777128">
        <ele>203.233947</ele>
        <time>2024-08-10T21:53:30.854Z</time>
      </trkpt>
      <trkpt lat="59.976754" lon="8.776370">
        <ele>203.359678</ele>
        <time>2024-08-10T21:53:37.787Z</time>
      </trkpt>
      <trkpt lat="59.976838" lon="8.775491">
        <ele>203.160111</ele>
        <time>2024-08-10T21:53:44.384Z</time>
      </trkpt>
      <trkpt lat="59.976917" lon="8.775020">
        <ele>202.891586</ele>
        <time>2024-08-10T21:53:47.468Z</time>
      </trkpt>
      <trkpt lat="59.976993" lon="8.774748">
        <ele>202.723183</ele>
        <time>2024-08-10T21:53:49.246Z</time>
      </trkpt>
      <trkpt lat="59.977283" lon="8.773989">
        <ele>202.206961</ele>
        <time>2024-08-10T21:53:54.616Z</time>
      </trkpt>
      <trkpt lat="59.977453" lon="8.773444">
        <ele>201.859803</ele>
        <time>2024-08-10T21:53:58.448Z</time>
      </trkpt>
      <trkpt lat="59.977855" lon="8.771646">
        <ele>200.866060</ele>
        <time>2024-08-10T21:54:09.948Z</time>
      </trkpt>
      <trkpt lat="59.978067" lon="8.770642">
        <ele>200.337777</ele>
        <time>2024-08-10T21:54:16.550Z</time>
      </trkpt>
      <trkpt lat="59.978097" lon="8.770494">
        <ele>200.260366</ele>
        <time>2024-08-10T21:54:17.473Z</time>
      </trkpt>
      <trkpt lat="59.978274" lon="8.769539">
        <ele>199.766666</ele>
        <time>2024-08-10T21:54:24.157Z</time>
      </trkpt>
      <trkpt lat="59.978473" lon="8.768286">
        <ele>199.673335</ele>
        <time>2024-08-10T21:54:33.999Z</time>
      </trkpt>
      <trkpt lat="59.978668" lon="8.766996">
        <ele>199.603330</ele>
        <time>2024-08-10T21:54:43.216Z</time>
      </trkpt>
      <trkpt lat="59.979119" lon="8.764005">
        <ele>199.915845</ele>
        <time>2024-08-10T21:55:08.020Z</time>
      </trkpt>
      <trkpt lat="59.979401" lon="8.762438">
        <ele>200.227316</ele>
        <time>2024-08-10T21:55:21.724Z</time>
      </trkpt>
      <trkpt lat="59.979778" lon="8.760785">
        <ele>200.781320</ele>
        <time>2024-08-10T21:55:37.354Z</time>
      </trkpt>
      <trkpt lat="59.980144" lon="8.759239">
        <ele>201.333259</ele>
        <time>2024-08-10T21:55:52.404Z</time>
      </trkpt>
      <trkpt lat="59.980659" lon="8.757058">
        <ele>202.609170</ele>
        <time>2024-08-10T21:56:14.015Z</time>
      </trkpt>
      <trkpt lat="59.981163" lon="8.755014">
        <ele>204.400192</ele>
        <time>2024-08-10T21:56:38.703Z</time>
      </trkpt>
      <trkpt lat="59.981627" lon="8.753420">
        <ele>206.253055</ele>
        <time>2024-08-10T21:56:59.914Z</time>
      </trkpt>
      <trkpt lat="59.982067" lon="8.751995">
        <ele>208.803442</ele>
        <time>2024-08-10T21:57:21.053Z</time>
      </trkpt>
      <trkpt lat="59.982124" lon="8.751559">
        <ele>209.595046</ele>
        <time>2024-08-10T21:57:27.175Z</time>
      </trkpt>
      <trkpt lat="59.982185" lon="8.750464">
        <ele>211.530426</ele>
        <time>2024-08-10T21:57:43.568Z</time>
      </trkpt>
      <trkpt lat="59.982245" lon="8.749873">
        <ele>212.589743</ele>
        <time>2024-08-10T21:57:53.377Z</time>
      </trkpt>
      <trkpt lat="59.982340" lon="8.749350">
        <ele>213.682688</ele>
        <time>2024-08-10T21:58:02.836Z</time>
      </trkpt>
      <trkpt lat="59.982553" lon="8.748472">
        <ele>215.813090</ele>
        <time>2024-08-10T21:58:19.622Z</time>
      </trkpt>
      <trkpt lat="59.982616" lon="8.748035">
        <ele>216.805996</ele>
        <time>2024-08-10T21:58:27.348Z</time>
      </trkpt>
      <trkpt lat="59.982704" lon="8.747085">
        <ele>218.915334</ele>
        <time>2024-08-10T21:58:43.363Z</time>
      </trkpt>
      <trkpt lat="59.982766" lon="8.746679">
        <ele>219.842107</ele>
        <time>2024-08-10T21:58:50.366Z</time>
      </trkpt>
      <trkpt lat="59.982904" lon="8.746061">
        <ele>221.093916</ele>
        <time>2024-08-10T21:59:01.035Z</time>
      </trkpt>
      <trkpt lat="59.983353" lon="8.744055">
        <ele>223.031338</ele>
        <time>2024-08-10T21:59:27.338Z</time>
      </trkpt>
      <trkpt lat="59.983855" lon="8.742577">
        <ele>224.054227</ele>
        <time>2024-08-10T21:59:40.627Z</time>
      </trkpt>
      <trkpt lat="59.984020" lon="8.741991">
        <ele>223.986614</ele>
        <time>2024-08-10T21:59:45.182Z</time>
      </trkpt>
      <trkpt lat="59.984155" lon="8.741322">
        <ele>223.914080</ele>
        <time>2024-08-10T21:59:50.032Z</time>
      </trkpt>
      <trkpt lat="59.984464" lon="8.739295">
        <ele>223.908393</ele>
        <time>2024-08-10T22:00:04.239Z</time>
      </trkpt>
      <trkpt lat="59.985113" lon="8.734986">
        <ele>225.055280</ele>
        <time>2024-08-10T22:00:46.320Z</time>
      </trkpt>
      <trkpt lat="59.985220" lon="8.734521">
        <ele>225.096774</ele>
        <time>2024-08-10T22:00:50.142Z</time>
      </trkpt>
      <trkpt lat="59.985439" lon="8.733876">
        <ele>225.159971</ele>
        <time>2024-08-10T22:00:55.458Z</time>
      </trkpt>
      <trkpt lat="59.985631" lon="8.733531">
        <ele>225.201809</ele>
        <time>2024-08-10T22:00:58.706Z</time>
      </trkpt>
      <trkpt lat="59.985816" lon="8.733356">
        <ele>225.237157</ele>
        <time>2024-08-10T22:01:01.289Z</time>
      </trkpt>
      <trkpt lat="59.985964" lon="8.733291">
        <ele>225.399148</ele>
        <time>2024-08-10T22:01:03.274Z</time>
      </trkpt>
      <trkpt lat="59.986146" lon="8.733273">
        <ele>225.593951</ele>
        <time>2024-08-10T22:01:05.749Z</time>
      </trkpt>
      <trkpt lat="59.986503" lon="8.733429">
        <ele>225.984608</ele>
        <time>2024-08-10T22:01:11.422Z</time>
      </trkpt>
      <trkpt lat="59.986851" lon="8.733687">
        <ele>226.381391</ele>
        <time>2024-08-10T22:01:18.851Z</time>
      </trkpt>
      <trkpt lat="59.987207" lon="8.733976">
        <ele>226.792148</ele>
        <time>2024-08-10T22:01:27.591Z</time>
      </trkpt>
      <trkpt lat="59.987589" lon="8.734396">
        <ele>227.399046</ele>
        <time>2024-08-10T22:01:38.032Z</time>
      </trkpt>
      <trkpt lat="59.987754" lon="8.734662">
        <ele>227.942273</ele>
        <time>2024-08-10T22:01:43.183Z</time>
      </trkpt>
      <trkpt lat="59.988118" lon="8.735386">
        <ele>229.258189</ele>
        <time>2024-08-10T22:01:56.621Z</time>
      </trkpt>
      <trkpt lat="59.988216" lon="8.735582">
        <ele>229.613448</ele>
        <time>2024-08-10T22:02:00.479Z</time>
      </trkpt>
      <trkpt lat="59.988370" lon="8.735895">
        <ele>230.176263</ele>
        <time>2024-08-10T22:02:06.381Z</time>
      </trkpt>
      <trkpt lat="59.988782" lon="8.736805">
        <ele>231.749689</ele>
        <time>2024-08-10T22:02:22.478Z</time>
      </trkpt>
      <trkpt lat="59.988987" lon="8.737388">
        <ele>232.165065</ele>
        <time>2024-08-10T22:02:30.571Z</time>
      </trkpt>
      <trkpt lat="59.989464" lon="8.738796">
        <ele>233.133163</ele>
        <time>2024-08-10T22:02:44.410Z</time>
      </trkpt>
      <trkpt lat="59.990509" lon="8.741319">
        <ele>235.587601</ele>
        <time>2024-08-10T22:03:16.116Z</time>
      </trkpt>
      <trkpt lat="59.991191" lon="8.742832">
        <ele>237.454208</ele>
        <time>2024-08-10T22:03:41.336Z</time>
      </trkpt>
      <trkpt lat="59.991500" lon="8.743443">
        <ele>238.411803</ele>
        <time>2024-08-10T22:03:52.325Z</time>
      </trkpt>
      <trkpt lat="59.991683" lon="8.743775">
        <ele>238.956289</ele>
        <time>2024-08-10T22:03:58.683Z</time>
      </trkpt>
      <trkpt lat="59.991966" lon="8.744198">
        <ele>239.734853</ele>
        <time>2024-08-10T22:04:07.384Z</time>
      </trkpt>
      <trkpt lat="59.992441" lon="8.744671">
        <ele>240.842016</ele>
        <time>2024-08-10T22:04:19.244Z</time>
      </trkpt>
      <trkpt lat="59.993402" lon="8.745418">
        <ele>240.746471</ele>
        <time>2024-08-10T22:04:36.914Z</time>
      </trkpt>
      <trkpt lat="59.994494" lon="8.746174">
        <ele>240.318782</ele>
        <time>2024-08-10T22:04:50.259Z</time>
      </trkpt>
      <trkpt lat="59.994726" lon="8.746388">
        <ele>240.097757</ele>
        <time>2024-08-10T22:04:53.159Z</time>
      </trkpt>
      <trkpt lat="59.994883" lon="8.746599">
        <ele>239.934113</ele>
        <time>2024-08-10T22:04:55.395Z</time>
      </trkpt>
      <trkpt lat="59.995579" lon="8.747924">
        <ele>239.152767</ele>
        <time>2024-08-10T22:05:08.188Z</time>
      </trkpt>
      <trkpt lat="59.995658" lon="8.748081">
        <ele>239.309019</ele>
        <time>2024-08-10T22:05:09.731Z</time>
      </trkpt>
      <trkpt lat="59.995774" lon="8.747869">
        <ele>239.529480</ele>
        <time>2024-08-10T22:05:12.203Z</time>
      </trkpt>
      <trkpt lat="59.995916" lon="8.747727">
        <ele>239.752212</ele>
        <time>2024-08-10T22:05:14.872Z</time>
      </trkpt>
      <trkpt lat="59.996181" lon="8.747660">
        <ele>240.126941</ele>
        <time>2024-08-10T22:05:19.925Z</time>
      </trkpt>
      <trkpt lat="59.996787" lon="8.747607">
        <ele>240.977915</ele>
        <time>2024-08-10T22:05:33.236Z</time>
      </trkpt>
      <trkpt lat="59.998162" lon="8.747455">
        <ele>243.931394</ele>
        <time>2024-08-10T22:06:07.973Z</time>
      </trkpt>
      <trkpt lat="59.999029" lon="8.747457">
        <ele>246.130195</ele>
        <time>2024-08-10T22:06:29.216Z</time>
      </trkpt>
      <trkpt lat="59.999680" lon="8.747440">
        <ele>248.344823</ele>
        <time>2024-08-10T22:06:46.127Z</time>
      </trkpt>
      <trkpt lat="60.000927" lon="8.747183">
        <ele>252.772732</ele>
        <time>2024-08-10T22:07:22.976Z</time>
      </trkpt>
      <trkpt lat="60.002801" lon="8.746759">
        <ele>262.266642</ele>
        <time>2024-08-10T22:08:28.774Z</time>
      </trkpt>
      <trkpt lat="60.003019" lon="8.746636">
        <ele>263.712421</ele>
        <time>2024-08-10T22:08:37.611Z</time>
      </trkpt>
      <trkpt lat="60.003400" lon="8.746245">
        <ele>266.445727</ele>
        <time>2024-08-10T22:08:54.673Z</time>
      </trkpt>
      <trkpt lat="60.003879" lon="8.745938">
        <ele>269.656267</ele>
        <time>2024-08-10T22:09:15.198Z</time>
      </trkpt>
      <trkpt lat="60.004531" lon="8.745685">
        <ele>274.219405</ele>
        <time>2024-08-10T22:09:43.425Z</time>
      </trkpt>
      <trkpt lat="60.005028" lon="8.745530">
        <ele>278.304149</ele>
        <time>2024-08-10T22:10:07.231Z</time>
      </trkpt>
      <trkpt lat="60.005492" lon="8.745486">
        <ele>282.076382</ele>
        <time>2024-08-10T22:10:30.162Z</time>
      </trkpt>
      <trkpt lat="60.005995" lon="8.745355">
        <ele>286.195565</ele>
        <time>2024-08-10T22:10:55.251Z</time>
      </trkpt>
      <trkpt lat="60.006487" lon="8.745001">
        <ele>290.380073</ele>
        <time>2024-08-10T22:11:20.339Z</time>
      </trkpt>
      <trkpt lat="60.006983" lon="8.744462">
        <ele>294.873858</ele>
        <time>2024-08-10T22:11:46.831Z</time>
      </trkpt>
      <trkpt lat="60.007193" lon="8.744325">
        <ele>296.632367</ele>
        <time>2024-08-10T22:11:57.182Z</time>
      </trkpt>
      <trkpt lat="60.008009" lon="8.744296">
        <ele>303.070655</ele>
        <time>2024-08-10T22:12:34.218Z</time>
      </trkpt>
      <trkpt lat="60.008777" lon="8.744178">
        <ele>308.961101</ele>
        <time>2024-08-10T22:13:08.589Z</time>
      </trkpt>
      <trkpt lat="60.009297" lon="8.743830">
        <ele>313.154317</ele>
        <time>2024-08-10T22:13:33.453Z</time>
      </trkpt>
      <trkpt lat="60.009603" lon="8.743632">
        <ele>315.610742</ele>
        <time>2024-08-10T22:13:48.601Z</time>
      </trkpt>
      <trkpt lat="60.009914" lon="8.743187">
        <ele>318.496024</ele>
        <time>2024-08-10T22:14:06.608Z</time>
      </trkpt>
      <trkpt lat="60.010012" lon="8.743077">
        <ele>319.343975</ele>
        <time>2024-08-10T22:14:11.774Z</time>
      </trkpt>
      <trkpt lat="60.010203" lon="8.742982">
        <ele>320.829138</ele>
        <time>2024-08-10T22:14:20.711Z</time>
      </trkpt>
      <trkpt lat="60.010651" lon="8.742971">
        <ele>324.210007</ele>
        <time>2024-08-10T22:14:41.037Z</time>
      </trkpt>
      <trkpt lat="60.010977" lon="8.742763">
        <ele>326.792077</ele>
        <time>2024-08-10T22:14:56.265Z</time>
      </trkpt>
      <trkpt lat="60.011182" lon="8.742748">
        <ele>328.340044</ele>
        <time>2024-08-10T22:15:05.201Z</time>
      </trkpt>
      <trkpt lat="60.011646" lon="8.742868">
        <ele>331.756875</ele>
        <time>2024-08-10T22:15:24.843Z</time>
      </trkpt>
      <trkpt lat="60.012632" lon="8.743231">
        <ele>339.026864</ele>
        <time>2024-08-10T22:16:08.545Z</time>
      </trkpt>
      <trkpt lat="60.013168" lon="8.743356">
        <ele>343.003320</ele>
        <time>2024-08-10T22:16:32.624Z</time>
      </trkpt>
      <trkpt lat="60.013649" lon="8.743388">
        <ele>346.728837</ele>
        <time>2024-08-10T22:16:54.853Z</time>
      </trkpt>
      <trkpt lat="60.013940" lon="8.743541">
        <ele>349.057968</ele>
        <time>2024-08-10T22:17:08.828Z</time>
      </trkpt>
      <trkpt lat="60.014614" lon="8.743807">
        <ele>354.375981</ele>
        <time>2024-08-10T22:17:40.751Z</time>
      </trkpt>
      <trkpt lat="60.015224" lon="8.744045">
        <ele>359.359355</ele>
        <time>2024-08-10T22:18:08.989Z</time>
      </trkpt>
      <trkpt lat="60.015487" lon="8.744200">
        <ele>361.593895</ele>
        <time>2024-08-10T22:18:21.409Z</time>
      </trkpt>
      <trkpt lat="60.015926" lon="8.744355">
        <ele>365.227095</ele>
        <time>2024-08-10T22:18:42.081Z</time>
      </trkpt>
      <trkpt lat="60.016852" lon="8.744542">
        <ele>373.066582</ele>
        <time>2024-08-10T22:19:28.256Z</time>
      </trkpt>
      <trkpt lat="60.017073" lon="8.744530">
        <ele>375.073911</ele>
        <time>2024-08-10T22:19:39.492Z</time>
      </trkpt>
      <trkpt lat="60.017778" lon="8.744011">
        <ele>381.894458</ele>
        <time>2024-08-10T22:20:18.716Z</time>
      </trkpt>
      <trkpt lat="60.017955" lon="8.743845">
        <ele>383.669294</ele>
        <time>2024-08-10T22:20:29.071Z</time>
      </trkpt>
      <trkpt lat="60.018384" lon="8.743322">
        <ele>388.027604</ele>
        <time>2024-08-10T22:20:55.315Z</time>
      </trkpt>
      <trkpt lat="60.019186" lon="8.742578">
        <ele>394.816353</ele>
        <time>2024-08-10T22:21:38.382Z</time>
      </trkpt>
      <trkpt lat="60.019460" lon="8.742277">
        <ele>397.216796</ele>
        <time>2024-08-10T22:21:51.872Z</time>
      </trkpt>
      <trkpt lat="60.020044" lon="8.741864">
        <ele>401.427716</ele>
        <time>2024-08-10T22:22:16.422Z</time>
      </trkpt>
      <trkpt lat="60.020534" lon="8.741432">
        <ele>403.737259</ele>
        <time>2024-08-10T22:22:35.341Z</time>
      </trkpt>
      <trkpt lat="60.021433" lon="8.740995">
        <ele>407.727695</ele>
        <time>2024-08-10T22:23:03.269Z</time>
      </trkpt>
      <trkpt lat="60.022046" lon="8.740569">
        <ele>409.941291</ele>
        <time>2024-08-10T22:23:19.601Z</time>
      </trkpt>
      <trkpt lat="60.022469" lon="8.740351">
        <ele>411.284789</ele>
        <time>2024-08-10T22:23:30.298Z</time>
      </trkpt>
      <trkpt lat="60.023139" lon="8.739998">
        <ele>413.415769</ele>
        <time>2024-08-10T22:23:48.767Z</time>
      </trkpt>
      <trkpt lat="60.024014" lon="8.739880">
        <ele>417.331966</ele>
        <time>2024-08-10T22:24:16.529Z</time>
      </trkpt>
      <trkpt lat="60.024216" lon="8.739800">
        <ele>418.333874</ele>
        <time>2024-08-10T22:24:23.540Z</time>
      </trkpt>
      <trkpt lat="60.024458" lon="8.739615">
        <ele>419.594315</ele>
        <time>2024-08-10T22:24:32.846Z</time>
      </trkpt>
      <trkpt lat="60.025006" lon="8.739051">
        <ele>422.592524</ele>
        <time>2024-08-10T22:24:55.728Z</time>
      </trkpt>
      <trkpt lat="60.025700" lon="8.738539">
        <ele>426.645730</ele>
        <time>2024-08-10T22:25:23.729Z</time>
      </trkpt>
      <trkpt lat="60.025864" lon="8.738456">
        <ele>427.578122</ele>
        <time>2024-08-10T22:25:30.065Z</time>
      </trkpt>
      <trkpt lat="60.026428" lon="8.738302">
        <ele>430.715600</ele>
        <time>2024-08-10T22:25:51.002Z</time>
      </trkpt>
      <trkpt lat="60.026842" lon="8.738297">
        <ele>433.027329</ele>
        <time>2024-08-10T22:26:05.723Z</time>
      </trkpt>
      <trkpt lat="60.027668" lon="8.738127">
        <ele>438.038875</ele>
        <time>2024-08-10T22:26:35.767Z</time>
      </trkpt>
      <trkpt lat="60.028582" lon="8.737762">
        <ele>443.694879</ele>
        <time>2024-08-10T22:27:13.685Z</time>
      </trkpt>
      <trkpt lat="60.029170" lon="8.737761">
        <ele>448.126115</ele>
        <time>2024-08-10T22:27:40.241Z</time>
      </trkpt>
      <trkpt lat="60.029756" lon="8.737896">
        <ele>452.571425</ele>
        <time>2024-08-10T22:28:08.208Z</time>
      </trkpt>
      <trkpt lat="60.029968" lon="8.737867">
        <ele>454.172807</ele>
        <time>2024-08-10T22:28:18.372Z</time>
      </trkpt>
      <trkpt lat="60.030228" lon="8.737662">
        <ele>456.278704</ele>
        <time>2024-08-10T22:28:31.351Z</time>
      </trkpt>
      <trkpt lat="60.030792" lon="8.737007">
        <ele>459.754752</ele>
        <time>2024-08-10T22:28:58.912Z</time>
      </trkpt>
      <trkpt lat="60.030900" lon="8.736860">
        <ele>460.393662</ele>
        <time>2024-08-10T22:29:03.601Z</time>
      </trkpt>
      <trkpt lat="60.031247" lon="8.736129">
        <ele>462.858003</ele>
        <time>2024-08-10T22:29:19.606Z</time>
      </trkpt>
      <trkpt lat="60.031479" lon="8.735815">
        <ele>464.228033</ele>
        <time>2024-08-10T22:29:27.721Z</time>
      </trkpt>
      <trkpt lat="60.031720" lon="8.735627">
        <ele>465.493388</ele>
        <time>2024-08-10T22:29:35.039Z</time>
      </trkpt>
      <trkpt lat="60.031886" lon="8.735554">
        <ele>466.229728</ele>
        <time>2024-08-10T22:29:39.575Z</time>
      </trkpt>
      <trkpt lat="60.032152" lon="8.735570">
        <ele>467.244451</ele>
        <time>2024-08-10T22:29:46.534Z</time>
      </trkpt>
      <trkpt lat="60.032342" lon="8.735648">
        <ele>467.984003</ele>
        <time>2024-08-10T22:29:51.377Z</time>
      </trkpt>
      <trkpt lat="60.032585" lon="8.735748">
        <ele>468.929942</ele>
        <time>2024-08-10T22:29:58.037Z</time>
      </trkpt>
      <trkpt lat="60.033074" lon="8.735885">
        <ele>470.812683</ele>
        <time>2024-08-10T22:30:11.790Z</time>
      </trkpt>
      <trkpt lat="60.033152" lon="8.735894">
        <ele>471.110593</ele>
        <time>2024-08-10T22:30:14.381Z</time>
      </trkpt>
      <trkpt lat="60.033398" lon="8.735849">
        <ele>472.052506</ele>
        <time>2024-08-10T22:30:22.024Z</time>
      </trkpt>
      <trkpt lat="60.033701" lon="8.735714">
        <ele>473.657472</ele>
        <time>2024-08-10T22:30:33.359Z</time>
      </trkpt>
      <trkpt lat="60.034166" lon="8.735350">
        <ele>477.217879</ele>
        <time>2024-08-10T22:30:54.930Z</time>
      </trkpt>
      <trkpt lat="60.034482" lon="8.735184">
        <ele>479.547577</ele>
        <time>2024-08-10T22:31:09.749Z</time>
      </trkpt>
      <trkpt lat="60.035021" lon="8.735143">
        <ele>483.393999</ele>
        <time>2024-08-10T22:31:34.157Z</time>
      </trkpt>
      <trkpt lat="60.035175" lon="8.735082">
        <ele>484.513470</ele>
        <time>2024-08-10T22:31:41.307Z</time>
      </trkpt>
      <trkpt lat="60.035259" lon="8.735019">
        <ele>485.153130</ele>
        <time>2024-08-10T22:31:45.705Z</time>
      </trkpt>
      <trkpt lat="60.035613" lon="8.734591">
        <ele>488.136566</ele>
        <time>2024-08-10T22:32:05.402Z</time>
      </trkpt>
      <trkpt lat="60.035998" lon="8.734290">
        <ele>491.124165</ele>
        <time>2024-08-10T22:32:24.639Z</time>
      </trkpt>
      <trkpt lat="60.036213" lon="8.733908">
        <ele>493.201968</ele>
        <time>2024-08-10T22:32:37.313Z</time>
      </trkpt>
      <trkpt lat="60.036406" lon="8.733673">
        <ele>494.834781</ele>
        <time>2024-08-10T22:32:46.844Z</time>
      </trkpt>
      <trkpt lat="60.036595" lon="8.733613">
        <ele>496.218023</ele>
        <time>2024-08-10T22:32:55.032Z</time>
      </trkpt>
      <trkpt lat="60.037025" lon="8.733778">
        <ele>499.210915</ele>
        <time>2024-08-10T22:33:12.354Z</time>
      </trkpt>
      <trkpt lat="60.037271" lon="8.733819">
        <ele>500.613393</ele>
        <time>2024-08-10T22:33:21.925Z</time>
      </trkpt>
      <trkpt lat="60.037595" lon="8.733647">
        <ele>502.517793</ele>
        <time>2024-08-10T22:33:34.874Z</time>
      </trkpt>
      <trkpt lat="60.037743" lon="8.733634">
        <ele>503.359461</ele>
        <time>2024-08-10T22:33:40.757Z</time>
      </trkpt>
      <trkpt lat="60.038191" lon="8.733805">
        <ele>505.950598</ele>
        <time>2024-08-10T22:33:58.205Z</time>
      </trkpt>
      <trkpt lat="60.038564" lon="8.734024">
        <ele>508.159017</ele>
        <time>2024-08-10T22:34:11.928Z</time>
      </trkpt>
      <trkpt lat="60.039008" lon="8.734452">
        <ele>510.790879</ele>
        <time>2024-08-10T22:34:28.336Z</time>
      </trkpt>
      <trkpt lat="60.039124" lon="8.734603">
        <ele>511.515888</ele>
        <time>2024-08-10T22:34:32.863Z</time>
      </trkpt>
      <trkpt lat="60.039383" lon="8.735102">
        <ele>513.399295</ele>
        <time>2024-08-10T22:34:44.537Z</time>
      </trkpt>
      <trkpt lat="60.039538" lon="8.735279">
        <ele>514.334307</ele>
        <time>2024-08-10T22:34:50.550Z</time>
      </trkpt>
      <trkpt lat="60.039730" lon="8.735422">
        <ele>515.407750</ele>
        <time>2024-08-10T22:34:57.803Z</time>
      </trkpt>
      <trkpt lat="60.039994" lon="8.735484">
        <ele>516.800622</ele>
        <time>2024-08-10T22:35:07.973Z</time>
      </trkpt>
      <trkpt lat="60.040696" lon="8.735386">
        <ele>520.772799</ele>
        <time>2024-08-10T22:35:37.359Z</time>
      </trkpt>
      <trkpt lat="60.041119" lon="8.735517">
        <ele>523.297694</ele>
        <time>2024-08-10T22:35:53.310Z</time>
      </trkpt>
      <trkpt lat="60.041293" lon="8.735656">
        <ele>524.402760</ele>
        <time>2024-08-10T22:36:00.320Z</time>
      </trkpt>
      <trkpt lat="60.041624" lon="8.736117">
        <ele>526.781105</ele>
        <time>2024-08-10T22:36:15.341Z</time>
      </trkpt>
      <trkpt lat="60.041909" lon="8.736474">
        <ele>528.764105</ele>
        <time>2024-08-10T22:36:27.999Z</time>
      </trkpt>
      <trkpt lat="60.041989" lon="8.736502">
        <ele>529.231170</ele>
        <time>2024-08-10T22:36:30.867Z</time>
      </trkpt>
      <trkpt lat="60.042108" lon="8.736455">
        <ele>529.925698</ele>
        <time>2024-08-10T22:36:35.708Z</time>
      </trkpt>
      <trkpt lat="60.042352" lon="8.736213">
        <ele>531.484823</ele>
        <time>2024-08-10T22:36:46.285Z</time>
      </trkpt>
      <trkpt lat="60.042516" lon="8.736042">
        <ele>532.543564</ele>
        <time>2024-08-10T22:36:53.724Z</time>
      </trkpt>
      <trkpt lat="60.042650" lon="8.735958">
        <ele>533.347570</ele>
        <time>2024-08-10T22:36:59.195Z</time>
      </trkpt>
      <trkpt lat="60.043191" lon="8.735706">
        <ele>536.528064</ele>
        <time>2024-08-10T22:37:19.410Z</time>
      </trkpt>
      <trkpt lat="60.043352" lon="8.735682">
        <ele>537.452510</ele>
        <time>2024-08-10T22:37:24.742Z</time>
      </trkpt>
      <trkpt lat="60.043870" lon="8.735778">
        <ele>540.739333</ele>
        <time>2024-08-10T22:37:43.890Z</time>
      </trkpt>
      <trkpt lat="60.044118" lon="8.735761">
        <ele>542.497307</ele>
        <time>2024-08-10T22:37:54.257Z</time>
      </trkpt>
      <trkpt lat="60.045266" lon="8.735070">
        <ele>550.989647</ele>
        <time>2024-08-10T22:38:49.652Z</time>
      </trkpt>
      <trkpt lat="60.045514" lon="8.735030">
        <ele>552.637522</ele>
        <time>2024-08-10T22:39:00.555Z</time>
      </trkpt>
      <trkpt lat="60.045939" lon="8.735281">
        <ele>555.365897</ele>
        <time>2024-08-10T22:39:18.836Z</time>
      </trkpt>
      <trkpt lat="60.046361" lon="8.735361">
        <ele>557.976004</ele>
        <time>2024-08-10T22:39:35.336Z</time>
      </trkpt>
      <trkpt lat="60.046555" lon="8.735350">
        <ele>559.171050</ele>
        <time>2024-08-10T22:39:42.764Z</time>
      </trkpt>
      <trkpt lat="60.046970" lon="8.735209">
        <ele>561.762947</ele>
        <time>2024-08-10T22:39:58.887Z</time>
      </trkpt>
      <trkpt lat="60.047480" lon="8.735284">
        <ele>564.487745</ele>
        <time>2024-08-10T22:40:17.348Z</time>
      </trkpt>
      <trkpt lat="60.047763" lon="8.735383">
        <ele>565.874290</ele>
        <time>2024-08-10T22:40:26.744Z</time>
      </trkpt>
      <trkpt lat="60.048213" lon="8.735621">
        <ele>568.120610</ele>
        <time>2024-08-10T22:40:41.190Z</time>
      </trkpt>
      <trkpt lat="60.048722" lon="8.735803">
        <ele>570.616082</ele>
        <time>2024-08-10T22:40:58.279Z</time>
      </trkpt>
      <trkpt lat="60.049793" lon="8.735914">
        <ele>576.597973</ele>
        <time>2024-08-10T22:41:38.234Z</time>
      </trkpt>
      <trkpt lat="60.051330" lon="8.735820">
        <ele>586.246734</ele>
        <time>2024-08-10T22:42:38.367Z</time>
      </trkpt>
      <trkpt lat="60.051561" lon="8.735729">
        <ele>587.912303</ele>
        <time>2024-08-10T22:42:48.647Z</time>
      </trkpt>
      <trkpt lat="60.052476" lon="8.735200">
        <ele>594.649912</ele>
        <time>2024-08-10T22:43:31.813Z</time>
      </trkpt>
      <trkpt lat="60.052735" lon="8.735141">
        <ele>596.311548</ele>
        <time>2024-08-10T22:43:44.007Z</time>
      </trkpt>
      <trkpt lat="60.052960" lon="8.735158">
        <ele>597.740719</ele>
        <time>2024-08-10T22:43:54.246Z</time>
      </trkpt>
      <trkpt lat="60.053083" lon="8.735211">
        <ele>598.539302</ele>
        <time>2024-08-10T22:44:00.275Z</time>
      </trkpt>
      <trkpt lat="60.053441" lon="8.735448">
        <ele>600.932526</ele>
        <time>2024-08-10T22:44:17.519Z</time>
      </trkpt>
      <trkpt lat="60.054578" lon="8.736196">
        <ele>607.096059</ele>
        <time>2024-08-10T22:44:59.007Z</time>
      </trkpt>
      <trkpt lat="60.054822" lon="8.736337">
        <ele>607.743095</ele>
        <time>2024-08-10T22:45:04.402Z</time>
      </trkpt>
      <trkpt lat="60.055004" lon="8.736377">
        <ele>608.209595</ele>
        <time>2024-08-10T22:45:08.037Z</time>
      </trkpt>
      <trkpt lat="60.055327" lon="8.736277">
        <ele>609.042336</ele>
        <time>2024-08-10T22:45:14.701Z</time>
      </trkpt>
      <trkpt lat="60.056318" lon="8.735560">
        <ele>611.775312</ele>
        <time>2024-08-10T22:45:38.851Z</time>
      </trkpt>
      <trkpt lat="60.056702" lon="8.735069">
        <ele>612.991671</ele>
        <time>2024-08-10T22:45:49.101Z</time>
      </trkpt>
      <trkpt lat="60.056811" lon="8.734998">
        <ele>613.297711</ele>
        <time>2024-08-10T22:45:52.565Z</time>
      </trkpt>
      <trkpt lat="60.057171" lon="8.734921">
        <ele>614.264418</ele>
        <time>2024-08-10T22:46:02.506Z</time>
      </trkpt>
      <trkpt lat="60.057189" lon="8.734908">
        <ele>614.315508</ele>
        <time>2024-08-10T22:46:03.104Z</time>
      </trkpt>
      <trkpt lat="60.057316" lon="8.734686">
        <ele>614.765544</ele>
        <time>2024-08-10T22:46:07.649Z</time>
      </trkpt>
      <trkpt lat="60.057562" lon="8.734029">
        <ele>615.672302</ele>
        <time>2024-08-10T22:46:19.968Z</time>
      </trkpt>
      <trkpt lat="60.057562" lon="8.734029">
        <ele>615.672302</ele>
        <time>2024-08-10T22:46:19.981Z</time>
      </trkpt>
      <trkpt lat="60.058288" lon="8.732797">
        <ele>616.806820</ele>
        <time>2024-08-10T22:46:44.376Z</time>
      </trkpt>
      <trkpt lat="60.058328" lon="8.732657">
        <ele>616.902830</ele>
        <time>2024-08-10T22:46:45.655Z</time>
      </trkpt>
      <trkpt lat="60.058368" lon="8.732378">
        <ele>617.075597</ele>
        <time>2024-08-10T22:46:47.499Z</time>
      </trkpt>
      <trkpt lat="60.058558" lon="8.730053">
        <ele>616.457863</ele>
        <time>2024-08-10T22:47:00.774Z</time>
      </trkpt>
      <trkpt lat="60.058834" lon="8.728770">
        <ele>615.221658</ele>
        <time>2024-08-10T22:47:08.200Z</time>
      </trkpt>
      <trkpt lat="60.059087" lon="8.727705">
        <ele>614.556300</ele>
        <time>2024-08-10T22:47:14.843Z</time>
      </trkpt>
      <trkpt lat="60.059205" lon="8.727317">
        <ele>614.663232</ele>
        <time>2024-08-10T22:47:17.568Z</time>
      </trkpt>
      <trkpt lat="60.060136" lon="8.725177">
        <ele>615.344349</ele>
        <time>2024-08-10T22:47:43.267Z</time>
      </trkpt>
      <trkpt lat="60.060439" lon="8.724393">
        <ele>616.052735</ele>
        <time>2024-08-10T22:47:56.660Z</time>
      </trkpt>
      <trkpt lat="60.060570" lon="8.724138">
        <ele>616.314169</ele>
        <time>2024-08-10T22:48:01.058Z</time>
      </trkpt>
      <trkpt lat="60.060992" lon="8.723453">
        <ele>617.091570</ele>
        <time>2024-08-10T22:48:13.223Z</time>
      </trkpt>
      <trkpt lat="60.061502" lon="8.722824">
        <ele>617.919314</ele>
        <time>2024-08-10T22:48:22.958Z</time>
      </trkpt>
      <trkpt lat="60.062092" lon="8.721811">
        <ele>618.365702</ele>
        <time>2024-08-10T22:48:34.917Z</time>
      </trkpt>
      <trkpt lat="60.062422" lon="8.721243">
        <ele>618.615638</ele>
        <time>2024-08-10T22:48:42.165Z</time>
      </trkpt>
      <trkpt lat="60.062870" lon="8.720260">
        <ele>619.081157</ele>
        <time>2024-08-10T22:48:54.363Z</time>
      </trkpt>
      <trkpt lat="60.063016" lon="8.719999">
        <ele>619.339866</ele>
        <time>2024-08-10T22:48:58.343Z</time>
      </trkpt>
      <trkpt lat="60.063291" lon="8.719649">
        <ele>619.770632</ele>
        <time>2024-08-10T22:49:05.195Z</time>
      </trkpt>
      <trkpt lat="60.063551" lon="8.719396">
        <ele>620.152810</ele>
        <time>2024-08-10T22:49:11.925Z</time>
      </trkpt>
      <trkpt lat="60.063837" lon="8.719024">
        <ele>620.603657</ele>
        <time>2024-08-10T22:49:20.315Z</time>
      </trkpt>
      <trkpt lat="60.064110" lon="8.718822">
        <ele>620.988456</ele>
        <time>2024-08-10T22:49:26.300Z</time>
      </trkpt>
      <trkpt lat="60.064299" lon="8.718622">
        <ele>621.271067</ele>
        <time>2024-08-10T22:49:30.185Z</time>
      </trkpt>
      <trkpt lat="60.064910" lon="8.717659">
        <ele>620.534476</ele>
        <time>2024-08-10T22:49:40.101Z</time>
      </trkpt>
      <trkpt lat="60.065269" lon="8.716971">
        <ele>620.017987</ele>
        <time>2024-08-10T22:49:45.581Z</time>
      </trkpt>
      <trkpt lat="60.065604" lon="8.716455">
        <ele>619.578666</ele>
        <time>2024-08-10T22:49:50.206Z</time>
      </trkpt>
      <trkpt lat="60.067149" lon="8.714863">
        <ele>618.114732</ele>
        <time>2024-08-10T22:50:11.695Z</time>
      </trkpt>
      <trkpt lat="60.067979" lon="8.714110">
        <ele>617.362251</ele>
        <time>2024-08-10T22:50:25.723Z</time>
      </trkpt>
      <trkpt lat="60.068618" lon="8.713725">
        <ele>616.811243</ele>
        <time>2024-08-10T22:50:34.017Z</time>
      </trkpt>
      <trkpt lat="60.070103" lon="8.712189">
        <ele>614.790449</ele>
        <time>2024-08-10T22:50:52.580Z</time>
      </trkpt>
      <trkpt lat="60.070671" lon="8.711790">
        <ele>614.210501</ele>
        <time>2024-08-10T22:51:00.157Z</time>
      </trkpt>
      <trkpt lat="60.070942" lon="8.711414">
        <ele>614.994607</ele>
        <time>2024-08-10T22:51:05.369Z</time>
      </trkpt>
      <trkpt lat="60.071058" lon="8.711129">
        <ele>615.431171</ele>
        <time>2024-08-10T22:51:08.668Z</time>
      </trkpt>
      <trkpt lat="60.071297" lon="8.710214">
        <ele>616.657047</ele>
        <time>2024-08-10T22:51:20.349Z</time>
      </trkpt>
      <trkpt lat="60.071601" lon="8.709254">
        <ele>618.006631</ele>
        <time>2024-08-10T22:51:37.437Z</time>
      </trkpt>
      <trkpt lat="60.071687" lon="8.708710">
        <ele>619.282709</ele>
        <time>2024-08-10T22:51:47.869Z</time>
      </trkpt>
      <trkpt lat="60.071991" lon="8.707507">
        <ele>623.719479</ele>
        <time>2024-08-10T22:52:15.622Z</time>
      </trkpt>
      <trkpt lat="60.072355" lon="8.706567">
        <ele>627.634416</ele>
        <time>2024-08-10T22:52:41.379Z</time>
      </trkpt>
      <trkpt lat="60.072712" lon="8.706047">
        <ele>630.539995</ele>
        <time>2024-08-10T22:53:01.191Z</time>
      </trkpt>
      <trkpt lat="60.072912" lon="8.705671">
        <ele>632.323286</ele>
        <time>2024-08-10T22:53:13.639Z</time>
      </trkpt>
      <trkpt lat="60.073223" lon="8.704643">
        <ele>636.224028</ele>
        <time>2024-08-10T22:53:38.603Z</time>
      </trkpt>
      <trkpt lat="60.073708" lon="8.703443">
        <ele>641.234785</ele>
        <time>2024-08-10T22:54:06.886Z</time>
      </trkpt>
      <trkpt lat="60.073909" lon="8.702673">
        <ele>644.131507</ele>
        <time>2024-08-10T22:54:24.690Z</time>
      </trkpt>
      <trkpt lat="60.073974" lon="8.702324">
        <ele>645.383537</ele>
        <time>2024-08-10T22:54:32.611Z</time>
      </trkpt>
      <trkpt lat="60.074032" lon="8.701485">
        <ele>648.230273</ele>
        <time>2024-08-10T22:54:51.315Z</time>
      </trkpt>
      <trkpt lat="60.074092" lon="8.701146">
        <ele>649.439194</ele>
        <time>2024-08-10T22:54:59.089Z</time>
      </trkpt>
      <trkpt lat="60.074187" lon="8.700810">
        <ele>650.737202</ele>
        <time>2024-08-10T22:55:07.187Z</time>
      </trkpt>
      <trkpt lat="60.074301" lon="8.700643">
        <ele>651.688437</ele>
        <time>2024-08-10T22:55:13.022Z</time>
      </trkpt>
      <trkpt lat="60.074566" lon="8.700378">
        <ele>653.683533</ele>
        <time>2024-08-10T22:55:25.093Z</time>
      </trkpt>
      <trkpt lat="60.074662" lon="8.700127">
        <ele>654.796691</ele>
        <time>2024-08-10T22:55:31.305Z</time>
      </trkpt>
      <trkpt lat="60.074714" lon="8.699762">
        <ele>656.160830</ele>
        <time>2024-08-10T22:55:39.402Z</time>
      </trkpt>
      <trkpt lat="60.074756" lon="8.699080">
        <ele>658.630334</ele>
        <time>2024-08-10T22:55:54.448Z</time>
      </trkpt>
      <trkpt lat="60.074923" lon="8.697334">
        <ele>665.019190</ele>
        <time>2024-08-10T22:56:34.200Z</time>
      </trkpt>
      <trkpt lat="60.074942" lon="8.696357">
        <ele>668.384120</ele>
        <time>2024-08-10T22:56:55.417Z</time>
      </trkpt>
      <trkpt lat="60.075088" lon="8.695454">
        <ele>671.468840</ele>
        <time>2024-08-10T22:57:16.108Z</time>
      </trkpt>
      <trkpt lat="60.075191" lon="8.694523">
        <ele>674.567774</ele>
        <time>2024-08-10T22:57:36.093Z</time>
      </trkpt>
      <trkpt lat="60.075337" lon="8.694056">
        <ele>676.358743</ele>
        <time>2024-08-10T22:57:46.657Z</time>
      </trkpt>
      <trkpt lat="60.075470" lon="8.693734">
        <ele>677.717243</ele>
        <time>2024-08-10T22:57:54.706Z</time>
      </trkpt>
      <trkpt lat="60.075856" lon="8.692966">
        <ele>680.044739</ele>
        <time>2024-08-10T22:58:14.165Z</time>
      </trkpt>
      <trkpt lat="60.075966" lon="8.692759">
        <ele>680.561840</ele>
        <time>2024-08-10T22:58:19.749Z</time>
      </trkpt>
      <trkpt lat="60.076081" lon="8.692422">
        <ele>681.259934</ele>
        <time>2024-08-10T22:58:26.381Z</time>
      </trkpt>
      <trkpt lat="60.076198" lon="8.691544">
        <ele>682.813715</ele>
        <time>2024-08-10T22:58:39.838Z</time>
      </trkpt>
      <trkpt lat="60.076260" lon="8.691230">
        <ele>683.391094</ele>
        <time>2024-08-10T22:58:43.879Z</time>
      </trkpt>
      <trkpt lat="60.076489" lon="8.690476">
        <ele>684.878738</ele>
        <time>2024-08-10T22:58:52.353Z</time>
      </trkpt>
      <trkpt lat="60.076587" lon="8.690029">
        <ele>685.266352</ele>
        <time>2024-08-10T22:58:55.968Z</time>
      </trkpt>
      <trkpt lat="60.076647" lon="8.689552">
        <ele>685.656874</ele>
        <time>2024-08-10T22:58:59.502Z</time>
      </trkpt>
      <trkpt lat="60.076684" lon="8.688966">
        <ele>686.125785</ele>
        <time>2024-08-10T22:59:04.655Z</time>
      </trkpt>
      <trkpt lat="60.076856" lon="8.687541">
        <ele>687.289670</ele>
        <time>2024-08-10T22:59:20.918Z</time>
      </trkpt>
      <trkpt lat="60.076921" lon="8.687179">
        <ele>687.595094</ele>
        <time>2024-08-10T22:59:25.713Z</time>
      </trkpt>
      <trkpt lat="60.077110" lon="8.686449">
        <ele>689.309210</ele>
        <time>2024-08-10T22:59:36.808Z</time>
      </trkpt>
      <trkpt lat="60.077395" lon="8.685617">
        <ele>691.727952</ele>
        <time>2024-08-10T22:59:52.407Z</time>
      </trkpt>
      <trkpt lat="60.077520" lon="8.685173">
        <ele>692.949760</ele>
        <time>2024-08-10T23:00:01.193Z</time>
      </trkpt>
      <trkpt lat="60.077931" lon="8.682998">
        <ele>699.641787</ele>
        <time>2024-08-10T23:00:48.348Z</time>
      </trkpt>
      <trkpt lat="60.078109" lon="8.680587">
        <ele>708.506239</ele>
        <time>2024-08-10T23:01:42.400Z</time>
      </trkpt>
      <trkpt lat="60.078080" lon="8.680374">
        <ele>709.309267</ele>
        <time>2024-08-10T23:01:47.596Z</time>
      </trkpt>
      <trkpt lat="60.077944" lon="8.679908">
        <ele>711.310072</ele>
        <time>2024-08-10T23:02:00.453Z</time>
      </trkpt>
      <trkpt lat="60.077910" lon="8.679704">
        <ele>712.108550</ele>
        <time>2024-08-10T23:02:05.637Z</time>
      </trkpt>
      <trkpt lat="60.077904" lon="8.679438">
        <ele>713.097049</ele>
        <time>2024-08-10T23:02:12.145Z</time>
      </trkpt>
      <trkpt lat="60.077999" lon="8.678679">
        <ele>716.002084</ele>
        <time>2024-08-10T23:02:31.545Z</time>
      </trkpt>
      <trkpt lat="60.078092" lon="8.678163">
        <ele>718.038865</ele>
        <time>2024-08-10T23:02:44.812Z</time>
      </trkpt>
      <trkpt lat="60.078142" lon="8.677242">
        <ele>721.478126</ele>
        <time>2024-08-10T23:03:04.515Z</time>
      </trkpt>
      <trkpt lat="60.078263" lon="8.676271">
        <ele>723.624533</ele>
        <time>2024-08-10T23:03:22.420Z</time>
      </trkpt>
      <trkpt lat="60.078263" lon="8.676109">
        <ele>723.820886</ele>
        <time>2024-08-10T23:03:24.872Z</time>
      </trkpt>
      <trkpt lat="60.078196" lon="8.675590">
        <ele>724.470668</ele>
        <time>2024-08-10T23:03:33.114Z</time>
      </trkpt>
      <trkpt lat="60.078211" lon="8.675211">
        <ele>724.931480</ele>
        <time>2024-08-10T23:03:38.124Z</time>
      </trkpt>
      <trkpt lat="60.078252" lon="8.674983">
        <ele>725.225238</ele>
        <time>2024-08-10T23:03:41.320Z</time>
      </trkpt>
      <trkpt lat="60.078378" lon="8.674573">
        <ele>725.808921</ele>
        <time>2024-08-10T23:03:46.775Z</time>
      </trkpt>
      <trkpt lat="60.078600" lon="8.674035">
        <ele>726.655202</ele>
        <time>2024-08-10T23:03:53.218Z</time>
      </trkpt>
      <trkpt lat="60.079340" lon="8.672819">
        <ele>725.854481</ele>
        <time>2024-08-10T23:04:04.094Z</time>
      </trkpt>
      <trkpt lat="60.079502" lon="8.672479">
        <ele>725.404045</ele>
        <time>2024-08-10T23:04:06.560Z</time>
      </trkpt>
      <trkpt lat="60.079585" lon="8.672222">
        <ele>725.110744</ele>
        <time>2024-08-10T23:04:08.159Z</time>
      </trkpt>
      <trkpt lat="60.079660" lon="8.671817">
        <ele>724.696888</ele>
        <time>2024-08-10T23:04:10.468Z</time>
      </trkpt>
      <trkpt lat="60.079797" lon="8.670569">
        <ele>723.351529</ele>
        <time>2024-08-10T23:04:17.315Z</time>
      </trkpt>
      <trkpt lat="60.079870" lon="8.670213">
        <ele>722.837323</ele>
        <time>2024-08-10T23:04:19.341Z</time>
      </trkpt>
      <trkpt lat="60.080055" lon="8.669520">
        <ele>721.787283</ele>
        <time>2024-08-10T23:04:23.517Z</time>
      </trkpt>
      <trkpt lat="60.080226" lon="8.669012">
        <ele>720.968562</ele>
        <time>2024-08-10T23:04:26.695Z</time>
      </trkpt>
      <trkpt lat="60.080839" lon="8.666885">
        <ele>717.858922</ele>
        <time>2024-08-10T23:04:39.277Z</time>
      </trkpt>
      <trkpt lat="60.080905" lon="8.666589">
        <ele>717.484192</ele>
        <time>2024-08-10T23:04:40.951Z</time>
      </trkpt>
      <trkpt lat="60.081109" lon="8.664867">
        <ele>715.438628</ele>
        <time>2024-08-10T23:04:50.280Z</time>
      </trkpt>
      <trkpt lat="60.081085" lon="8.663961">
        <ele>715.033860</ele>
        <time>2024-08-10T23:04:55.585Z</time>
      </trkpt>
      <trkpt lat="60.081133" lon="8.663516">
        <ele>715.344516</ele>
        <time>2024-08-10T23:04:58.545Z</time>
      </trkpt>
      <trkpt lat="60.081153" lon="8.662945">
        <ele>715.735086</ele>
        <time>2024-08-10T23:05:02.785Z</time>
      </trkpt>
      <trkpt lat="60.081242" lon="8.662367">
        <ele>716.147838</ele>
        <time>2024-08-10T23:05:08.367Z</time>
      </trkpt>
      <trkpt lat="60.081401" lon="8.659561">
        <ele>719.568149</ele>
        <time>2024-08-10T23:05:48.922Z</time>
      </trkpt>
      <trkpt lat="60.081509" lon="8.658329">
        <ele>721.977352</ele>
        <time>2024-08-10T23:06:10.129Z</time>
      </trkpt>
      <trkpt lat="60.081571" lon="8.657299">
        <ele>723.975522</ele>
        <time>2024-08-10T23:06:25.754Z</time>
      </trkpt>
      <trkpt lat="60.081570" lon="8.656714">
        <ele>724.764190</ele>
        <time>2024-08-10T23:06:33.563Z</time>
      </trkpt>
      <trkpt lat="60.081642" lon="8.655497">
        <ele>726.239281</ele>
        <time>2024-08-10T23:06:48.157Z</time>
      </trkpt>
      <trkpt lat="60.081620" lon="8.654862">
        <ele>727.005430</ele>
        <time>2024-08-10T23:06:55.308Z</time>
      </trkpt>
      <trkpt lat="60.081560" lon="8.654087">
        <ele>727.949417</ele>
        <time>2024-08-10T23:07:04.404Z</time>
      </trkpt>
      <trkpt lat="60.081418" lon="8.653054">
        <ele>729.476461</ele>
        <time>2024-08-10T23:07:16.756Z</time>
      </trkpt>
      <trkpt lat="60.081401" lon="8.652788">
        <ele>729.909048</ele>
        <time>2024-08-10T23:07:19.969Z</time>
      </trkpt>
      <trkpt lat="60.081428" lon="8.651560">
        <ele>731.891832</ele>
        <time>2024-08-10T23:07:34.892Z</time>
      </trkpt>
      <trkpt lat="60.081398" lon="8.651131">
        <ele>732.590611</ele>
        <time>2024-08-10T23:07:41.083Z</time>
      </trkpt>
      <trkpt lat="60.081302" lon="8.650695">
        <ele>733.359397</ele>
        <time>2024-08-10T23:07:48.364Z</time>
      </trkpt>
      <trkpt lat="60.081010" lon="8.649805">
        <ele>735.513661</ele>
        <time>2024-08-10T23:08:07.136Z</time>
      </trkpt>
      <trkpt lat="60.080849" lon="8.648932">
        <ele>737.924830</ele>
        <time>2024-08-10T23:08:24.604Z</time>
      </trkpt>
      <trkpt lat="60.080695" lon="8.648329">
        <ele>739.679789</ele>
        <time>2024-08-10T23:08:37.226Z</time>
      </trkpt>
      <trkpt lat="60.080567" lon="8.647134">
        <ele>742.846073</ele>
        <time>2024-08-10T23:08:58.974Z</time>
      </trkpt>
      <trkpt lat="60.080437" lon="8.646408">
        <ele>744.483243</ele>
        <time>2024-08-10T23:09:12.359Z</time>
      </trkpt>
      <trkpt lat="60.080281" lon="8.645981">
        <ele>745.421655</ele>
        <time>2024-08-10T23:09:21.223Z</time>
      </trkpt>
      <trkpt lat="60.080059" lon="8.645656">
        <ele>746.398756</ele>
        <time>2024-08-10T23:09:29.964Z</time>
      </trkpt>
      <trkpt lat="60.079818" lon="8.645352">
        <ele>747.410862</ele>
        <time>2024-08-10T23:09:38.246Z</time>
      </trkpt>
      <trkpt lat="60.079708" lon="8.645134">
        <ele>747.960658</ele>
        <time>2024-08-10T23:09:42.568Z</time>
      </trkpt>
      <trkpt lat="60.079627" lon="8.644824">
        <ele>748.581135</ele>
        <time>2024-08-10T23:09:47.190Z</time>
      </trkpt>
      <trkpt lat="60.079572" lon="8.644476">
        <ele>749.228373</ele>
        <time>2024-08-10T23:09:51.782Z</time>
      </trkpt>
      <trkpt lat="60.079541" lon="8.643842">
        <ele>750.241278</ele>
        <time>2024-08-10T23:09:59.162Z</time>
      </trkpt>
      <trkpt lat="60.079627" lon="8.642521">
        <ele>751.561317</ele>
        <time>2024-08-10T23:10:12.846Z</time>
      </trkpt>
      <trkpt lat="60.079613" lon="8.642121">
        <ele>751.958639</ele>
        <time>2024-08-10T23:10:16.983Z</time>
      </trkpt>
      <trkpt lat="60.079569" lon="8.641834">
        <ele>752.256148</ele>
        <time>2024-08-10T23:10:20.231Z</time>
      </trkpt>
      <trkpt lat="60.079059" lon="8.639745">
        <ele>754.355786</ele>
        <time>2024-08-10T23:10:48.384Z</time>
      </trkpt>
      <trkpt lat="60.078808" lon="8.639130">
        <ele>754.962693</ele>
        <time>2024-08-10T23:10:58.265Z</time>
      </trkpt>
      <trkpt lat="60.078728" lon="8.638796">
        <ele>755.245676</ele>
        <time>2024-08-10T23:11:02.483Z</time>
      </trkpt>
      <trkpt lat="60.078696" lon="8.637384">
        <ele>756.325226</ele>
        <time>2024-08-10T23:11:16.167Z</time>
      </trkpt>
      <trkpt lat="60.078658" lon="8.636750">
        <ele>755.725584</ele>
        <time>2024-08-10T23:11:21.170Z</time>
      </trkpt>
      <trkpt lat="60.078405" lon="8.634327">
        <ele>752.375172</ele>
        <time>2024-08-10T23:11:34.159Z</time>
      </trkpt>
      <trkpt lat="60.078344" lon="8.633969">
        <ele>751.863157</ele>
        <time>2024-08-10T23:11:35.907Z</time>
      </trkpt>
      <trkpt lat="60.078261" lon="8.633628">
        <ele>751.151967</ele>
        <time>2024-08-10T23:11:37.637Z</time>
      </trkpt>
      <trkpt lat="60.078100" lon="8.633160">
        <ele>749.585556</ele>
        <time>2024-08-10T23:11:40.203Z</time>
      </trkpt>
      <trkpt lat="60.077813" lon="8.632659">
        <ele>747.483484</ele>
        <time>2024-08-10T23:11:43.652Z</time>
      </trkpt>
      <trkpt lat="60.077732" lon="8.632459">
        <ele>746.773654</ele>
        <time>2024-08-10T23:11:44.821Z</time>
      </trkpt>
      <trkpt lat="60.077521" lon="8.631680">
        <ele>744.331217</ele>
        <time>2024-08-10T23:11:48.897Z</time>
      </trkpt>
      <trkpt lat="60.077456" lon="8.631543">
        <ele>743.810253</ele>
        <time>2024-08-10T23:11:49.769Z</time>
      </trkpt>
      <trkpt lat="60.077152" lon="8.631101">
        <ele>741.735904</ele>
        <time>2024-08-10T23:11:53.302Z</time>
      </trkpt>
      <trkpt lat="60.077099" lon="8.630936">
        <ele>741.491827</ele>
        <time>2024-08-10T23:11:54.231Z</time>
      </trkpt>
      <trkpt lat="60.076974" lon="8.630279">
        <ele>740.955655</ele>
        <time>2024-08-10T23:11:57.668Z</time>
      </trkpt>
      <trkpt lat="60.076954" lon="8.630096">
        <ele>740.812805</ele>
        <time>2024-08-10T23:11:58.640Z</time>
      </trkpt>
      <trkpt lat="60.076954" lon="8.629690">
        <ele>740.503224</ele>
        <time>2024-08-10T23:12:00.734Z</time>
      </trkpt>
      <trkpt lat="60.076969" lon="8.629051">
        <ele>740.015438</ele>
        <time>2024-08-10T23:12:04.369Z</time>
      </trkpt>
      <trkpt lat="60.076949" lon="8.628872">
        <ele>739.875566</ele>
        <time>2024-08-10T23:12:05.496Z</time>
      </trkpt>
      <trkpt lat="60.076807" lon="8.628240">
        <ele>739.347029</ele>
        <time>2024-08-10T23:12:10.895Z</time>
      </trkpt>
      <trkpt lat="60.076782" lon="8.627829">
        <ele>739.031313</ele>
        <time>2024-08-10T23:12:14.999Z</time>
      </trkpt>
      <trkpt lat="60.076801" lon="8.627598">
        <ele>738.858171</ele>
        <time>2024-08-10T23:12:17.402Z</time>
      </trkpt>
      <trkpt lat="60.076857" lon="8.627391">
        <ele>738.983972</ele>
        <time>2024-08-10T23:12:20.035Z</time>
      </trkpt>
      <trkpt lat="60.077111" lon="8.627066">
        <ele>739.306679</ele>
        <time>2024-08-10T23:12:27.045Z</time>
      </trkpt>
      <trkpt lat="60.077203" lon="8.626848">
        <ele>739.459225</ele>
        <time>2024-08-10T23:12:30.346Z</time>
      </trkpt>
      <trkpt lat="60.077220" lon="8.626743">
        <ele>739.518199</ele>
        <time>2024-08-10T23:12:31.543Z</time>
      </trkpt>
      <trkpt lat="60.077226" lon="8.626447">
        <ele>739.676459</ele>
        <time>2024-08-10T23:12:34.734Z</time>
      </trkpt>
      <trkpt lat="60.077184" lon="8.625663">
        <ele>740.097697</ele>
        <time>2024-08-10T23:12:42.509Z</time>
      </trkpt>
      <trkpt lat="60.077296" lon="8.624730">
        <ele>740.610354</ele>
        <time>2024-08-10T23:12:50.881Z</time>
      </trkpt>
      <trkpt lat="60.077399" lon="8.624308">
        <ele>740.788044</ele>
        <time>2024-08-10T23:12:54.512Z</time>
      </trkpt>
      <trkpt lat="60.077408" lon="8.624075">
        <ele>740.797264</ele>
        <time>2024-08-10T23:12:56.331Z</time>
      </trkpt>
      <trkpt lat="60.077381" lon="8.623912">
        <ele>740.804040</ele>
        <time>2024-08-10T23:12:57.568Z</time>
      </trkpt>
      <trkpt lat="60.077286" lon="8.623607">
        <ele>740.818226</ele>
        <time>2024-08-10T23:13:00.149Z</time>
      </trkpt>
      <trkpt lat="60.076974" lon="8.622777">
        <ele>740.859228</ele>
        <time>2024-08-10T23:13:07.305Z</time>
      </trkpt>
      <trkpt lat="60.076943" lon="8.622617">
        <ele>740.866000</ele>
        <time>2024-08-10T23:13:08.417Z</time>
      </trkpt>
      <trkpt lat="60.076940" lon="8.622376">
        <ele>740.875511</ele>
        <time>2024-08-10T23:13:10.029Z</time>
      </trkpt>
      <trkpt lat="60.077002" lon="8.621648">
        <ele>740.904649</ele>
        <time>2024-08-10T23:13:15.134Z</time>
      </trkpt>
      <trkpt lat="60.077008" lon="8.621292">
        <ele>740.918702</ele>
        <time>2024-08-10T23:13:17.833Z</time>
      </trkpt>
      <trkpt lat="60.076995" lon="8.621038">
        <ele>741.082755</ele>
        <time>2024-08-10T23:13:19.879Z</time>
      </trkpt>
      <trkpt lat="60.076930" lon="8.620581">
        <ele>741.769577</ele>
        <time>2024-08-10T23:13:24.229Z</time>
      </trkpt>
      <trkpt lat="60.076930" lon="8.620413">
        <ele>742.012387</ele>
        <time>2024-08-10T23:13:25.897Z</time>
      </trkpt>
      <trkpt lat="60.076944" lon="8.620307">
        <ele>742.170867</ele>
        <time>2024-08-10T23:13:26.992Z</time>
      </trkpt>
      <trkpt lat="60.077240" lon="8.619442">
        <ele>743.686923</ele>
        <time>2024-08-10T23:13:39.871Z</time>
      </trkpt>
      <trkpt lat="60.077452" lon="8.618507">
        <ele>745.171302</ele>
        <time>2024-08-10T23:13:55.394Z</time>
      </trkpt>
      <trkpt lat="60.077529" lon="8.617906">
        <ele>746.068101</ele>
        <time>2024-08-10T23:14:05.746Z</time>
      </trkpt>
      <trkpt lat="60.077756" lon="8.616965">
        <ele>748.874286</ele>
        <time>2024-08-10T23:14:25.001Z</time>
      </trkpt>
      <trkpt lat="60.078072" lon="8.614922">
        <ele>754.740873</ele>
        <time>2024-08-10T23:15:07.315Z</time>
      </trkpt>
      <trkpt lat="60.078286" lon="8.614039">
        <ele>756.730322</ele>
        <time>2024-08-10T23:15:24.060Z</time>
      </trkpt>
      <trkpt lat="60.078295" lon="8.613590">
        <ele>757.347370</ele>
        <time>2024-08-10T23:15:30.933Z</time>
      </trkpt>
      <trkpt lat="60.078178" lon="8.612556">
        <ele>758.803296</ele>
        <time>2024-08-10T23:15:45.619Z</time>
      </trkpt>
      <trkpt lat="60.078117" lon="8.612225">
        <ele>759.287843</ele>
        <time>2024-08-10T23:15:49.696Z</time>
      </trkpt>
      <trkpt lat="60.078114" lon="8.611947">
        <ele>759.669674</ele>
        <time>2024-08-10T23:15:52.920Z</time>
      </trkpt>
      <trkpt lat="60.078151" lon="8.611647">
        <ele>760.094030</ele>
        <time>2024-08-10T23:15:56.034Z</time>
      </trkpt>
      <trkpt lat="60.078282" lon="8.610952">
        <ele>761.015177</ele>
        <time>2024-08-10T23:16:02.588Z</time>
      </trkpt>
      <trkpt lat="60.078340" lon="8.610235">
        <ele>761.293839</ele>
        <time>2024-08-10T23:16:07.877Z</time>
      </trkpt>
      <trkpt lat="60.078357" lon="8.609512">
        <ele>761.571518</ele>
        <time>2024-08-10T23:16:12.729Z</time>
      </trkpt>
      <trkpt lat="60.078335" lon="8.609132">
        <ele>761.718279</ele>
        <time>2024-08-10T23:16:15.325Z</time>
      </trkpt>
      <trkpt lat="60.078240" lon="8.608280">
        <ele>762.053206</ele>
        <time>2024-08-10T23:16:22.762Z</time>
      </trkpt>
      <trkpt lat="60.078237" lon="8.608019">
        <ele>762.153362</ele>
        <time>2024-08-10T23:16:25.428Z</time>
      </trkpt>
      <trkpt lat="60.078349" lon="8.606338">
        <ele>764.533869</ele>
        <time>2024-08-10T23:16:46.399Z</time>
      </trkpt>
      <trkpt lat="60.078413" lon="8.605997">
        <ele>765.218365</ele>
        <time>2024-08-10T23:16:51.741Z</time>
      </trkpt>
      <trkpt lat="60.078547" lon="8.605527">
        <ele>766.235426</ele>
        <time>2024-08-10T23:17:00.101Z</time>
      </trkpt>
      <trkpt lat="60.078793" lon="8.605028">
        <ele>767.553505</ele>
        <time>2024-08-10T23:17:11.639Z</time>
      </trkpt>
      <trkpt lat="60.078886" lon="8.604770">
        <ele>768.151529</ele>
        <time>2024-08-10T23:17:17.129Z</time>
      </trkpt>
      <trkpt lat="60.078926" lon="8.604473">
        <ele>768.729485</ele>
        <time>2024-08-10T23:17:22.519Z</time>
      </trkpt>
      <trkpt lat="60.079083" lon="8.602413">
        <ele>773.143901</ele>
        <time>2024-08-10T23:17:59.955Z</time>
      </trkpt>
      <trkpt lat="60.079135" lon="8.602163">
        <ele>773.725172</ele>
        <time>2024-08-10T23:18:04.507Z</time>
      </trkpt>
      <trkpt lat="60.079607" lon="8.600765">
        <ele>776.990944</ele>
        <time>2024-08-10T23:18:28.519Z</time>
      </trkpt>
      <trkpt lat="60.079828" lon="8.599621">
        <ele>777.645956</ele>
        <time>2024-08-10T23:18:42.927Z</time>
      </trkpt>
      <trkpt lat="60.080110" lon="8.598424">
        <ele>778.352752</ele>
        <time>2024-08-10T23:18:55.167Z</time>
      </trkpt>
      <trkpt lat="60.080148" lon="8.598133">
        <ele>778.513356</ele>
        <time>2024-08-10T23:18:57.356Z</time>
      </trkpt>
      <trkpt lat="60.080464" lon="8.593859">
        <ele>776.467145</ele>
        <time>2024-08-10T23:19:22.310Z</time>
      </trkpt>
      <trkpt lat="60.080604" lon="8.593564">
        <ele>776.374543</ele>
        <time>2024-08-10T23:19:24.701Z</time>
      </trkpt>
      <trkpt lat="60.080829" lon="8.593260">
        <ele>776.250836</ele>
        <time>2024-08-10T23:19:28.004Z</time>
      </trkpt>
      <trkpt lat="60.080977" lon="8.593002">
        <ele>776.161417</ele>
        <time>2024-08-10T23:19:30.440Z</time>
      </trkpt>
      <trkpt lat="60.081046" lon="8.592814">
        <ele>776.108336</ele>
        <time>2024-08-10T23:19:32.037Z</time>
      </trkpt>
      <trkpt lat="60.081285" lon="8.591737">
        <ele>775.840268</ele>
        <time>2024-08-10T23:19:40.325Z</time>
      </trkpt>
      <trkpt lat="60.081303" lon="8.591667">
        <ele>775.822359</ele>
        <time>2024-08-10T23:19:40.966Z</time>
      </trkpt>
      <trkpt lat="60.081388" lon="8.591340">
        <ele>775.738503</ele>
        <time>2024-08-10T23:19:43.973Z</time>
      </trkpt>
      <trkpt lat="60.081542" lon="8.590896">
        <ele>775.827399</ele>
        <time>2024-08-10T23:19:48.469Z</time>
      </trkpt>
      <trkpt lat="60.081794" lon="8.589714">
        <ele>776.385567</ele>
        <time>2024-08-10T23:19:59.621Z</time>
      </trkpt>
      <trkpt lat="60.081838" lon="8.589592">
        <ele>776.450940</ele>
        <time>2024-08-10T23:20:01.068Z</time>
      </trkpt>
      <trkpt lat="60.082184" lon="8.588918">
        <ele>776.870921</ele>
        <time>2024-08-10T23:20:10.471Z</time>
      </trkpt>
      <trkpt lat="60.082404" lon="8.588249">
        <ele>777.218866</ele>
        <time>2024-08-10T23:20:18.300Z</time>
      </trkpt>
      <trkpt lat="60.083160" lon="8.584928">
        <ele>779.580870</ele>
        <time>2024-08-10T23:20:54.744Z</time>
      </trkpt>
      <trkpt lat="60.083458" lon="8.583790">
        <ele>780.586579</ele>
        <time>2024-08-10T23:21:08.239Z</time>
      </trkpt>
      <trkpt lat="60.083643" lon="8.583365">
        <ele>781.030159</ele>
        <time>2024-08-10T23:21:18.175Z</time>
      </trkpt>
      <trkpt lat="60.083974" lon="8.582897">
        <ele>781.668735</ele>
        <time>2024-08-10T23:21:32.239Z</time>
      </trkpt>
      <trkpt lat="60.084021" lon="8.582768">
        <ele>781.794356</ele>
        <time>2024-08-10T23:21:35.020Z</time>
      </trkpt>
      <trkpt lat="60.084131" lon="8.582033">
        <ele>782.397766</ele>
        <time>2024-08-10T23:21:48.361Z</time>
      </trkpt>
      <trkpt lat="60.084317" lon="8.581680">
        <ele>782.550655</ele>
        <time>2024-08-10T23:21:56.729Z</time>
      </trkpt>
      <trkpt lat="60.084361" lon="8.581544">
        <ele>782.589437</ele>
        <time>2024-08-10T23:21:59.231Z</time>
      </trkpt>
      <trkpt lat="60.084392" lon="8.581227">
        <ele>782.666717</ele>
        <time>2024-08-10T23:22:04.387Z</time>
      </trkpt>
      <trkpt lat="60.084392" lon="8.580578">
        <ele>782.821978</ele>
        <time>2024-08-10T23:22:13.514Z</time>
      </trkpt>
      <trkpt lat="60.084512" lon="8.579980">
        <ele>782.976185</ele>
        <time>2024-08-10T23:22:22.425Z</time>
      </trkpt>
      <trkpt lat="60.084545" lon="8.579863">
        <ele>783.008341</ele>
        <time>2024-08-10T23:22:24.443Z</time>
      </trkpt>
      <trkpt lat="60.084838" lon="8.578787">
        <ele>783.301622</ele>
        <time>2024-08-10T23:22:41.854Z</time>
      </trkpt>
      <trkpt lat="60.084861" lon="8.578592">
        <ele>783.296749</ele>
        <time>2024-08-10T23:22:44.838Z</time>
      </trkpt>
      <trkpt lat="60.084883" lon="8.577696">
        <ele>783.264082</ele>
        <time>2024-08-10T23:22:57.328Z</time>
      </trkpt>
      <trkpt lat="60.084991" lon="8.577084">
        <ele>783.240443</ele>
        <time>2024-08-10T23:23:05.963Z</time>
      </trkpt>
      <trkpt lat="60.085141" lon="8.576407">
        <ele>783.213467</ele>
        <time>2024-08-10T23:23:15.522Z</time>
      </trkpt>
      <trkpt lat="60.085353" lon="8.575759">
        <ele>783.185246</ele>
        <time>2024-08-10T23:23:26.113Z</time>
      </trkpt>
      <trkpt lat="60.085388" lon="8.575510">
        <ele>783.175826</ele>
        <time>2024-08-10T23:23:29.765Z</time>
      </trkpt>
      <trkpt lat="60.085399" lon="8.575009">
        <ele>783.286559</ele>
        <time>2024-08-10T23:23:37.089Z</time>
      </trkpt>
      <trkpt lat="60.085366" lon="8.573985">
        <ele>783.574196</ele>
        <time>2024-08-10T23:23:52.468Z</time>
      </trkpt>
      <trkpt lat="60.085450" lon="8.570900">
        <ele>784.635647</ele>
        <time>2024-08-10T23:24:39.501Z</time>
      </trkpt>
      <trkpt lat="60.085429" lon="8.570001">
        <ele>785.079826</ele>
        <time>2024-08-10T23:24:53.833Z</time>
      </trkpt>
      <trkpt lat="60.085453" lon="8.569735">
        <ele>785.213239</ele>
        <time>2024-08-10T23:24:58.088Z</time>
      </trkpt>
      <trkpt lat="60.085600" lon="8.568886">
        <ele>785.656788</ele>
        <time>2024-08-10T23:25:12.269Z</time>
      </trkpt>
      <trkpt lat="60.085639" lon="8.568486">
        <ele>785.857940</ele>
        <time>2024-08-10T23:25:18.821Z</time>
      </trkpt>
      <trkpt lat="60.085761" lon="8.567857">
        <ele>786.420434</ele>
        <time>2024-08-10T23:25:29.935Z</time>
      </trkpt>
      <trkpt lat="60.085778" lon="8.566709">
        <ele>787.558443</ele>
        <time>2024-08-10T23:25:49.631Z</time>
      </trkpt>
      <trkpt lat="60.085872" lon="8.565748">
        <ele>788.528800</ele>
        <time>2024-08-10T23:26:07.308Z</time>
      </trkpt>
      <trkpt lat="60.086347" lon="8.562483">
        <ele>792.145983</ele>
        <time>2024-08-10T23:27:13.313Z</time>
      </trkpt>
      <trkpt lat="60.086374" lon="8.562203">
        <ele>792.458135</ele>
        <time>2024-08-10T23:27:18.481Z</time>
      </trkpt>
      <trkpt lat="60.086383" lon="8.561565">
        <ele>793.156741</ele>
        <time>2024-08-10T23:27:29.333Z</time>
      </trkpt>
      <trkpt lat="60.086382" lon="8.561199">
        <ele>793.486363</ele>
        <time>2024-08-10T23:27:35.144Z</time>
      </trkpt>
      <trkpt lat="60.086356" lon="8.560945">
        <ele>793.492525</ele>
        <time>2024-08-10T23:27:39.098Z</time>
      </trkpt>
      <trkpt lat="60.086271" lon="8.560553">
        <ele>793.502684</ele>
        <time>2024-08-10T23:27:45.390Z</time>
      </trkpt>
      <trkpt lat="60.086152" lon="8.560250">
        <ele>793.511850</ele>
        <time>2024-08-10T23:27:50.876Z</time>
      </trkpt>
      <trkpt lat="60.085317" lon="8.558454">
        <ele>793.570207</ele>
        <time>2024-08-10T23:28:23.011Z</time>
      </trkpt>
      <trkpt lat="60.085223" lon="8.558121">
        <ele>793.689561</ele>
        <time>2024-08-10T23:28:28.029Z</time>
      </trkpt>
      <trkpt lat="60.085203" lon="8.557864">
        <ele>793.773231</ele>
        <time>2024-08-10T23:28:31.530Z</time>
      </trkpt>
      <trkpt lat="60.085223" lon="8.557484">
        <ele>793.896144</ele>
        <time>2024-08-10T23:28:36.731Z</time>
      </trkpt>
      <trkpt lat="60.085525" lon="8.555860">
        <ele>794.453668</ele>
        <time>2024-08-10T23:29:03.045Z</time>
      </trkpt>
      <trkpt lat="60.085529" lon="8.555637">
        <ele>794.525446</ele>
        <time>2024-08-10T23:29:06.723Z</time>
      </trkpt>
      <trkpt lat="60.085446" lon="8.555267">
        <ele>794.655949</ele>
        <time>2024-08-10T23:29:13.596Z</time>
      </trkpt>
      <trkpt lat="60.084928" lon="8.554058">
        <ele>795.876944</ele>
        <time>2024-08-10T23:29:41.568Z</time>
      </trkpt>
      <trkpt lat="60.084300" lon="8.553032">
        <ele>797.244303</ele>
        <time>2024-08-10T23:30:09.629Z</time>
      </trkpt>
      <trkpt lat="60.083743" lon="8.552476">
        <ele>798.242986</ele>
        <time>2024-08-10T23:30:30.963Z</time>
      </trkpt>
      <trkpt lat="60.083668" lon="8.552339">
        <ele>798.397509</ele>
        <time>2024-08-10T23:30:34.412Z</time>
      </trkpt>
      <trkpt lat="60.083584" lon="8.552067">
        <ele>798.640522</ele>
        <time>2024-08-10T23:30:39.813Z</time>
      </trkpt>
      <trkpt lat="60.083408" lon="8.551359">
        <ele>799.241420</ele>
        <time>2024-08-10T23:30:53.117Z</time>
      </trkpt>
      <trkpt lat="60.083339" lon="8.551228">
        <ele>799.386146</ele>
        <time>2024-08-10T23:30:56.339Z</time>
      </trkpt>
      <trkpt lat="60.082868" lon="8.550630">
        <ele>800.235225</ele>
        <time>2024-08-10T23:31:15.093Z</time>
      </trkpt>
      <trkpt lat="60.082702" lon="8.550347">
        <ele>800.570735</ele>
        <time>2024-08-10T23:31:22.476Z</time>
      </trkpt>
      <trkpt lat="60.082562" lon="8.549835">
        <ele>801.040794</ele>
        <time>2024-08-10T23:31:32.441Z</time>
      </trkpt>
      <trkpt lat="60.082503" lon="8.549175">
        <ele>801.580586</ele>
        <time>2024-08-10T23:31:43.963Z</time>
      </trkpt>
      <trkpt lat="60.082510" lon="8.548163">
        <ele>802.395363</ele>
        <time>2024-08-10T23:32:01.410Z</time>
      </trkpt>
      <trkpt lat="60.082486" lon="8.547852">
        <ele>802.648709</ele>
        <time>2024-08-10T23:32:06.886Z</time>
      </trkpt>
      <trkpt lat="60.081907" lon="8.545075">
        <ele>805.024064</ele>
        <time>2024-08-10T23:32:57.966Z</time>
      </trkpt>
      <trkpt lat="60.081319" lon="8.543302">
        <ele>806.772426</ele>
        <time>2024-08-10T23:33:34.068Z</time>
      </trkpt>
      <trkpt lat="60.081185" lon="8.542818">
        <ele>807.283862</ele>
        <time>2024-08-10T23:33:43.489Z</time>
      </trkpt>
      <trkpt lat="60.080993" lon="8.540537">
        <ele>809.421075</ele>
        <time>2024-08-10T23:34:24.157Z</time>
      </trkpt>
      <trkpt lat="60.079949" lon="8.535217">
        <ele>816.017099</ele>
        <time>2024-08-10T23:36:10.545Z</time>
      </trkpt>
      <trkpt lat="60.079872" lon="8.534148">
        <ele>817.292363</ele>
        <time>2024-08-10T23:36:30.746Z</time>
      </trkpt>
      <trkpt lat="60.079681" lon="8.533417">
        <ele>818.256885</ele>
        <time>2024-08-10T23:36:46.226Z</time>
      </trkpt>
      <trkpt lat="60.078922" lon="8.527138">
        <ele>825.229212</ele>
        <time>2024-08-10T23:38:44.872Z</time>
      </trkpt>
      <trkpt lat="60.078902" lon="8.526773">
        <ele>825.600385</ele>
        <time>2024-08-10T23:38:50.790Z</time>
      </trkpt>
      <trkpt lat="60.078917" lon="8.526487">
        <ele>825.794680</ele>
        <time>2024-08-10T23:38:55.446Z</time>
      </trkpt>
      <trkpt lat="60.079107" lon="8.524237">
        <ele>826.748279</ele>
        <time>2024-08-10T23:39:31.609Z</time>
      </trkpt>
      <trkpt lat="60.079107" lon="8.523732">
        <ele>826.959306</ele>
        <time>2024-08-10T23:39:39.129Z</time>
      </trkpt>
      <trkpt lat="60.079060" lon="8.523419">
        <ele>827.095899</ele>
        <time>2024-08-10T23:39:43.649Z</time>
      </trkpt>
      <trkpt lat="60.078771" lon="8.522302">
        <ele>827.635218</ele>
        <time>2024-08-10T23:40:01.542Z</time>
      </trkpt>
      <trkpt lat="60.078749" lon="8.522046">
        <ele>827.747546</ele>
        <time>2024-08-10T23:40:05.529Z</time>
      </trkpt>
      <trkpt lat="60.078759" lon="8.521380">
        <ele>828.035660</ele>
        <time>2024-08-10T23:40:15.815Z</time>
      </trkpt>
      <trkpt lat="60.078727" lon="8.521024">
        <ele>828.192077</ele>
        <time>2024-08-10T23:40:21.547Z</time>
      </trkpt>
      <trkpt lat="60.078491" lon="8.520409">
        <ele>828.527598</ele>
        <time>2024-08-10T23:40:34.070Z</time>
      </trkpt>
      <trkpt lat="60.077704" lon="8.518535">
        <ele>830.884825</ele>
        <time>2024-08-10T23:41:14.976Z</time>
      </trkpt>
      <trkpt lat="60.077485" lon="8.517280">
        <ele>832.399460</ele>
        <time>2024-08-10T23:41:40.723Z</time>
      </trkpt>
      <trkpt lat="60.077429" lon="8.517126">
        <ele>832.616562</ele>
        <time>2024-08-10T23:41:44.453Z</time>
      </trkpt>
      <trkpt lat="60.077101" lon="8.516648">
        <ele>834.403262</ele>
        <time>2024-08-10T23:42:01.887Z</time>
      </trkpt>
      <trkpt lat="60.076934" lon="8.516475">
        <ele>835.407824</ele>
        <time>2024-08-10T23:42:10.548Z</time>
      </trkpt>
      <trkpt lat="60.076752" lon="8.516430">
        <ele>836.387801</ele>
        <time>2024-08-10T23:42:18.854Z</time>
      </trkpt>
      <trkpt lat="60.076367" lon="8.516457">
        <ele>838.446496</ele>
        <time>2024-08-10T23:42:37.430Z</time>
      </trkpt>
      <trkpt lat="60.076178" lon="8.516364">
        <ele>839.486493</ele>
        <time>2024-08-10T23:42:47.297Z</time>
      </trkpt>
      <trkpt lat="60.076034" lon="8.516240">
        <ele>840.324023</ele>
        <time>2024-08-10T23:42:55.183Z</time>
      </trkpt>
      <trkpt lat="60.075590" lon="8.515531">
        <ele>843.999209</ele>
        <time>2024-08-10T23:43:27.065Z</time>
      </trkpt>
      <trkpt lat="60.075426" lon="8.515330">
        <ele>845.806278</ele>
        <time>2024-08-10T23:43:38.670Z</time>
      </trkpt>
      <trkpt lat="60.075343" lon="8.515179">
        <ele>846.859980</ele>
        <time>2024-08-10T23:43:45.604Z</time>
      </trkpt>
      <trkpt lat="60.075090" lon="8.514393">
        <ele>851.246819</ele>
        <time>2024-08-10T23:44:15.792Z</time>
      </trkpt>
      <trkpt lat="60.074661" lon="8.513766">
        <ele>856.237933</ele>
        <time>2024-08-10T23:44:52.621Z</time>
      </trkpt>
      <trkpt lat="60.074130" lon="8.513011">
        <ele>862.846254</ele>
        <time>2024-08-10T23:45:39.469Z</time>
      </trkpt>
      <trkpt lat="60.073382" lon="8.512428">
        <ele>871.645057</ele>
        <time>2024-08-10T23:46:38.027Z</time>
      </trkpt>
      <trkpt lat="60.073292" lon="8.512279">
        <ele>872.924811</ele>
        <time>2024-08-10T23:46:46.580Z</time>
      </trkpt>
      <trkpt lat="60.073155" lon="8.511893">
        <ele>875.515837</ele>
        <time>2024-08-10T23:47:03.124Z</time>
      </trkpt>
      <trkpt lat="60.072888" lon="8.511351">
        <ele>879.648570</ele>
        <time>2024-08-10T23:47:29.657Z</time>
      </trkpt>
      <trkpt lat="60.072792" lon="8.511244">
        <ele>880.778419</ele>
        <time>2024-08-10T23:47:37.367Z</time>
      </trkpt>
      <trkpt lat="60.072495" lon="8.511098">
        <ele>883.923883</ele>
        <time>2024-08-10T23:47:59.104Z</time>
      </trkpt>
      <trkpt lat="60.072418" lon="8.511028">
        <ele>884.793557</ele>
        <time>2024-08-10T23:48:05.183Z</time>
      </trkpt>
      <trkpt lat="60.072291" lon="8.510816">
        <ele>886.493571</ele>
        <time>2024-08-10T23:48:17.191Z</time>
      </trkpt>
      <trkpt lat="60.071764" lon="8.509431">
        <ele>895.432294</ele>
        <time>2024-08-10T23:49:18.659Z</time>
      </trkpt>
      <trkpt lat="60.071461" lon="8.509077">
        <ele>898.591070</ele>
        <time>2024-08-10T23:49:40.573Z</time>
      </trkpt>
      <trkpt lat="60.071238" lon="8.508572">
        <ele>900.941631</ele>
        <time>2024-08-10T23:50:00.530Z</time>
      </trkpt>
      <trkpt lat="60.071167" lon="8.508328">
        <ele>901.926160</ele>
        <time>2024-08-10T23:50:09.151Z</time>
      </trkpt>
      <trkpt lat="60.071083" lon="8.507686">
        <ele>904.239508</ele>
        <time>2024-08-10T23:50:28.405Z</time>
      </trkpt>
      <trkpt lat="60.070875" lon="8.506658">
        <ele>908.106034</ele>
        <time>2024-08-10T23:50:58.578Z</time>
      </trkpt>
      <trkpt lat="60.070757" lon="8.506381">
        <ele>909.375567</ele>
        <time>2024-08-10T23:51:07.818Z</time>
      </trkpt>
      <trkpt lat="60.070424" lon="8.505988">
        <ele>911.244613</ele>
        <time>2024-08-10T23:51:24.828Z</time>
      </trkpt>
      <trkpt lat="60.070060" lon="8.505762">
        <ele>912.723448</ele>
        <time>2024-08-10T23:51:39.430Z</time>
      </trkpt>
      <trkpt lat="60.069983" lon="8.505672">
        <ele>913.069370</ele>
        <time>2024-08-10T23:51:42.922Z</time>
      </trkpt>
      <trkpt lat="60.069142" lon="8.504497">
        <ele>917.047865</ele>
        <time>2024-08-10T23:52:26.879Z</time>
      </trkpt>
      <trkpt lat="60.069053" lon="8.504224">
        <ele>917.883409</ele>
        <time>2024-08-10T23:52:34.496Z</time>
      </trkpt>
      <trkpt lat="60.068827" lon="8.502971">
        <ele>921.532103</ele>
        <time>2024-08-10T23:53:03.887Z</time>
      </trkpt>
      <trkpt lat="60.068598" lon="8.502395">
        <ele>923.549012</ele>
        <time>2024-08-10T23:53:20.833Z</time>
      </trkpt>
      <trkpt lat="60.068330" lon="8.501375">
        <ele>926.705967</ele>
        <time>2024-08-10T23:53:51.912Z</time>
      </trkpt>
      <trkpt lat="60.068231" lon="8.500680">
        <ele>930.117084</ele>
        <time>2024-08-10T23:54:14.507Z</time>
      </trkpt>
      <trkpt lat="60.067997" lon="8.499458">
        <ele>936.856442</ele>
        <time>2024-08-10T23:54:59.902Z</time>
      </trkpt>
      <trkpt lat="60.067935" lon="8.498349">
        <ele>942.602306</ele>
        <time>2024-08-10T23:55:40.323Z</time>
      </trkpt>
      <trkpt lat="60.067935" lon="8.496664">
        <ele>951.883893</ele>
        <time>2024-08-10T23:56:44.121Z</time>
      </trkpt>
      <trkpt lat="60.067910" lon="8.496335">
        <ele>953.780797</ele>
        <time>2024-08-10T23:56:56.979Z</time>
      </trkpt>
      <trkpt lat="60.067837" lon="8.496049">
        <ele>955.611893</ele>
        <time>2024-08-10T23:57:09.899Z</time>
      </trkpt>
      <trkpt lat="60.067647" lon="8.495691">
        <ele>958.590957</ele>
        <time>2024-08-10T23:57:29.751Z</time>
      </trkpt>
      <trkpt lat="60.067501" lon="8.495192">
        <ele>961.888177</ele>
        <time>2024-08-10T23:57:50.960Z</time>
      </trkpt>
      <trkpt lat="60.067347" lon="8.494511">
        <ele>966.149932</ele>
        <time>2024-08-10T23:58:16.866Z</time>
      </trkpt>
      <trkpt lat="60.067327" lon="8.494188">
        <ele>967.642662</ele>
        <time>2024-08-10T23:58:27.769Z</time>
      </trkpt>
      <trkpt lat="60.067332" lon="8.493326">
        <ele>971.588272</ele>
        <time>2024-08-10T23:58:54.515Z</time>
      </trkpt>
      <trkpt lat="60.067304" lon="8.492895">
        <ele>973.577593</ele>
        <time>2024-08-10T23:59:07.953Z</time>
      </trkpt>
      <trkpt lat="60.067175" lon="8.492178">
        <ele>977.066092</ele>
        <time>2024-08-10T23:59:31.703Z</time>
      </trkpt>
      <trkpt lat="60.067157" lon="8.491944">
        <ele>978.149759</ele>
        <time>2024-08-10T23:59:39.203Z</time>
      </trkpt>
      <trkpt lat="60.067199" lon="8.491370">
        <ele>980.805045</ele>
        <time>2024-08-10T23:59:58.037Z</time>
      </trkpt>
      <trkpt lat="60.067197" lon="8.490993">
        <ele>982.530665</ele>
        <time>2024-08-11T00:00:10.356Z</time>
      </trkpt>
      <trkpt lat="60.067151" lon="8.490256">
        <ele>985.534969</ele>
        <time>2024-08-11T00:00:34.762Z</time>
      </trkpt>
      <trkpt lat="60.067041" lon="8.489683">
        <ele>988.005008</ele>
        <time>2024-08-11T00:00:54.769Z</time>
      </trkpt>
      <trkpt lat="60.067002" lon="8.489145">
        <ele>990.192237</ele>
        <time>2024-08-11T00:01:11.734Z</time>
      </trkpt>
      <trkpt lat="60.067024" lon="8.487798">
        <ele>995.614455</ele>
        <time>2024-08-11T00:01:51.134Z</time>
      </trkpt>
      <trkpt lat="60.067165" lon="8.487130">
        <ele>997.796830</ele>
        <time>2024-08-11T00:02:10.550Z</time>
      </trkpt>
      <trkpt lat="60.067191" lon="8.486754">
        <ele>998.501983</ele>
        <time>2024-08-11T00:02:20.145Z</time>
      </trkpt>
      <trkpt lat="60.067209" lon="8.484488">
        <ele>1002.711958</ele>
        <time>2024-08-11T00:03:07.683Z</time>
      </trkpt>
      <trkpt lat="60.067240" lon="8.483393">
        <ele>1004.157026</ele>
        <time>2024-08-11T00:03:25.267Z</time>
      </trkpt>
      <trkpt lat="60.067216" lon="8.481560">
        <ele>1005.289922</ele>
        <time>2024-08-11T00:03:53.637Z</time>
      </trkpt>
      <trkpt lat="60.067239" lon="8.480751">
        <ele>1005.790567</ele>
        <time>2024-08-11T00:04:06.456Z</time>
      </trkpt>
      <trkpt lat="60.067077" lon="8.478511">
        <ele>1008.244398</ele>
        <time>2024-08-11T00:04:46.491Z</time>
      </trkpt>
      <trkpt lat="60.067045" lon="8.477198">
        <ele>1009.835815</ele>
        <time>2024-08-11T00:05:12.094Z</time>
      </trkpt>
      <trkpt lat="60.067097" lon="8.476713">
        <ele>1010.436358</ele>
        <time>2024-08-11T00:05:22.175Z</time>
      </trkpt>
      <trkpt lat="60.067327" lon="8.475684">
        <ele>1012.274203</ele>
        <time>2024-08-11T00:05:45.841Z</time>
      </trkpt>
      <trkpt lat="60.067602" lon="8.474978">
        <ele>1013.738618</ele>
        <time>2024-08-11T00:06:04.683Z</time>
      </trkpt>
      <trkpt lat="60.067646" lon="8.474762">
        <ele>1014.120082</ele>
        <time>2024-08-11T00:06:09.484Z</time>
      </trkpt>
      <trkpt lat="60.067544" lon="8.474028">
        <ele>1015.365874</ele>
        <time>2024-08-11T00:06:25.144Z</time>
      </trkpt>
      <trkpt lat="60.067521" lon="8.472879">
        <ele>1016.990751</ele>
        <time>2024-08-11T00:06:48.019Z</time>
      </trkpt>
      <trkpt lat="60.067745" lon="8.468989">
        <ele>1022.217033</ele>
        <time>2024-08-11T00:07:58.685Z</time>
      </trkpt>
      <trkpt lat="60.067921" lon="8.467996">
        <ele>1024.234844</ele>
        <time>2024-08-11T00:08:19.877Z</time>
      </trkpt>
      <trkpt lat="60.068065" lon="8.467329">
        <ele>1025.626446</ele>
        <time>2024-08-11T00:08:36.121Z</time>
      </trkpt>
      <trkpt lat="60.068101" lon="8.467093">
        <ele>1026.098987</ele>
        <time>2024-08-11T00:08:41.950Z</time>
      </trkpt>
      <trkpt lat="60.068146" lon="8.466383">
        <ele>1027.469422</ele>
        <time>2024-08-11T00:08:59.644Z</time>
      </trkpt>
      <trkpt lat="60.068149" lon="8.465328">
        <ele>1031.190228</ele>
        <time>2024-08-11T00:09:27.815Z</time>
      </trkpt>
      <trkpt lat="60.067977" lon="8.463925">
        <ele>1036.286080</ele>
        <time>2024-08-11T00:10:09.262Z</time>
      </trkpt>
      <trkpt lat="60.067937" lon="8.462874">
        <ele>1040.003958</ele>
        <time>2024-08-11T00:10:40.583Z</time>
      </trkpt>
      <trkpt lat="60.067946" lon="8.462261">
        <ele>1042.049329</ele>
        <time>2024-08-11T00:10:58.665Z</time>
      </trkpt>
      <trkpt lat="60.067995" lon="8.461391">
        <ele>1044.954079</ele>
        <time>2024-08-11T00:11:24.032Z</time>
      </trkpt>
      <trkpt lat="60.067989" lon="8.460960">
        <ele>1046.384574</ele>
        <time>2024-08-11T00:11:36.108Z</time>
      </trkpt>
      <trkpt lat="60.067913" lon="8.460676">
        <ele>1047.453764</ele>
        <time>2024-08-11T00:11:44.991Z</time>
      </trkpt>
      <trkpt lat="60.067605" lon="8.460274">
        <ele>1049.897706</ele>
        <time>2024-08-11T00:12:04.310Z</time>
      </trkpt>
      <trkpt lat="60.067453" lon="8.459796">
        <ele>1051.778266</ele>
        <time>2024-08-11T00:12:18.491Z</time>
      </trkpt>
      <trkpt lat="60.067457" lon="8.459423">
        <ele>1052.607866</ele>
        <time>2024-08-11T00:12:27.361Z</time>
      </trkpt>
      <trkpt lat="60.067581" lon="8.458826">
        <ele>1053.749163</ele>
        <time>2024-08-11T00:12:42.162Z</time>
      </trkpt>
      <trkpt lat="60.067611" lon="8.458375">
        <ele>1054.552182</ele>
        <time>2024-08-11T00:12:51.948Z</time>
      </trkpt>
      <trkpt lat="60.067617" lon="8.456812">
        <ele>1057.310825</ele>
        <time>2024-08-11T00:13:22.568Z</time>
      </trkpt>
      <trkpt lat="60.067594" lon="8.456065">
        <ele>1058.638859</ele>
        <time>2024-08-11T00:13:36.764Z</time>
      </trkpt>
      <trkpt lat="60.067437" lon="8.454541">
        <ele>1061.540961</ele>
        <time>2024-08-11T00:14:06.428Z</time>
      </trkpt>
      <trkpt lat="60.067468" lon="8.449885">
        <ele>1071.543125</ele>
        <time>2024-08-11T00:15:54.652Z</time>
      </trkpt>
      <trkpt lat="60.067402" lon="8.447908">
        <ele>1075.125221</ele>
        <time>2024-08-11T00:16:41.601Z</time>
      </trkpt>
      <trkpt lat="60.067322" lon="8.447244">
        <ele>1076.031444</ele>
        <time>2024-08-11T00:16:55.088Z</time>
      </trkpt>
      <trkpt lat="60.067075" lon="8.445547">
        <ele>1078.376636</ele>
        <time>2024-08-11T00:17:25.414Z</time>
      </trkpt>
      <trkpt lat="60.066983" lon="8.445138">
        <ele>1078.423657</ele>
        <time>2024-08-11T00:17:31.994Z</time>
      </trkpt>
      <trkpt lat="60.066888" lon="8.444874">
        <ele>1078.346932</ele>
        <time>2024-08-11T00:17:36.729Z</time>
      </trkpt>
      <trkpt lat="60.066821" lon="8.444698">
        <ele>1078.294749</ele>
        <time>2024-08-11T00:17:39.614Z</time>
      </trkpt>
      <trkpt lat="60.066785" lon="8.444505">
        <ele>1078.246179</ele>
        <time>2024-08-11T00:17:42.303Z</time>
      </trkpt>
      <trkpt lat="60.066702" lon="8.443813">
        <ele>1078.078411</ele>
        <time>2024-08-11T00:17:51.185Z</time>
      </trkpt>
      <trkpt lat="60.066695" lon="8.443509">
        <ele>1078.006674</ele>
        <time>2024-08-11T00:17:55.037Z</time>
      </trkpt>
      <trkpt lat="60.066660" lon="8.443260">
        <ele>1077.945694</ele>
        <time>2024-08-11T00:17:58.086Z</time>
      </trkpt>
      <trkpt lat="60.066305" lon="8.442140">
        <ele>1077.652168</ele>
        <time>2024-08-11T00:18:14.047Z</time>
      </trkpt>
      <trkpt lat="60.066165" lon="8.441819">
        <ele>1077.633107</ele>
        <time>2024-08-11T00:18:19.364Z</time>
      </trkpt>
      <trkpt lat="60.065816" lon="8.441282">
        <ele>1077.593684</ele>
        <time>2024-08-11T00:18:31.502Z</time>
      </trkpt>
      <trkpt lat="60.065731" lon="8.441047">
        <ele>1077.580708</ele>
        <time>2024-08-11T00:18:35.589Z</time>
      </trkpt>
      <trkpt lat="60.065660" lon="8.440657">
        <ele>1077.562147</ele>
        <time>2024-08-11T00:18:41.501Z</time>
      </trkpt>
      <trkpt lat="60.065648" lon="8.439385">
        <ele>1077.505266</ele>
        <time>2024-08-11T00:18:59.662Z</time>
      </trkpt>
      <trkpt lat="60.065595" lon="8.439029">
        <ele>1077.526677</ele>
        <time>2024-08-11T00:19:05.045Z</time>
      </trkpt>
      <trkpt lat="60.065442" lon="8.438600">
        <ele>1077.633684</ele>
        <time>2024-08-11T00:19:12.667Z</time>
      </trkpt>
      <trkpt lat="60.065096" lon="8.437972">
        <ele>1077.823527</ele>
        <time>2024-08-11T00:19:27.032Z</time>
      </trkpt>
      <trkpt lat="60.064972" lon="8.437823">
        <ele>1077.882324</ele>
        <time>2024-08-11T00:19:31.387Z</time>
      </trkpt>
      <trkpt lat="60.064742" lon="8.437602">
        <ele>1077.986055</ele>
        <time>2024-08-11T00:19:39.098Z</time>
      </trkpt>
      <trkpt lat="60.064061" lon="8.437167">
        <ele>1078.321380</ele>
        <time>2024-08-11T00:19:59.701Z</time>
      </trkpt>
      <trkpt lat="60.063787" lon="8.436872">
        <ele>1078.561401</ele>
        <time>2024-08-11T00:20:08.417Z</time>
      </trkpt>
      <trkpt lat="60.063335" lon="8.436308">
        <ele>1078.972288</ele>
        <time>2024-08-11T00:20:23.657Z</time>
      </trkpt>
      <trkpt lat="60.062768" lon="8.435828">
        <ele>1079.447265</ele>
        <time>2024-08-11T00:20:43.308Z</time>
      </trkpt>
      <trkpt lat="60.062706" lon="8.435716">
        <ele>1079.511679</ele>
        <time>2024-08-11T00:20:46.168Z</time>
      </trkpt>
      <trkpt lat="60.062645" lon="8.435510">
        <ele>1079.603924</ele>
        <time>2024-08-11T00:20:50.367Z</time>
      </trkpt>
      <trkpt lat="60.062593" lon="8.435221">
        <ele>1079.937153</ele>
        <time>2024-08-11T00:20:55.688Z</time>
      </trkpt>
      <trkpt lat="60.062529" lon="8.434286">
        <ele>1081.028504</ele>
        <time>2024-08-11T00:21:12.764Z</time>
      </trkpt>
      <trkpt lat="60.062537" lon="8.431178">
        <ele>1084.249004</ele>
        <time>2024-08-11T00:22:12.514Z</time>
      </trkpt>
      <trkpt lat="60.062493" lon="8.430967">
        <ele>1084.395818</ele>
        <time>2024-08-11T00:22:16.588Z</time>
      </trkpt>
      <trkpt lat="60.062417" lon="8.430784">
        <ele>1084.548665</ele>
        <time>2024-08-11T00:22:20.698Z</time>
      </trkpt>
      <trkpt lat="60.062222" lon="8.430512">
        <ele>1084.854318</ele>
        <time>2024-08-11T00:22:28.540Z</time>
      </trkpt>
      <trkpt lat="60.062170" lon="8.430360">
        <ele>1084.972631</ele>
        <time>2024-08-11T00:22:31.456Z</time>
      </trkpt>
      <trkpt lat="60.062093" lon="8.429774">
        <ele>1085.361673</ele>
        <time>2024-08-11T00:22:40.691Z</time>
      </trkpt>
      <trkpt lat="60.062013" lon="8.429529">
        <ele>1085.549643</ele>
        <time>2024-08-11T00:22:45.029Z</time>
      </trkpt>
      <trkpt lat="60.061737" lon="8.429034">
        <ele>1086.026155</ele>
        <time>2024-08-11T00:22:55.764Z</time>
      </trkpt>
      <trkpt lat="60.061640" lon="8.428794">
        <ele>1086.318780</ele>
        <time>2024-08-11T00:23:00.257Z</time>
      </trkpt>
      <trkpt lat="60.061580" lon="8.428525">
        <ele>1086.647503</ele>
        <time>2024-08-11T00:23:04.476Z</time>
      </trkpt>
      <trkpt lat="60.061568" lon="8.428174">
        <ele>1087.040020</ele>
        <time>2024-08-11T00:23:09.626Z</time>
      </trkpt>
      <trkpt lat="60.061657" lon="8.427619">
        <ele>1087.690394</ele>
        <time>2024-08-11T00:23:18.816Z</time>
      </trkpt>
      <trkpt lat="60.061645" lon="8.427389">
        <ele>1087.948395</ele>
        <time>2024-08-11T00:23:22.767Z</time>
      </trkpt>
      <trkpt lat="60.061414" lon="8.426767">
        <ele>1088.813397</ele>
        <time>2024-08-11T00:23:37.144Z</time>
      </trkpt>
      <trkpt lat="60.061368" lon="8.426540">
        <ele>1089.086736</ele>
        <time>2024-08-11T00:23:42.057Z</time>
      </trkpt>
      <trkpt lat="60.061303" lon="8.425551">
        <ele>1090.315663</ele>
        <time>2024-08-11T00:24:03.734Z</time>
      </trkpt>
      <trkpt lat="60.061191" lon="8.424872">
        <ele>1092.238534</ele>
        <time>2024-08-11T00:24:20.706Z</time>
      </trkpt>
      <trkpt lat="60.060900" lon="8.423443">
        <ele>1096.388490</ele>
        <time>2024-08-11T00:25:00.609Z</time>
      </trkpt>
      <trkpt lat="60.060810" lon="8.421594">
        <ele>1100.952187</ele>
        <time>2024-08-11T00:25:47.851Z</time>
      </trkpt>
      <trkpt lat="60.060765" lon="8.421373">
        <ele>1101.418192</ele>
        <time>2024-08-11T00:25:53.430Z</time>
      </trkpt>
      <trkpt lat="60.060548" lon="8.420791">
        <ele>1102.836562</ele>
        <time>2024-08-11T00:26:09.859Z</time>
      </trkpt>
      <trkpt lat="60.060513" lon="8.420627">
        <ele>1103.184800</ele>
        <time>2024-08-11T00:26:13.762Z</time>
      </trkpt>
      <trkpt lat="60.060489" lon="8.419806">
        <ele>1104.790464</ele>
        <time>2024-08-11T00:26:31.657Z</time>
      </trkpt>
      <trkpt lat="60.060439" lon="8.419522">
        <ele>1105.378433</ele>
        <time>2024-08-11T00:26:37.872Z</time>
      </trkpt>
      <trkpt lat="60.060259" lon="8.419068">
        <ele>1106.510475</ele>
        <time>2024-08-11T00:26:49.116Z</time>
      </trkpt>
      <trkpt lat="60.060247" lon="8.418425">
        <ele>1106.913047</ele>
        <time>2024-08-11T00:27:00.542Z</time>
      </trkpt>
      <trkpt lat="60.060498" lon="8.417139">
        <ele>1107.114376</ele>
        <time>2024-08-11T00:27:21.015Z</time>
      </trkpt>
      <trkpt lat="60.060611" lon="8.415731">
        <ele>1107.322302</ele>
        <time>2024-08-11T00:27:39.045Z</time>
      </trkpt>
      <trkpt lat="60.060812" lon="8.414443">
        <ele>1107.118543</ele>
        <time>2024-08-11T00:27:56.083Z</time>
      </trkpt>
      <trkpt lat="60.061094" lon="8.412866">
        <ele>1106.708280</ele>
        <time>2024-08-11T00:28:17.149Z</time>
      </trkpt>
      <trkpt lat="60.061226" lon="8.412236">
        <ele>1106.540944</ele>
        <time>2024-08-11T00:28:26.389Z</time>
      </trkpt>
      <trkpt lat="60.061465" lon="8.411297">
        <ele>1106.968735</ele>
        <time>2024-08-11T00:28:42.218Z</time>
      </trkpt>
      <trkpt lat="60.061562" lon="8.410662">
        <ele>1107.352493</ele>
        <time>2024-08-11T00:28:52.871Z</time>
      </trkpt>
      <trkpt lat="60.061789" lon="8.409955">
        <ele>1107.838301</ele>
        <time>2024-08-11T00:29:07.256Z</time>
      </trkpt>
      <trkpt lat="60.062225" lon="8.408256">
        <ele>1108.879792</ele>
        <time>2024-08-11T00:29:39.856Z</time>
      </trkpt>
      <trkpt lat="60.062310" lon="8.407974">
        <ele>1109.038234</ele>
        <time>2024-08-11T00:29:45.335Z</time>
      </trkpt>
      <trkpt lat="60.062526" lon="8.407443">
        <ele>1109.367698</ele>
        <time>2024-08-11T00:29:56.568Z</time>
      </trkpt>
      <trkpt lat="60.062782" lon="8.406523">
        <ele>1109.874287</ele>
        <time>2024-08-11T00:30:13.512Z</time>
      </trkpt>
      <trkpt lat="60.063158" lon="8.405862">
        <ele>1110.208057</ele>
        <time>2024-08-11T00:30:28.381Z</time>
      </trkpt>
      <trkpt lat="60.063313" lon="8.405376">
        <ele>1109.714411</ele>
        <time>2024-08-11T00:30:36.101Z</time>
      </trkpt>
      <trkpt lat="60.063661" lon="8.404644">
        <ele>1108.849131</ele>
        <time>2024-08-11T00:30:48.476Z</time>
      </trkpt>
      <trkpt lat="60.063809" lon="8.404012">
        <ele>1108.251629</ele>
        <time>2024-08-11T00:30:56.415Z</time>
      </trkpt>
      <trkpt lat="60.063861" lon="8.403677">
        <ele>1107.951365</ele>
        <time>2024-08-11T00:31:00.246Z</time>
      </trkpt>
      <trkpt lat="60.064080" lon="8.403049">
        <ele>1107.295655</ele>
        <time>2024-08-11T00:31:08.412Z</time>
      </trkpt>
      <trkpt lat="60.064639" lon="8.400576">
        <ele>1102.238553</ele>
        <time>2024-08-11T00:31:35.767Z</time>
      </trkpt>
      <trkpt lat="60.065046" lon="8.399867">
        <ele>1100.286554</ele>
        <time>2024-08-11T00:31:46.882Z</time>
      </trkpt>
      <trkpt lat="60.065291" lon="8.399331">
        <ele>1099.617859</ele>
        <time>2024-08-11T00:31:54.632Z</time>
      </trkpt>
      <trkpt lat="60.065578" lon="8.398938">
        <ele>1098.977032</ele>
        <time>2024-08-11T00:32:02.285Z</time>
      </trkpt>
      <trkpt lat="60.065699" lon="8.398678">
        <ele>1098.649969</ele>
        <time>2024-08-11T00:32:06.325Z</time>
      </trkpt>
      <trkpt lat="60.065839" lon="8.398477">
        <ele>1098.332470</ele>
        <time>2024-08-11T00:32:10.363Z</time>
      </trkpt>
      <trkpt lat="60.066106" lon="8.398200">
        <ele>1097.778192</ele>
        <time>2024-08-11T00:32:17.682Z</time>
      </trkpt>
      <trkpt lat="60.066393" lon="8.398104">
        <ele>1097.241772</ele>
        <time>2024-08-11T00:32:25.167Z</time>
      </trkpt>
      <trkpt lat="60.066547" lon="8.397946">
        <ele>1097.114480</ele>
        <time>2024-08-11T00:32:29.890Z</time>
      </trkpt>
      <trkpt lat="60.066685" lon="8.397498">
        <ele>1097.290565</ele>
        <time>2024-08-11T00:32:37.377Z</time>
      </trkpt>
      <trkpt lat="60.066790" lon="8.397300">
        <ele>1097.387199</ele>
        <time>2024-08-11T00:32:41.639Z</time>
      </trkpt>
      <trkpt lat="60.067776" lon="8.395754">
        <ele>1098.226302</ele>
        <time>2024-08-11T00:33:21.448Z</time>
      </trkpt>
      <trkpt lat="60.067902" lon="8.395494">
        <ele>1098.372382</ele>
        <time>2024-08-11T00:33:27.353Z</time>
      </trkpt>
      <trkpt lat="60.068109" lon="8.394903">
        <ele>1098.690274</ele>
        <time>2024-08-11T00:33:39.062Z</time>
      </trkpt>
      <trkpt lat="60.068709" lon="8.392713">
        <ele>1099.790189</ele>
        <time>2024-08-11T00:34:17.718Z</time>
      </trkpt>
      <trkpt lat="60.068813" lon="8.392354">
        <ele>1099.947204</ele>
        <time>2024-08-11T00:34:23.999Z</time>
      </trkpt>
      <trkpt lat="60.068959" lon="8.391839">
        <ele>1100.150624</ele>
        <time>2024-08-11T00:34:33.193Z</time>
      </trkpt>
      <trkpt lat="60.069007" lon="8.391586">
        <ele>1100.243580</ele>
        <time>2024-08-11T00:34:37.460Z</time>
      </trkpt>
      <trkpt lat="60.069278" lon="8.389738">
        <ele>1100.905073</ele>
        <time>2024-08-11T00:35:06.491Z</time>
      </trkpt>
      <trkpt lat="60.069383" lon="8.388854">
        <ele>1101.157563</ele>
        <time>2024-08-11T00:35:20.132Z</time>
      </trkpt>
      <trkpt lat="60.069483" lon="8.388345">
        <ele>1101.254618</ele>
        <time>2024-08-11T00:35:28.645Z</time>
      </trkpt>
      <trkpt lat="60.069532" lon="8.387782">
        <ele>1101.356013</ele>
        <time>2024-08-11T00:35:37.514Z</time>
      </trkpt>
      <trkpt lat="60.069434" lon="8.387223">
        <ele>1101.461134</ele>
        <time>2024-08-11T00:35:46.223Z</time>
      </trkpt>
      <trkpt lat="60.069429" lon="8.386932">
        <ele>1101.512793</ele>
        <time>2024-08-11T00:35:50.504Z</time>
      </trkpt>
      <trkpt lat="60.069461" lon="8.386716">
        <ele>1101.552770</ele>
        <time>2024-08-11T00:35:53.665Z</time>
      </trkpt>
      <trkpt lat="60.069654" lon="8.386102">
        <ele>1101.681520</ele>
        <time>2024-08-11T00:36:04.080Z</time>
      </trkpt>
      <trkpt lat="60.069697" lon="8.385832">
        <ele>1101.731804</ele>
        <time>2024-08-11T00:36:07.846Z</time>
      </trkpt>
      <trkpt lat="60.069709" lon="8.384795">
        <ele>1101.522927</ele>
        <time>2024-08-11T00:36:21.282Z</time>
      </trkpt>
      <trkpt lat="60.069589" lon="8.384134">
        <ele>1101.378869</ele>
        <time>2024-08-11T00:36:30.280Z</time>
      </trkpt>
      <trkpt lat="60.069576" lon="8.383904">
        <ele>1101.331463</ele>
        <time>2024-08-11T00:36:33.305Z</time>
      </trkpt>
      <trkpt lat="60.069680" lon="8.383287">
        <ele>1101.198084</ele>
        <time>2024-08-11T00:36:41.909Z</time>
      </trkpt>
      <trkpt lat="60.069644" lon="8.382756">
        <ele>1101.088334</ele>
        <time>2024-08-11T00:36:48.841Z</time>
      </trkpt>
      <trkpt lat="60.069366" lon="8.381029">
        <ele>1100.853352</ele>
        <time>2024-08-11T00:37:12.790Z</time>
      </trkpt>
      <trkpt lat="60.069324" lon="8.380313">
        <ele>1100.778163</ele>
        <time>2024-08-11T00:37:22.830Z</time>
      </trkpt>
      <trkpt lat="60.069213" lon="8.376520">
        <ele>1099.965832</ele>
        <time>2024-08-11T00:38:14.718Z</time>
      </trkpt>
      <trkpt lat="60.068928" lon="8.375115">
        <ele>1099.430517</ele>
        <time>2024-08-11T00:38:33.183Z</time>
      </trkpt>
      <trkpt lat="60.068888" lon="8.374827">
        <ele>1099.185281</ele>
        <time>2024-08-11T00:38:36.693Z</time>
      </trkpt>
      <trkpt lat="60.068854" lon="8.374351">
        <ele>1098.790824</ele>
        <time>2024-08-11T00:38:42.062Z</time>
      </trkpt>
      <trkpt lat="60.068853" lon="8.373828">
        <ele>1098.361789</ele>
        <time>2024-08-11T00:38:47.812Z</time>
      </trkpt>
      <trkpt lat="60.068830" lon="8.373623">
        <ele>1098.189422</ele>
        <time>2024-08-11T00:38:50.045Z</time>
      </trkpt>
      <trkpt lat="60.068727" lon="8.373271">
        <ele>1097.854674</ele>
        <time>2024-08-11T00:38:54.746Z</time>
      </trkpt>
      <trkpt lat="60.068681" lon="8.372953">
        <ele>1097.583067</ele>
        <time>2024-08-11T00:38:58.565Z</time>
      </trkpt>
      <trkpt lat="60.068681" lon="8.372641">
        <ele>1097.327123</ele>
        <time>2024-08-11T00:39:02.645Z</time>
      </trkpt>
      <trkpt lat="60.068684" lon="8.371901">
        <ele>1096.720056</ele>
        <time>2024-08-11T00:39:11.872Z</time>
      </trkpt>
      <trkpt lat="60.068638" lon="8.371398">
        <ele>1096.004072</ele>
        <time>2024-08-11T00:39:17.971Z</time>
      </trkpt>
      <trkpt lat="60.068497" lon="8.370933">
        <ele>1095.152238</ele>
        <time>2024-08-11T00:39:24.343Z</time>
      </trkpt>
      <trkpt lat="60.068531" lon="8.370491">
        <ele>1094.452115</ele>
        <time>2024-08-11T00:39:47.175Z</time>
      </trkpt>
      <trkpt lat="60.068589" lon="8.370388">
        <ele>1094.208980</ele>
        <time>2024-08-11T00:39:55.065Z</time>
      </trkpt>
      <trkpt lat="60.068714" lon="8.369919">
        <ele>1093.376586</ele>
        <time>2024-08-11T00:40:21.081Z</time>
      </trkpt>
      <trkpt lat="60.068756" lon="8.369605">
        <ele>1092.867668</ele>
        <time>2024-08-11T00:40:37.336Z</time>
      </trkpt>
      <trkpt lat="60.068714" lon="8.369919">
        <ele>1092.358751</ele>
        <time>2024-08-11T00:40:52.956Z</time>
      </trkpt>
      <trkpt lat="60.068589" lon="8.370388">
        <ele>1091.526357</ele>
        <time>2024-08-11T00:41:19.137Z</time>
      </trkpt>
      <trkpt lat="60.068531" lon="8.370491">
        <ele>1091.283222</ele>
        <time>2024-08-11T00:41:26.616Z</time>
      </trkpt>
      <trkpt lat="60.068497" lon="8.370933">
        <ele>1090.403487</ele>
        <time>2024-08-11T00:41:49.085Z</time>
      </trkpt>
      <trkpt lat="60.068390" lon="8.370544">
        <ele>1089.396349</ele>
        <time>2024-08-11T00:41:53.560Z</time>
      </trkpt>
      <trkpt lat="60.068304" lon="8.370420">
        <ele>1088.914929</ele>
        <time>2024-08-11T00:41:56.716Z</time>
      </trkpt>
      <trkpt lat="60.068231" lon="8.370403">
        <ele>1088.580979</ele>
        <time>2024-08-11T00:41:58.711Z</time>
      </trkpt>
      <trkpt lat="60.068132" lon="8.370524">
        <ele>1088.054056</ele>
        <time>2024-08-11T00:42:01.813Z</time>
      </trkpt>
      <trkpt lat="60.068102" lon="8.370618">
        <ele>1087.801056</ele>
        <time>2024-08-11T00:42:03.420Z</time>
      </trkpt>
      <trkpt lat="60.068049" lon="8.370951">
        <ele>1087.008541</ele>
        <time>2024-08-11T00:42:08.165Z</time>
      </trkpt>
      <trkpt lat="60.068002" lon="8.371666">
        <ele>1085.373362</ele>
        <time>2024-08-11T00:42:17.670Z</time>
      </trkpt>
      <trkpt lat="60.067946" lon="8.372003">
        <ele>1084.567997</ele>
        <time>2024-08-11T00:42:22.501Z</time>
      </trkpt>
      <trkpt lat="60.067856" lon="8.372238">
        <ele>1083.896307</ele>
        <time>2024-08-11T00:42:26.558Z</time>
      </trkpt>
      <trkpt lat="60.067703" lon="8.372406">
        <ele>1083.103546</ele>
        <time>2024-08-11T00:42:31.466Z</time>
      </trkpt>
      <trkpt lat="60.067051" lon="8.372912">
        <ele>1082.835381</ele>
        <time>2024-08-11T00:42:53.081Z</time>
      </trkpt>
      <trkpt lat="60.066894" lon="8.373041">
        <ele>1082.842026</ele>
        <time>2024-08-11T00:42:59.152Z</time>
      </trkpt>
      <trkpt lat="60.066238" lon="8.373582">
        <ele>1082.869804</ele>
        <time>2024-08-11T00:43:29.093Z</time>
      </trkpt>
      <trkpt lat="60.066024" lon="8.373834">
        <ele>1082.879524</ele>
        <time>2024-08-11T00:43:41.111Z</time>
      </trkpt>
      <trkpt lat="60.065732" lon="8.373971">
        <ele>1084.239800</ele>
        <time>2024-08-11T00:43:56.527Z</time>
      </trkpt>
      <trkpt lat="60.065645" lon="8.374071">
        <ele>1084.757566</ele>
        <time>2024-08-11T00:44:01.830Z</time>
      </trkpt>
      <trkpt lat="60.065458" lon="8.374487">
        <ele>1086.199923</ele>
        <time>2024-08-11T00:44:17.534Z</time>
      </trkpt>
      <trkpt lat="60.065293" lon="8.375186">
        <ele>1088.191930</ele>
        <time>2024-08-11T00:44:40.466Z</time>
      </trkpt>
      <trkpt lat="60.065175" lon="8.375384">
        <ele>1088.986447</ele>
        <time>2024-08-11T00:44:49.966Z</time>
      </trkpt>
      <trkpt lat="60.065113" lon="8.375319">
        <ele>1089.347672</ele>
        <time>2024-08-11T00:44:54.305Z</time>
      </trkpt>
      <trkpt lat="60.065079" lon="8.375175">
        <ele>1089.758065</ele>
        <time>2024-08-11T00:44:59.282Z</time>
      </trkpt>
      <trkpt lat="60.064965" lon="8.374588">
        <ele>1091.380741</ele>
        <time>2024-08-11T00:45:19.060Z</time>
      </trkpt>
      <trkpt lat="60.064874" lon="8.373950">
        <ele>1093.170974</ele>
        <time>2024-08-11T00:45:39.945Z</time>
      </trkpt>
      <trkpt lat="60.064707" lon="8.373150">
        <ele>1095.600421</ele>
        <time>2024-08-11T00:46:06.905Z</time>
      </trkpt>
      <trkpt lat="60.064609" lon="8.372548">
        <ele>1097.374440</ele>
        <time>2024-08-11T00:46:26.037Z</time>
      </trkpt>
      <trkpt lat="60.064403" lon="8.371578">
        <ele>1100.327833</ele>
        <time>2024-08-11T00:46:57.119Z</time>
      </trkpt>
      <trkpt lat="60.063380" lon="8.368131">
        <ele>1109.367291</ele>
        <time>2024-08-11T00:48:47.183Z</time>
      </trkpt>
      <trkpt lat="60.063146" lon="8.367167">
        <ele>1111.006973</ele>
        <time>2024-08-11T00:49:13.925Z</time>
      </trkpt>
      <trkpt lat="60.062534" lon="8.362200">
        <ele>1117.173011</ele>
        <time>2024-08-11T00:51:11.869Z</time>
      </trkpt>
      <trkpt lat="60.062361" lon="8.361064">
        <ele>1118.453898</ele>
        <time>2024-08-11T00:51:38.910Z</time>
      </trkpt>
      <trkpt lat="60.060717" lon="8.353047">
        <ele>1125.126470</ele>
        <time>2024-08-11T00:54:47.354Z</time>
      </trkpt>
      <trkpt lat="60.060319" lon="8.351475">
        <ele>1125.941819</ele>
        <time>2024-08-11T00:55:23.145Z</time>
      </trkpt>
      <trkpt lat="60.060042" lon="8.350621">
        <ele>1125.902619</ele>
        <time>2024-08-11T00:55:41.683Z</time>
      </trkpt>
      <trkpt lat="60.059719" lon="8.349847">
        <ele>1125.378042</ele>
        <time>2024-08-11T00:55:59.155Z</time>
      </trkpt>
      <trkpt lat="60.059463" lon="8.349373">
        <ele>1125.014909</ele>
        <time>2024-08-11T00:56:10.803Z</time>
      </trkpt>
      <trkpt lat="60.059157" lon="8.348913">
        <ele>1124.616377</ele>
        <time>2024-08-11T00:56:23.216Z</time>
      </trkpt>
      <trkpt lat="60.058918" lon="8.348724">
        <ele>1124.348702</ele>
        <time>2024-08-11T00:56:31.305Z</time>
      </trkpt>
      <trkpt lat="60.058734" lon="8.348523">
        <ele>1124.045233</ele>
        <time>2024-08-11T00:56:37.762Z</time>
      </trkpt>
      <trkpt lat="60.058368" lon="8.348265">
        <ele>1123.436828</ele>
        <time>2024-08-11T00:56:49.711Z</time>
      </trkpt>
      <trkpt lat="60.057047" lon="8.347584">
        <ele>1121.336318</ele>
        <time>2024-08-11T00:57:34.787Z</time>
      </trkpt>
      <trkpt lat="60.055815" lon="8.346830">
        <ele>1119.745930</ele>
        <time>2024-08-11T00:58:17.802Z</time>
      </trkpt>
      <trkpt lat="60.054958" lon="8.346379">
        <ele>1118.735610</ele>
        <time>2024-08-11T00:58:46.836Z</time>
      </trkpt>
      <trkpt lat="60.054088" lon="8.345854">
        <ele>1117.768645</ele>
        <time>2024-08-11T00:59:17.144Z</time>
      </trkpt>
      <trkpt lat="60.053955" lon="8.345811">
        <ele>1117.625272</ele>
        <time>2024-08-11T00:59:21.764Z</time>
      </trkpt>
      <trkpt lat="60.053512" lon="8.345852">
        <ele>1117.326812</ele>
        <time>2024-08-11T00:59:37.175Z</time>
      </trkpt>
      <trkpt lat="60.052543" lon="8.346057">
        <ele>1117.234513</ele>
        <time>2024-08-11T01:00:12.739Z</time>
      </trkpt>
      <trkpt lat="60.051061" lon="8.346942">
        <ele>1117.108342</ele>
        <time>2024-08-11T01:01:11.751Z</time>
      </trkpt>
      <trkpt lat="60.050754" lon="8.347074">
        <ele>1117.085678</ele>
        <time>2024-08-11T01:01:23.137Z</time>
      </trkpt>
      <trkpt lat="60.050425" lon="8.347029">
        <ele>1117.061876</ele>
        <time>2024-08-11T01:01:34.785Z</time>
      </trkpt>
      <trkpt lat="60.049531" lon="8.346765">
        <ele>1116.914885</ele>
        <time>2024-08-11T01:02:06.558Z</time>
      </trkpt>
      <trkpt lat="60.048955" lon="8.346533">
        <ele>1116.798562</ele>
        <time>2024-08-11T01:02:28.542Z</time>
      </trkpt>
      <trkpt lat="60.048828" lon="8.346530">
        <ele>1116.773416</ele>
        <time>2024-08-11T01:02:33.307Z</time>
      </trkpt>
      <trkpt lat="60.048439" lon="8.346701">
        <ele>1116.694567</ele>
        <time>2024-08-11T01:02:48.172Z</time>
      </trkpt>
      <trkpt lat="60.048069" lon="8.346981">
        <ele>1116.452119</ele>
        <time>2024-08-11T01:03:02.356Z</time>
      </trkpt>
      <trkpt lat="60.047818" lon="8.347044">
        <ele>1116.286575</ele>
        <time>2024-08-11T01:03:11.009Z</time>
      </trkpt>
      <trkpt lat="60.047592" lon="8.347031">
        <ele>1116.138615</ele>
        <time>2024-08-11T01:03:18.714Z</time>
      </trkpt>
      <trkpt lat="60.047362" lon="8.346917">
        <ele>1115.983558</ele>
        <time>2024-08-11T01:03:26.843Z</time>
      </trkpt>
      <trkpt lat="60.047030" lon="8.346513">
        <ele>1115.729334</ele>
        <time>2024-08-11T01:03:40.394Z</time>
      </trkpt>
      <trkpt lat="60.046831" lon="8.346156">
        <ele>1115.554501</ele>
        <time>2024-08-11T01:03:49.695Z</time>
      </trkpt>
      <trkpt lat="60.046607" lon="8.345882">
        <ele>1115.325155</ele>
        <time>2024-08-11T01:03:58.640Z</time>
      </trkpt>
      <trkpt lat="60.046292" lon="8.345720">
        <ele>1115.016329</ele>
        <time>2024-08-11T01:04:09.453Z</time>
      </trkpt>
      <trkpt lat="60.042060" lon="8.345351">
        <ele>1110.923942</ele>
        <time>2024-08-11T01:06:33.106Z</time>
      </trkpt>
      <trkpt lat="60.041427" lon="8.345194">
        <ele>1110.279789</ele>
        <time>2024-08-11T01:06:54.524Z</time>
      </trkpt>
      <trkpt lat="60.041302" lon="8.345127">
        <ele>1110.112913</ele>
        <time>2024-08-11T01:06:58.856Z</time>
      </trkpt>
      <trkpt lat="60.040489" lon="8.344310">
        <ele>1108.936262</ele>
        <time>2024-08-11T01:07:28.877Z</time>
      </trkpt>
      <trkpt lat="60.040066" lon="8.343630">
        <ele>1108.234582</ele>
        <time>2024-08-11T01:07:46.614Z</time>
      </trkpt>
      <trkpt lat="60.039771" lon="8.342944">
        <ele>1107.764788</ele>
        <time>2024-08-11T01:08:01.433Z</time>
      </trkpt>
      <trkpt lat="60.039564" lon="8.342640">
        <ele>1107.559370</ele>
        <time>2024-08-11T01:08:09.915Z</time>
      </trkpt>
      <trkpt lat="60.039446" lon="8.342516">
        <ele>1107.452732</ele>
        <time>2024-08-11T01:08:14.356Z</time>
      </trkpt>
      <trkpt lat="60.037968" lon="8.341437">
        <ele>1106.925130</ele>
        <time>2024-08-11T01:09:09.550Z</time>
      </trkpt>
      <trkpt lat="60.037504" lon="8.341256">
        <ele>1107.416227</ele>
        <time>2024-08-11T01:09:28.198Z</time>
      </trkpt>
      <trkpt lat="60.037273" lon="8.341129">
        <ele>1107.665087</ele>
        <time>2024-08-11T01:09:38.229Z</time>
      </trkpt>
      <trkpt lat="60.037064" lon="8.340885">
        <ele>1107.916423</ele>
        <time>2024-08-11T01:09:48.752Z</time>
      </trkpt>
      <trkpt lat="60.036958" lon="8.340727">
        <ele>1108.053707</ele>
        <time>2024-08-11T01:09:54.542Z</time>
      </trkpt>
      <trkpt lat="60.036831" lon="8.340452">
        <ele>1108.248042</ele>
        <time>2024-08-11T01:10:03.218Z</time>
      </trkpt>
      <trkpt lat="60.036538" lon="8.340048">
        <ele>1109.047773</ele>
        <time>2024-08-11T01:10:20.236Z</time>
      </trkpt>
      <trkpt lat="60.036352" lon="8.339678">
        <ele>1109.814473</ele>
        <time>2024-08-11T01:10:33.093Z</time>
      </trkpt>
      <trkpt lat="60.035862" lon="8.338930">
        <ele>1111.616275</ele>
        <time>2024-08-11T01:11:04.129Z</time>
      </trkpt>
      <trkpt lat="60.035482" lon="8.338415">
        <ele>1112.958096</ele>
        <time>2024-08-11T01:11:26.757Z</time>
      </trkpt>
      <trkpt lat="60.034918" lon="8.336831">
        <ele>1114.879937</ele>
        <time>2024-08-11T01:12:13.820Z</time>
      </trkpt>
      <trkpt lat="60.034483" lon="8.335992">
        <ele>1115.894144</ele>
        <time>2024-08-11T01:12:40.126Z</time>
      </trkpt>
      <trkpt lat="60.034340" lon="8.335607">
        <ele>1116.296528</ele>
        <time>2024-08-11T01:12:49.484Z</time>
      </trkpt>
      <trkpt lat="60.034205" lon="8.334997">
        <ele>1116.551786</ele>
        <time>2024-08-11T01:13:01.813Z</time>
      </trkpt>
      <trkpt lat="60.034058" lon="8.333793">
        <ele>1115.976022</ele>
        <time>2024-08-11T01:13:23.228Z</time>
      </trkpt>
      <trkpt lat="60.033980" lon="8.333483">
        <ele>1115.814776</ele>
        <time>2024-08-11T01:13:29.006Z</time>
      </trkpt>
      <trkpt lat="60.033866" lon="8.333205">
        <ele>1115.647689</ele>
        <time>2024-08-11T01:13:34.991Z</time>
      </trkpt>
      <trkpt lat="60.033780" lon="8.333042">
        <ele>1115.537550</ele>
        <time>2024-08-11T01:13:38.889Z</time>
      </trkpt>
      <trkpt lat="60.033629" lon="8.332860">
        <ele>1115.373630</ele>
        <time>2024-08-11T01:13:44.609Z</time>
      </trkpt>
      <trkpt lat="60.032787" lon="8.332091">
        <ele>1114.692227</ele>
        <time>2024-08-11T01:14:14.604Z</time>
      </trkpt>
      <trkpt lat="60.032308" lon="8.331689">
        <ele>1114.391704</ele>
        <time>2024-08-11T01:14:32.165Z</time>
      </trkpt>
      <trkpt lat="60.031800" lon="8.331401">
        <ele>1114.086211</ele>
        <time>2024-08-11T01:14:51.437Z</time>
      </trkpt>
      <trkpt lat="60.030569" lon="8.331079">
        <ele>1114.995500</ele>
        <time>2024-08-11T01:15:41.744Z</time>
      </trkpt>
      <trkpt lat="60.028815" lon="8.330689">
        <ele>1117.036017</ele>
        <time>2024-08-11T01:16:57.464Z</time>
      </trkpt>
      <trkpt lat="60.028463" lon="8.330724">
        <ele>1117.474937</ele>
        <time>2024-08-11T01:17:12.264Z</time>
      </trkpt>
      <trkpt lat="60.028318" lon="8.330797">
        <ele>1117.661144</ele>
        <time>2024-08-11T01:17:18.468Z</time>
      </trkpt>
      <trkpt lat="60.028182" lon="8.330920">
        <ele>1117.847004</ele>
        <time>2024-08-11T01:17:24.652Z</time>
      </trkpt>
      <trkpt lat="60.028029" lon="8.331131">
        <ele>1118.075271</ele>
        <time>2024-08-11T01:17:32.290Z</time>
      </trkpt>
      <trkpt lat="60.022687" lon="8.338953">
        <ele>1121.246814</ele>
        <time>2024-08-11T01:21:53.356Z</time>
      </trkpt>
      <trkpt lat="60.022140" lon="8.339934">
        <ele>1120.693003</ele>
        <time>2024-08-11T01:22:17.825Z</time>
      </trkpt>
      <trkpt lat="60.021432" lon="8.341016">
        <ele>1118.007651</ele>
        <time>2024-08-11T01:22:44.867Z</time>
      </trkpt>
      <trkpt lat="60.021282" lon="8.341200">
        <ele>1117.477300</ele>
        <time>2024-08-11T01:22:49.974Z</time>
      </trkpt>
      <trkpt lat="60.020957" lon="8.341438">
        <ele>1116.434066</ele>
        <time>2024-08-11T01:22:59.859Z</time>
      </trkpt>
      <trkpt lat="60.020091" lon="8.341730">
        <ele>1112.979958</ele>
        <time>2024-08-11T01:23:24.282Z</time>
      </trkpt>
      <trkpt lat="60.018898" lon="8.342549">
        <ele>1108.045504</ele>
        <time>2024-08-11T01:23:59.652Z</time>
      </trkpt>
      <trkpt lat="60.018745" lon="8.342706">
        <ele>1107.921784</ele>
        <time>2024-08-11T01:24:04.710Z</time>
      </trkpt>
      <trkpt lat="60.018483" lon="8.343101">
        <ele>1107.685750</ele>
        <time>2024-08-11T01:24:14.793Z</time>
      </trkpt>
      <trkpt lat="60.017667" lon="8.344511">
        <ele>1106.909997</ele>
        <time>2024-08-11T01:24:55.448Z</time>
      </trkpt>
      <trkpt lat="60.017249" lon="8.345153">
        <ele>1107.855030</ele>
        <time>2024-08-11T01:25:20.835Z</time>
      </trkpt>
      <trkpt lat="60.016754" lon="8.346155">
        <ele>1109.541703</ele>
        <time>2024-08-11T01:25:55.749Z</time>
      </trkpt>
      <trkpt lat="60.016608" lon="8.346364">
        <ele>1109.971724</ele>
        <time>2024-08-11T01:26:04.441Z</time>
      </trkpt>
      <trkpt lat="60.016323" lon="8.346663">
        <ele>1110.742579</ele>
        <time>2024-08-11T01:26:19.728Z</time>
      </trkpt>
      <trkpt lat="60.015811" lon="8.346910">
        <ele>1111.024778</ele>
        <time>2024-08-11T01:26:42.899Z</time>
      </trkpt>
      <trkpt lat="60.015635" lon="8.347018">
        <ele>1110.962884</ele>
        <time>2024-08-11T01:26:50.445Z</time>
      </trkpt>
      <trkpt lat="60.015484" lon="8.347169">
        <ele>1110.906127</ele>
        <time>2024-08-11T01:26:57.004Z</time>
      </trkpt>
      <trkpt lat="60.013888" lon="8.349505">
        <ele>1108.902293</ele>
        <time>2024-08-11T01:28:00.877Z</time>
      </trkpt>
      <trkpt lat="60.013745" lon="8.349744">
        <ele>1108.559395</ele>
        <time>2024-08-11T01:28:06.616Z</time>
      </trkpt>
      <trkpt lat="60.013503" lon="8.350301">
        <ele>1107.880565</ele>
        <time>2024-08-11T01:28:18.009Z</time>
      </trkpt>
      <trkpt lat="60.013367" lon="8.350765">
        <ele>1107.385810</ele>
        <time>2024-08-11T01:28:26.458Z</time>
      </trkpt>
      <trkpt lat="60.013311" lon="8.351099">
        <ele>1107.121511</ele>
        <time>2024-08-11T01:28:32.040Z</time>
      </trkpt>
      <trkpt lat="60.013244" lon="8.351821">
        <ele>1106.685177</ele>
        <time>2024-08-11T01:28:44.035Z</time>
      </trkpt>
      <trkpt lat="60.013157" lon="8.353303">
        <ele>1105.798537</ele>
        <time>2024-08-11T01:29:09.213Z</time>
      </trkpt>
      <trkpt lat="60.013052" lon="8.353781">
        <ele>1105.488294</ele>
        <time>2024-08-11T01:29:18.127Z</time>
      </trkpt>
      <trkpt lat="60.012870" lon="8.354207">
        <ele>1105.155294</ele>
        <time>2024-08-11T01:29:27.723Z</time>
      </trkpt>
      <trkpt lat="60.012136" lon="8.355126">
        <ele>1104.112339</ele>
        <time>2024-08-11T01:29:56.831Z</time>
      </trkpt>
      <trkpt lat="60.011681" lon="8.355771">
        <ele>1103.440091</ele>
        <time>2024-08-11T01:30:15.303Z</time>
      </trkpt>
      <trkpt lat="60.011088" lon="8.357061">
        <ele>1102.207560</ele>
        <time>2024-08-11T01:30:43.807Z</time>
      </trkpt>
      <trkpt lat="60.010897" lon="8.357786">
        <ele>1101.552299</ele>
        <time>2024-08-11T01:30:56.863Z</time>
      </trkpt>
      <trkpt lat="60.010825" lon="8.358183">
        <ele>1101.214629</ele>
        <time>2024-08-11T01:31:03.603Z</time>
      </trkpt>
      <trkpt lat="60.010671" lon="8.358571">
        <ele>1100.818491</ele>
        <time>2024-08-11T01:31:11.463Z</time>
      </trkpt>
      <trkpt lat="60.010332" lon="8.359201">
        <ele>1100.078359</ele>
        <time>2024-08-11T01:31:26.445Z</time>
      </trkpt>
      <trkpt lat="60.010087" lon="8.359434">
        <ele>1099.880762</ele>
        <time>2024-08-11T01:31:35.497Z</time>
      </trkpt>
      <trkpt lat="60.009458" lon="8.359670">
        <ele>1099.458451</ele>
        <time>2024-08-11T01:31:57.292Z</time>
      </trkpt>
      <trkpt lat="60.009233" lon="8.359846">
        <ele>1099.299028</ele>
        <time>2024-08-11T01:32:05.535Z</time>
      </trkpt>
      <trkpt lat="60.006510" lon="8.365350">
        <ele>1098.651237</ele>
        <time>2024-08-11T01:34:27.854Z</time>
      </trkpt>
      <trkpt lat="60.006349" lon="8.365873">
        <ele>1098.638626</ele>
        <time>2024-08-11T01:34:40.020Z</time>
      </trkpt>
      <trkpt lat="60.006251" lon="8.366441">
        <ele>1098.417147</ele>
        <time>2024-08-11T01:34:51.387Z</time>
      </trkpt>
      <trkpt lat="60.006197" lon="8.366902">
        <ele>1098.177758</ele>
        <time>2024-08-11T01:34:59.810Z</time>
      </trkpt>
      <trkpt lat="60.006143" lon="8.367745">
        <ele>1097.748062</ele>
        <time>2024-08-11T01:35:13.797Z</time>
      </trkpt>
      <trkpt lat="60.006151" lon="8.368431">
        <ele>1097.401134</ele>
        <time>2024-08-11T01:35:24.922Z</time>
      </trkpt>
      <trkpt lat="60.006110" lon="8.369059">
        <ele>1097.080928</ele>
        <time>2024-08-11T01:35:35.070Z</time>
      </trkpt>
      <trkpt lat="60.005989" lon="8.369570">
        <ele>1096.835790</ele>
        <time>2024-08-11T01:35:44.085Z</time>
      </trkpt>
      <trkpt lat="60.005882" lon="8.369872">
        <ele>1097.011653</ele>
        <time>2024-08-11T01:35:50.295Z</time>
      </trkpt>
      <trkpt lat="60.005760" lon="8.370123">
        <ele>1097.177979</ele>
        <time>2024-08-11T01:35:56.121Z</time>
      </trkpt>
      <trkpt lat="60.005308" lon="8.370628">
        <ele>1097.670013</ele>
        <time>2024-08-11T01:36:14.639Z</time>
      </trkpt>
      <trkpt lat="60.005130" lon="8.370990">
        <ele>1097.911257</ele>
        <time>2024-08-11T01:36:24.601Z</time>
      </trkpt>
      <trkpt lat="60.005049" lon="8.371273">
        <ele>1098.066192</ele>
        <time>2024-08-11T01:36:31.275Z</time>
      </trkpt>
      <trkpt lat="60.003440" lon="8.371560">
        <ele>1103.051268</ele>
        <time>2024-08-11T01:37:31.616Z</time>
      </trkpt>
      <trkpt lat="60.002600" lon="8.371950">
        <ele>1105.822502</ele>
        <time>2024-08-11T01:38:04.389Z</time>
      </trkpt>
      <trkpt lat="60.001700" lon="8.371800">
        <ele>1106.315525</ele>
        <time>2024-08-11T01:38:27.530Z</time>
      </trkpt>
      <trkpt lat="60.000240" lon="8.373430">
        <ele>1104.077586</ele>
        <time>2024-08-11T01:38:53.593Z</time>
      </trkpt>
      <trkpt lat="59.998460" lon="8.373960">
        <ele>1098.912217</ele>
        <time>2024-08-11T01:39:19.543Z</time>
      </trkpt>
      <trkpt lat="59.997966" lon="8.373943">
        <ele>1097.420311</ele>
        <time>2024-08-11T01:39:26.937Z</time>
      </trkpt>
      <trkpt lat="59.997983" lon="8.374506">
        <ele>1096.568692</ele>
        <time>2024-08-11T01:39:55.915Z</time>
      </trkpt>
      <trkpt lat="59.998482" lon="8.375240">
        <ele>1094.767969</ele>
        <time>2024-08-11T01:40:59.951Z</time>
      </trkpt>
      <trkpt lat="59.999471" lon="8.376887">
        <ele>1091.079455</ele>
        <time>2024-08-11T01:43:10.004Z</time>
      </trkpt>
      <trkpt lat="59.999281" lon="8.377346">
        <ele>1090.420980</ele>
        <time>2024-08-11T01:43:18.731Z</time>
      </trkpt>
      <trkpt lat="59.998813" lon="8.378091">
        <ele>1089.099034</ele>
        <time>2024-08-11T01:43:36.820Z</time>
      </trkpt>
      <trkpt lat="59.998614" lon="8.378618">
        <ele>1088.369256</ele>
        <time>2024-08-11T01:43:47.239Z</time>
      </trkpt>
      <trkpt lat="59.998520" lon="8.378974">
        <ele>1087.924368</ele>
        <time>2024-08-11T01:43:53.767Z</time>
      </trkpt>
      <trkpt lat="59.998399" lon="8.379664">
        <ele>1087.208456</ele>
        <time>2024-08-11T01:44:05.752Z</time>
      </trkpt>
      <trkpt lat="59.998241" lon="8.381100">
        <ele>1086.857231</ele>
        <time>2024-08-11T01:44:31.718Z</time>
      </trkpt>
      <trkpt lat="59.998164" lon="8.381573">
        <ele>1086.738408</ele>
        <time>2024-08-11T01:44:41.136Z</time>
      </trkpt>
      <trkpt lat="59.998106" lon="8.381789">
        <ele>1086.679843</ele>
        <time>2024-08-11T01:44:45.719Z</time>
      </trkpt>
      <trkpt lat="59.997975" lon="8.382154">
        <ele>1086.572520</ele>
        <time>2024-08-11T01:44:54.371Z</time>
      </trkpt>
      <trkpt lat="59.997823" lon="8.382477">
        <ele>1086.466569</ele>
        <time>2024-08-11T01:45:02.736Z</time>
      </trkpt>
      <trkpt lat="59.996914" lon="8.384904">
        <ele>1084.586959</ele>
        <time>2024-08-11T01:45:53.456Z</time>
      </trkpt>
      <trkpt lat="59.996636" lon="8.385791">
        <ele>1083.838262</ele>
        <time>2024-08-11T01:46:09.634Z</time>
      </trkpt>
      <trkpt lat="59.996339" lon="8.387218">
        <ele>1082.129814</ele>
        <time>2024-08-11T01:46:33.655Z</time>
      </trkpt>
      <trkpt lat="59.995519" lon="8.389562">
        <ele>1079.075910</ele>
        <time>2024-08-11T01:47:18.111Z</time>
      </trkpt>
      <trkpt lat="59.995402" lon="8.389986">
        <ele>1078.598340</ele>
        <time>2024-08-11T01:47:25.497Z</time>
      </trkpt>
      <trkpt lat="59.995173" lon="8.392255">
        <ele>1076.458074</ele>
        <time>2024-08-11T01:48:01.772Z</time>
      </trkpt>
      <trkpt lat="59.995007" lon="8.393224">
        <ele>1076.788180</ele>
        <time>2024-08-11T01:48:19.589Z</time>
      </trkpt>
      <trkpt lat="59.994734" lon="8.394572">
        <ele>1077.256891</ele>
        <time>2024-08-11T01:48:49.287Z</time>
      </trkpt>
      <trkpt lat="59.994495" lon="8.395377">
        <ele>1077.558608</ele>
        <time>2024-08-11T01:49:10.456Z</time>
      </trkpt>
      <trkpt lat="59.994478" lon="8.395535">
        <ele>1077.678154</ele>
        <time>2024-08-11T01:49:14.282Z</time>
      </trkpt>
      <trkpt lat="59.994483" lon="8.396257">
        <ele>1078.460729</ele>
        <time>2024-08-11T01:49:31.716Z</time>
      </trkpt>
      <trkpt lat="59.994373" lon="8.397326">
        <ele>1079.643580</ele>
        <time>2024-08-11T01:49:58.488Z</time>
      </trkpt>
      <trkpt lat="59.994066" lon="8.399346">
        <ele>1081.450809</ele>
        <time>2024-08-11T01:50:45.522Z</time>
      </trkpt>
      <trkpt lat="59.993985" lon="8.399707">
        <ele>1081.422881</ele>
        <time>2024-08-11T01:50:53.119Z</time>
      </trkpt>
      <trkpt lat="59.993794" lon="8.400193">
        <ele>1081.379251</ele>
        <time>2024-08-11T01:51:04.575Z</time>
      </trkpt>
      <trkpt lat="59.993621" lon="8.400737">
        <ele>1081.333746</ele>
        <time>2024-08-11T01:51:15.978Z</time>
      </trkpt>
      <trkpt lat="59.993322" lon="8.402068">
        <ele>1081.230754</ele>
        <time>2024-08-11T01:51:40.765Z</time>
      </trkpt>
      <trkpt lat="59.993193" lon="8.402364">
        <ele>1081.069157</ele>
        <time>2024-08-11T01:51:47.231Z</time>
      </trkpt>
      <trkpt lat="59.992956" lon="8.402690">
        <ele>1080.795334</ele>
        <time>2024-08-11T01:51:56.734Z</time>
      </trkpt>
      <trkpt lat="59.991107" lon="8.404887">
        <ele>1079.545351</ele>
        <time>2024-08-11T01:53:10.219Z</time>
      </trkpt>
      <trkpt lat="59.990890" lon="8.405183">
        <ele>1079.555508</ele>
        <time>2024-08-11T01:53:20.200Z</time>
      </trkpt>
      <trkpt lat="59.990727" lon="8.405489">
        <ele>1079.564152</ele>
        <time>2024-08-11T01:53:29.007Z</time>
      </trkpt>
      <trkpt lat="59.990521" lon="8.405996">
        <ele>1079.576784</ele>
        <time>2024-08-11T01:53:42.219Z</time>
      </trkpt>
      <trkpt lat="59.990401" lon="8.406436">
        <ele>1079.658290</ele>
        <time>2024-08-11T01:53:52.649Z</time>
      </trkpt>
      <trkpt lat="59.990279" lon="8.407170">
        <ele>1080.070272</ele>
        <time>2024-08-11T01:54:08.816Z</time>
      </trkpt>
      <trkpt lat="59.990230" lon="8.407738">
        <ele>1080.377280</ele>
        <time>2024-08-11T01:54:20.932Z</time>
      </trkpt>
      <trkpt lat="59.990148" lon="8.408137">
        <ele>1080.607046</ele>
        <time>2024-08-11T01:54:30.060Z</time>
      </trkpt>
      <trkpt lat="59.989769" lon="8.408950">
        <ele>1081.199023</ele>
        <time>2024-08-11T01:54:53.757Z</time>
      </trkpt>
      <trkpt lat="59.989392" lon="8.410043">
        <ele>1081.264264</ele>
        <time>2024-08-11T01:55:20.611Z</time>
      </trkpt>
      <trkpt lat="59.987645" lon="8.415340">
        <ele>1078.447301</ele>
        <time>2024-08-11T01:57:06.583Z</time>
      </trkpt>
      <trkpt lat="59.987355" lon="8.416261">
        <ele>1077.957621</ele>
        <time>2024-08-11T01:57:25.001Z</time>
      </trkpt>
      <trkpt lat="59.987149" lon="8.417144">
        <ele>1077.527603</ele>
        <time>2024-08-11T01:57:41.599Z</time>
      </trkpt>
      <trkpt lat="59.986239" lon="8.419544">
        <ele>1076.707646</ele>
        <time>2024-08-11T01:58:33.423Z</time>
      </trkpt>
      <trkpt lat="59.986095" lon="8.419979">
        <ele>1076.667816</ele>
        <time>2024-08-11T01:58:42.882Z</time>
      </trkpt>
      <trkpt lat="59.985956" lon="8.420566">
        <ele>1076.618225</ele>
        <time>2024-08-11T01:58:54.941Z</time>
      </trkpt>
      <trkpt lat="59.985867" lon="8.421179">
        <ele>1076.569485</ele>
        <time>2024-08-11T01:59:07.149Z</time>
      </trkpt>
      <trkpt lat="59.985905" lon="8.421747">
        <ele>1076.681124</ele>
        <time>2024-08-11T01:59:18.448Z</time>
      </trkpt>
      <trkpt lat="59.986076" lon="8.422619">
        <ele>1077.410134</ele>
        <time>2024-08-11T01:59:37.402Z</time>
      </trkpt>
      <trkpt lat="59.986112" lon="8.422995">
        <ele>1077.708104</ele>
        <time>2024-08-11T01:59:45.418Z</time>
      </trkpt>
      <trkpt lat="59.986122" lon="8.423410">
        <ele>1078.031490</ele>
        <time>2024-08-11T01:59:54.185Z</time>
      </trkpt>
      <trkpt lat="59.985754" lon="8.426623">
        <ele>1081.226458</ele>
        <time>2024-08-11T02:01:10.767Z</time>
      </trkpt>
      <trkpt lat="59.985673" lon="8.426973">
        <ele>1081.676727</ele>
        <time>2024-08-11T02:01:20.374Z</time>
      </trkpt>
      <trkpt lat="59.985443" lon="8.427584">
        <ele>1082.569555</ele>
        <time>2024-08-11T02:01:39.178Z</time>
      </trkpt>
      <trkpt lat="59.984496" lon="8.429137">
        <ele>1083.614050</ele>
        <time>2024-08-11T02:02:32.330Z</time>
      </trkpt>
      <trkpt lat="59.984336" lon="8.429443">
        <ele>1083.635194</ele>
        <time>2024-08-11T02:02:40.912Z</time>
      </trkpt>
      <trkpt lat="59.984204" lon="8.429833">
        <ele>1083.657687</ele>
        <time>2024-08-11T02:02:49.821Z</time>
      </trkpt>
      <trkpt lat="59.984144" lon="8.430104">
        <ele>1083.671843</ele>
        <time>2024-08-11T02:02:54.912Z</time>
      </trkpt>
      <trkpt lat="59.984031" lon="8.430955">
        <ele>1083.474160</ele>
        <time>2024-08-11T02:03:08.897Z</time>
      </trkpt>
      <trkpt lat="59.984063" lon="8.431630">
        <ele>1082.094368</ele>
        <time>2024-08-11T02:03:18.797Z</time>
      </trkpt>
      <trkpt lat="59.984043" lon="8.432781">
        <ele>1079.750650</ele>
        <time>2024-08-11T02:03:34.770Z</time>
      </trkpt>
      <trkpt lat="59.983945" lon="8.434153">
        <ele>1076.930282</ele>
        <time>2024-08-11T02:03:54.071Z</time>
      </trkpt>
      <trkpt lat="59.983836" lon="8.434985">
        <ele>1074.925446</ele>
        <time>2024-08-11T02:04:06.101Z</time>
      </trkpt>
      <trkpt lat="59.983853" lon="8.435286">
        <ele>1074.179452</ele>
        <time>2024-08-11T02:04:10.280Z</time>
      </trkpt>
      <trkpt lat="59.983929" lon="8.435866">
        <ele>1072.702877</ele>
        <time>2024-08-11T02:04:18.535Z</time>
      </trkpt>
      <trkpt lat="59.983824" lon="8.436507">
        <ele>1071.041784</ele>
        <time>2024-08-11T02:04:27.731Z</time>
      </trkpt>
      <trkpt lat="59.983853" lon="8.436889">
        <ele>1070.090247</ele>
        <time>2024-08-11T02:04:33.116Z</time>
      </trkpt>
      <trkpt lat="59.983846" lon="8.437500">
        <ele>1068.585121</ele>
        <time>2024-08-11T02:04:41.489Z</time>
      </trkpt>
      <trkpt lat="59.983803" lon="8.437734">
        <ele>1067.971188</ele>
        <time>2024-08-11T02:04:44.902Z</time>
      </trkpt>
      <trkpt lat="59.983702" lon="8.437969">
        <ele>1067.218703</ele>
        <time>2024-08-11T02:04:49.124Z</time>
      </trkpt>
      <trkpt lat="59.983305" lon="8.438401">
        <ele>1065.064759</ele>
        <time>2024-08-11T02:05:01.531Z</time>
      </trkpt>
      <trkpt lat="59.983092" lon="8.438700">
        <ele>1063.824487</ele>
        <time>2024-08-11T02:05:08.634Z</time>
      </trkpt>
      <trkpt lat="59.982952" lon="8.439084">
        <ele>1062.691775</ele>
        <time>2024-08-11T02:05:15.201Z</time>
      </trkpt>
      <trkpt lat="59.982720" lon="8.439538">
        <ele>1061.144663</ele>
        <time>2024-08-11T02:05:24.065Z</time>
      </trkpt>
      <trkpt lat="59.982655" lon="8.439732">
        <ele>1060.588046</ele>
        <time>2024-08-11T02:05:27.251Z</time>
      </trkpt>
      <trkpt lat="59.982619" lon="8.440200">
        <ele>1059.459274</ele>
        <time>2024-08-11T02:05:33.835Z</time>
      </trkpt>
      <trkpt lat="59.982523" lon="8.440487">
        <ele>1058.951106</ele>
        <time>2024-08-11T02:05:38.683Z</time>
      </trkpt>
      <trkpt lat="59.982050" lon="8.440957">
        <ele>1058.840989</ele>
        <time>2024-08-11T02:05:54.489Z</time>
      </trkpt>
      <trkpt lat="59.981561" lon="8.441311">
        <ele>1058.732568</ele>
        <time>2024-08-11T02:06:12.335Z</time>
      </trkpt>
      <trkpt lat="59.981401" lon="8.441468">
        <ele>1058.695411</ele>
        <time>2024-08-11T02:06:19.843Z</time>
      </trkpt>
      <trkpt lat="59.980967" lon="8.442182">
        <ele>1059.012867</ele>
        <time>2024-08-11T02:06:46.805Z</time>
      </trkpt>
      <trkpt lat="59.980844" lon="8.442483">
        <ele>1060.402633</ele>
        <time>2024-08-11T02:06:57.882Z</time>
      </trkpt>
      <trkpt lat="59.980815" lon="8.442719">
        <ele>1061.271630</ele>
        <time>2024-08-11T02:07:04.894Z</time>
      </trkpt>
      <trkpt lat="59.981054" lon="8.444166">
        <ele>1066.720654</ele>
        <time>2024-08-11T02:07:56.022Z</time>
      </trkpt>
      <trkpt lat="59.981109" lon="8.444680">
        <ele>1068.600228</ele>
        <time>2024-08-11T02:08:15.606Z</time>
      </trkpt>
      <trkpt lat="59.981117" lon="8.445322">
        <ele>1070.896653</ele>
        <time>2024-08-11T02:08:39.851Z</time>
      </trkpt>
      <trkpt lat="59.981107" lon="8.445667">
        <ele>1072.163471</ele>
        <time>2024-08-11T02:08:52.668Z</time>
      </trkpt>
      <trkpt lat="59.980975" lon="8.447218">
        <ele>1078.044270</ele>
        <time>2024-08-11T02:09:48.870Z</time>
      </trkpt>
      <trkpt lat="59.980934" lon="8.448037">
        <ele>1081.120920</ele>
        <time>2024-08-11T02:10:16.377Z</time>
      </trkpt>
      <trkpt lat="59.981002" lon="8.449032">
        <ele>1084.874698</ele>
        <time>2024-08-11T02:10:47.353Z</time>
      </trkpt>
      <trkpt lat="59.981023" lon="8.449827">
        <ele>1086.449788</ele>
        <time>2024-08-11T02:11:09.690Z</time>
      </trkpt>
      <trkpt lat="59.981014" lon="8.450494">
        <ele>1087.765715</ele>
        <time>2024-08-11T02:11:26.831Z</time>
      </trkpt>
      <trkpt lat="59.980673" lon="8.453791">
        <ele>1094.520847</ele>
        <time>2024-08-11T02:12:51.650Z</time>
      </trkpt>
      <trkpt lat="59.980401" lon="8.456201">
        <ele>1099.681699</ele>
        <time>2024-08-11T02:13:59.282Z</time>
      </trkpt>
      <trkpt lat="59.979953" lon="8.459808">
        <ele>1109.550487</ele>
        <time>2024-08-11T02:15:46.843Z</time>
      </trkpt>
      <trkpt lat="59.979785" lon="8.460517">
        <ele>1112.319698</ele>
        <time>2024-08-11T02:16:11.499Z</time>
      </trkpt>
      <trkpt lat="59.979780" lon="8.460777">
        <ele>1113.238154</ele>
        <time>2024-08-11T02:16:19.889Z</time>
      </trkpt>
      <trkpt lat="59.979849" lon="8.461292">
        <ele>1115.120117</ele>
        <time>2024-08-11T02:16:37.185Z</time>
      </trkpt>
      <trkpt lat="59.979840" lon="8.461454">
        <ele>1115.695477</ele>
        <time>2024-08-11T02:16:42.583Z</time>
      </trkpt>
      <trkpt lat="59.979648" lon="8.462705">
        <ele>1120.314519</ele>
        <time>2024-08-11T02:17:26.856Z</time>
      </trkpt>
      <trkpt lat="59.979149" lon="8.466331">
        <ele>1136.300703</ele>
        <time>2024-08-11T02:19:41.792Z</time>
      </trkpt>
      <trkpt lat="59.979168" lon="8.466742">
        <ele>1138.107388</ele>
        <time>2024-08-11T02:19:57.063Z</time>
      </trkpt>
      <trkpt lat="59.979232" lon="8.467103">
        <ele>1139.797104</ele>
        <time>2024-08-11T02:20:10.951Z</time>
      </trkpt>
      <trkpt lat="59.979268" lon="8.467474">
        <ele>1141.464401</ele>
        <time>2024-08-11T02:20:24.925Z</time>
      </trkpt>
      <trkpt lat="59.979170" lon="8.468503">
        <ele>1146.085720</ele>
        <time>2024-08-11T02:21:03.272Z</time>
      </trkpt>
      <trkpt lat="59.979217" lon="8.469560">
        <ele>1150.767437</ele>
        <time>2024-08-11T02:21:42.175Z</time>
      </trkpt>
      <trkpt lat="59.979162" lon="8.470021">
        <ele>1152.849753</ele>
        <time>2024-08-11T02:21:59.170Z</time>
      </trkpt>
      <trkpt lat="59.979001" lon="8.470687">
        <ele>1155.469780</ele>
        <time>2024-08-11T02:22:25.083Z</time>
      </trkpt>
      <trkpt lat="59.978946" lon="8.471138">
        <ele>1157.114073</ele>
        <time>2024-08-11T02:22:41.001Z</time>
      </trkpt>
      <trkpt lat="59.978853" lon="8.473639">
        <ele>1165.825989</ele>
        <time>2024-08-11T02:24:00.999Z</time>
      </trkpt>
      <trkpt lat="59.978800" lon="8.474284">
        <ele>1167.255980</ele>
        <time>2024-08-11T02:24:20.233Z</time>
      </trkpt>
      <trkpt lat="59.978725" lon="8.474512">
        <ele>1167.852936</ele>
        <time>2024-08-11T02:24:28.075Z</time>
      </trkpt>
      <trkpt lat="59.978013" lon="8.475902">
        <ele>1172.205003</ele>
        <time>2024-08-11T02:25:22.022Z</time>
      </trkpt>
      <trkpt lat="59.977851" lon="8.476290">
        <ele>1173.310606</ele>
        <time>2024-08-11T02:25:34.446Z</time>
      </trkpt>
      <trkpt lat="59.977495" lon="8.476985">
        <ele>1173.805381</ele>
        <time>2024-08-11T02:25:57.022Z</time>
      </trkpt>
      <trkpt lat="59.976942" lon="8.478108">
        <ele>1174.456588</ele>
        <time>2024-08-11T02:26:28.619Z</time>
      </trkpt>
      <trkpt lat="59.976455" lon="8.479435">
        <ele>1174.390381</ele>
        <time>2024-08-11T02:26:57.348Z</time>
      </trkpt>
      <trkpt lat="59.976405" lon="8.479520">
        <ele>1174.274012</ele>
        <time>2024-08-11T02:26:59.520Z</time>
      </trkpt>
      <trkpt lat="59.976282" lon="8.479661">
        <ele>1174.022634</ele>
        <time>2024-08-11T02:27:04.170Z</time>
      </trkpt>
      <trkpt lat="59.975251" lon="8.480463">
        <ele>1172.061304</ele>
        <time>2024-08-11T02:27:38.402Z</time>
      </trkpt>
      <trkpt lat="59.975161" lon="8.480607">
        <ele>1171.856918</ele>
        <time>2024-08-11T02:27:41.971Z</time>
      </trkpt>
      <trkpt lat="59.974934" lon="8.481150">
        <ele>1171.218891</ele>
        <time>2024-08-11T02:27:53.050Z</time>
      </trkpt>
      <trkpt lat="59.974765" lon="8.482768">
        <ele>1169.721116</ele>
        <time>2024-08-11T02:28:19.371Z</time>
      </trkpt>
      <trkpt lat="59.974704" lon="8.482974">
        <ele>1169.504208</ele>
        <time>2024-08-11T02:28:23.210Z</time>
      </trkpt>
      <trkpt lat="59.974510" lon="8.483275">
        <ele>1169.059432</ele>
        <time>2024-08-11T02:28:31.070Z</time>
      </trkpt>
      <trkpt lat="59.973627" lon="8.484129">
        <ele>1168.106735</ele>
        <time>2024-08-11T02:29:03.030Z</time>
      </trkpt>
      <trkpt lat="59.973503" lon="8.484475">
        <ele>1167.992457</ele>
        <time>2024-08-11T02:29:10.267Z</time>
      </trkpt>
      <trkpt lat="59.972972" lon="8.486585">
        <ele>1167.970326</ele>
        <time>2024-08-11T02:29:54.394Z</time>
      </trkpt>
      <trkpt lat="59.972631" lon="8.487355">
        <ele>1168.992243</ele>
        <time>2024-08-11T02:30:16.395Z</time>
      </trkpt>
      <trkpt lat="59.972458" lon="8.487874">
        <ele>1169.612020</ele>
        <time>2024-08-11T02:30:30.591Z</time>
      </trkpt>
      <trkpt lat="59.972318" lon="8.488184">
        <ele>1170.027037</ele>
        <time>2024-08-11T02:30:40.481Z</time>
      </trkpt>
      <trkpt lat="59.972140" lon="8.488329">
        <ele>1170.408805</ele>
        <time>2024-08-11T02:30:49.899Z</time>
      </trkpt>
      <trkpt lat="59.971727" lon="8.488448">
        <ele>1171.240360</ele>
        <time>2024-08-11T02:31:11.213Z</time>
      </trkpt>
      <trkpt lat="59.971543" lon="8.488599">
        <ele>1171.641713</ele>
        <time>2024-08-11T02:31:21.562Z</time>
      </trkpt>
      <trkpt lat="59.971220" lon="8.489261">
        <ele>1172.575295</ele>
        <time>2024-08-11T02:31:45.274Z</time>
      </trkpt>
      <trkpt lat="59.971114" lon="8.489412">
        <ele>1172.837960</ele>
        <time>2024-08-11T02:31:51.522Z</time>
      </trkpt>
      <trkpt lat="59.970729" lon="8.489572">
        <ele>1173.631412</ele>
        <time>2024-08-11T02:32:09.307Z</time>
      </trkpt>
      <trkpt lat="59.970586" lon="8.489710">
        <ele>1173.951835</ele>
        <time>2024-08-11T02:32:15.953Z</time>
      </trkpt>
      <trkpt lat="59.970220" lon="8.489841">
        <ele>1174.676358</ele>
        <time>2024-08-11T02:32:30.165Z</time>
      </trkpt>
      <trkpt lat="59.970150" lon="8.489918">
        <ele>1174.496925</ele>
        <time>2024-08-11T02:32:32.997Z</time>
      </trkpt>
      <trkpt lat="59.970041" lon="8.490171">
        <ele>1174.121762</ele>
        <time>2024-08-11T02:32:38.810Z</time>
      </trkpt>
      <trkpt lat="59.969852" lon="8.491055">
        <ele>1173.041468</ele>
        <time>2024-08-11T02:32:54.333Z</time>
      </trkpt>
      <trkpt lat="59.969763" lon="8.491224">
        <ele>1172.765765</ele>
        <time>2024-08-11T02:32:58.030Z</time>
      </trkpt>
      <trkpt lat="59.968808" lon="8.491598">
        <ele>1170.603135</ele>
        <time>2024-08-11T02:33:26.308Z</time>
      </trkpt>
      <trkpt lat="59.968688" lon="8.491575">
        <ele>1170.419490</ele>
        <time>2024-08-11T02:33:29.752Z</time>
      </trkpt>
      <trkpt lat="59.968460" lon="8.491445">
        <ele>1170.058295</ele>
        <time>2024-08-11T02:33:36.831Z</time>
      </trkpt>
      <trkpt lat="59.968277" lon="8.491433">
        <ele>1169.779366</ele>
        <time>2024-08-11T02:33:42.359Z</time>
      </trkpt>
      <trkpt lat="59.968106" lon="8.491454">
        <ele>1169.518376</ele>
        <time>2024-08-11T02:33:47.752Z</time>
      </trkpt>
      <trkpt lat="59.967992" lon="8.491547">
        <ele>1169.330793</ele>
        <time>2024-08-11T02:33:51.672Z</time>
      </trkpt>
      <trkpt lat="59.967668" lon="8.492065">
        <ele>1168.698659</ele>
        <time>2024-08-11T02:34:05.749Z</time>
      </trkpt>
      <trkpt lat="59.966505" lon="8.494123">
        <ele>1167.297838</ele>
        <time>2024-08-11T02:35:04.147Z</time>
      </trkpt>
      <trkpt lat="59.966071" lon="8.494780">
        <ele>1166.975744</ele>
        <time>2024-08-11T02:35:23.007Z</time>
      </trkpt>
      <trkpt lat="59.965503" lon="8.495840">
        <ele>1165.087974</ele>
        <time>2024-08-11T02:35:46.989Z</time>
      </trkpt>
      <trkpt lat="59.964809" lon="8.496686">
        <ele>1162.532364</ele>
        <time>2024-08-11T02:36:10.631Z</time>
      </trkpt>
      <trkpt lat="59.964621" lon="8.496972">
        <ele>1161.789564</ele>
        <time>2024-08-11T02:36:17.451Z</time>
      </trkpt>
      <trkpt lat="59.963929" lon="8.498592">
        <ele>1156.315585</ele>
        <time>2024-08-11T02:36:47.613Z</time>
      </trkpt>
      <trkpt lat="59.963682" lon="8.498948">
        <ele>1154.620241</ele>
        <time>2024-08-11T02:36:55.828Z</time>
      </trkpt>
      <trkpt lat="59.963534" lon="8.499085">
        <ele>1153.712282</ele>
        <time>2024-08-11T02:37:00.175Z</time>
      </trkpt>
      <trkpt lat="59.962964" lon="8.499449">
        <ele>1149.867655</ele>
        <time>2024-08-11T02:37:15.581Z</time>
      </trkpt>
      <trkpt lat="59.962481" lon="8.499501">
        <ele>1145.445962</ele>
        <time>2024-08-11T02:37:27.627Z</time>
      </trkpt>
      <trkpt lat="59.962150" lon="8.499777">
        <ele>1142.167170</ele>
        <time>2024-08-11T02:37:36.410Z</time>
      </trkpt>
      <trkpt lat="59.961992" lon="8.499958">
        <ele>1140.502208</ele>
        <time>2024-08-11T02:37:40.828Z</time>
      </trkpt>
      <trkpt lat="59.961902" lon="8.500146">
        <ele>1139.311850</ele>
        <time>2024-08-11T02:37:44.037Z</time>
      </trkpt>
      <trkpt lat="59.961863" lon="8.500324">
        <ele>1138.422724</ele>
        <time>2024-08-11T02:37:46.397Z</time>
      </trkpt>
      <trkpt lat="59.961788" lon="8.500931">
        <ele>1135.561751</ele>
        <time>2024-08-11T02:37:54.101Z</time>
      </trkpt>
      <trkpt lat="59.961631" lon="8.501780">
        <ele>1132.497261</ele>
        <time>2024-08-11T02:38:05.412Z</time>
      </trkpt>
      <trkpt lat="59.961547" lon="8.502222">
        <ele>1131.035964</ele>
        <time>2024-08-11T02:38:11.499Z</time>
      </trkpt>
      <trkpt lat="59.961445" lon="8.502512">
        <ele>1129.940477</ele>
        <time>2024-08-11T02:38:16.086Z</time>
      </trkpt>
      <trkpt lat="59.959957" lon="8.503982">
        <ele>1121.045090</ele>
        <time>2024-08-11T02:39:02.647Z</time>
      </trkpt>
      <trkpt lat="59.959678" lon="8.504322">
        <ele>1119.720387</ele>
        <time>2024-08-11T02:39:12.310Z</time>
      </trkpt>
      <trkpt lat="59.958768" lon="8.505859">
        <ele>1114.568392</ele>
        <time>2024-08-11T02:39:46.218Z</time>
      </trkpt>
      <trkpt lat="59.957368" lon="8.509221">
        <ele>1104.062676</ele>
        <time>2024-08-11T02:40:45.935Z</time>
      </trkpt>
      <trkpt lat="59.957082" lon="8.509728">
        <ele>1102.339523</ele>
        <time>2024-08-11T02:40:56.512Z</time>
      </trkpt>
      <trkpt lat="59.956692" lon="8.510252">
        <ele>1100.221482</ele>
        <time>2024-08-11T02:41:09.884Z</time>
      </trkpt>
      <trkpt lat="59.956282" lon="8.510442">
        <ele>1098.727481</ele>
        <time>2024-08-11T02:41:22.277Z</time>
      </trkpt>
      <trkpt lat="59.955331" lon="8.510786">
        <ele>1096.111934</ele>
        <time>2024-08-11T02:41:51.568Z</time>
      </trkpt>
      <trkpt lat="59.955219" lon="8.510861">
        <ele>1095.792248</ele>
        <time>2024-08-11T02:41:55.170Z</time>
      </trkpt>
      <trkpt lat="59.955053" lon="8.511081">
        <ele>1095.253100</ele>
        <time>2024-08-11T02:42:01.532Z</time>
      </trkpt>
      <trkpt lat="59.954450" lon="8.512789">
        <ele>1092.862864</ele>
        <time>2024-08-11T02:42:33.851Z</time>
      </trkpt>
      <trkpt lat="59.954196" lon="8.513345">
        <ele>1092.063344</ele>
        <time>2024-08-11T02:42:45.402Z</time>
      </trkpt>
      <trkpt lat="59.954018" lon="8.513558">
        <ele>1091.623104</ele>
        <time>2024-08-11T02:42:51.668Z</time>
      </trkpt>
      <trkpt lat="59.953609" lon="8.513885">
        <ele>1090.688423</ele>
        <time>2024-08-11T02:43:05.690Z</time>
      </trkpt>
      <trkpt lat="59.953463" lon="8.513981">
        <ele>1090.658679</ele>
        <time>2024-08-11T02:43:10.708Z</time>
      </trkpt>
      <trkpt lat="59.953337" lon="8.513973">
        <ele>1090.667520</ele>
        <time>2024-08-11T02:43:14.839Z</time>
      </trkpt>
      <trkpt lat="59.953002" lon="8.513571">
        <ele>1090.694930</ele>
        <time>2024-08-11T02:43:28.264Z</time>
      </trkpt>
      <trkpt lat="59.952616" lon="8.513009">
        <ele>1090.728432</ele>
        <time>2024-08-11T02:43:46.030Z</time>
      </trkpt>
      <trkpt lat="59.952374" lon="8.512816">
        <ele>1090.746707</ele>
        <time>2024-08-11T02:43:56.441Z</time>
      </trkpt>
      <trkpt lat="59.952287" lon="8.512786">
        <ele>1090.752899</ele>
        <time>2024-08-11T02:44:00.193Z</time>
      </trkpt>
      <trkpt lat="59.951762" lon="8.512859">
        <ele>1091.101399</ele>
        <time>2024-08-11T02:44:23.566Z</time>
      </trkpt>
      <trkpt lat="59.951498" lon="8.512789">
        <ele>1091.522345</ele>
        <time>2024-08-11T02:44:35.583Z</time>
      </trkpt>
      <trkpt lat="59.951343" lon="8.512825">
        <ele>1091.768993</ele>
        <time>2024-08-11T02:44:42.539Z</time>
      </trkpt>
      <trkpt lat="59.950979" lon="8.513209">
        <ele>1092.419682</ele>
        <time>2024-08-11T02:45:00.601Z</time>
      </trkpt>
      <trkpt lat="59.950438" lon="8.513886">
        <ele>1093.428814</ele>
        <time>2024-08-11T02:45:27.884Z</time>
      </trkpt>
      <trkpt lat="59.949285" lon="8.515044">
        <ele>1095.269016</ele>
        <time>2024-08-11T02:46:22.430Z</time>
      </trkpt>
      <trkpt lat="59.948619" lon="8.515357">
        <ele>1096.303140</ele>
        <time>2024-08-11T02:46:51.343Z</time>
      </trkpt>
      <trkpt lat="59.947507" lon="8.516128">
        <ele>1099.414994</ele>
        <time>2024-08-11T02:47:46.328Z</time>
      </trkpt>
      <trkpt lat="59.947393" lon="8.516154">
        <ele>1099.718325</ele>
        <time>2024-08-11T02:47:52.145Z</time>
      </trkpt>
      <trkpt lat="59.947325" lon="8.516125">
        <ele>1099.902144</ele>
        <time>2024-08-11T02:47:55.716Z</time>
      </trkpt>
      <trkpt lat="59.947143" lon="8.515921">
        <ele>1100.453900</ele>
        <time>2024-08-11T02:48:06.343Z</time>
      </trkpt>
      <trkpt lat="59.946965" lon="8.515848">
        <ele>1100.944051</ele>
        <time>2024-08-11T02:48:15.754Z</time>
      </trkpt>
      <trkpt lat="59.946607" lon="8.515851">
        <ele>1102.260356</ele>
        <time>2024-08-11T02:48:34.116Z</time>
      </trkpt>
      <trkpt lat="59.946397" lon="8.515937">
        <ele>1103.048556</ele>
        <time>2024-08-11T02:48:45.147Z</time>
      </trkpt>
      <trkpt lat="59.946318" lon="8.516015">
        <ele>1103.372593</ele>
        <time>2024-08-11T02:48:49.703Z</time>
      </trkpt>
      <trkpt lat="59.946272" lon="8.516119">
        <ele>1103.628092</ele>
        <time>2024-08-11T02:48:53.282Z</time>
      </trkpt>
      <trkpt lat="59.946123" lon="8.516772">
        <ele>1104.949441</ele>
        <time>2024-08-11T02:49:11.969Z</time>
      </trkpt>
      <trkpt lat="59.945986" lon="8.517224">
        <ele>1105.922312</ele>
        <time>2024-08-11T02:49:25.877Z</time>
      </trkpt>
      <trkpt lat="59.945325" lon="8.518582">
        <ele>1109.362464</ele>
        <time>2024-08-11T02:50:15.374Z</time>
      </trkpt>
      <trkpt lat="59.944869" lon="8.519290">
        <ele>1111.433481</ele>
        <time>2024-08-11T02:50:45.080Z</time>
      </trkpt>
      <trkpt lat="59.944691" lon="8.519437">
        <ele>1112.124099</ele>
        <time>2024-08-11T02:50:54.894Z</time>
      </trkpt>
      <trkpt lat="59.943945" lon="8.519396">
        <ele>1114.608285</ele>
        <time>2024-08-11T02:51:32.973Z</time>
      </trkpt>
      <trkpt lat="59.943788" lon="8.519487">
        <ele>1115.058966</ele>
        <time>2024-08-11T02:51:41.224Z</time>
      </trkpt>
      <trkpt lat="59.943568" lon="8.519789">
        <ele>1115.794970</ele>
        <time>2024-08-11T02:51:54.861Z</time>
      </trkpt>
      <trkpt lat="59.942970" lon="8.520707">
        <ele>1117.874472</ele>
        <time>2024-08-11T02:52:31.124Z</time>
      </trkpt>
      <trkpt lat="59.942454" lon="8.521151">
        <ele>1119.290225</ele>
        <time>2024-08-11T02:52:55.960Z</time>
      </trkpt>
      <trkpt lat="59.942337" lon="8.521359">
        <ele>1119.605580</ele>
        <time>2024-08-11T02:53:02.741Z</time>
      </trkpt>
      <trkpt lat="59.942129" lon="8.522253">
        <ele>1120.599450</ele>
        <time>2024-08-11T02:53:23.593Z</time>
      </trkpt>
      <trkpt lat="59.942028" lon="8.522499">
        <ele>1120.920159</ele>
        <time>2024-08-11T02:53:30.502Z</time>
      </trkpt>
      <trkpt lat="59.941658" lon="8.523221">
        <ele>1121.961627</ele>
        <time>2024-08-11T02:53:54.045Z</time>
      </trkpt>
      <trkpt lat="59.941488" lon="8.523720">
        <ele>1122.580746</ele>
        <time>2024-08-11T02:54:08.488Z</time>
      </trkpt>
      <trkpt lat="59.941407" lon="8.524145">
        <ele>1123.285745</ele>
        <time>2024-08-11T02:54:19.621Z</time>
      </trkpt>
      <trkpt lat="59.941309" lon="8.525397">
        <ele>1125.250383</ele>
        <time>2024-08-11T02:54:51.624Z</time>
      </trkpt>
      <trkpt lat="59.941035" lon="8.526366">
        <ele>1126.975572</ele>
        <time>2024-08-11T02:55:20.145Z</time>
      </trkpt>
      <trkpt lat="59.940895" lon="8.527038">
        <ele>1128.103967</ele>
        <time>2024-08-11T02:55:38.446Z</time>
      </trkpt>
      <trkpt lat="59.940630" lon="8.527573">
        <ele>1128.369343</ele>
        <time>2024-08-11T02:55:56.540Z</time>
      </trkpt>
      <trkpt lat="59.940413" lon="8.527933">
        <ele>1128.560034</ele>
        <time>2024-08-11T02:56:09.022Z</time>
      </trkpt>
      <trkpt lat="59.940310" lon="8.528023">
        <ele>1128.636024</ele>
        <time>2024-08-11T02:56:13.775Z</time>
      </trkpt>
      <trkpt lat="59.940097" lon="8.528123">
        <ele>1128.783910</ele>
        <time>2024-08-11T02:56:22.583Z</time>
      </trkpt>
      <trkpt lat="59.939393" lon="8.528178">
        <ele>1129.260083</ele>
        <time>2024-08-11T02:56:47.318Z</time>
      </trkpt>
      <trkpt lat="59.939226" lon="8.528280">
        <ele>1129.203604</ele>
        <time>2024-08-11T02:56:53.035Z</time>
      </trkpt>
      <trkpt lat="59.938042" lon="8.529447">
        <ele>1126.625613</ele>
        <time>2024-08-11T02:57:34.157Z</time>
      </trkpt>
      <trkpt lat="59.935592" lon="8.531588">
        <ele>1121.213212</ele>
        <time>2024-08-11T02:58:57.785Z</time>
      </trkpt>
      <trkpt lat="59.933779" lon="8.533120">
        <ele>1117.723608</ele>
        <time>2024-08-11T03:00:01.497Z</time>
      </trkpt>
      <trkpt lat="59.932980" lon="8.534063">
        <ele>1116.005037</ele>
        <time>2024-08-11T03:00:31.461Z</time>
      </trkpt>
      <trkpt lat="59.932798" lon="8.534370">
        <ele>1115.559399</ele>
        <time>2024-08-11T03:00:38.798Z</time>
      </trkpt>
      <trkpt lat="59.932717" lon="8.534609">
        <ele>1114.976717</ele>
        <time>2024-08-11T03:00:43.126Z</time>
      </trkpt>
      <trkpt lat="59.932688" lon="8.534769">
        <ele>1114.633123</ele>
        <time>2024-08-11T03:00:45.687Z</time>
      </trkpt>
      <trkpt lat="59.932702" lon="8.535512">
        <ele>1113.131664</ele>
        <time>2024-08-11T03:00:56.565Z</time>
      </trkpt>
      <trkpt lat="59.932686" lon="8.536411">
        <ele>1111.315097</ele>
        <time>2024-08-11T03:01:09.491Z</time>
      </trkpt>
      <trkpt lat="59.932543" lon="8.538082">
        <ele>1107.535671</ele>
        <time>2024-08-11T03:01:33.081Z</time>
      </trkpt>
      <trkpt lat="59.932472" lon="8.538457">
        <ele>1106.049726</ele>
        <time>2024-08-11T03:01:38.410Z</time>
      </trkpt>
      <trkpt lat="59.932382" lon="8.538615">
        <ele>1105.162965</ele>
        <time>2024-08-11T03:01:41.525Z</time>
      </trkpt>
      <trkpt lat="59.932141" lon="8.538717">
        <ele>1103.340335</ele>
        <time>2024-08-11T03:01:47.861Z</time>
      </trkpt>
      <trkpt lat="59.931867" lon="8.538664">
        <ele>1101.303709</ele>
        <time>2024-08-11T03:01:54.805Z</time>
      </trkpt>
      <trkpt lat="59.931533" lon="8.538432">
        <ele>1098.687316</ele>
        <time>2024-08-11T03:02:03.695Z</time>
      </trkpt>
      <trkpt lat="59.931309" lon="8.538195">
        <ele>1096.811645</ele>
        <time>2024-08-11T03:02:10.075Z</time>
      </trkpt>
      <trkpt lat="59.931008" lon="8.537780">
        <ele>1094.110982</ele>
        <time>2024-08-11T03:02:19.372Z</time>
      </trkpt>
      <trkpt lat="59.930914" lon="8.537710">
        <ele>1093.373545</ele>
        <time>2024-08-11T03:02:21.920Z</time>
      </trkpt>
      <trkpt lat="59.930609" lon="8.537660">
        <ele>1091.124211</ele>
        <time>2024-08-11T03:02:29.731Z</time>
      </trkpt>
      <trkpt lat="59.930467" lon="8.537683">
        <ele>1090.077063</ele>
        <time>2024-08-11T03:02:33.382Z</time>
      </trkpt>
      <trkpt lat="59.930346" lon="8.537858">
        <ele>1088.978732</ele>
        <time>2024-08-11T03:02:37.193Z</time>
      </trkpt>
      <trkpt lat="59.930191" lon="8.538474">
        <ele>1086.440130</ele>
        <time>2024-08-11T03:02:46.042Z</time>
      </trkpt>
      <trkpt lat="59.930032" lon="8.538973">
        <ele>1084.262282</ele>
        <time>2024-08-11T03:02:53.683Z</time>
      </trkpt>
      <trkpt lat="59.929866" lon="8.539289">
        <ele>1082.576143</ele>
        <time>2024-08-11T03:02:59.721Z</time>
      </trkpt>
      <trkpt lat="59.928805" lon="8.539901">
        <ele>1076.432709</ele>
        <time>2024-08-11T03:03:29.333Z</time>
      </trkpt>
      <trkpt lat="59.928712" lon="8.540025">
        <ele>1075.831966</ele>
        <time>2024-08-11T03:03:32.363Z</time>
      </trkpt>
      <trkpt lat="59.928671" lon="8.540261">
        <ele>1075.159711</ele>
        <time>2024-08-11T03:03:35.800Z</time>
      </trkpt>
      <trkpt lat="59.928650" lon="8.540764">
        <ele>1073.801263</ele>
        <time>2024-08-11T03:03:42.864Z</time>
      </trkpt>
      <trkpt lat="59.928593" lon="8.541157">
        <ele>1072.700137</ele>
        <time>2024-08-11T03:03:48.576Z</time>
      </trkpt>
      <trkpt lat="59.928556" lon="8.541374">
        <ele>1072.104741</ele>
        <time>2024-08-11T03:03:51.789Z</time>
      </trkpt>
      <trkpt lat="59.928526" lon="8.541831">
        <ele>1071.432226</ele>
        <time>2024-08-11T03:03:58.252Z</time>
      </trkpt>
      <trkpt lat="59.928514" lon="8.542422">
        <ele>1070.569178</ele>
        <time>2024-08-11T03:04:06.604Z</time>
      </trkpt>
      <trkpt lat="59.928530" lon="8.542645">
        <ele>1070.240476</ele>
        <time>2024-08-11T03:04:09.897Z</time>
      </trkpt>
      <trkpt lat="59.928565" lon="8.542850">
        <ele>1069.924470</ele>
        <time>2024-08-11T03:04:13.024Z</time>
      </trkpt>
      <trkpt lat="59.928721" lon="8.543378">
        <ele>1069.030104</ele>
        <time>2024-08-11T03:04:22.101Z</time>
      </trkpt>
      <trkpt lat="59.928744" lon="8.543570">
        <ele>1068.742060</ele>
        <time>2024-08-11T03:04:25.088Z</time>
      </trkpt>
      <trkpt lat="59.928711" lon="8.543840">
        <ele>1068.336550</ele>
        <time>2024-08-11T03:04:29.259Z</time>
      </trkpt>
      <trkpt lat="59.928496" lon="8.544370">
        <ele>1067.341560</ele>
        <time>2024-08-11T03:04:39.994Z</time>
      </trkpt>
      <trkpt lat="59.928280" lon="8.545077">
        <ele>1066.919502</ele>
        <time>2024-08-11T03:04:54.973Z</time>
      </trkpt>
      <trkpt lat="59.928088" lon="8.545371">
        <ele>1066.944410</ele>
        <time>2024-08-11T03:05:04.140Z</time>
      </trkpt>
      <trkpt lat="59.927959" lon="8.545414">
        <ele>1066.957871</ele>
        <time>2024-08-11T03:05:09.111Z</time>
      </trkpt>
      <trkpt lat="59.927907" lon="8.545408">
        <ele>1066.963232</ele>
        <time>2024-08-11T03:05:11.129Z</time>
      </trkpt>
      <trkpt lat="59.927656" lon="8.545124">
        <ele>1066.992930</ele>
        <time>2024-08-11T03:05:22.027Z</time>
      </trkpt>
      <trkpt lat="59.927581" lon="8.545097">
        <ele>1067.000774</ele>
        <time>2024-08-11T03:05:24.981Z</time>
      </trkpt>
      <trkpt lat="59.927509" lon="8.545140">
        <ele>1067.008509</ele>
        <time>2024-08-11T03:05:27.810Z</time>
      </trkpt>
      <trkpt lat="59.927455" lon="8.545305">
        <ele>1067.018673</ele>
        <time>2024-08-11T03:05:31.506Z</time>
      </trkpt>
      <trkpt lat="59.927360" lon="8.545927">
        <ele>1067.052210</ele>
        <time>2024-08-11T03:05:43.894Z</time>
      </trkpt>
      <trkpt lat="59.927309" lon="8.546110">
        <ele>1067.063009</ele>
        <time>2024-08-11T03:05:47.971Z</time>
      </trkpt>
      <trkpt lat="59.927240" lon="8.546248">
        <ele>1067.073064</ele>
        <time>2024-08-11T03:05:51.938Z</time>
      </trkpt>
      <trkpt lat="59.927028" lon="8.546475">
        <ele>1067.457794</ele>
        <time>2024-08-11T03:06:01.565Z</time>
      </trkpt>
      <trkpt lat="59.926927" lon="8.546640">
        <ele>1067.712552</ele>
        <time>2024-08-11T03:06:07.083Z</time>
      </trkpt>
      <trkpt lat="59.926406" lon="8.547856">
        <ele>1069.277304</ele>
        <time>2024-08-11T03:06:42.509Z</time>
      </trkpt>
      <trkpt lat="59.926320" lon="8.547973">
        <ele>1069.480451</ele>
        <time>2024-08-11T03:06:47.203Z</time>
      </trkpt>
      <trkpt lat="59.926164" lon="8.548004">
        <ele>1069.786431</ele>
        <time>2024-08-11T03:06:54.621Z</time>
      </trkpt>
      <trkpt lat="59.925917" lon="8.547802">
        <ele>1070.307429</ele>
        <time>2024-08-11T03:07:07.313Z</time>
      </trkpt>
      <trkpt lat="59.925823" lon="8.547766">
        <ele>1070.494242</ele>
        <time>2024-08-11T03:07:12.015Z</time>
      </trkpt>
      <trkpt lat="59.925596" lon="8.547732">
        <ele>1071.273985</ele>
        <time>2024-08-11T03:07:23.448Z</time>
      </trkpt>
      <trkpt lat="59.925232" lon="8.547767">
        <ele>1072.666487</ele>
        <time>2024-08-11T03:07:42.328Z</time>
      </trkpt>
      <trkpt lat="59.924956" lon="8.547547">
        <ele>1073.802143</ele>
        <time>2024-08-11T03:07:58.221Z</time>
      </trkpt>
      <trkpt lat="59.924710" lon="8.547107">
        <ele>1075.064479</ele>
        <time>2024-08-11T03:08:16.308Z</time>
      </trkpt>
      <trkpt lat="59.924397" lon="8.546416">
        <ele>1076.848104</ele>
        <time>2024-08-11T03:08:41.557Z</time>
      </trkpt>
      <trkpt lat="59.924295" lon="8.546242">
        <ele>1077.360869</ele>
        <time>2024-08-11T03:08:48.769Z</time>
      </trkpt>
      <trkpt lat="59.923678" lon="8.545567">
        <ele>1079.695557</ele>
        <time>2024-08-11T03:09:24.846Z</time>
      </trkpt>
      <trkpt lat="59.923149" lon="8.544665">
        <ele>1081.990758</ele>
        <time>2024-08-11T03:09:59.126Z</time>
      </trkpt>
      <trkpt lat="59.923005" lon="8.544460">
        <ele>1082.574238</ele>
        <time>2024-08-11T03:10:07.703Z</time>
      </trkpt>
      <trkpt lat="59.922824" lon="8.544293">
        <ele>1083.232002</ele>
        <time>2024-08-11T03:10:17.428Z</time>
      </trkpt>
      <trkpt lat="59.922493" lon="8.544153">
        <ele>1084.126981</ele>
        <time>2024-08-11T03:10:33.973Z</time>
      </trkpt>
      <trkpt lat="59.921682" lon="8.544023">
        <ele>1086.188832</ele>
        <time>2024-08-11T03:11:13.175Z</time>
      </trkpt>
      <trkpt lat="59.920925" lon="8.543807">
        <ele>1088.015123</ele>
        <time>2024-08-11T03:11:48.622Z</time>
      </trkpt>
      <trkpt lat="59.920832" lon="8.543908">
        <ele>1088.112011</ele>
        <time>2024-08-11T03:11:53.211Z</time>
      </trkpt>
      <trkpt lat="59.920539" lon="8.544496">
        <ele>1088.492276</ele>
        <time>2024-08-11T03:12:11.159Z</time>
      </trkpt>
      <trkpt lat="59.920292" lon="8.544888">
        <ele>1088.781072</ele>
        <time>2024-08-11T03:12:24.200Z</time>
      </trkpt>
      <trkpt lat="59.919768" lon="8.545678">
        <ele>1089.382049</ele>
        <time>2024-08-11T03:12:49.583Z</time>
      </trkpt>
      <trkpt lat="59.919708" lon="8.545718">
        <ele>1089.439935</ele>
        <time>2024-08-11T03:12:51.825Z</time>
      </trkpt>
      <trkpt lat="59.919262" lon="8.546049">
        <ele>1089.682096</ele>
        <time>2024-08-11T03:13:09.103Z</time>
      </trkpt>
      <trkpt lat="59.918971" lon="8.546163">
        <ele>1089.764455</ele>
        <time>2024-08-11T03:13:20.091Z</time>
      </trkpt>
      <trkpt lat="59.918720" lon="8.546344">
        <ele>1089.838576</ele>
        <time>2024-08-11T03:13:30.241Z</time>
      </trkpt>
      <trkpt lat="59.918039" lon="8.547106">
        <ele>1090.055416</ele>
        <time>2024-08-11T03:14:00.553Z</time>
      </trkpt>
      <trkpt lat="59.917580" lon="8.547705">
        <ele>1090.488477</ele>
        <time>2024-08-11T03:14:22.195Z</time>
      </trkpt>
      <trkpt lat="59.917488" lon="8.547757">
        <ele>1090.582596</ele>
        <time>2024-08-11T03:14:25.922Z</time>
      </trkpt>
      <trkpt lat="59.917334" lon="8.547690">
        <ele>1090.737740</ele>
        <time>2024-08-11T03:14:32.272Z</time>
      </trkpt>
      <trkpt lat="59.917066" lon="8.547393">
        <ele>1091.039497</ele>
        <time>2024-08-11T03:14:44.772Z</time>
      </trkpt>
      <trkpt lat="59.916938" lon="8.547334">
        <ele>1091.168806</ele>
        <time>2024-08-11T03:14:50.341Z</time>
      </trkpt>
      <trkpt lat="59.916579" lon="8.547276">
        <ele>1091.523324</ele>
        <time>2024-08-11T03:15:05.703Z</time>
      </trkpt>
      <trkpt lat="59.916125" lon="8.547280">
        <ele>1091.964040</ele>
        <time>2024-08-11T03:15:25.265Z</time>
      </trkpt>
      <trkpt lat="59.915963" lon="8.547322">
        <ele>1092.115170</ele>
        <time>2024-08-11T03:15:32.231Z</time>
      </trkpt>
      <trkpt lat="59.914963" lon="8.547829">
        <ele>1093.069698</ele>
        <time>2024-08-11T03:16:14.520Z</time>
      </trkpt>
      <trkpt lat="59.914598" lon="8.547953">
        <ele>1093.412227</ele>
        <time>2024-08-11T03:16:29.139Z</time>
      </trkpt>
      <trkpt lat="59.914438" lon="8.547952">
        <ele>1093.525530</ele>
        <time>2024-08-11T03:16:35.415Z</time>
      </trkpt>
      <trkpt lat="59.914303" lon="8.547874">
        <ele>1093.497188</ele>
        <time>2024-08-11T03:16:40.861Z</time>
      </trkpt>
      <trkpt lat="59.914222" lon="8.547769">
        <ele>1093.477709</ele>
        <time>2024-08-11T03:16:44.542Z</time>
      </trkpt>
      <trkpt lat="59.913877" lon="8.547095">
        <ele>1093.380336</ele>
        <time>2024-08-11T03:17:02.539Z</time>
      </trkpt>
      <trkpt lat="59.913594" lon="8.546868">
        <ele>1093.318829</ele>
        <time>2024-08-11T03:17:13.530Z</time>
      </trkpt>
      <trkpt lat="59.912385" lon="8.546569">
        <ele>1093.080246</ele>
        <time>2024-08-11T03:17:55.695Z</time>
      </trkpt>
      <trkpt lat="59.911792" lon="8.546263">
        <ele>1092.965847</ele>
        <time>2024-08-11T03:18:17.496Z</time>
      </trkpt>
      <trkpt lat="59.911631" lon="8.546124">
        <ele>1092.933081</ele>
        <time>2024-08-11T03:18:23.945Z</time>
      </trkpt>
      <trkpt lat="59.911088" lon="8.545402">
        <ele>1092.980978</ele>
        <time>2024-08-11T03:18:48.887Z</time>
      </trkpt>
      <trkpt lat="59.910898" lon="8.545256">
        <ele>1093.237440</ele>
        <time>2024-08-11T03:18:56.963Z</time>
      </trkpt>
      <trkpt lat="59.910645" lon="8.545136">
        <ele>1093.564995</ele>
        <time>2024-08-11T03:19:07.640Z</time>
      </trkpt>
      <trkpt lat="59.910190" lon="8.544995">
        <ele>1094.144972</ele>
        <time>2024-08-11T03:19:27.287Z</time>
      </trkpt>
      <trkpt lat="59.909413" lon="8.544945">
        <ele>1095.127680</ele>
        <time>2024-08-11T03:20:01.435Z</time>
      </trkpt>
      <trkpt lat="59.909208" lon="8.545008">
        <ele>1095.424934</ele>
        <time>2024-08-11T03:20:10.696Z</time>
      </trkpt>
      <trkpt lat="59.908928" lon="8.544970">
        <ele>1095.827131</ele>
        <time>2024-08-11T03:20:23.208Z</time>
      </trkpt>
      <trkpt lat="59.908261" lon="8.544426">
        <ele>1096.859845</ele>
        <time>2024-08-11T03:20:54.491Z</time>
      </trkpt>
      <trkpt lat="59.907742" lon="8.544267">
        <ele>1097.612350</ele>
        <time>2024-08-11T03:21:16.300Z</time>
      </trkpt>
      <trkpt lat="59.907260" lon="8.543896">
        <ele>1097.783612</ele>
        <time>2024-08-11T03:21:36.619Z</time>
      </trkpt>
      <trkpt lat="59.907072" lon="8.543839">
        <ele>1097.826853</ele>
        <time>2024-08-11T03:21:43.938Z</time>
      </trkpt>
      <trkpt lat="59.906921" lon="8.543830">
        <ele>1097.861204</ele>
        <time>2024-08-11T03:21:49.816Z</time>
      </trkpt>
      <trkpt lat="59.906398" lon="8.543958">
        <ele>1097.981021</ele>
        <time>2024-08-11T03:22:10.117Z</time>
      </trkpt>
      <trkpt lat="59.905704" lon="8.544220">
        <ele>1097.575496</ele>
        <time>2024-08-11T03:22:35.560Z</time>
      </trkpt>
      <trkpt lat="59.905306" lon="8.544179">
        <ele>1096.755896</ele>
        <time>2024-08-11T03:22:48.619Z</time>
      </trkpt>
      <trkpt lat="59.905116" lon="8.544421">
        <ele>1096.292258</ele>
        <time>2024-08-11T03:22:55.729Z</time>
      </trkpt>
      <trkpt lat="59.905040" lon="8.544626">
        <ele>1096.029351</ele>
        <time>2024-08-11T03:22:59.723Z</time>
      </trkpt>
      <trkpt lat="59.904776" lon="8.545757">
        <ele>1094.742850</ele>
        <time>2024-08-11T03:23:18.604Z</time>
      </trkpt>
      <trkpt lat="59.904540" lon="8.546323">
        <ele>1093.487658</ele>
        <time>2024-08-11T03:23:29.374Z</time>
      </trkpt>
      <trkpt lat="59.904469" lon="8.546452">
        <ele>1093.046684</ele>
        <time>2024-08-11T03:23:32.117Z</time>
      </trkpt>
      <trkpt lat="59.903867" lon="8.547038">
        <ele>1089.971114</ele>
        <time>2024-08-11T03:23:50.859Z</time>
      </trkpt>
      <trkpt lat="59.903553" lon="8.547287">
        <ele>1088.419691</ele>
        <time>2024-08-11T03:24:00.121Z</time>
      </trkpt>
      <trkpt lat="59.902477" lon="8.547917">
        <ele>1083.007889</ele>
        <time>2024-08-11T03:24:30.545Z</time>
      </trkpt>
      <trkpt lat="59.901942" lon="8.548375">
        <ele>1080.088632</ele>
        <time>2024-08-11T03:24:46.425Z</time>
      </trkpt>
      <trkpt lat="59.901601" lon="8.548476">
        <ele>1078.360087</ele>
        <time>2024-08-11T03:24:55.966Z</time>
      </trkpt>
      <trkpt lat="59.901385" lon="8.548592">
        <ele>1077.238465</ele>
        <time>2024-08-11T03:25:02.200Z</time>
      </trkpt>
      <trkpt lat="59.901002" lon="8.549038">
        <ele>1075.675168</ele>
        <time>2024-08-11T03:25:14.769Z</time>
      </trkpt>
      <trkpt lat="59.900789" lon="8.549235">
        <ele>1074.869032</ele>
        <time>2024-08-11T03:25:21.509Z</time>
      </trkpt>
      <trkpt lat="59.899790" lon="8.549636">
        <ele>1071.370321</ele>
        <time>2024-08-11T03:25:51.851Z</time>
      </trkpt>
      <trkpt lat="59.899054" lon="8.550447">
        <ele>1068.749440</ele>
        <time>2024-08-11T03:26:17.333Z</time>
      </trkpt>
      <trkpt lat="59.898115" lon="8.551664">
        <ele>1065.256677</ele>
        <time>2024-08-11T03:26:50.672Z</time>
      </trkpt>
      <trkpt lat="59.897073" lon="8.552192">
        <ele>1059.978504</ele>
        <time>2024-08-11T03:27:20.856Z</time>
      </trkpt>
      <trkpt lat="59.896921" lon="8.552225">
        <ele>1059.227870</ele>
        <time>2024-08-11T03:27:24.994Z</time>
      </trkpt>
      <trkpt lat="59.896738" lon="8.552196">
        <ele>1058.326624</ele>
        <time>2024-08-11T03:27:29.976Z</time>
      </trkpt>
      <trkpt lat="59.896677" lon="8.552519">
        <ele>1057.476775</ele>
        <time>2024-08-11T03:27:46.270Z</time>
      </trkpt>
      <trkpt lat="59.896378" lon="8.552090">
        <ele>1055.231241</ele>
        <time>2024-08-11T03:28:20.792Z</time>
      </trkpt>
      <trkpt lat="59.895973" lon="8.551906">
        <ele>1052.235115</ele>
        <time>2024-08-11T03:28:31.496Z</time>
      </trkpt>
      <trkpt lat="59.895452" lon="8.551439">
        <ele>1048.114844</ele>
        <time>2024-08-11T03:28:45.991Z</time>
      </trkpt>
      <trkpt lat="59.895367" lon="8.551335">
        <ele>1047.395496</ele>
        <time>2024-08-11T03:28:48.543Z</time>
      </trkpt>
      <trkpt lat="59.895139" lon="8.550808">
        <ele>1044.877607</ele>
        <time>2024-08-11T03:28:57.509Z</time>
      </trkpt>
      <trkpt lat="59.894944" lon="8.550534">
        <ele>1043.355779</ele>
        <time>2024-08-11T03:29:03.613Z</time>
      </trkpt>
      <trkpt lat="59.894682" lon="8.550066">
        <ele>1041.893774</ele>
        <time>2024-08-11T03:29:12.894Z</time>
      </trkpt>
      <trkpt lat="59.894374" lon="8.549653">
        <ele>1040.351118</ele>
        <time>2024-08-11T03:29:23.239Z</time>
      </trkpt>
      <trkpt lat="59.893919" lon="8.548409">
        <ele>1037.141578</ele>
        <time>2024-08-11T03:29:46.012Z</time>
      </trkpt>
      <trkpt lat="59.893853" lon="8.548019">
        <ele>1036.283530</ele>
        <time>2024-08-11T03:29:52.356Z</time>
      </trkpt>
      <trkpt lat="59.893749" lon="8.547012">
        <ele>1035.855498</ele>
        <time>2024-08-11T03:30:09.530Z</time>
      </trkpt>
      <trkpt lat="59.893754" lon="8.546859">
        <ele>1035.808523</ele>
        <time>2024-08-11T03:30:12.116Z</time>
      </trkpt>
      <trkpt lat="59.893881" lon="8.546200">
        <ele>1035.592230</ele>
        <time>2024-08-11T03:30:24.937Z</time>
      </trkpt>
      <trkpt lat="59.893872" lon="8.545847">
        <ele>1035.483939</ele>
        <time>2024-08-11T03:30:31.428Z</time>
      </trkpt>
      <trkpt lat="59.893364" lon="8.544953">
        <ele>1035.070055</ele>
        <time>2024-08-11T03:30:57.098Z</time>
      </trkpt>
      <trkpt lat="59.891486" lon="8.541860">
        <ele>1031.315890</ele>
        <time>2024-08-11T03:32:24.172Z</time>
      </trkpt>
      <trkpt lat="59.891352" lon="8.541555">
        <ele>1030.272245</ele>
        <time>2024-08-11T03:32:29.941Z</time>
      </trkpt>
      <trkpt lat="59.891294" lon="8.541358">
        <ele>1029.684255</ele>
        <time>2024-08-11T03:32:33.127Z</time>
      </trkpt>
      <trkpt lat="59.891226" lon="8.541147">
        <ele>1029.038687</ele>
        <time>2024-08-11T03:32:36.468Z</time>
      </trkpt>
      <trkpt lat="59.891115" lon="8.540483">
        <ele>1027.237053</ele>
        <time>2024-08-11T03:32:45.573Z</time>
      </trkpt>
      <trkpt lat="59.891044" lon="8.540242">
        <ele>1026.517613</ele>
        <time>2024-08-11T03:32:49.101Z</time>
      </trkpt>
      <trkpt lat="59.890955" lon="8.540104">
        <ele>1025.939028</ele>
        <time>2024-08-11T03:32:51.902Z</time>
      </trkpt>
      <trkpt lat="59.890645" lon="8.539866">
        <ele>1022.700272</ele>
        <time>2024-08-11T03:33:00.034Z</time>
      </trkpt>
      <trkpt lat="59.889608" lon="8.538851">
        <ele>1007.437438</ele>
        <time>2024-08-11T03:33:27.119Z</time>
      </trkpt>
      <trkpt lat="59.889559" lon="8.538752">
        <ele>1006.515691</ele>
        <time>2024-08-11T03:33:28.719Z</time>
      </trkpt>
      <trkpt lat="59.889418" lon="8.538239">
        <ele>1002.638755</ele>
        <time>2024-08-11T03:33:35.504Z</time>
      </trkpt>
      <trkpt lat="59.888824" lon="8.537264">
        <ele>991.940229</ele>
        <time>2024-08-11T03:33:53.308Z</time>
      </trkpt>
      <trkpt lat="59.888424" lon="8.536511">
        <ele>984.239924</ele>
        <time>2024-08-11T03:34:06.157Z</time>
      </trkpt>
      <trkpt lat="59.887319" lon="8.534876">
        <ele>966.254683</ele>
        <time>2024-08-11T03:34:38.650Z</time>
      </trkpt>
      <trkpt lat="59.887121" lon="8.534481">
        <ele>962.776752</ele>
        <time>2024-08-11T03:34:45.366Z</time>
      </trkpt>
      <trkpt lat="59.887082" lon="8.534446">
        <ele>962.245747</ele>
        <time>2024-08-11T03:34:46.377Z</time>
      </trkpt>
      <trkpt lat="59.887017" lon="8.534509">
        <ele>961.348413</ele>
        <time>2024-08-11T03:34:48.083Z</time>
      </trkpt>
      <trkpt lat="59.887271" lon="8.535872">
        <ele>952.187440</ele>
        <time>2024-08-11T03:35:05.522Z</time>
      </trkpt>
      <trkpt lat="59.887350" lon="8.536536">
        <ele>947.667772</ele>
        <time>2024-08-11T03:35:13.640Z</time>
      </trkpt>
      <trkpt lat="59.887370" lon="8.537052">
        <ele>944.240103</ele>
        <time>2024-08-11T03:35:19.769Z</time>
      </trkpt>
      <trkpt lat="59.887308" lon="8.537521">
        <ele>941.027876</ele>
        <time>2024-08-11T03:35:25.453Z</time>
      </trkpt>
      <trkpt lat="59.887200" lon="8.537995">
        <ele>937.579968</ele>
        <time>2024-08-11T03:35:31.591Z</time>
      </trkpt>
      <trkpt lat="59.886989" lon="8.538689">
        <ele>932.205419</ele>
        <time>2024-08-11T03:35:41.136Z</time>
      </trkpt>
      <trkpt lat="59.886701" lon="8.539430">
        <ele>925.772968</ele>
        <time>2024-08-11T03:35:52.119Z</time>
      </trkpt>
      <trkpt lat="59.886531" lon="8.539854">
        <ele>921.986186</ele>
        <time>2024-08-11T03:35:58.428Z</time>
      </trkpt>
      <trkpt lat="59.886494" lon="8.540130">
        <ele>919.992998</ele>
        <time>2024-08-11T03:36:01.762Z</time>
      </trkpt>
      <trkpt lat="59.886398" lon="8.541494">
        <ele>910.383270</ele>
        <time>2024-08-11T03:36:17.825Z</time>
      </trkpt>
      <trkpt lat="59.886235" lon="8.542131">
        <ele>905.394281</ele>
        <time>2024-08-11T03:36:26.269Z</time>
      </trkpt>
      <trkpt lat="59.886097" lon="8.542944">
        <ele>900.173565</ele>
        <time>2024-08-11T03:36:36.540Z</time>
      </trkpt>
      <trkpt lat="59.886078" lon="8.543286">
        <ele>898.091615</ele>
        <time>2024-08-11T03:36:40.701Z</time>
      </trkpt>
      <trkpt lat="59.886089" lon="8.543667">
        <ele>895.782524</ele>
        <time>2024-08-11T03:36:45.272Z</time>
      </trkpt>
      <trkpt lat="59.886178" lon="8.544574">
        <ele>890.190670</ele>
        <time>2024-08-11T03:36:56.213Z</time>
      </trkpt>
      <trkpt lat="59.886178" lon="8.544756">
        <ele>889.089465</ele>
        <time>2024-08-11T03:36:58.351Z</time>
      </trkpt>
      <trkpt lat="59.886105" lon="8.545345">
        <ele>885.418544</ele>
        <time>2024-08-11T03:37:05.655Z</time>
      </trkpt>
      <trkpt lat="59.886105" lon="8.546025">
        <ele>881.329183</ele>
        <time>2024-08-11T03:37:14.012Z</time>
      </trkpt>
      <trkpt lat="59.886069" lon="8.546320">
        <ele>879.513216</ele>
        <time>2024-08-11T03:37:17.731Z</time>
      </trkpt>
      <trkpt lat="59.886003" lon="8.546552">
        <ele>877.917970</ele>
        <time>2024-08-11T03:37:21.048Z</time>
      </trkpt>
      <trkpt lat="59.885934" lon="8.546660">
        <ele>876.872030</ele>
        <time>2024-08-11T03:37:23.165Z</time>
      </trkpt>
      <trkpt lat="59.885866" lon="8.546664">
        <ele>876.060993</ele>
        <time>2024-08-11T03:37:24.797Z</time>
      </trkpt>
      <trkpt lat="59.885789" lon="8.546528">
        <ele>874.834437</ele>
        <time>2024-08-11T03:37:27.303Z</time>
      </trkpt>
      <trkpt lat="59.885639" lon="8.546095">
        <ele>871.687065</ele>
        <time>2024-08-11T03:37:33.639Z</time>
      </trkpt>
      <trkpt lat="59.885555" lon="8.545541">
        <ele>868.225292</ele>
        <time>2024-08-11T03:37:40.545Z</time>
      </trkpt>
      <trkpt lat="59.885567" lon="8.545320">
        <ele>866.895657</ele>
        <time>2024-08-11T03:37:43.157Z</time>
      </trkpt>
      <trkpt lat="59.885585" lon="8.545025">
        <ele>865.118108</ele>
        <time>2024-08-11T03:37:51.772Z</time>
      </trkpt>
      <trkpt lat="59.885572" lon="8.544789">
        <ele>863.697988</ele>
        <time>2024-08-11T03:37:58.479Z</time>
      </trkpt>
      <trkpt lat="59.885499" lon="8.544378">
        <ele>860.914994</ele>
        <time>2024-08-11T03:38:10.955Z</time>
      </trkpt>
      <trkpt lat="59.885393" lon="8.543987">
        <ele>857.772517</ele>
        <time>2024-08-11T03:38:23.468Z</time>
      </trkpt>
      <trkpt lat="59.885223" lon="8.543572">
        <ele>853.984296</ele>
        <time>2024-08-11T03:38:38.955Z</time>
      </trkpt>
      <trkpt lat="59.885063" lon="8.542844">
        <ele>848.364469</ele>
        <time>2024-08-11T03:39:01.976Z</time>
      </trkpt>
      <trkpt lat="59.884902" lon="8.542238">
        <ele>843.515825</ele>
        <time>2024-08-11T03:39:21.642Z</time>
      </trkpt>
      <trkpt lat="59.884855" lon="8.542157">
        <ele>842.640171</ele>
        <time>2024-08-11T03:39:25.119Z</time>
      </trkpt>
      <trkpt lat="59.884804" lon="8.543019">
        <ele>836.477311</ele>
        <time>2024-08-11T03:39:49.282Z</time>
      </trkpt>
      <trkpt lat="59.884723" lon="8.543379">
        <ele>833.333669</ele>
        <time>2024-08-11T03:40:00.234Z</time>
      </trkpt>
      <trkpt lat="59.884684" lon="8.543736">
        <ele>830.422497</ele>
        <time>2024-08-11T03:40:10.302Z</time>
      </trkpt>
      <trkpt lat="59.884668" lon="8.544219">
        <ele>826.565634</ele>
        <time>2024-08-11T03:40:23.716Z</time>
      </trkpt>
      <trkpt lat="59.884709" lon="8.544882">
        <ele>821.242961</ele>
        <time>2024-08-11T03:40:42.277Z</time>
      </trkpt>
      <trkpt lat="59.884695" lon="8.545022">
        <ele>820.105520</ele>
        <time>2024-08-11T03:40:46.236Z</time>
      </trkpt>
      <trkpt lat="59.884611" lon="8.545289">
        <ele>817.594470</ele>
        <time>2024-08-11T03:40:55.106Z</time>
      </trkpt>
      <trkpt lat="59.884612" lon="8.544946">
        <ele>814.861437</ele>
        <time>2024-08-11T03:41:04.779Z</time>
      </trkpt>
      <trkpt lat="59.884563" lon="8.544776">
        <ele>813.299295</ele>
        <time>2024-08-11T03:41:10.333Z</time>
      </trkpt>
      <trkpt lat="59.884312" lon="8.544919">
        <ele>809.153653</ele>
        <time>2024-08-11T03:41:24.979Z</time>
      </trkpt>
      <trkpt lat="59.884380" lon="8.545253">
        <ele>806.321416</ele>
        <time>2024-08-11T03:41:35.104Z</time>
      </trkpt>
      <trkpt lat="59.884369" lon="8.545687">
        <ele>802.933072</ele>
        <time>2024-08-11T03:41:47.274Z</time>
      </trkpt>
      <trkpt lat="59.884481" lon="8.546210">
        <ele>798.499187</ele>
        <time>2024-08-11T03:42:03.214Z</time>
      </trkpt>
      <trkpt lat="59.884507" lon="8.546553">
        <ele>795.794373</ele>
        <time>2024-08-11T03:42:12.846Z</time>
      </trkpt>
      <trkpt lat="59.884577" lon="8.546890">
        <ele>792.950424</ele>
        <time>2024-08-11T03:42:22.938Z</time>
      </trkpt>
      <trkpt lat="59.884539" lon="8.547220">
        <ele>790.310433</ele>
        <time>2024-08-11T03:42:32.349Z</time>
      </trkpt>
      <trkpt lat="59.884546" lon="8.547363">
        <ele>789.190131</ele>
        <time>2024-08-11T03:42:36.390Z</time>
      </trkpt>
      <trkpt lat="59.884700" lon="8.547690">
        <ele>785.693216</ele>
        <time>2024-08-11T03:42:48.953Z</time>
      </trkpt>
      <trkpt lat="59.884782" lon="8.547958">
        <ele>783.245665</ele>
        <time>2024-08-11T03:42:57.792Z</time>
      </trkpt>
      <trkpt lat="59.884817" lon="8.548184">
        <ele>781.401464</ele>
        <time>2024-08-11T03:43:04.443Z</time>
      </trkpt>
      <trkpt lat="59.884834" lon="8.548790">
        <ele>776.809982</ele>
        <time>2024-08-11T03:43:21.557Z</time>
      </trkpt>
      <trkpt lat="59.884804" lon="8.548828">
        <ele>776.279715</ele>
        <time>2024-08-11T03:43:23.530Z</time>
      </trkpt>
      <trkpt lat="59.884781" lon="8.548785">
        <ele>775.809279</ele>
        <time>2024-08-11T03:43:25.325Z</time>
      </trkpt>
      <trkpt lat="59.884750" lon="8.548322">
        <ele>772.313072</ele>
        <time>2024-08-11T03:43:38.484Z</time>
      </trkpt>
      <trkpt lat="59.884699" lon="8.548136">
        <ele>770.726564</ele>
        <time>2024-08-11T03:43:44.463Z</time>
      </trkpt>
      <trkpt lat="59.884592" lon="8.547962">
        <ele>768.666461</ele>
        <time>2024-08-11T03:43:52.187Z</time>
      </trkpt>
      <trkpt lat="59.884364" lon="8.547707">
        <ele>764.766271</ele>
        <time>2024-08-11T03:44:06.826Z</time>
      </trkpt>
      <trkpt lat="59.884291" lon="8.547545">
        <ele>763.136478</ele>
        <time>2024-08-11T03:44:12.910Z</time>
      </trkpt>
      <trkpt lat="59.884237" lon="8.547308">
        <ele>761.188202</ele>
        <time>2024-08-11T03:44:20.325Z</time>
      </trkpt>
      <trkpt lat="59.884168" lon="8.546751">
        <ele>756.893880</ele>
        <time>2024-08-11T03:44:36.591Z</time>
      </trkpt>
      <trkpt lat="59.884022" lon="8.546204">
        <ele>752.154581</ele>
        <time>2024-08-11T03:44:54.208Z</time>
      </trkpt>
      <trkpt lat="59.884000" lon="8.546237">
        <ele>751.705854</ele>
        <time>2024-08-11T03:44:55.757Z</time>
      </trkpt>
      <trkpt lat="59.884018" lon="8.547168">
        <ele>744.087467</ele>
        <time>2024-08-11T03:45:21.943Z</time>
      </trkpt>
      <trkpt lat="59.883997" lon="8.547205">
        <ele>743.630676</ele>
        <time>2024-08-11T03:45:23.471Z</time>
      </trkpt>
      <trkpt lat="59.883972" lon="8.547180">
        <ele>743.174847</ele>
        <time>2024-08-11T03:45:25.091Z</time>
      </trkpt>
      <trkpt lat="59.883814" lon="8.546209">
        <ele>734.827921</ele>
        <time>2024-08-11T03:45:53.295Z</time>
      </trkpt>
      <trkpt lat="59.883665" lon="8.545677">
        <ele>729.845929</ele>
        <time>2024-08-11T03:46:10.147Z</time>
      </trkpt>
      <trkpt lat="59.883624" lon="8.545672">
        <ele>729.176511</ele>
        <time>2024-08-11T03:46:12.372Z</time>
      </trkpt>
      <trkpt lat="59.883717" lon="8.546346">
        <ele>723.385329</ele>
        <time>2024-08-11T03:46:31.752Z</time>
      </trkpt>
      <trkpt lat="59.883706" lon="8.546535">
        <ele>721.629071</ele>
        <time>2024-08-11T03:46:36.973Z</time>
      </trkpt>
      <trkpt lat="59.883619" lon="8.546922">
        <ele>717.714718</ele>
        <time>2024-08-11T03:46:48.708Z</time>
      </trkpt>
      <trkpt lat="59.883624" lon="8.547478">
        <ele>712.581733</ele>
        <time>2024-08-11T03:47:03.909Z</time>
      </trkpt>
      <trkpt lat="59.883692" lon="8.547826">
        <ele>709.134533</ele>
        <time>2024-08-11T03:47:14.098Z</time>
      </trkpt>
      <trkpt lat="59.883695" lon="8.548148">
        <ele>706.161804</ele>
        <time>2024-08-11T03:47:22.818Z</time>
      </trkpt>
      <trkpt lat="59.883847" lon="8.548851">
        <ele>699.095950</ele>
        <time>2024-08-11T03:47:43.479Z</time>
      </trkpt>
      <trkpt lat="59.883842" lon="8.549053">
        <ele>697.229133</ele>
        <time>2024-08-11T03:47:48.948Z</time>
      </trkpt>
      <trkpt lat="59.883890" lon="8.549368">
        <ele>694.190416</ele>
        <time>2024-08-11T03:47:57.830Z</time>
      </trkpt>
      <trkpt lat="59.883873" lon="8.549685">
        <ele>691.247704</ele>
        <time>2024-08-11T03:48:06.532Z</time>
      </trkpt>
      <trkpt lat="59.883904" lon="8.549838">
        <ele>689.892479</ele>
        <time>2024-08-11T03:48:11.068Z</time>
      </trkpt>
      <trkpt lat="59.883901" lon="8.549909">
        <ele>689.324410</ele>
        <time>2024-08-11T03:48:13.029Z</time>
      </trkpt>
      <trkpt lat="59.883876" lon="8.549943">
        <ele>688.843491</ele>
        <time>2024-08-11T03:48:14.680Z</time>
      </trkpt>
      <trkpt lat="59.883824" lon="8.549877">
        <ele>687.863895</ele>
        <time>2024-08-11T03:48:18.075Z</time>
      </trkpt>
      <trkpt lat="59.883767" lon="8.549430">
        <ele>684.186773</ele>
        <time>2024-08-11T03:48:30.955Z</time>
      </trkpt>
      <trkpt lat="59.883493" lon="8.548797">
        <ele>677.521514</ele>
        <time>2024-08-11T03:48:54.604Z</time>
      </trkpt>
      <trkpt lat="59.883364" lon="8.548397">
        <ele>673.730438</ele>
        <time>2024-08-11T03:49:08.096Z</time>
      </trkpt>
      <trkpt lat="59.883311" lon="8.548032">
        <ele>670.700928</ele>
        <time>2024-08-11T03:49:18.749Z</time>
      </trkpt>
      <trkpt lat="59.883079" lon="8.547152">
        <ele>662.775247</ele>
        <time>2024-08-11T03:49:46.507Z</time>
      </trkpt>
      <trkpt lat="59.882972" lon="8.546161">
        <ele>655.112033</ele>
        <time>2024-08-11T03:50:14.808Z</time>
      </trkpt>
      <trkpt lat="59.882952" lon="8.546114">
        <ele>654.647477</ele>
        <time>2024-08-11T03:50:16.537Z</time>
      </trkpt>
      <trkpt lat="59.882925" lon="8.546145">
        <ele>654.179342</ele>
        <time>2024-08-11T03:50:18.262Z</time>
      </trkpt>
      <trkpt lat="59.882888" lon="8.546660">
        <ele>650.257501</ele>
        <time>2024-08-11T03:50:33.020Z</time>
      </trkpt>
      <trkpt lat="59.882882" lon="8.547496">
        <ele>643.954798</ele>
        <time>2024-08-11T03:50:56.859Z</time>
      </trkpt>
      <trkpt lat="59.882957" lon="8.548156">
        <ele>638.853499</ele>
        <time>2024-08-11T03:51:16.367Z</time>
      </trkpt>
      <trkpt lat="59.882915" lon="8.548561">
        <ele>635.735949</ele>
        <time>2024-08-11T03:51:27.812Z</time>
      </trkpt>
      <trkpt lat="59.883123" lon="8.550284">
        <ele>621.634242</ele>
        <time>2024-08-11T03:52:16.746Z</time>
      </trkpt>
      <trkpt lat="59.883233" lon="8.550811">
        <ele>617.085349</ele>
        <time>2024-08-11T03:52:32.795Z</time>
      </trkpt>
      <trkpt lat="59.883218" lon="8.550895">
        <ele>616.374771</ele>
        <time>2024-08-11T03:52:35.270Z</time>
      </trkpt>
      <trkpt lat="59.883118" lon="8.550604">
        <ele>613.563855</ele>
        <time>2024-08-11T03:52:45.262Z</time>
      </trkpt>
      <trkpt lat="59.883009" lon="8.550416">
        <ele>611.274278</ele>
        <time>2024-08-11T03:52:53.400Z</time>
      </trkpt>
      <trkpt lat="59.882525" lon="8.548992">
        <ele>597.231458</ele>
        <time>2024-08-11T03:53:41.580Z</time>
      </trkpt>
      <trkpt lat="59.882472" lon="8.548579">
        <ele>593.710405</ele>
        <time>2024-08-11T03:53:53.349Z</time>
      </trkpt>
      <trkpt lat="59.882407" lon="8.548277">
        <ele>590.996179</ele>
        <time>2024-08-11T03:54:02.279Z</time>
      </trkpt>
      <trkpt lat="59.882178" lon="8.547547">
        <ele>583.885208</ele>
        <time>2024-08-11T03:54:25.881Z</time>
      </trkpt>
      <trkpt lat="59.882136" lon="8.547198">
        <ele>580.920796</ele>
        <time>2024-08-11T03:54:35.856Z</time>
      </trkpt>
      <trkpt lat="59.882037" lon="8.547035">
        <ele>578.806945</ele>
        <time>2024-08-11T03:54:43.007Z</time>
      </trkpt>
      <trkpt lat="59.882036" lon="8.546824">
        <ele>577.080209</ele>
        <time>2024-08-11T03:54:48.950Z</time>
      </trkpt>
      <trkpt lat="59.882001" lon="8.546581">
        <ele>575.286097</ele>
        <time>2024-08-11T03:54:56.009Z</time>
      </trkpt>
      <trkpt lat="59.881889" lon="8.546285">
        <ele>572.655212</ele>
        <time>2024-08-11T03:55:06.440Z</time>
      </trkpt>
      <trkpt lat="59.881766" lon="8.545836">
        <ele>569.024897</ele>
        <time>2024-08-11T03:55:20.905Z</time>
      </trkpt>
      <trkpt lat="59.881755" lon="8.545599">
        <ele>567.335809</ele>
        <time>2024-08-11T03:55:27.672Z</time>
      </trkpt>
      <trkpt lat="59.881775" lon="8.545260">
        <ele>564.913471</ele>
        <time>2024-08-11T03:55:37.325Z</time>
      </trkpt>
      <trkpt lat="59.881753" lon="8.545224">
        <ele>564.510880</ele>
        <time>2024-08-11T03:55:38.933Z</time>
      </trkpt>
      <trkpt lat="59.881628" lon="8.545912">
        <ele>559.318172</ele>
        <time>2024-08-11T03:55:59.805Z</time>
      </trkpt>
      <trkpt lat="59.881618" lon="8.546245">
        <ele>556.950747</ele>
        <time>2024-08-11T03:56:09.374Z</time>
      </trkpt>
      <trkpt lat="59.881670" lon="8.546701">
        <ele>553.632145</ele>
        <time>2024-08-11T03:56:22.789Z</time>
      </trkpt>
      <trkpt lat="59.881667" lon="8.547371">
        <ele>549.273628</ele>
        <time>2024-08-11T03:56:42.147Z</time>
      </trkpt>
      <trkpt lat="59.881721" lon="8.547611">
        <ele>547.665440</ele>
        <time>2024-08-11T03:56:49.833Z</time>
      </trkpt>
      <trkpt lat="59.881746" lon="8.547983">
        <ele>545.370633</ele>
        <time>2024-08-11T03:57:00.789Z</time>
      </trkpt>
      <trkpt lat="59.881659" lon="8.548477">
        <ele>542.169564</ele>
        <time>2024-08-11T03:57:16.193Z</time>
      </trkpt>
      <trkpt lat="59.881781" lon="8.548860">
        <ele>539.395813</ele>
        <time>2024-08-11T03:57:29.507Z</time>
      </trkpt>
      <trkpt lat="59.881819" lon="8.549559">
        <ele>535.096957</ele>
        <time>2024-08-11T03:57:50.083Z</time>
      </trkpt>
      <trkpt lat="59.881812" lon="8.549993">
        <ele>532.442012</ele>
        <time>2024-08-11T03:58:02.795Z</time>
      </trkpt>
      <trkpt lat="59.881754" lon="8.550244">
        <ele>530.752431</ele>
        <time>2024-08-11T03:58:10.808Z</time>
      </trkpt>
      <trkpt lat="59.881680" lon="8.550752">
        <ele>527.091776</ele>
        <time>2024-08-11T03:58:26.086Z</time>
      </trkpt>
      <trkpt lat="59.881656" lon="8.551106">
        <ele>524.503892</ele>
        <time>2024-08-11T03:58:36.254Z</time>
      </trkpt>
      <trkpt lat="59.881684" lon="8.551388">
        <ele>522.421309</ele>
        <time>2024-08-11T03:58:44.468Z</time>
      </trkpt>
      <trkpt lat="59.881882" lon="8.551703">
        <ele>518.763512</ele>
        <time>2024-08-11T03:58:58.777Z</time>
      </trkpt>
      <trkpt lat="59.881859" lon="8.551736">
        <ele>518.354342</ele>
        <time>2024-08-11T03:59:00.356Z</time>
      </trkpt>
      <trkpt lat="59.881640" lon="8.551602">
        <ele>515.046847</ele>
        <time>2024-08-11T03:59:13.244Z</time>
      </trkpt>
      <trkpt lat="59.881569" lon="8.551506">
        <ele>513.808116</ele>
        <time>2024-08-11T03:59:18.055Z</time>
      </trkpt>
      <trkpt lat="59.881490" lon="8.551174">
        <ele>511.146174</ele>
        <time>2024-08-11T03:59:28.359Z</time>
      </trkpt>
      <trkpt lat="59.881437" lon="8.550762">
        <ele>508.064866</ele>
        <time>2024-08-11T03:59:40.238Z</time>
      </trkpt>
      <trkpt lat="59.881440" lon="8.550203">
        <ele>504.014885</ele>
        <time>2024-08-11T03:59:55.918Z</time>
      </trkpt>
      <trkpt lat="59.881338" lon="8.549995">
        <ele>501.830397</ele>
        <time>2024-08-11T04:00:04.104Z</time>
      </trkpt>
      <trkpt lat="59.881188" lon="8.549329">
        <ele>496.331353</ele>
        <time>2024-08-11T04:00:24.566Z</time>
      </trkpt>
      <trkpt lat="59.881149" lon="8.549306">
        <ele>495.720794</ele>
        <time>2024-08-11T04:00:26.831Z</time>
      </trkpt>
      <trkpt lat="59.881138" lon="8.549346">
        <ele>495.377198</ele>
        <time>2024-08-11T04:00:28.142Z</time>
      </trkpt>
      <trkpt lat="59.881174" lon="8.549812">
        <ele>491.825526</ele>
        <time>2024-08-11T04:00:41.423Z</time>
      </trkpt>
      <trkpt lat="59.881140" lon="8.550128">
        <ele>489.391036</ele>
        <time>2024-08-11T04:00:50.525Z</time>
      </trkpt>
      <trkpt lat="59.881166" lon="8.550526">
        <ele>486.367656</ele>
        <time>2024-08-11T04:01:01.803Z</time>
      </trkpt>
      <trkpt lat="59.881094" lon="8.550831">
        <ele>483.828589</ele>
        <time>2024-08-11T04:01:11.290Z</time>
      </trkpt>
      <trkpt lat="59.881056" lon="8.551226">
        <ele>480.798912</ele>
        <time>2024-08-11T04:01:22.624Z</time>
      </trkpt>
      <trkpt lat="59.881127" lon="8.552135">
        <ele>474.080611</ele>
        <time>2024-08-11T04:01:48.598Z</time>
      </trkpt>
      <trkpt lat="59.881099" lon="8.552141">
        <ele>473.687800</ele>
        <time>2024-08-11T04:01:50.150Z</time>
      </trkpt>
      <trkpt lat="59.881050" lon="8.551823">
        <ele>471.359439</ele>
        <time>2024-08-11T04:01:59.565Z</time>
      </trkpt>
      <trkpt lat="59.880858" lon="8.551149">
        <ele>465.934705</ele>
        <time>2024-08-11T04:02:21.706Z</time>
      </trkpt>
      <trkpt lat="59.880837" lon="8.551184">
        <ele>465.552847</ele>
        <time>2024-08-11T04:02:23.295Z</time>
      </trkpt>
      <trkpt lat="59.880871" lon="8.551977">
        <ele>459.982119</ele>
        <time>2024-08-11T04:02:46.188Z</time>
      </trkpt>
      <trkpt lat="59.880835" lon="8.552245">
        <ele>458.040239</ele>
        <time>2024-08-11T04:02:54.108Z</time>
      </trkpt>
      <trkpt lat="59.880821" lon="8.552598">
        <ele>455.561753</ele>
        <time>2024-08-11T04:03:04.249Z</time>
      </trkpt>
      <trkpt lat="59.880777" lon="8.552598">
        <ele>454.948018</ele>
        <time>2024-08-11T04:03:06.741Z</time>
      </trkpt>
      <trkpt lat="59.880702" lon="8.552359">
        <ele>452.974985</ele>
        <time>2024-08-11T04:03:14.713Z</time>
      </trkpt>
      <trkpt lat="59.880491" lon="8.551972">
        <ele>449.018148</ele>
        <time>2024-08-11T04:03:30.914Z</time>
      </trkpt>
      <trkpt lat="59.880459" lon="8.551872">
        <ele>448.200811</ele>
        <time>2024-08-11T04:03:34.267Z</time>
      </trkpt>
      <trkpt lat="59.880422" lon="8.551421">
        <ele>445.051529</ele>
        <time>2024-08-11T04:03:47.196Z</time>
      </trkpt>
      <trkpt lat="59.880352" lon="8.550951">
        <ele>441.672918</ele>
        <time>2024-08-11T04:04:01.073Z</time>
      </trkpt>
      <trkpt lat="59.880362" lon="8.550820">
        <ele>440.759757</ele>
        <time>2024-08-11T04:04:04.853Z</time>
      </trkpt>
      <trkpt lat="59.880439" lon="8.550630">
        <ele>439.076708</ele>
        <time>2024-08-11T04:04:11.782Z</time>
      </trkpt>
      <trkpt lat="59.880415" lon="8.550558">
        <ele>438.481032</ele>
        <time>2024-08-11T04:04:14.254Z</time>
      </trkpt>
      <trkpt lat="59.880374" lon="8.550571">
        <ele>437.910889</ele>
        <time>2024-08-11T04:04:16.589Z</time>
      </trkpt>
      <trkpt lat="59.880218" lon="8.550799">
        <ele>435.254088</ele>
        <time>2024-08-11T04:04:27.662Z</time>
      </trkpt>
      <trkpt lat="59.880040" lon="8.551622">
        <ele>429.078047</ele>
        <time>2024-08-11T04:04:53.443Z</time>
      </trkpt>
      <trkpt lat="59.880014" lon="8.551827">
        <ele>427.620869</ele>
        <time>2024-08-11T04:04:59.471Z</time>
      </trkpt>
      <trkpt lat="59.880017" lon="8.552027">
        <ele>426.358380</ele>
        <time>2024-08-11T04:05:05.313Z</time>
      </trkpt>
      <trkpt lat="59.880108" lon="8.552973">
        <ele>420.658045</ele>
        <time>2024-08-11T04:05:32.876Z</time>
      </trkpt>
      <trkpt lat="59.880158" lon="8.553757">
        <ele>415.981044</ele>
        <time>2024-08-11T04:05:55.777Z</time>
      </trkpt>
      <trkpt lat="59.880252" lon="8.554064">
        <ele>413.852733</ele>
        <time>2024-08-11T04:06:06.486Z</time>
      </trkpt>
      <trkpt lat="59.880224" lon="8.554145">
        <ele>413.270652</ele>
        <time>2024-08-11T04:06:09.405Z</time>
      </trkpt>
      <trkpt lat="59.880008" lon="8.553970">
        <ele>410.520839</ele>
        <time>2024-08-11T04:06:23.527Z</time>
      </trkpt>
      <trkpt lat="59.879866" lon="8.553497">
        <ele>407.258939</ele>
        <time>2024-08-11T04:06:40.080Z</time>
      </trkpt>
      <trkpt lat="59.879795" lon="8.553428">
        <ele>406.327357</ele>
        <time>2024-08-11T04:06:44.780Z</time>
      </trkpt>
      <trkpt lat="59.879892" lon="8.554776">
        <ele>398.251978</ele>
        <time>2024-08-11T04:07:01.073Z</time>
      </trkpt>
      <trkpt lat="59.879939" lon="8.554846">
        <ele>397.558509</ele>
        <time>2024-08-11T04:07:02.489Z</time>
      </trkpt>
      <trkpt lat="59.879939" lon="8.554846">
        <ele>397.558509</ele>
        <time>2024-08-11T04:07:02.491Z</time>
      </trkpt>
      <trkpt lat="59.880081" lon="8.554840">
        <ele>395.879898</ele>
        <time>2024-08-11T04:07:05.798Z</time>
      </trkpt>
      <trkpt lat="59.880213" lon="8.555045">
        <ele>393.902048</ele>
        <time>2024-08-11T04:07:09.713Z</time>
      </trkpt>
      <trkpt lat="59.880236" lon="8.555167">
        <ele>393.129131</ele>
        <time>2024-08-11T04:07:11.305Z</time>
      </trkpt>
      <trkpt lat="59.879980" lon="8.555138">
        <ele>390.098698</ele>
        <time>2024-08-11T04:07:33.343Z</time>
      </trkpt>
      <trkpt lat="59.879576" lon="8.555208">
        <ele>385.305989</ele>
        <time>2024-08-11T04:08:08.698Z</time>
      </trkpt>
      <trkpt lat="59.879431" lon="8.555377">
        <ele>383.369726</ele>
        <time>2024-08-11T04:08:23.047Z</time>
      </trkpt>
      <trkpt lat="59.879337" lon="8.555411">
        <ele>382.283996</ele>
        <time>2024-08-11T04:08:31.267Z</time>
      </trkpt>
      <trkpt lat="59.879279" lon="8.555345">
        <ele>381.524948</ele>
        <time>2024-08-11T04:08:37.162Z</time>
      </trkpt>
      <trkpt lat="59.879204" lon="8.555058">
        <ele>379.679542</ele>
        <time>2024-08-11T04:08:51.241Z</time>
      </trkpt>
      <trkpt lat="59.879111" lon="8.555000">
        <ele>378.572080</ele>
        <time>2024-08-11T04:08:59.428Z</time>
      </trkpt>
      <trkpt lat="59.879157" lon="8.555537">
        <ele>375.465237</ele>
        <time>2024-08-11T04:09:02.675Z</time>
      </trkpt>
      <trkpt lat="59.879183" lon="8.555611">
        <ele>374.950052</ele>
        <time>2024-08-11T04:09:03.200Z</time>
      </trkpt>
      <trkpt lat="59.879398" lon="8.555752">
        <ele>372.377738</ele>
        <time>2024-08-11T04:09:05.882Z</time>
      </trkpt>
      <trkpt lat="59.879456" lon="8.555868">
        <ele>371.443862</ele>
        <time>2024-08-11T04:09:06.856Z</time>
      </trkpt>
      <trkpt lat="59.879652" lon="8.556539">
        <ele>367.016075</ele>
        <time>2024-08-11T04:09:11.604Z</time>
      </trkpt>
      <trkpt lat="59.879669" lon="8.556783">
        <ele>365.611202</ele>
        <time>2024-08-11T04:09:13.116Z</time>
      </trkpt>
      <trkpt lat="59.879629" lon="8.557081">
        <ele>363.899213</ele>
        <time>2024-08-11T04:09:15.099Z</time>
      </trkpt>
      <trkpt lat="59.879540" lon="8.557476">
        <ele>361.813494</ele>
        <time>2024-08-11T04:09:17.742Z</time>
      </trkpt>
      <trkpt lat="59.879418" lon="8.557853">
        <ele>359.652615</ele>
        <time>2024-08-11T04:09:20.548Z</time>
      </trkpt>
      <trkpt lat="59.879303" lon="8.557749">
        <ele>358.440358</ele>
        <time>2024-08-11T04:09:22.078Z</time>
      </trkpt>
      <trkpt lat="59.879285" lon="8.557628">
        <ele>357.832423</ele>
        <time>2024-08-11T04:09:22.863Z</time>
      </trkpt>
      <trkpt lat="59.879300" lon="8.557476">
        <ele>357.086206</ele>
        <time>2024-08-11T04:09:23.846Z</time>
      </trkpt>
      <trkpt lat="59.879435" lon="8.557103">
        <ele>354.870883</ele>
        <time>2024-08-11T04:09:26.629Z</time>
      </trkpt>
      <trkpt lat="59.879441" lon="8.556948">
        <ele>354.122023</ele>
        <time>2024-08-11T04:09:27.591Z</time>
      </trkpt>
      <trkpt lat="59.879384" lon="8.556821">
        <ele>353.301274</ele>
        <time>2024-08-11T04:09:28.662Z</time>
      </trkpt>
      <trkpt lat="59.879217" lon="8.556850">
        <ele>351.692145</ele>
        <time>2024-08-11T04:09:30.680Z</time>
      </trkpt>
      <trkpt lat="59.879038" lon="8.557054">
        <ele>349.712744</ele>
        <time>2024-08-11T04:09:33.234Z</time>
      </trkpt>
      <trkpt lat="59.879059" lon="8.557329">
        <ele>348.372792</ele>
        <time>2024-08-11T04:09:34.423Z</time>
      </trkpt>
      <trkpt lat="59.879037" lon="8.557611">
        <ele>346.998053</ele>
        <time>2024-08-11T04:09:35.668Z</time>
      </trkpt>
      <trkpt lat="59.878898" lon="8.558143">
        <ele>344.276057</ele>
        <time>2024-08-11T04:09:38.269Z</time>
      </trkpt>
      <trkpt lat="59.878826" lon="8.558526">
        <ele>342.424342</ele>
        <time>2024-08-11T04:09:40.096Z</time>
      </trkpt>
      <trkpt lat="59.878806" lon="8.559035">
        <ele>340.112781</ele>
        <time>2024-08-11T04:09:42.348Z</time>
      </trkpt>
      <trkpt lat="59.878838" lon="8.559321">
        <ele>338.786116</ele>
        <time>2024-08-11T04:09:43.613Z</time>
      </trkpt>
      <trkpt lat="59.879298" lon="8.561065">
        <ele>329.981035</ele>
        <time>2024-08-11T04:09:52.203Z</time>
      </trkpt>
      <trkpt lat="59.879381" lon="8.561679">
        <ele>327.517616</ele>
        <time>2024-08-11T04:09:55.025Z</time>
      </trkpt>
      <trkpt lat="59.879423" lon="8.562845">
        <ele>322.988932</ele>
        <time>2024-08-11T04:10:00.214Z</time>
      </trkpt>
      <trkpt lat="59.879553" lon="8.564994">
        <ele>315.255486</ele>
        <time>2024-08-11T04:10:09.935Z</time>
      </trkpt>
      <trkpt lat="59.879440" lon="8.566455">
        <ele>311.245787</ele>
        <time>2024-08-11T04:10:16.724Z</time>
      </trkpt>
      <trkpt lat="59.879424" lon="8.566626">
        <ele>310.773962</ele>
        <time>2024-08-11T04:10:17.537Z</time>
      </trkpt>
      <trkpt lat="59.879298" lon="8.567799">
        <ele>307.520157</ele>
        <time>2024-08-11T04:10:23.330Z</time>
      </trkpt>
      <trkpt lat="59.879206" lon="8.568633">
        <ele>306.228230</ele>
        <time>2024-08-11T04:10:27.706Z</time>
      </trkpt>
      <trkpt lat="59.879183" lon="8.569569">
        <ele>305.092150</ele>
        <time>2024-08-11T04:10:32.741Z</time>
      </trkpt>
      <trkpt lat="59.879190" lon="8.570489">
        <ele>303.976699</ele>
        <time>2024-08-11T04:10:37.923Z</time>
      </trkpt>
      <trkpt lat="59.879248" lon="8.571098">
        <ele>303.225226</ele>
        <time>2024-08-11T04:10:41.328Z</time>
      </trkpt>
      <trkpt lat="59.879284" lon="8.571469">
        <ele>302.767130</ele>
        <time>2024-08-11T04:10:43.369Z</time>
      </trkpt>
      <trkpt lat="59.879288" lon="8.573083">
        <ele>301.473637</ele>
        <time>2024-08-11T04:10:52.433Z</time>
      </trkpt>
      <trkpt lat="59.879293" lon="8.573830">
        <ele>300.884027</ele>
        <time>2024-08-11T04:10:56.680Z</time>
      </trkpt>
      <trkpt lat="59.879299" lon="8.574497">
        <ele>300.357523</ele>
        <time>2024-08-11T04:11:00.502Z</time>
      </trkpt>
      <trkpt lat="59.879294" lon="8.575568">
        <ele>299.785599</ele>
        <time>2024-08-11T04:11:06.999Z</time>
      </trkpt>
      <trkpt lat="59.879289" lon="8.575804">
        <ele>299.736989</ele>
        <time>2024-08-11T04:11:08.685Z</time>
      </trkpt>
      <trkpt lat="59.879282" lon="8.576056">
        <ele>299.685050</ele>
        <time>2024-08-11T04:11:10.249Z</time>
      </trkpt>
      <trkpt lat="59.879290" lon="8.576652">
        <ele>299.562353</ele>
        <time>2024-08-11T04:11:14.206Z</time>
      </trkpt>
      <trkpt lat="59.879408" lon="8.577409">
        <ele>299.399226</ele>
        <time>2024-08-11T04:11:19.963Z</time>
      </trkpt>
      <trkpt lat="59.879444" lon="8.577625">
        <ele>299.352387</ele>
        <time>2024-08-11T04:11:21.512Z</time>
      </trkpt>
      <trkpt lat="59.879458" lon="8.577915">
        <ele>299.292432</ele>
        <time>2024-08-11T04:11:23.973Z</time>
      </trkpt>
      <trkpt lat="59.879413" lon="8.579588">
        <ele>298.978729</ele>
        <time>2024-08-11T04:11:35.988Z</time>
      </trkpt>
      <trkpt lat="59.879411" lon="8.580202">
        <ele>298.872329</ele>
        <time>2024-08-11T04:11:40.399Z</time>
      </trkpt>
      <trkpt lat="59.879337" lon="8.581451">
        <ele>298.654391</ele>
        <time>2024-08-11T04:11:49.001Z</time>
      </trkpt>
      <trkpt lat="59.879249" lon="8.582292">
        <ele>298.498493</ele>
        <time>2024-08-11T04:11:54.665Z</time>
      </trkpt>
      <trkpt lat="59.878838" lon="8.584394">
        <ele>297.953198</ele>
        <time>2024-08-11T04:12:08.606Z</time>
      </trkpt>
      <trkpt lat="59.878684" lon="8.584988">
        <ele>297.791587</ele>
        <time>2024-08-11T04:12:13.688Z</time>
      </trkpt>
      <trkpt lat="59.878546" lon="8.585580">
        <ele>297.653237</ele>
        <time>2024-08-11T04:12:19.060Z</time>
      </trkpt>
      <trkpt lat="59.878444" lon="8.586072">
        <ele>297.632533</ele>
        <time>2024-08-11T04:12:23.502Z</time>
      </trkpt>
      <trkpt lat="59.878394" lon="8.586381">
        <ele>297.619906</ele>
        <time>2024-08-11T04:12:26.178Z</time>
      </trkpt>
      <trkpt lat="59.878346" lon="8.586751">
        <ele>297.605043</ele>
        <time>2024-08-11T04:12:28.637Z</time>
      </trkpt>
      <trkpt lat="59.878323" lon="8.587369">
        <ele>297.580942</ele>
        <time>2024-08-11T04:12:32.629Z</time>
      </trkpt>
      <trkpt lat="59.878381" lon="8.588893">
        <ele>297.521499</ele>
        <time>2024-08-11T04:12:43.713Z</time>
      </trkpt>
      <trkpt lat="59.878395" lon="8.589088">
        <ele>297.505265</ele>
        <time>2024-08-11T04:12:45.402Z</time>
      </trkpt>
      <trkpt lat="59.878405" lon="8.589219">
        <ele>297.488268</ele>
        <time>2024-08-11T04:12:46.596Z</time>
      </trkpt>
      <trkpt lat="59.878464" lon="8.590069">
        <ele>297.378195</ele>
        <time>2024-08-11T04:12:53.295Z</time>
      </trkpt>
      <trkpt lat="59.878509" lon="8.590459">
        <ele>297.326863</ele>
        <time>2024-08-11T04:12:56.382Z</time>
      </trkpt>
      <trkpt lat="59.878539" lon="8.590692">
        <ele>297.296006</ele>
        <time>2024-08-11T04:12:58.121Z</time>
      </trkpt>
      <trkpt lat="59.878746" lon="8.592301">
        <ele>297.082938</ele>
        <time>2024-08-11T04:13:09.172Z</time>
      </trkpt>
      <trkpt lat="59.878856" lon="8.593356">
        <ele>296.529483</ele>
        <time>2024-08-11T04:13:16.009Z</time>
      </trkpt>
      <trkpt lat="59.878896" lon="8.593907">
        <ele>296.195863</ele>
        <time>2024-08-11T04:13:19.356Z</time>
      </trkpt>
      <trkpt lat="59.878915" lon="8.594170">
        <ele>296.036637</ele>
        <time>2024-08-11T04:13:20.945Z</time>
      </trkpt>
      <trkpt lat="59.878943" lon="8.594563">
        <ele>295.798773</ele>
        <time>2024-08-11T04:13:23.213Z</time>
      </trkpt>
      <trkpt lat="59.879006" lon="8.595412">
        <ele>295.284485</ele>
        <time>2024-08-11T04:13:28.246Z</time>
      </trkpt>
      <trkpt lat="59.879138" lon="8.596617">
        <ele>294.406048</ele>
        <time>2024-08-11T04:13:35.372Z</time>
      </trkpt>
      <trkpt lat="59.879223" lon="8.597622">
        <ele>293.561917</ele>
        <time>2024-08-11T04:13:41.088Z</time>
      </trkpt>
      <trkpt lat="59.879229" lon="8.597787">
        <ele>293.424898</ele>
        <time>2024-08-11T04:13:42.088Z</time>
      </trkpt>
      <trkpt lat="59.879238" lon="8.598377">
        <ele>292.936005</ele>
        <time>2024-08-11T04:13:45.366Z</time>
      </trkpt>
      <trkpt lat="59.879233" lon="8.600597">
        <ele>290.919698</ele>
        <time>2024-08-11T04:13:58.007Z</time>
      </trkpt>
      <trkpt lat="59.879235" lon="8.600850">
        <ele>290.666038</ele>
        <time>2024-08-11T04:13:59.609Z</time>
      </trkpt>
      <trkpt lat="59.879238" lon="8.601269">
        <ele>290.245955</ele>
        <time>2024-08-11T04:14:01.836Z</time>
      </trkpt>
      <trkpt lat="59.879243" lon="8.601621">
        <ele>289.892939</ele>
        <time>2024-08-11T04:14:03.869Z</time>
      </trkpt>
      <trkpt lat="59.879250" lon="8.602132">
        <ele>289.380479</ele>
        <time>2024-08-11T04:14:06.629Z</time>
      </trkpt>
      <trkpt lat="59.879265" lon="8.602664">
        <ele>288.846317</ele>
        <time>2024-08-11T04:14:09.471Z</time>
      </trkpt>
      <trkpt lat="59.879282" lon="8.602964">
        <ele>288.543660</ele>
        <time>2024-08-11T04:14:11.203Z</time>
      </trkpt>
      <trkpt lat="59.879369" lon="8.603966">
        <ele>287.418121</ele>
        <time>2024-08-11T04:14:16.509Z</time>
      </trkpt>
      <trkpt lat="59.879416" lon="8.604865">
        <ele>286.395317</ele>
        <time>2024-08-11T04:14:21.277Z</time>
      </trkpt>
      <trkpt lat="59.879434" lon="8.605324">
        <ele>285.874335</ele>
        <time>2024-08-11T04:14:23.749Z</time>
      </trkpt>
      <trkpt lat="59.879433" lon="8.605509">
        <ele>285.664979</ele>
        <time>2024-08-11T04:14:24.782Z</time>
      </trkpt>
      <trkpt lat="59.879387" lon="8.605994">
        <ele>285.106443</ele>
        <time>2024-08-11T04:14:27.585Z</time>
      </trkpt>
      <trkpt lat="59.879227" lon="8.606791">
        <ele>284.163180</ele>
        <time>2024-08-11T04:14:32.402Z</time>
      </trkpt>
      <trkpt lat="59.879166" lon="8.607209">
        <ele>283.758570</ele>
        <time>2024-08-11T04:14:34.721Z</time>
      </trkpt>
      <trkpt lat="59.879177" lon="8.607547">
        <ele>283.443752</ele>
        <time>2024-08-11T04:14:36.642Z</time>
      </trkpt>
      <trkpt lat="59.879339" lon="8.608477">
        <ele>282.528757</ele>
        <time>2024-08-11T04:14:41.909Z</time>
      </trkpt>
      <trkpt lat="59.879378" lon="8.609112">
        <ele>281.934147</ele>
        <time>2024-08-11T04:14:45.410Z</time>
      </trkpt>
      <trkpt lat="59.879358" lon="8.609680">
        <ele>281.404917</ele>
        <time>2024-08-11T04:14:48.632Z</time>
      </trkpt>
      <trkpt lat="59.879307" lon="8.610148">
        <ele>280.960648</ele>
        <time>2024-08-11T04:14:51.430Z</time>
      </trkpt>
      <trkpt lat="59.879089" lon="8.611666">
        <ele>280.502648</ele>
        <time>2024-08-11T04:15:01.376Z</time>
      </trkpt>
      <trkpt lat="59.879012" lon="8.612298">
        <ele>280.313999</ele>
        <time>2024-08-11T04:15:05.565Z</time>
      </trkpt>
      <trkpt lat="59.878994" lon="8.612558">
        <ele>280.237866</ele>
        <time>2024-08-11T04:15:07.384Z</time>
      </trkpt>
      <trkpt lat="59.878983" lon="8.613378">
        <ele>279.999923</ele>
        <time>2024-08-11T04:15:13.275Z</time>
      </trkpt>
      <trkpt lat="59.879018" lon="8.614099">
        <ele>279.886503</ele>
        <time>2024-08-11T04:15:18.872Z</time>
      </trkpt>
      <trkpt lat="59.879171" lon="8.615508">
        <ele>279.775677</ele>
        <time>2024-08-11T04:15:30.593Z</time>
      </trkpt>
      <trkpt lat="59.879331" lon="8.616867">
        <ele>279.668366</ele>
        <time>2024-08-11T04:15:40.464Z</time>
      </trkpt>
      <trkpt lat="59.879417" lon="8.617632">
        <ele>279.314719</ele>
        <time>2024-08-11T04:15:45.257Z</time>
      </trkpt>
      <trkpt lat="59.879495" lon="8.618381">
        <ele>278.798683</ele>
        <time>2024-08-11T04:15:49.688Z</time>
      </trkpt>
      <trkpt lat="59.879524" lon="8.618608">
        <ele>278.640666</ele>
        <time>2024-08-11T04:15:50.997Z</time>
      </trkpt>
      <trkpt lat="59.879637" lon="8.619587">
        <ele>277.962997</ele>
        <time>2024-08-11T04:15:56.828Z</time>
      </trkpt>
      <trkpt lat="59.879748" lon="8.620528">
        <ele>277.310907</ele>
        <time>2024-08-11T04:16:02.404Z</time>
      </trkpt>
      <trkpt lat="59.879796" lon="8.620950">
        <ele>277.053602</ele>
        <time>2024-08-11T04:16:04.894Z</time>
      </trkpt>
      <trkpt lat="59.879897" lon="8.621777">
        <ele>276.574506</ele>
        <time>2024-08-11T04:16:09.841Z</time>
      </trkpt>
      <trkpt lat="59.879960" lon="8.622615">
        <ele>276.097542</ele>
        <time>2024-08-11T04:16:14.793Z</time>
      </trkpt>
      <trkpt lat="59.879970" lon="8.622757">
        <ele>276.016829</ele>
        <time>2024-08-11T04:16:15.589Z</time>
      </trkpt>
      <trkpt lat="59.880186" lon="8.624790">
        <ele>275.102477</ele>
        <time>2024-08-11T04:16:29.165Z</time>
      </trkpt>
      <trkpt lat="59.880265" lon="8.625475">
        <ele>274.984960</ele>
        <time>2024-08-11T04:16:33.869Z</time>
      </trkpt>
      <trkpt lat="59.880325" lon="8.626007">
        <ele>274.893792</ele>
        <time>2024-08-11T04:16:37.632Z</time>
      </trkpt>
      <trkpt lat="59.880526" lon="8.627768">
        <ele>274.566171</ele>
        <time>2024-08-11T04:16:50.866Z</time>
      </trkpt>
      <trkpt lat="59.880552" lon="8.628009">
        <ele>274.470012</ele>
        <time>2024-08-11T04:16:52.479Z</time>
      </trkpt>
      <trkpt lat="59.880767" lon="8.629901">
        <ele>273.713288</ele>
        <time>2024-08-11T04:17:05.315Z</time>
      </trkpt>
      <trkpt lat="59.880918" lon="8.631222">
        <ele>273.138064</ele>
        <time>2024-08-11T04:17:13.453Z</time>
      </trkpt>
      <trkpt lat="59.880976" lon="8.632023">
        <ele>272.297394</ele>
        <time>2024-08-11T04:17:18.022Z</time>
      </trkpt>
      <trkpt lat="59.880964" lon="8.632704">
        <ele>271.589559</ele>
        <time>2024-08-11T04:17:21.810Z</time>
      </trkpt>
      <trkpt lat="59.880913" lon="8.633599">
        <ele>270.653888</ele>
        <time>2024-08-11T04:17:26.609Z</time>
      </trkpt>
      <trkpt lat="59.880899" lon="8.633846">
        <ele>270.395681</ele>
        <time>2024-08-11T04:17:27.953Z</time>
      </trkpt>
      <trkpt lat="59.880834" lon="8.634912">
        <ele>269.274557</ele>
        <time>2024-08-11T04:17:33.621Z</time>
      </trkpt>
      <trkpt lat="59.880800" lon="8.635496">
        <ele>268.647358</ele>
        <time>2024-08-11T04:17:36.746Z</time>
      </trkpt>
      <trkpt lat="59.880760" lon="8.636401">
        <ele>267.678151</ele>
        <time>2024-08-11T04:17:41.585Z</time>
      </trkpt>
      <trkpt lat="59.880759" lon="8.637299">
        <ele>266.720147</ele>
        <time>2024-08-11T04:17:46.517Z</time>
      </trkpt>
      <trkpt lat="59.880777" lon="8.638406">
        <ele>265.596461</ele>
        <time>2024-08-11T04:17:52.747Z</time>
      </trkpt>
      <trkpt lat="59.880781" lon="8.638509">
        <ele>265.536450</ele>
        <time>2024-08-11T04:17:53.377Z</time>
      </trkpt>
      <trkpt lat="59.880806" lon="8.639159">
        <ele>265.157768</ele>
        <time>2024-08-11T04:17:57.101Z</time>
      </trkpt>
      <trkpt lat="59.880843" lon="8.640128">
        <ele>264.593264</ele>
        <time>2024-08-11T04:18:02.798Z</time>
      </trkpt>
      <trkpt lat="59.880847" lon="8.640213">
        <ele>264.543673</ele>
        <time>2024-08-11T04:18:03.310Z</time>
      </trkpt>
      <trkpt lat="59.880861" lon="8.640538">
        <ele>264.354191</ele>
        <time>2024-08-11T04:18:05.297Z</time>
      </trkpt>
      <trkpt lat="59.880940" lon="8.641927">
        <ele>263.556412</ele>
        <time>2024-08-11T04:18:14.468Z</time>
      </trkpt>
      <trkpt lat="59.880979" lon="8.642826">
        <ele>263.212521</ele>
        <time>2024-08-11T04:18:20.224Z</time>
      </trkpt>
      <trkpt lat="59.881007" lon="8.643442">
        <ele>262.976800</ele>
        <time>2024-08-11T04:18:24.004Z</time>
      </trkpt>
      <trkpt lat="59.881013" lon="8.643551">
        <ele>262.935011</ele>
        <time>2024-08-11T04:18:24.790Z</time>
      </trkpt>
      <trkpt lat="59.881105" lon="8.645902">
        <ele>262.090267</ele>
        <time>2024-08-11T04:18:39.793Z</time>
      </trkpt>
      <trkpt lat="59.881071" lon="8.646762">
        <ele>261.859378</ele>
        <time>2024-08-11T04:18:45.553Z</time>
      </trkpt>
      <trkpt lat="59.881025" lon="8.647598">
        <ele>261.634285</ele>
        <time>2024-08-11T04:18:51.075Z</time>
      </trkpt>
      <trkpt lat="59.881062" lon="8.648330">
        <ele>261.437377</ele>
        <time>2024-08-11T04:18:55.851Z</time>
      </trkpt>
      <trkpt lat="59.881290" lon="8.650508">
        <ele>261.015675</ele>
        <time>2024-08-11T04:19:10.877Z</time>
      </trkpt>
      <trkpt lat="59.881407" lon="8.651633">
        <ele>260.836543</ele>
        <time>2024-08-11T04:19:19.052Z</time>
      </trkpt>
      <trkpt lat="59.881433" lon="8.651872">
        <ele>260.798413</ele>
        <time>2024-08-11T04:19:20.787Z</time>
      </trkpt>
      <trkpt lat="59.881452" lon="8.652061">
        <ele>260.768360</ele>
        <time>2024-08-11T04:19:22.226Z</time>
      </trkpt>
      <trkpt lat="59.881682" lon="8.654535">
        <ele>260.259415</ele>
        <time>2024-08-11T04:19:39.616Z</time>
      </trkpt>
      <trkpt lat="59.881772" lon="8.655765">
        <ele>259.995677</ele>
        <time>2024-08-11T04:19:48.589Z</time>
      </trkpt>
      <trkpt lat="59.881870" lon="8.657892">
        <ele>258.456006</ele>
        <time>2024-08-11T04:20:01.188Z</time>
      </trkpt>
      <trkpt lat="59.881876" lon="8.658554">
        <ele>257.930372</ele>
        <time>2024-08-11T04:20:04.825Z</time>
      </trkpt>
      <trkpt lat="59.881822" lon="8.659289">
        <ele>257.340650</ele>
        <time>2024-08-11T04:20:08.835Z</time>
      </trkpt>
      <trkpt lat="59.881536" lon="8.661855">
        <ele>254.728052</ele>
        <time>2024-08-11T04:20:23.231Z</time>
      </trkpt>
      <trkpt lat="59.881529" lon="8.661986">
        <ele>254.593563</ele>
        <time>2024-08-11T04:20:23.961Z</time>
      </trkpt>
      <trkpt lat="59.881508" lon="8.662593">
        <ele>253.972427</ele>
        <time>2024-08-11T04:20:27.316Z</time>
      </trkpt>
      <trkpt lat="59.881527" lon="8.663170">
        <ele>253.398470</ele>
        <time>2024-08-11T04:20:30.435Z</time>
      </trkpt>
      <trkpt lat="59.881588" lon="8.663698">
        <ele>253.020095</ele>
        <time>2024-08-11T04:20:33.469Z</time>
      </trkpt>
      <trkpt lat="59.881665" lon="8.664126">
        <ele>252.702573</ele>
        <time>2024-08-11T04:20:36.034Z</time>
      </trkpt>
      <trkpt lat="59.881808" lon="8.664924">
        <ele>252.110823</ele>
        <time>2024-08-11T04:20:41.109Z</time>
      </trkpt>
      <trkpt lat="59.881968" lon="8.665813">
        <ele>251.451271</ele>
        <time>2024-08-11T04:20:46.780Z</time>
      </trkpt>
      <trkpt lat="59.882702" lon="8.669995">
        <ele>248.771202</ele>
        <time>2024-08-11T04:21:13.746Z</time>
      </trkpt>
      <trkpt lat="59.883284" lon="8.673458">
        <ele>245.299566</ele>
        <time>2024-08-11T04:21:33.968Z</time>
      </trkpt>
      <trkpt lat="59.883584" lon="8.676239">
        <ele>242.100842</ele>
        <time>2024-08-11T04:21:49.193Z</time>
      </trkpt>
      <trkpt lat="59.883710" lon="8.677373">
        <ele>241.108389</ele>
        <time>2024-08-11T04:21:55.489Z</time>
      </trkpt>
      <trkpt lat="59.883860" lon="8.678452">
        <ele>240.445281</ele>
        <time>2024-08-11T04:22:02.030Z</time>
      </trkpt>
      <trkpt lat="59.883904" lon="8.678725">
        <ele>240.275462</ele>
        <time>2024-08-11T04:22:03.787Z</time>
      </trkpt>
      <trkpt lat="59.884136" lon="8.679965">
        <ele>239.491686</ele>
        <time>2024-08-11T04:22:12.504Z</time>
      </trkpt>
      <trkpt lat="59.884295" lon="8.680645">
        <ele>239.191853</ele>
        <time>2024-08-11T04:22:17.313Z</time>
      </trkpt>
      <trkpt lat="59.884489" lon="8.681222">
        <ele>238.987601</ele>
        <time>2024-08-11T04:22:21.805Z</time>
      </trkpt>
      <trkpt lat="59.884608" lon="8.681562">
        <ele>238.865696</ele>
        <time>2024-08-11T04:22:24.948Z</time>
      </trkpt>
      <trkpt lat="59.884988" lon="8.682676">
        <ele>238.469569</ele>
        <time>2024-08-11T04:22:34.140Z</time>
      </trkpt>
      <trkpt lat="59.885288" lon="8.683755">
        <ele>237.894275</ele>
        <time>2024-08-11T04:22:41.719Z</time>
      </trkpt>
      <trkpt lat="59.885403" lon="8.684236">
        <ele>237.545498</ele>
        <time>2024-08-11T04:22:44.813Z</time>
      </trkpt>
      <trkpt lat="59.885670" lon="8.685588">
        <ele>236.594411</ele>
        <time>2024-08-11T04:22:53.037Z</time>
      </trkpt>
      <trkpt lat="59.885840" lon="8.686127">
        <ele>236.177670</ele>
        <time>2024-08-11T04:22:56.775Z</time>
      </trkpt>
      <trkpt lat="59.885983" lon="8.686431">
        <ele>235.918268</ele>
        <time>2024-08-11T04:22:59.249Z</time>
      </trkpt>
      <trkpt lat="59.886858" lon="8.688007">
        <ele>235.097411</ele>
        <time>2024-08-11T04:23:14.075Z</time>
      </trkpt>
      <trkpt lat="59.886918" lon="8.688118">
        <ele>235.040432</ele>
        <time>2024-08-11T04:23:15.167Z</time>
      </trkpt>
      <trkpt lat="59.887773" lon="8.689659">
        <ele>234.603223</ele>
        <time>2024-08-11T04:23:31.269Z</time>
      </trkpt>
      <trkpt lat="59.888223" lon="8.690468">
        <ele>234.528647</ele>
        <time>2024-08-11T04:23:40.104Z</time>
      </trkpt>
      <trkpt lat="59.889320" lon="8.692454">
        <ele>234.448840</ele>
        <time>2024-08-11T04:24:01.793Z</time>
      </trkpt>
      <trkpt lat="59.889651" lon="8.692945">
        <ele>234.443739</ele>
        <time>2024-08-11T04:24:07.563Z</time>
      </trkpt>
      <trkpt lat="59.890091" lon="8.693264">
        <ele>234.440409</ele>
        <time>2024-08-11T04:24:15.367Z</time>
      </trkpt>
      <trkpt lat="59.891017" lon="8.693877">
        <ele>234.705497</ele>
        <time>2024-08-11T04:24:29.953Z</time>
      </trkpt>
      <trkpt lat="59.891450" lon="8.694184">
        <ele>234.830355</ele>
        <time>2024-08-11T04:24:37.328Z</time>
      </trkpt>
      <trkpt lat="59.891731" lon="8.694446">
        <ele>234.914636</ele>
        <time>2024-08-11T04:24:42.196Z</time>
      </trkpt>
      <trkpt lat="59.892044" lon="8.694841">
        <ele>235.292553</ele>
        <time>2024-08-11T04:24:48.889Z</time>
      </trkpt>
      <trkpt lat="59.892290" lon="8.695243">
        <ele>235.649538</ele>
        <time>2024-08-11T04:24:55.083Z</time>
      </trkpt>
      <trkpt lat="59.892742" lon="8.696046">
        <ele>236.329007</ele>
        <time>2024-08-11T04:25:07.014Z</time>
      </trkpt>
      <trkpt lat="59.893677" lon="8.697692">
        <ele>237.597428</ele>
        <time>2024-08-11T04:25:32.343Z</time>
      </trkpt>
      <trkpt lat="59.894092" lon="8.698318">
        <ele>238.083479</ele>
        <time>2024-08-11T04:25:42.321Z</time>
      </trkpt>
      <trkpt lat="59.894548" lon="8.698877">
        <ele>238.583448</ele>
        <time>2024-08-11T04:25:51.803Z</time>
      </trkpt>
      <trkpt lat="59.894922" lon="8.699249">
        <ele>238.533378</ele>
        <time>2024-08-11T04:25:58.017Z</time>
      </trkpt>
      <trkpt lat="59.895749" lon="8.699974">
        <ele>238.311155</ele>
        <time>2024-08-11T04:26:10.624Z</time>
      </trkpt>
      <trkpt lat="59.896170" lon="8.700362">
        <ele>238.197068</ele>
        <time>2024-08-11T04:26:16.543Z</time>
      </trkpt>
      <trkpt lat="59.896585" lon="8.700863">
        <ele>238.125206</ele>
        <time>2024-08-11T04:26:22.331Z</time>
      </trkpt>
      <trkpt lat="59.898452" lon="8.703483">
        <ele>238.454935</ele>
        <time>2024-08-11T04:26:57.856Z</time>
      </trkpt>
      <trkpt lat="59.898722" lon="8.703816">
        <ele>238.634195</ele>
        <time>2024-08-11T04:27:03.851Z</time>
      </trkpt>
      <trkpt lat="59.898933" lon="8.704018">
        <ele>238.766355</ele>
        <time>2024-08-11T04:27:08.290Z</time>
      </trkpt>
      <trkpt lat="59.900029" lon="8.704890">
        <ele>238.953398</ele>
        <time>2024-08-11T04:27:29.798Z</time>
      </trkpt>
      <trkpt lat="59.900293" lon="8.705096">
        <ele>238.952561</ele>
        <time>2024-08-11T04:27:34.335Z</time>
      </trkpt>
      <trkpt lat="59.900966" lon="8.705616">
        <ele>238.800949</ele>
        <time>2024-08-11T04:27:43.474Z</time>
      </trkpt>
      <trkpt lat="59.901727" lon="8.706211">
        <ele>236.400886</ele>
        <time>2024-08-11T04:27:52.289Z</time>
      </trkpt>
      <trkpt lat="59.902106" lon="8.706633">
        <ele>235.126342</ele>
        <time>2024-08-11T04:27:56.614Z</time>
      </trkpt>
      <trkpt lat="59.902282" lon="8.706884">
        <ele>234.491015</ele>
        <time>2024-08-11T04:27:58.696Z</time>
      </trkpt>
      <trkpt lat="59.902672" lon="8.707547">
        <ele>232.747259</ele>
        <time>2024-08-11T04:28:03.659Z</time>
      </trkpt>
      <trkpt lat="59.903127" lon="8.708301">
        <ele>230.402508</ele>
        <time>2024-08-11T04:28:09.338Z</time>
      </trkpt>
      <trkpt lat="59.903582" lon="8.708985">
        <ele>228.144151</ele>
        <time>2024-08-11T04:28:14.953Z</time>
      </trkpt>
      <trkpt lat="59.904129" lon="8.709689">
        <ele>225.796275</ele>
        <time>2024-08-11T04:28:21.456Z</time>
      </trkpt>
      <trkpt lat="59.904464" lon="8.710065">
        <ele>224.635192</ele>
        <time>2024-08-11T04:28:25.269Z</time>
      </trkpt>
      <trkpt lat="59.904699" lon="8.710330">
        <ele>223.819781</ele>
        <time>2024-08-11T04:28:28.014Z</time>
      </trkpt>
      <trkpt lat="59.905063" lon="8.710845">
        <ele>222.471775</ele>
        <time>2024-08-11T04:28:32.678Z</time>
      </trkpt>
      <trkpt lat="59.905705" lon="8.711808">
        <ele>220.403453</ele>
        <time>2024-08-11T04:28:41.162Z</time>
      </trkpt>
      <trkpt lat="59.906131" lon="8.712458">
        <ele>219.329252</ele>
        <time>2024-08-11T04:28:46.923Z</time>
      </trkpt>
      <trkpt lat="59.906542" lon="8.713102">
        <ele>218.282490</ele>
        <time>2024-08-11T04:28:52.578Z</time>
      </trkpt>
      <trkpt lat="59.907393" lon="8.714719">
        <ele>216.697842</ele>
        <time>2024-08-11T04:29:06.734Z</time>
      </trkpt>
      <trkpt lat="59.907568" lon="8.715069">
        <ele>216.443577</ele>
        <time>2024-08-11T04:29:09.765Z</time>
      </trkpt>
      <trkpt lat="59.908677" lon="8.717225">
        <ele>215.093282</ele>
        <time>2024-08-11T04:29:29.231Z</time>
      </trkpt>
      <trkpt lat="59.908994" lon="8.717840">
        <ele>214.773894</ele>
        <time>2024-08-11T04:29:34.992Z</time>
      </trkpt>
      <trkpt lat="59.909430" lon="8.718687">
        <ele>214.326236</ele>
        <time>2024-08-11T04:29:42.879Z</time>
      </trkpt>
      <trkpt lat="59.910207" lon="8.720157">
        <ele>213.323107</ele>
        <time>2024-08-11T04:29:56.180Z</time>
      </trkpt>
      <trkpt lat="59.910420" lon="8.720482">
        <ele>213.071910</ele>
        <time>2024-08-11T04:29:59.392Z</time>
      </trkpt>
      <trkpt lat="59.910962" lon="8.721169">
        <ele>212.516729</ele>
        <time>2024-08-11T04:30:07.104Z</time>
      </trkpt>
      <trkpt lat="59.911171" lon="8.721422">
        <ele>212.339140</ele>
        <time>2024-08-11T04:30:10.114Z</time>
      </trkpt>
      <trkpt lat="59.911837" lon="8.722204">
        <ele>211.777760</ele>
        <time>2024-08-11T04:30:19.912Z</time>
      </trkpt>
      <trkpt lat="59.912408" lon="8.722706">
        <ele>211.362082</ele>
        <time>2024-08-11T04:30:28.071Z</time>
      </trkpt>
      <trkpt lat="59.913044" lon="8.723170">
        <ele>211.274149</ele>
        <time>2024-08-11T04:30:37.859Z</time>
      </trkpt>
      <trkpt lat="59.913747" lon="8.723707">
        <ele>211.176401</ele>
        <time>2024-08-11T04:30:49.608Z</time>
      </trkpt>
      <trkpt lat="59.914128" lon="8.724043">
        <ele>211.041688</ele>
        <time>2024-08-11T04:30:55.507Z</time>
      </trkpt>
      <trkpt lat="59.914524" lon="8.724538">
        <ele>210.641392</ele>
        <time>2024-08-11T04:31:01.585Z</time>
      </trkpt>
      <trkpt lat="59.915689" lon="8.726322">
        <ele>209.386615</ele>
        <time>2024-08-11T04:31:19.287Z</time>
      </trkpt>
      <trkpt lat="59.916421" lon="8.727442">
        <ele>208.608466</ele>
        <time>2024-08-11T04:31:30.450Z</time>
      </trkpt>
      <trkpt lat="59.917709" lon="8.729331">
        <ele>207.726256</ele>
        <time>2024-08-11T04:31:52.211Z</time>
      </trkpt>
      <trkpt lat="59.918066" lon="8.729908">
        <ele>207.559369</ele>
        <time>2024-08-11T04:31:58.652Z</time>
      </trkpt>
      <trkpt lat="59.918218" lon="8.730212">
        <ele>207.481192</ele>
        <time>2024-08-11T04:32:01.565Z</time>
      </trkpt>
      <trkpt lat="59.918483" lon="8.730900">
        <ele>207.324260</ele>
        <time>2024-08-11T04:32:07.312Z</time>
      </trkpt>
      <trkpt lat="59.918572" lon="8.731216">
        <ele>207.258938</ele>
        <time>2024-08-11T04:32:09.708Z</time>
      </trkpt>
      <trkpt lat="59.918925" lon="8.732895">
        <ele>206.930824</ele>
        <time>2024-08-11T04:32:21.905Z</time>
      </trkpt>
      <trkpt lat="59.919078" lon="8.733413">
        <ele>206.822473</ele>
        <time>2024-08-11T04:32:26.188Z</time>
      </trkpt>
      <trkpt lat="59.919207" lon="8.733731">
        <ele>206.774280</ele>
        <time>2024-08-11T04:32:29.178Z</time>
      </trkpt>
      <trkpt lat="59.919402" lon="8.734097">
        <ele>206.759659</ele>
        <time>2024-08-11T04:32:33.088Z</time>
      </trkpt>
      <trkpt lat="59.920034" lon="8.734954">
        <ele>206.717925</ele>
        <time>2024-08-11T04:32:43.933Z</time>
      </trkpt>
      <trkpt lat="59.920690" lon="8.735801">
        <ele>206.693763</ele>
        <time>2024-08-11T04:32:55.899Z</time>
      </trkpt>
      <trkpt lat="59.921020" lon="8.736258">
        <ele>206.747447</ele>
        <time>2024-08-11T04:33:01.923Z</time>
      </trkpt>
      <trkpt lat="59.921268" lon="8.736730">
        <ele>206.793250</ele>
        <time>2024-08-11T04:33:07.108Z</time>
      </trkpt>
      <trkpt lat="59.921413" lon="8.737104">
        <ele>206.824920</ele>
        <time>2024-08-11T04:33:10.611Z</time>
      </trkpt>
      <trkpt lat="59.921567" lon="8.737638">
        <ele>206.866186</ele>
        <time>2024-08-11T04:33:15.216Z</time>
      </trkpt>
      <trkpt lat="59.921910" lon="8.739131">
        <ele>207.000382</ele>
        <time>2024-08-11T04:33:28.351Z</time>
      </trkpt>
      <trkpt lat="59.922290" lon="8.740829">
        <ele>207.179524</ele>
        <time>2024-08-11T04:33:43.251Z</time>
      </trkpt>
      <trkpt lat="59.922350" lon="8.741227">
        <ele>207.219561</ele>
        <time>2024-08-11T04:33:46.527Z</time>
      </trkpt>
      <trkpt lat="59.922425" lon="8.742021">
        <ele>207.236749</ele>
        <time>2024-08-11T04:33:52.751Z</time>
      </trkpt>
      <trkpt lat="59.922431" lon="8.742173">
        <ele>207.222400</ele>
        <time>2024-08-11T04:33:53.818Z</time>
      </trkpt>
      <trkpt lat="59.922502" lon="8.743857">
        <ele>207.063359</ele>
        <time>2024-08-11T04:34:05.520Z</time>
      </trkpt>
      <trkpt lat="59.922522" lon="8.744848">
        <ele>206.970021</ele>
        <time>2024-08-11T04:34:12.527Z</time>
      </trkpt>
      <trkpt lat="59.922584" lon="8.746474">
        <ele>206.574424</ele>
        <time>2024-08-11T04:34:23.989Z</time>
      </trkpt>
      <trkpt lat="59.922630" lon="8.747834">
        <ele>206.169837</ele>
        <time>2024-08-11T04:34:32.576Z</time>
      </trkpt>
      <trkpt lat="59.922658" lon="8.748125">
        <ele>206.081886</ele>
        <time>2024-08-11T04:34:34.382Z</time>
      </trkpt>
      <trkpt lat="59.922701" lon="8.748983">
        <ele>205.839207</ele>
        <time>2024-08-11T04:34:39.759Z</time>
      </trkpt>
      <trkpt lat="59.922800" lon="8.749887">
        <ele>205.660940</ele>
        <time>2024-08-11T04:34:45.973Z</time>
      </trkpt>
      <trkpt lat="59.922888" lon="8.750381">
        <ele>205.559936</ele>
        <time>2024-08-11T04:34:49.366Z</time>
      </trkpt>
      <trkpt lat="59.923108" lon="8.751361">
        <ele>205.353062</ele>
        <time>2024-08-11T04:34:56.351Z</time>
      </trkpt>
      <trkpt lat="59.923602" lon="8.753023">
        <ele>206.207037</ele>
        <time>2024-08-11T04:35:10.668Z</time>
      </trkpt>
      <trkpt lat="59.923731" lon="8.753562">
        <ele>206.828736</ele>
        <time>2024-08-11T04:35:18.511Z</time>
      </trkpt>
      <trkpt lat="59.923890" lon="8.754530">
        <ele>207.888993</ele>
        <time>2024-08-11T04:35:32.068Z</time>
      </trkpt>
      <trkpt lat="59.923763" lon="8.754665">
        <ele>208.187847</ele>
        <time>2024-08-11T04:35:35.330Z</time>
      </trkpt>
      <trkpt lat="59.923340" lon="8.755175">
        <ele>209.367739</ele>
        <time>2024-08-11T04:35:49.170Z</time>
      </trkpt>
      <trkpt lat="59.923200" lon="8.755379">
        <ele>209.908090</ele>
        <time>2024-08-11T04:35:54.247Z</time>
      </trkpt>
      <trkpt lat="59.923118" lon="8.755578">
        <ele>210.310537</ele>
        <time>2024-08-11T04:35:57.820Z</time>
      </trkpt>
      <trkpt lat="59.923096" lon="8.755937">
        <ele>210.875516</ele>
        <time>2024-08-11T04:36:03.412Z</time>
      </trkpt>
      <trkpt lat="59.923108" lon="8.756755">
        <ele>212.153880</ele>
        <time>2024-08-11T04:36:15.930Z</time>
      </trkpt>
      <trkpt lat="59.923296" lon="8.762088">
        <ele>218.764081</ele>
        <time>2024-08-11T04:37:22.797Z</time>
      </trkpt>
      <trkpt lat="59.923317" lon="8.763114">
        <ele>218.730951</ele>
        <time>2024-08-11T04:37:32.083Z</time>
      </trkpt>
      <trkpt lat="59.923287" lon="8.764526">
        <ele>218.685355</ele>
        <time>2024-08-11T04:37:41.889Z</time>
      </trkpt>
      <trkpt lat="59.923153" lon="8.765662">
        <ele>218.329922</ele>
        <time>2024-08-11T04:37:48.568Z</time>
      </trkpt>
      <trkpt lat="59.923142" lon="8.766119">
        <ele>217.765299</ele>
        <time>2024-08-11T04:37:50.973Z</time>
      </trkpt>
      <trkpt lat="59.923176" lon="8.766660">
        <ele>217.092434</ele>
        <time>2024-08-11T04:37:53.828Z</time>
      </trkpt>
      <trkpt lat="59.923179" lon="8.767145">
        <ele>216.493862</ele>
        <time>2024-08-11T04:37:56.374Z</time>
      </trkpt>
      <trkpt lat="59.923128" lon="8.767698">
        <ele>215.799958</ele>
        <time>2024-08-11T04:37:59.313Z</time>
      </trkpt>
      <trkpt lat="59.922887" lon="8.769122">
        <ele>214.128428</ele>
        <time>2024-08-11T04:38:07.025Z</time>
      </trkpt>
      <trkpt lat="59.922828" lon="8.769794">
        <ele>213.833631</ele>
        <time>2024-08-11T04:38:10.693Z</time>
      </trkpt>
      <trkpt lat="59.922863" lon="8.771206">
        <ele>213.222754</ele>
        <time>2024-08-11T04:38:19.104Z</time>
      </trkpt>
      <trkpt lat="59.922799" lon="8.772035">
        <ele>212.860315</ele>
        <time>2024-08-11T04:38:26.285Z</time>
      </trkpt>
      <trkpt lat="59.922620" lon="8.773134">
        <ele>212.193353</ele>
        <time>2024-08-11T04:38:37.734Z</time>
      </trkpt>
      <trkpt lat="59.922486" lon="8.773638">
        <ele>211.815805</ele>
        <time>2024-08-11T04:38:43.542Z</time>
      </trkpt>
      <trkpt lat="59.922308" lon="8.774084">
        <ele>211.438513</ele>
        <time>2024-08-11T04:38:47.820Z</time>
      </trkpt>
      <trkpt lat="59.922178" lon="8.774563">
        <ele>211.078039</ele>
        <time>2024-08-11T04:38:50.790Z</time>
      </trkpt>
      <trkpt lat="59.922140" lon="8.775019">
        <ele>210.772135</ele>
        <time>2024-08-11T04:38:53.129Z</time>
      </trkpt>
      <trkpt lat="59.922141" lon="8.775694">
        <ele>210.325447</ele>
        <time>2024-08-11T04:38:56.414Z</time>
      </trkpt>
      <trkpt lat="59.922102" lon="8.776157">
        <ele>209.132000</ele>
        <time>2024-08-11T04:38:58.685Z</time>
      </trkpt>
      <trkpt lat="59.921872" lon="8.777527">
        <ele>205.231983</ele>
        <time>2024-08-11T04:39:05.387Z</time>
      </trkpt>
      <trkpt lat="59.921878" lon="8.778532">
        <ele>202.518976</ele>
        <time>2024-08-11T04:39:09.981Z</time>
      </trkpt>
      <trkpt lat="59.921975" lon="8.779774">
        <ele>199.835271</ele>
        <time>2024-08-11T04:39:15.789Z</time>
      </trkpt>
      <trkpt lat="59.921921" lon="8.780138">
        <ele>199.298987</ele>
        <time>2024-08-11T04:39:17.613Z</time>
      </trkpt>
      <trkpt lat="59.921879" lon="8.780417">
        <ele>198.887443</ele>
        <time>2024-08-11T04:39:19.068Z</time>
      </trkpt>
      <trkpt lat="59.921720" lon="8.781539">
        <ele>197.240222</ele>
        <time>2024-08-11T04:39:25.438Z</time>
      </trkpt>
      <trkpt lat="59.921693" lon="8.781959">
        <ele>196.642016</ele>
        <time>2024-08-11T04:39:27.981Z</time>
      </trkpt>
      <trkpt lat="59.921693" lon="8.782782">
        <ele>195.520539</ele>
        <time>2024-08-11T04:39:33.014Z</time>
      </trkpt>
      <trkpt lat="59.921772" lon="8.783699">
        <ele>195.042058</ele>
        <time>2024-08-11T04:39:38.649Z</time>
      </trkpt>
      <trkpt lat="59.922179" lon="8.786328">
        <ele>193.736821</ele>
        <time>2024-08-11T04:39:55.145Z</time>
      </trkpt>
      <trkpt lat="59.922222" lon="8.786777">
        <ele>193.862511</ele>
        <time>2024-08-11T04:39:58.364Z</time>
      </trkpt>
      <trkpt lat="59.922252" lon="8.787571">
        <ele>194.081446</ele>
        <time>2024-08-11T04:40:04.741Z</time>
      </trkpt>
      <trkpt lat="59.922190" lon="8.789955">
        <ele>194.785328</ele>
        <time>2024-08-11T04:40:27.937Z</time>
      </trkpt>
      <trkpt lat="59.922193" lon="8.790469">
        <ele>195.054648</ele>
        <time>2024-08-11T04:40:32.925Z</time>
      </trkpt>
      <trkpt lat="59.922234" lon="8.791135">
        <ele>195.406209</ele>
        <time>2024-08-11T04:40:39.407Z</time>
      </trkpt>
      <trkpt lat="59.922346" lon="8.792014">
        <ele>195.881395</ele>
        <time>2024-08-11T04:40:47.844Z</time>
      </trkpt>
      <trkpt lat="59.922508" lon="8.792857">
        <ele>196.354423</ele>
        <time>2024-08-11T04:40:56.233Z</time>
      </trkpt>
      <trkpt lat="59.922626" lon="8.793332">
        <ele>196.651032</ele>
        <time>2024-08-11T04:41:00.823Z</time>
      </trkpt>
      <trkpt lat="59.924152" lon="8.799147">
        <ele>201.717048</ele>
        <time>2024-08-11T04:42:08.372Z</time>
      </trkpt>
      <trkpt lat="59.924457" lon="8.800374">
        <ele>203.261202</ele>
        <time>2024-08-11T04:42:27.111Z</time>
      </trkpt>
      <trkpt lat="59.924509" lon="8.800952">
        <ele>204.002561</ele>
        <time>2024-08-11T04:42:35.160Z</time>
      </trkpt>
      <trkpt lat="59.924529" lon="8.801156">
        <ele>204.264983</ele>
        <time>2024-08-11T04:42:38.344Z</time>
      </trkpt>
      <trkpt lat="59.924540" lon="8.801315">
        <ele>204.467615</ele>
        <time>2024-08-11T04:42:40.721Z</time>
      </trkpt>
      <trkpt lat="59.924563" lon="8.801575">
        <ele>204.800925</ele>
        <time>2024-08-11T04:42:44.019Z</time>
      </trkpt>
      <trkpt lat="59.924574" lon="8.801694">
        <ele>204.953691</ele>
        <time>2024-08-11T04:42:45.550Z</time>
      </trkpt>
      <trkpt lat="59.924647" lon="8.802687">
        <ele>206.220713</ele>
        <time>2024-08-11T04:42:58.507Z</time>
      </trkpt>
      <trkpt lat="59.924692" lon="8.802983">
        <ele>206.611212</ele>
        <time>2024-08-11T04:43:01.369Z</time>
      </trkpt>
      <trkpt lat="59.924762" lon="8.803266">
        <ele>206.678008</ele>
        <time>2024-08-11T04:43:04.790Z</time>
      </trkpt>
      <trkpt lat="59.924988" lon="8.803912">
        <ele>206.678008</ele>
        <time>2024-08-11T04:43:11.542Z</time>
      </trkpt>
      <trkpt lat="59.925240" lon="8.804398">
        <ele>206.678008</ele>
        <time>2024-08-11T04:43:16.882Z</time>
      </trkpt>
      <trkpt lat="59.925897" lon="8.805330">
        <ele>206.678008</ele>
        <time>2024-08-11T04:43:27.140Z</time>
      </trkpt>
      <trkpt lat="59.926055" lon="8.805509">
        <ele>206.678008</ele>
        <time>2024-08-11T04:43:29.183Z</time>
      </trkpt>
    </trkseg>
  </trk>
</gpx>