<?xml version='1.0' encoding='UTF-8'?>
<gpx version="1.1" creator="https://www.komoot.de" xmlns="http://www.topografix.com/GPX/1/1" xmlns:xsi="http://www.w3.org/2001/XMLSchema-instance" xsi:schemaLocation="http://www.topografix.com/GPX/1/1 http://www.topografix.com/GPX/1/1/gpx.xsd">
  <metadata>
    <name>Heroes of Telemark</name>
    <author>
      <link href="https://www.komoot.de">
        <text>komoot</text>
        <type>text/html</type>
      </link>
    </author>
  </metadata>
  <trk>
    <name>Heroes of Telemark</name>
    <trkseg>
      <trkpt lat="59.614404" lon="8.945757">
        <ele>84.006572</ele>
        <time>2024-08-08T20:22:26.550Z</time>
      </trkpt>
      <trkpt lat="59.614104" lon="8.946659">
        <ele>84.006572</ele>
        <time>2024-08-08T20:22:39.544Z</time>
      </trkpt>
      <trkpt lat="59.613787" lon="8.947612">
        <ele>84.126805</ele>
        <time>2024-08-08T20:22:53.351Z</time>
      </trkpt>
      <trkpt lat="59.613733" lon="8.947933">
        <ele>84.218791</ele>
        <time>2024-08-08T20:22:57.381Z</time>
      </trkpt>
      <trkpt lat="59.613686" lon="8.948075">
        <ele>84.264934</ele>
        <time>2024-08-08T20:22:59.508Z</time>
      </trkpt>
      <trkpt lat="59.613785" lon="8.948162">
        <ele>84.323175</ele>
        <time>2024-08-08T20:23:02.013Z</time>
      </trkpt>
      <trkpt lat="59.613889" lon="8.948187">
        <ele>84.379493</ele>
        <time>2024-08-08T20:23:04.476Z</time>
      </trkpt>
      <trkpt lat="59.614170" lon="8.948323">
        <ele>84.535010</ele>
        <time>2024-08-08T20:23:11.489Z</time>
      </trkpt>
      <trkpt lat="59.614829" lon="8.948478">
        <ele>84.891765</ele>
        <time>2024-08-08T20:23:28.009Z</time>
      </trkpt>
      <trkpt lat="59.615253" lon="8.948531">
        <ele>85.598098</ele>
        <time>2024-08-08T20:23:39.218Z</time>
      </trkpt>
      <trkpt lat="59.616360" lon="8.948569">
        <ele>88.132546</ele>
        <time>2024-08-08T20:24:15.286Z</time>
      </trkpt>
      <trkpt lat="59.616572" lon="8.948555">
        <ele>88.618112</ele>
        <time>2024-08-08T20:24:23.223Z</time>
      </trkpt>
      <trkpt lat="59.616813" lon="8.948510">
        <ele>89.285910</ele>
        <time>2024-08-08T20:24:32.894Z</time>
      </trkpt>
      <trkpt lat="59.617105" lon="8.948354">
        <ele>90.944460</ele>
        <time>2024-08-08T20:24:46.313Z</time>
      </trkpt>
      <trkpt lat="59.617325" lon="8.948142">
        <ele>92.286439</ele>
        <time>2024-08-08T20:24:58.101Z</time>
      </trkpt>
      <trkpt lat="59.617511" lon="8.947861">
        <ele>93.569987</ele>
        <time>2024-08-08T20:25:09.967Z</time>
      </trkpt>
      <trkpt lat="59.617954" lon="8.946921">
        <ele>97.133188</ele>
        <time>2024-08-08T20:25:44.939Z</time>
      </trkpt>
      <trkpt lat="59.618293" lon="8.946247">
        <ele>99.730531</ele>
        <time>2024-08-08T20:26:11.364Z</time>
      </trkpt>
      <trkpt lat="59.618523" lon="8.945901">
        <ele>101.239929</ele>
        <time>2024-08-08T20:26:26.474Z</time>
      </trkpt>
      <trkpt lat="59.618747" lon="8.945645">
        <ele>102.591203</ele>
        <time>2024-08-08T20:26:39.508Z</time>
      </trkpt>
      <trkpt lat="59.619029" lon="8.945426">
        <ele>104.173560</ele>
        <time>2024-08-08T20:26:54.561Z</time>
      </trkpt>
      <trkpt lat="59.619396" lon="8.945244">
        <ele>106.149692</ele>
        <time>2024-08-08T20:27:12.772Z</time>
      </trkpt>
      <trkpt lat="59.619569" lon="8.945178">
        <ele>107.069900</ele>
        <time>2024-08-08T20:27:20.982Z</time>
      </trkpt>
      <trkpt lat="59.620494" lon="8.944848">
        <ele>110.553918</ele>
        <time>2024-08-08T20:27:58.766Z</time>
      </trkpt>
      <trkpt lat="59.621210" lon="8.944407">
        <ele>112.933745</ele>
        <time>2024-08-08T20:28:25.109Z</time>
      </trkpt>
      <trkpt lat="59.621501" lon="8.944108">
        <ele>113.974431</ele>
        <time>2024-08-08T20:28:36.402Z</time>
      </trkpt>
      <trkpt lat="59.622087" lon="8.943166">
        <ele>116.814371</ele>
        <time>2024-08-08T20:29:05.820Z</time>
      </trkpt>
      <trkpt lat="59.622368" lon="8.942819">
        <ele>118.066965</ele>
        <time>2024-08-08T20:29:19.808Z</time>
      </trkpt>
      <trkpt lat="59.622564" lon="8.942678">
        <ele>118.855546</ele>
        <time>2024-08-08T20:29:28.889Z</time>
      </trkpt>
      <trkpt lat="59.622742" lon="8.942608">
        <ele>119.541734</ele>
        <time>2024-08-08T20:29:37.031Z</time>
      </trkpt>
      <trkpt lat="59.622819" lon="8.942595">
        <ele>119.833927</ele>
        <time>2024-08-08T20:29:40.508Z</time>
      </trkpt>
      <trkpt lat="59.623735" lon="8.942573">
        <ele>123.490240</ele>
        <time>2024-08-08T20:30:20.874Z</time>
      </trkpt>
      <trkpt lat="59.624085" lon="8.942539">
        <ele>124.919728</ele>
        <time>2024-08-08T20:30:36.053Z</time>
      </trkpt>
      <trkpt lat="59.624530" lon="8.942419">
        <ele>126.751831</ele>
        <time>2024-08-08T20:30:54.690Z</time>
      </trkpt>
      <trkpt lat="59.624778" lon="8.942304">
        <ele>127.790945</ele>
        <time>2024-08-08T20:31:05.160Z</time>
      </trkpt>
      <trkpt lat="59.625060" lon="8.942099">
        <ele>129.016147</ele>
        <time>2024-08-08T20:31:17.503Z</time>
      </trkpt>
      <trkpt lat="59.625218" lon="8.941909">
        <ele>129.770093</ele>
        <time>2024-08-08T20:31:25.095Z</time>
      </trkpt>
      <trkpt lat="59.625700" lon="8.941153">
        <ele>132.278344</ele>
        <time>2024-08-08T20:31:50.040Z</time>
      </trkpt>
      <trkpt lat="59.625866" lon="8.940948">
        <ele>133.076279</ele>
        <time>2024-08-08T20:31:58.902Z</time>
      </trkpt>
      <trkpt lat="59.626026" lon="8.940826">
        <ele>133.775440</ele>
        <time>2024-08-08T20:32:06.079Z</time>
      </trkpt>
      <trkpt lat="59.626246" lon="8.940774">
        <ele>134.678810</ele>
        <time>2024-08-08T20:32:16.300Z</time>
      </trkpt>
      <trkpt lat="59.626398" lon="8.940798">
        <ele>135.300518</ele>
        <time>2024-08-08T20:32:22.861Z</time>
      </trkpt>
      <trkpt lat="59.626542" lon="8.940866">
        <ele>135.972692</ele>
        <time>2024-08-08T20:32:29.878Z</time>
      </trkpt>
      <trkpt lat="59.626770" lon="8.941095">
        <ele>137.204502</ele>
        <time>2024-08-08T20:32:41.430Z</time>
      </trkpt>
      <trkpt lat="59.626994" lon="8.941519">
        <ele>138.698088</ele>
        <time>2024-08-08T20:32:55.829Z</time>
      </trkpt>
      <trkpt lat="59.627104" lon="8.941884">
        <ele>139.733031</ele>
        <time>2024-08-08T20:33:06.258Z</time>
      </trkpt>
      <trkpt lat="59.627335" lon="8.942850">
        <ele>142.335713</ele>
        <time>2024-08-08T20:33:30.700Z</time>
      </trkpt>
      <trkpt lat="59.627496" lon="8.943326">
        <ele>143.730552</ele>
        <time>2024-08-08T20:33:44.157Z</time>
      </trkpt>
      <trkpt lat="59.627740" lon="8.943790">
        <ele>145.506278</ele>
        <time>2024-08-08T20:34:00.440Z</time>
      </trkpt>
      <trkpt lat="59.627951" lon="8.944054">
        <ele>146.858171</ele>
        <time>2024-08-08T20:34:12.592Z</time>
      </trkpt>
      <trkpt lat="59.628319" lon="8.944332">
        <ele>148.991135</ele>
        <time>2024-08-08T20:34:31.370Z</time>
      </trkpt>
      <trkpt lat="59.628578" lon="8.944435">
        <ele>150.421578</ele>
        <time>2024-08-08T20:34:43.861Z</time>
      </trkpt>
      <trkpt lat="59.628905" lon="8.944435">
        <ele>152.192143</ele>
        <time>2024-08-08T20:34:59.732Z</time>
      </trkpt>
      <trkpt lat="59.629253" lon="8.944285">
        <ele>154.156444</ele>
        <time>2024-08-08T20:35:18.366Z</time>
      </trkpt>
      <trkpt lat="59.629658" lon="8.943961">
        <ele>156.964931</ele>
        <time>2024-08-08T20:35:43.408Z</time>
      </trkpt>
      <trkpt lat="59.630066" lon="8.943563">
        <ele>159.889442</ele>
        <time>2024-08-08T20:36:09.436Z</time>
      </trkpt>
      <trkpt lat="59.630384" lon="8.943139">
        <ele>162.354843</ele>
        <time>2024-08-08T20:36:31.218Z</time>
      </trkpt>
      <trkpt lat="59.630773" lon="8.942462">
        <ele>165.645016</ele>
        <time>2024-08-08T20:36:59.009Z</time>
      </trkpt>
      <trkpt lat="59.630900" lon="8.942300">
        <ele>166.411954</ele>
        <time>2024-08-08T20:37:05.568Z</time>
      </trkpt>
      <trkpt lat="59.631090" lon="8.942146">
        <ele>167.454033</ele>
        <time>2024-08-08T20:37:16.197Z</time>
      </trkpt>
      <trkpt lat="59.631787" lon="8.941792">
        <ele>171.106096</ele>
        <time>2024-08-08T20:37:49.967Z</time>
      </trkpt>
      <trkpt lat="59.632254" lon="8.941716">
        <ele>173.484156</ele>
        <time>2024-08-08T20:38:10.482Z</time>
      </trkpt>
      <trkpt lat="59.632957" lon="8.941743">
        <ele>177.362021</ele>
        <time>2024-08-08T20:38:43.389Z</time>
      </trkpt>
      <trkpt lat="59.633214" lon="8.941681">
        <ele>178.843139</ele>
        <time>2024-08-08T20:38:56.569Z</time>
      </trkpt>
      <trkpt lat="59.633366" lon="8.941534">
        <ele>179.811047</ele>
        <time>2024-08-08T20:39:05.300Z</time>
      </trkpt>
      <trkpt lat="59.633551" lon="8.941243">
        <ele>181.163197</ele>
        <time>2024-08-08T20:39:17.773Z</time>
      </trkpt>
      <trkpt lat="59.634065" lon="8.940162">
        <ele>185.405261</ele>
        <time>2024-08-08T20:39:58.204Z</time>
      </trkpt>
      <trkpt lat="59.634377" lon="8.939600">
        <ele>187.598991</ele>
        <time>2024-08-08T20:40:20.984Z</time>
      </trkpt>
      <trkpt lat="59.634647" lon="8.939219">
        <ele>189.323199</ele>
        <time>2024-08-08T20:40:38.285Z</time>
      </trkpt>
      <trkpt lat="59.635540" lon="8.938570">
        <ele>194.264059</ele>
        <time>2024-08-08T20:41:22.113Z</time>
      </trkpt>
      <trkpt lat="59.635883" lon="8.938382">
        <ele>194.997859</ele>
        <time>2024-08-08T20:41:36.337Z</time>
      </trkpt>
      <trkpt lat="59.637312" lon="8.937394">
        <ele>198.161879</ele>
        <time>2024-08-08T20:42:20.164Z</time>
      </trkpt>
      <trkpt lat="59.637527" lon="8.937362">
        <ele>198.734391</ele>
        <time>2024-08-08T20:42:26.103Z</time>
      </trkpt>
      <trkpt lat="59.638226" lon="8.937522">
        <ele>200.602857</ele>
        <time>2024-08-08T20:42:49.522Z</time>
      </trkpt>
      <trkpt lat="59.638532" lon="8.937436">
        <ele>201.423549</ele>
        <time>2024-08-08T20:43:00.848Z</time>
      </trkpt>
      <trkpt lat="59.638780" lon="8.937203">
        <ele>202.152554</ele>
        <time>2024-08-08T20:43:11.611Z</time>
      </trkpt>
      <trkpt lat="59.639483" lon="8.936234">
        <ele>205.931873</ele>
        <time>2024-08-08T20:43:49.320Z</time>
      </trkpt>
      <trkpt lat="59.639737" lon="8.935845">
        <ele>207.547276</ele>
        <time>2024-08-08T20:44:05.697Z</time>
      </trkpt>
      <trkpt lat="59.639902" lon="8.935440">
        <ele>208.869552</ele>
        <time>2024-08-08T20:44:19.204Z</time>
      </trkpt>
      <trkpt lat="59.640056" lon="8.934916">
        <ele>210.410315</ele>
        <time>2024-08-08T20:44:34.643Z</time>
      </trkpt>
      <trkpt lat="59.640251" lon="8.934383">
        <ele>212.112003</ele>
        <time>2024-08-08T20:44:50.855Z</time>
      </trkpt>
      <trkpt lat="59.640535" lon="8.933890">
        <ele>214.201831</ele>
        <time>2024-08-08T20:45:08.942Z</time>
      </trkpt>
      <trkpt lat="59.640754" lon="8.933621">
        <ele>215.627652</ele>
        <time>2024-08-08T20:45:21.125Z</time>
      </trkpt>
      <trkpt lat="59.640955" lon="8.933437">
        <ele>216.852687</ele>
        <time>2024-08-08T20:45:31.685Z</time>
      </trkpt>
      <trkpt lat="59.641312" lon="8.933218">
        <ele>218.920114</ele>
        <time>2024-08-08T20:45:49.739Z</time>
      </trkpt>
      <trkpt lat="59.642936" lon="8.932573">
        <ele>229.800436</ele>
        <time>2024-08-08T20:47:18.825Z</time>
      </trkpt>
      <trkpt lat="59.643117" lon="8.932455">
        <ele>231.140115</ele>
        <time>2024-08-08T20:47:30.659Z</time>
      </trkpt>
      <trkpt lat="59.643366" lon="8.932173">
        <ele>233.156976</ele>
        <time>2024-08-08T20:47:48.838Z</time>
      </trkpt>
      <trkpt lat="59.643614" lon="8.931721">
        <ele>235.697515</ele>
        <time>2024-08-08T20:48:10.859Z</time>
      </trkpt>
      <trkpt lat="59.644097" lon="8.930504">
        <ele>242.013664</ele>
        <time>2024-08-08T20:49:01.991Z</time>
      </trkpt>
      <trkpt lat="59.644723" lon="8.929252">
        <ele>249.176536</ele>
        <time>2024-08-08T20:49:55.640Z</time>
      </trkpt>
      <trkpt lat="59.644999" lon="8.928878">
        <ele>251.638864</ele>
        <time>2024-08-08T20:50:15.801Z</time>
      </trkpt>
      <trkpt lat="59.645704" lon="8.928382">
        <ele>257.146566</ele>
        <time>2024-08-08T20:51:01.324Z</time>
      </trkpt>
      <trkpt lat="59.646039" lon="8.928092">
        <ele>259.838115</ele>
        <time>2024-08-08T20:51:22.647Z</time>
      </trkpt>
      <trkpt lat="59.646338" lon="8.927606">
        <ele>262.540794</ele>
        <time>2024-08-08T20:51:44.379Z</time>
      </trkpt>
      <trkpt lat="59.646433" lon="8.927430">
        <ele>263.238564</ele>
        <time>2024-08-08T20:51:51.675Z</time>
      </trkpt>
      <trkpt lat="59.646612" lon="8.926971">
        <ele>264.809523</ele>
        <time>2024-08-08T20:52:07.871Z</time>
      </trkpt>
      <trkpt lat="59.646992" lon="8.925228">
        <ele>269.952995</ele>
        <time>2024-08-08T20:52:56.532Z</time>
      </trkpt>
      <trkpt lat="59.647212" lon="8.924603">
        <ele>271.846801</ele>
        <time>2024-08-08T20:53:12.124Z</time>
      </trkpt>
      <trkpt lat="59.647384" lon="8.924251">
        <ele>272.158464</ele>
        <time>2024-08-08T20:53:20.995Z</time>
      </trkpt>
      <trkpt lat="59.647739" lon="8.923726">
        <ele>272.716685</ele>
        <time>2024-08-08T20:53:34.529Z</time>
      </trkpt>
      <trkpt lat="59.648438" lon="8.922875">
        <ele>273.750407</ele>
        <time>2024-08-08T20:53:54.193Z</time>
      </trkpt>
      <trkpt lat="59.648860" lon="8.922247">
        <ele>274.197825</ele>
        <time>2024-08-08T20:54:05.437Z</time>
      </trkpt>
      <trkpt lat="59.649704" lon="8.920813">
        <ele>274.740685</ele>
        <time>2024-08-08T20:54:32.220Z</time>
      </trkpt>
      <trkpt lat="59.650085" lon="8.920244">
        <ele>275.123112</ele>
        <time>2024-08-08T20:54:45.644Z</time>
      </trkpt>
      <trkpt lat="59.650236" lon="8.919912">
        <ele>275.694762</ele>
        <time>2024-08-08T20:54:51.862Z</time>
      </trkpt>
      <trkpt lat="59.650414" lon="8.919408">
        <ele>276.481693</ele>
        <time>2024-08-08T20:55:00.971Z</time>
      </trkpt>
      <trkpt lat="59.650676" lon="8.918496">
        <ele>277.824265</ele>
        <time>2024-08-08T20:55:18.161Z</time>
      </trkpt>
      <trkpt lat="59.650870" lon="8.917587">
        <ele>279.087049</ele>
        <time>2024-08-08T20:55:37.850Z</time>
      </trkpt>
      <trkpt lat="59.651067" lon="8.916082">
        <ele>282.459406</ele>
        <time>2024-08-08T20:56:15.145Z</time>
      </trkpt>
      <trkpt lat="59.651058" lon="8.914522">
        <ele>286.199730</ele>
        <time>2024-08-08T20:56:52.713Z</time>
      </trkpt>
      <trkpt lat="59.651139" lon="8.913881">
        <ele>287.783851</ele>
        <time>2024-08-08T20:57:07.729Z</time>
      </trkpt>
      <trkpt lat="59.651359" lon="8.913236">
        <ele>289.318892</ele>
        <time>2024-08-08T20:57:25.222Z</time>
      </trkpt>
      <trkpt lat="59.651854" lon="8.912244">
        <ele>291.979790</ele>
        <time>2024-08-08T20:57:55.046Z</time>
      </trkpt>
      <trkpt lat="59.651976" lon="8.911921">
        <ele>292.749444</ele>
        <time>2024-08-08T20:58:02.525Z</time>
      </trkpt>
      <trkpt lat="59.652119" lon="8.911425">
        <ele>293.839321</ele>
        <time>2024-08-08T20:58:13.095Z</time>
      </trkpt>
      <trkpt lat="59.652273" lon="8.910607">
        <ele>295.547268</ele>
        <time>2024-08-08T20:58:29.606Z</time>
      </trkpt>
      <trkpt lat="59.652460" lon="8.908805">
        <ele>299.273722</ele>
        <time>2024-08-08T20:59:08.881Z</time>
      </trkpt>
      <trkpt lat="59.652842" lon="8.906711">
        <ele>303.934976</ele>
        <time>2024-08-08T20:59:59.153Z</time>
      </trkpt>
      <trkpt lat="59.653295" lon="8.904630">
        <ele>308.922284</ele>
        <time>2024-08-08T21:00:51.291Z</time>
      </trkpt>
      <trkpt lat="59.653387" lon="8.904074">
        <ele>310.144963</ele>
        <time>2024-08-08T21:01:03.189Z</time>
      </trkpt>
      <trkpt lat="59.653430" lon="8.903866">
        <ele>310.545316</ele>
        <time>2024-08-08T21:01:07.490Z</time>
      </trkpt>
      <trkpt lat="59.653592" lon="8.903078">
        <ele>312.060833</ele>
        <time>2024-08-08T21:01:23.723Z</time>
      </trkpt>
      <trkpt lat="59.653755" lon="8.902578">
        <ele>313.120863</ele>
        <time>2024-08-08T21:01:35.053Z</time>
      </trkpt>
      <trkpt lat="59.653999" lon="8.902005">
        <ele>314.455807</ele>
        <time>2024-08-08T21:01:50.288Z</time>
      </trkpt>
      <trkpt lat="59.654364" lon="8.901341">
        <ele>316.203775</ele>
        <time>2024-08-08T21:02:11.199Z</time>
      </trkpt>
      <trkpt lat="59.654430" lon="8.901169">
        <ele>316.508154</ele>
        <time>2024-08-08T21:02:15.774Z</time>
      </trkpt>
      <trkpt lat="59.654573" lon="8.900556">
        <ele>317.454983</ele>
        <time>2024-08-08T21:02:28.844Z</time>
      </trkpt>
      <trkpt lat="59.654833" lon="8.899122">
        <ele>319.591457</ele>
        <time>2024-08-08T21:02:55.915Z</time>
      </trkpt>
      <trkpt lat="59.655440" lon="8.896495">
        <ele>321.861634</ele>
        <time>2024-08-08T21:03:45.154Z</time>
      </trkpt>
      <trkpt lat="59.655743" lon="8.894814">
        <ele>322.537210</ele>
        <time>2024-08-08T21:04:04.819Z</time>
      </trkpt>
      <trkpt lat="59.656214" lon="8.893205">
        <ele>319.628556</ele>
        <time>2024-08-08T21:04:21.634Z</time>
      </trkpt>
      <trkpt lat="59.656967" lon="8.890884">
        <ele>314.638793</ele>
        <time>2024-08-08T21:04:44.115Z</time>
      </trkpt>
      <trkpt lat="59.657797" lon="8.888262">
        <ele>308.058943</ele>
        <time>2024-08-08T21:05:09.595Z</time>
      </trkpt>
      <trkpt lat="59.658092" lon="8.886461">
        <ele>304.320301</ele>
        <time>2024-08-08T21:05:25.679Z</time>
      </trkpt>
      <trkpt lat="59.658243" lon="8.886005">
        <ele>303.243645</ele>
        <time>2024-08-08T21:05:30.290Z</time>
      </trkpt>
      <trkpt lat="59.658475" lon="8.885608">
        <ele>302.028526</ele>
        <time>2024-08-08T21:05:35.347Z</time>
      </trkpt>
      <trkpt lat="59.659381" lon="8.884574">
        <ele>297.100562</ele>
        <time>2024-08-08T21:05:52.083Z</time>
      </trkpt>
      <trkpt lat="59.659846" lon="8.883902">
        <ele>294.387637</ele>
        <time>2024-08-08T21:06:01.149Z</time>
      </trkpt>
      <trkpt lat="59.660119" lon="8.883720">
        <ele>293.131223</ele>
        <time>2024-08-08T21:06:05.751Z</time>
      </trkpt>
      <trkpt lat="59.660712" lon="8.883580">
        <ele>290.776466</ele>
        <time>2024-08-08T21:06:15.457Z</time>
      </trkpt>
      <trkpt lat="59.660873" lon="8.883467">
        <ele>290.102932</ele>
        <time>2024-08-08T21:06:18.267Z</time>
      </trkpt>
      <trkpt lat="59.660982" lon="8.883313">
        <ele>289.574926</ele>
        <time>2024-08-08T21:06:20.482Z</time>
      </trkpt>
      <trkpt lat="59.661210" lon="8.882850">
        <ele>288.287085</ele>
        <time>2024-08-08T21:06:25.967Z</time>
      </trkpt>
      <trkpt lat="59.661544" lon="8.881830">
        <ele>286.028122</ele>
        <time>2024-08-08T21:06:36.463Z</time>
      </trkpt>
      <trkpt lat="59.661831" lon="8.881113">
        <ele>284.633441</ele>
        <time>2024-08-08T21:06:44.544Z</time>
      </trkpt>
      <trkpt lat="59.663380" lon="8.877906">
        <ele>278.753181</ele>
        <time>2024-08-08T21:07:23.209Z</time>
      </trkpt>
      <trkpt lat="59.663569" lon="8.877423">
        <ele>278.074461</ele>
        <time>2024-08-08T21:07:28.868Z</time>
      </trkpt>
      <trkpt lat="59.663721" lon="8.877116">
        <ele>277.596908</ele>
        <time>2024-08-08T21:07:33.106Z</time>
      </trkpt>
      <trkpt lat="59.663942" lon="8.876757">
        <ele>277.382749</ele>
        <time>2024-08-08T21:07:38.936Z</time>
      </trkpt>
      <trkpt lat="59.664056" lon="8.876653">
        <ele>277.666937</ele>
        <time>2024-08-08T21:07:41.652Z</time>
      </trkpt>
      <trkpt lat="59.664283" lon="8.876538">
        <ele>278.197445</ele>
        <time>2024-08-08T21:07:47.254Z</time>
      </trkpt>
      <trkpt lat="59.664509" lon="8.876512">
        <ele>278.709994</ele>
        <time>2024-08-08T21:07:53.280Z</time>
      </trkpt>
      <trkpt lat="59.664659" lon="8.876504">
        <ele>279.049732</ele>
        <time>2024-08-08T21:07:58.030Z</time>
      </trkpt>
      <trkpt lat="59.664804" lon="8.876515">
        <ele>279.378268</ele>
        <time>2024-08-08T21:08:02.763Z</time>
      </trkpt>
      <trkpt lat="59.665176" lon="8.876539">
        <ele>280.220960</ele>
        <time>2024-08-08T21:08:16.714Z</time>
      </trkpt>
      <trkpt lat="59.665434" lon="8.876489">
        <ele>280.807889</ele>
        <time>2024-08-08T21:08:27.840Z</time>
      </trkpt>
      <trkpt lat="59.665877" lon="8.876201">
        <ele>283.146930</ele>
        <time>2024-08-08T21:08:50.766Z</time>
      </trkpt>
      <trkpt lat="59.666214" lon="8.875880">
        <ele>285.749658</ele>
        <time>2024-08-08T21:09:12.067Z</time>
      </trkpt>
      <trkpt lat="59.666528" lon="8.875471">
        <ele>288.365489</ele>
        <time>2024-08-08T21:09:34.633Z</time>
      </trkpt>
      <trkpt lat="59.666731" lon="8.875107">
        <ele>290.271541</ele>
        <time>2024-08-08T21:09:51.497Z</time>
      </trkpt>
      <trkpt lat="59.666915" lon="8.874624">
        <ele>292.398061</ele>
        <time>2024-08-08T21:10:10.419Z</time>
      </trkpt>
      <trkpt lat="59.667343" lon="8.873234">
        <ele>298.252158</ele>
        <time>2024-08-08T21:11:00.290Z</time>
      </trkpt>
      <trkpt lat="59.667632" lon="8.872731">
        <ele>301.011196</ele>
        <time>2024-08-08T21:11:22.879Z</time>
      </trkpt>
      <trkpt lat="59.667885" lon="8.872489">
        <ele>303.025928</ele>
        <time>2024-08-08T21:11:39.045Z</time>
      </trkpt>
      <trkpt lat="59.668417" lon="8.872288">
        <ele>306.839676</ele>
        <time>2024-08-08T21:12:09.478Z</time>
      </trkpt>
      <trkpt lat="59.668418" lon="8.872288">
        <ele>306.844837</ele>
        <time>2024-08-08T21:12:09.510Z</time>
      </trkpt>
      <trkpt lat="59.668923" lon="8.871982">
        <ele>309.570780</ele>
        <time>2024-08-08T21:12:37.208Z</time>
      </trkpt>
      <trkpt lat="59.669474" lon="8.871297">
        <ele>312.928877</ele>
        <time>2024-08-08T21:13:09.040Z</time>
      </trkpt>
      <trkpt lat="59.669756" lon="8.870832">
        <ele>314.823026</ele>
        <time>2024-08-08T21:13:25.744Z</time>
      </trkpt>
      <trkpt lat="59.670517" lon="8.869605">
        <ele>317.706084</ele>
        <time>2024-08-08T21:14:03.245Z</time>
      </trkpt>
      <trkpt lat="59.670875" lon="8.869237">
        <ele>318.636102</ele>
        <time>2024-08-08T21:14:15.544Z</time>
      </trkpt>
      <trkpt lat="59.671250" lon="8.869174">
        <ele>319.503845</ele>
        <time>2024-08-08T21:14:26.391Z</time>
      </trkpt>
      <trkpt lat="59.671717" lon="8.869431">
        <ele>320.425150</ele>
        <time>2024-08-08T21:14:40.407Z</time>
      </trkpt>
      <trkpt lat="59.671998" lon="8.869476">
        <ele>320.834479</ele>
        <time>2024-08-08T21:14:48.421Z</time>
      </trkpt>
      <trkpt lat="59.672272" lon="8.869437">
        <ele>321.233339</ele>
        <time>2024-08-08T21:14:56.160Z</time>
      </trkpt>
      <trkpt lat="59.673227" lon="8.868891">
        <ele>322.676574</ele>
        <time>2024-08-08T21:15:25.653Z</time>
      </trkpt>
      <trkpt lat="59.673994" lon="8.868530">
        <ele>324.655186</ele>
        <time>2024-08-08T21:15:51.226Z</time>
      </trkpt>
      <trkpt lat="59.674768" lon="8.868238">
        <ele>326.652314</ele>
        <time>2024-08-08T21:16:19.638Z</time>
      </trkpt>
      <trkpt lat="59.675271" lon="8.868100">
        <ele>328.383674</ele>
        <time>2024-08-08T21:16:39.403Z</time>
      </trkpt>
      <trkpt lat="59.675571" lon="8.868023">
        <ele>329.653197</ele>
        <time>2024-08-08T21:16:51.913Z</time>
      </trkpt>
      <trkpt lat="59.676076" lon="8.867982">
        <ele>331.774287</ele>
        <time>2024-08-08T21:17:13.590Z</time>
      </trkpt>
      <trkpt lat="59.676174" lon="8.867988">
        <ele>332.185756</ele>
        <time>2024-08-08T21:17:18.247Z</time>
      </trkpt>
      <trkpt lat="59.676670" lon="8.868112">
        <ele>334.283811</ele>
        <time>2024-08-08T21:17:41.242Z</time>
      </trkpt>
      <trkpt lat="59.676879" lon="8.868291">
        <ele>335.291316</ele>
        <time>2024-08-08T21:17:52.364Z</time>
      </trkpt>
      <trkpt lat="59.677209" lon="8.868877">
        <ele>337.376291</ele>
        <time>2024-08-08T21:18:13.190Z</time>
      </trkpt>
      <trkpt lat="59.677491" lon="8.869486">
        <ele>339.338946</ele>
        <time>2024-08-08T21:18:32.042Z</time>
      </trkpt>
      <trkpt lat="59.677774" lon="8.869950">
        <ele>341.067199</ele>
        <time>2024-08-08T21:18:47.869Z</time>
      </trkpt>
      <trkpt lat="59.679310" lon="8.872256">
        <ele>351.030838</ele>
        <time>2024-08-08T21:20:16.610Z</time>
      </trkpt>
      <trkpt lat="59.679599" lon="8.872479">
        <ele>352.680579</ele>
        <time>2024-08-08T21:20:33.737Z</time>
      </trkpt>
      <trkpt lat="59.680052" lon="8.872626">
        <ele>356.350879</ele>
        <time>2024-08-08T21:21:00.780Z</time>
      </trkpt>
      <trkpt lat="59.681007" lon="8.872502">
        <ele>364.180562</ele>
        <time>2024-08-08T21:22:03.439Z</time>
      </trkpt>
      <trkpt lat="59.681604" lon="8.872381">
        <ele>368.830232</ele>
        <time>2024-08-08T21:22:44.477Z</time>
      </trkpt>
      <trkpt lat="59.681870" lon="8.872255">
        <ele>370.689246</ele>
        <time>2024-08-08T21:23:02.688Z</time>
      </trkpt>
      <trkpt lat="59.682236" lon="8.872006">
        <ele>373.319625</ele>
        <time>2024-08-08T21:23:26.906Z</time>
      </trkpt>
      <trkpt lat="59.682406" lon="8.871949">
        <ele>374.491576</ele>
        <time>2024-08-08T21:23:36.914Z</time>
      </trkpt>
      <trkpt lat="59.682645" lon="8.871942">
        <ele>376.116274</ele>
        <time>2024-08-08T21:23:50.003Z</time>
      </trkpt>
      <trkpt lat="59.682807" lon="8.872002">
        <ele>377.236492</ele>
        <time>2024-08-08T21:23:58.377Z</time>
      </trkpt>
      <trkpt lat="59.683063" lon="8.872199">
        <ele>379.103235</ele>
        <time>2024-08-08T21:24:11.071Z</time>
      </trkpt>
      <trkpt lat="59.683248" lon="8.872450">
        <ele>380.036787</ele>
        <time>2024-08-08T21:24:20.292Z</time>
      </trkpt>
      <trkpt lat="59.683350" lon="8.872647">
        <ele>380.330809</ele>
        <time>2024-08-08T21:24:25.513Z</time>
      </trkpt>
      <trkpt lat="59.683495" lon="8.872987">
        <ele>380.794545</ele>
        <time>2024-08-08T21:24:33.197Z</time>
      </trkpt>
      <trkpt lat="59.683615" lon="8.873374">
        <ele>381.267742</ele>
        <time>2024-08-08T21:24:40.295Z</time>
      </trkpt>
      <trkpt lat="59.683701" lon="8.873745">
        <ele>381.693079</ele>
        <time>2024-08-08T21:24:46.420Z</time>
      </trkpt>
      <trkpt lat="59.683774" lon="8.874238">
        <ele>382.228357</ele>
        <time>2024-08-08T21:24:53.862Z</time>
      </trkpt>
      <trkpt lat="59.683867" lon="8.875474">
        <ele>383.513112</ele>
        <time>2024-08-08T21:25:11.945Z</time>
      </trkpt>
      <trkpt lat="59.683923" lon="8.875728">
        <ele>383.673343</ele>
        <time>2024-08-08T21:25:15.864Z</time>
      </trkpt>
      <trkpt lat="59.684054" lon="8.876074">
        <ele>383.923377</ele>
        <time>2024-08-08T21:25:21.942Z</time>
      </trkpt>
      <trkpt lat="59.684250" lon="8.876369">
        <ele>384.205282</ele>
        <time>2024-08-08T21:25:28.475Z</time>
      </trkpt>
      <trkpt lat="59.684466" lon="8.876592">
        <ele>384.484234</ele>
        <time>2024-08-08T21:25:34.129Z</time>
      </trkpt>
      <trkpt lat="59.684991" lon="8.876839">
        <ele>385.102219</ele>
        <time>2024-08-08T21:25:48.538Z</time>
      </trkpt>
      <trkpt lat="59.685265" lon="8.877049">
        <ele>385.438684</ele>
        <time>2024-08-08T21:25:57.447Z</time>
      </trkpt>
      <trkpt lat="59.685522" lon="8.877405">
        <ele>385.925487</ele>
        <time>2024-08-08T21:26:07.695Z</time>
      </trkpt>
      <trkpt lat="59.685792" lon="8.877879">
        <ele>386.552843</ele>
        <time>2024-08-08T21:26:19.731Z</time>
      </trkpt>
      <trkpt lat="59.686086" lon="8.878302">
        <ele>387.184714</ele>
        <time>2024-08-08T21:26:31.198Z</time>
      </trkpt>
      <trkpt lat="59.686321" lon="8.878508">
        <ele>387.631602</ele>
        <time>2024-08-08T21:26:38.674Z</time>
      </trkpt>
      <trkpt lat="59.686616" lon="8.878622">
        <ele>388.154285</ele>
        <time>2024-08-08T21:26:47.078Z</time>
      </trkpt>
      <trkpt lat="59.686992" lon="8.878589">
        <ele>388.901818</ele>
        <time>2024-08-08T21:26:58.006Z</time>
      </trkpt>
      <trkpt lat="59.687210" lon="8.878460">
        <ele>389.582080</ele>
        <time>2024-08-08T21:27:05.406Z</time>
      </trkpt>
      <trkpt lat="59.687537" lon="8.878191">
        <ele>390.640721</ele>
        <time>2024-08-08T21:27:18.636Z</time>
      </trkpt>
      <trkpt lat="59.687842" lon="8.877833">
        <ele>391.700673</ele>
        <time>2024-08-08T21:27:32.607Z</time>
      </trkpt>
      <trkpt lat="59.687976" lon="8.877610">
        <ele>392.223904</ele>
        <time>2024-08-08T21:27:39.620Z</time>
      </trkpt>
      <trkpt lat="59.688370" lon="8.876739">
        <ele>393.988952</ele>
        <time>2024-08-08T21:28:03.387Z</time>
      </trkpt>
      <trkpt lat="59.688573" lon="8.876091">
        <ele>394.960077</ele>
        <time>2024-08-08T21:28:18.553Z</time>
      </trkpt>
      <trkpt lat="59.688752" lon="8.875424">
        <ele>395.910711</ele>
        <time>2024-08-08T21:28:32.982Z</time>
      </trkpt>
      <trkpt lat="59.688920" lon="8.874281">
        <ele>397.408805</ele>
        <time>2024-08-08T21:28:53.242Z</time>
      </trkpt>
      <trkpt lat="59.689017" lon="8.873795">
        <ele>398.066467</ele>
        <time>2024-08-08T21:29:00.879Z</time>
      </trkpt>
      <trkpt lat="59.689092" lon="8.873555">
        <ele>398.421687</ele>
        <time>2024-08-08T21:29:04.968Z</time>
      </trkpt>
      <trkpt lat="59.689206" lon="8.873336">
        <ele>398.727877</ele>
        <time>2024-08-08T21:29:09.732Z</time>
      </trkpt>
      <trkpt lat="59.689383" lon="8.873149">
        <ele>399.065181</ele>
        <time>2024-08-08T21:29:15.702Z</time>
      </trkpt>
      <trkpt lat="59.689590" lon="8.873010">
        <ele>399.432711</ele>
        <time>2024-08-08T21:29:22.430Z</time>
      </trkpt>
      <trkpt lat="59.689792" lon="8.872988">
        <ele>399.772899</ele>
        <time>2024-08-08T21:29:28.625Z</time>
      </trkpt>
      <trkpt lat="59.690197" lon="8.873091">
        <ele>400.459520</ele>
        <time>2024-08-08T21:29:40.865Z</time>
      </trkpt>
      <trkpt lat="59.690418" lon="8.873063">
        <ele>400.831905</ele>
        <time>2024-08-08T21:29:47.430Z</time>
      </trkpt>
      <trkpt lat="59.690493" lon="8.873015">
        <ele>400.964437</ele>
        <time>2024-08-08T21:29:50.101Z</time>
      </trkpt>
      <trkpt lat="59.690705" lon="8.872823">
        <ele>401.356401</ele>
        <time>2024-08-08T21:29:57.344Z</time>
      </trkpt>
      <trkpt lat="59.690851" lon="8.872597">
        <ele>401.662262</ele>
        <time>2024-08-08T21:30:03.166Z</time>
      </trkpt>
      <trkpt lat="59.691043" lon="8.872136">
        <ele>402.141079</ele>
        <time>2024-08-08T21:30:12.891Z</time>
      </trkpt>
      <trkpt lat="59.691598" lon="8.870622">
        <ele>403.640094</ele>
        <time>2024-08-08T21:30:43.723Z</time>
      </trkpt>
      <trkpt lat="59.691956" lon="8.869902">
        <ele>404.403801</ele>
        <time>2024-08-08T21:30:58.185Z</time>
      </trkpt>
      <trkpt lat="59.692339" lon="8.869443">
        <ele>403.953016</ele>
        <time>2024-08-08T21:31:08.100Z</time>
      </trkpt>
      <trkpt lat="59.692513" lon="8.869333">
        <ele>403.769075</ele>
        <time>2024-08-08T21:31:11.762Z</time>
      </trkpt>
      <trkpt lat="59.692905" lon="8.869167">
        <ele>403.365368</ele>
        <time>2024-08-08T21:31:19.427Z</time>
      </trkpt>
      <trkpt lat="59.693334" lon="8.869124">
        <ele>402.932760</ele>
        <time>2024-08-08T21:31:27.391Z</time>
      </trkpt>
      <trkpt lat="59.693669" lon="8.869076">
        <ele>402.580243</ele>
        <time>2024-08-08T21:31:33.534Z</time>
      </trkpt>
      <trkpt lat="59.693885" lon="8.868982">
        <ele>402.155356</ele>
        <time>2024-08-08T21:31:37.545Z</time>
      </trkpt>
      <trkpt lat="59.694309" lon="8.868596">
        <ele>401.258883</ele>
        <time>2024-08-08T21:31:46.186Z</time>
      </trkpt>
      <trkpt lat="59.694860" lon="8.867821">
        <ele>399.960715</ele>
        <time>2024-08-08T21:31:58.627Z</time>
      </trkpt>
      <trkpt lat="59.696397" lon="8.865447">
        <ele>396.346256</ele>
        <time>2024-08-08T21:32:34.846Z</time>
      </trkpt>
      <trkpt lat="59.696580" lon="8.865154">
        <ele>395.914184</ele>
        <time>2024-08-08T21:32:39.185Z</time>
      </trkpt>
      <trkpt lat="59.696859" lon="8.864540">
        <ele>395.236844</ele>
        <time>2024-08-08T21:32:46.888Z</time>
      </trkpt>
      <trkpt lat="59.697201" lon="8.863388">
        <ele>394.154004</ele>
        <time>2024-08-08T21:32:59.429Z</time>
      </trkpt>
      <trkpt lat="59.697273" lon="8.863222">
        <ele>393.976664</ele>
        <time>2024-08-08T21:33:01.514Z</time>
      </trkpt>
      <trkpt lat="59.697497" lon="8.862863">
        <ele>393.514131</ele>
        <time>2024-08-08T21:33:06.943Z</time>
      </trkpt>
      <trkpt lat="59.697725" lon="8.862651">
        <ele>393.109768</ele>
        <time>2024-08-08T21:33:11.745Z</time>
      </trkpt>
      <trkpt lat="59.698917" lon="8.861828">
        <ele>392.766495</ele>
        <time>2024-08-08T21:33:37.374Z</time>
      </trkpt>
      <trkpt lat="59.699295" lon="8.861355">
        <ele>392.691394</ele>
        <time>2024-08-08T21:33:48.843Z</time>
      </trkpt>
      <trkpt lat="59.699361" lon="8.861231">
        <ele>392.676116</ele>
        <time>2024-08-08T21:33:51.323Z</time>
      </trkpt>
      <trkpt lat="59.699913" lon="8.859617">
        <ele>394.274956</ele>
        <time>2024-08-08T21:34:21.582Z</time>
      </trkpt>
      <trkpt lat="59.700074" lon="8.859336">
        <ele>394.662190</ele>
        <time>2024-08-08T21:34:28.809Z</time>
      </trkpt>
      <trkpt lat="59.700260" lon="8.859101">
        <ele>395.060348</ele>
        <time>2024-08-08T21:34:36.160Z</time>
      </trkpt>
      <trkpt lat="59.700481" lon="8.858921">
        <ele>395.491640</ele>
        <time>2024-08-08T21:34:44.301Z</time>
      </trkpt>
      <trkpt lat="59.700839" lon="8.858730">
        <ele>396.183263</ele>
        <time>2024-08-08T21:34:56.121Z</time>
      </trkpt>
      <trkpt lat="59.701494" lon="8.858425">
        <ele>397.505276</ele>
        <time>2024-08-08T21:35:17.372Z</time>
      </trkpt>
      <trkpt lat="59.701983" lon="8.858288">
        <ele>398.475636</ele>
        <time>2024-08-08T21:35:33.753Z</time>
      </trkpt>
      <trkpt lat="59.702229" lon="8.858391">
        <ele>398.969654</ele>
        <time>2024-08-08T21:35:41.862Z</time>
      </trkpt>
      <trkpt lat="59.702352" lon="8.858506">
        <ele>399.236866</ele>
        <time>2024-08-08T21:35:46.053Z</time>
      </trkpt>
      <trkpt lat="59.702475" lon="8.858688">
        <ele>399.499606</ele>
        <time>2024-08-08T21:35:50.781Z</time>
      </trkpt>
      <trkpt lat="59.702539" lon="8.858755">
        <ele>399.584648</ele>
        <time>2024-08-08T21:35:53.184Z</time>
      </trkpt>
      <trkpt lat="59.702827" lon="8.859144">
        <ele>399.994134</ele>
        <time>2024-08-08T21:36:03.745Z</time>
      </trkpt>
      <trkpt lat="59.703155" lon="8.859379">
        <ele>400.403927</ele>
        <time>2024-08-08T21:36:13.814Z</time>
      </trkpt>
      <trkpt lat="59.703866" lon="8.859605">
        <ele>401.250008</ele>
        <time>2024-08-08T21:36:33.485Z</time>
      </trkpt>
      <trkpt lat="59.704142" lon="8.859746">
        <ele>401.558097</ele>
        <time>2024-08-08T21:36:41.080Z</time>
      </trkpt>
      <trkpt lat="59.704886" lon="8.860255">
        <ele>401.648784</ele>
        <time>2024-08-08T21:36:59.279Z</time>
      </trkpt>
      <trkpt lat="59.705162" lon="8.860418">
        <ele>401.681966</ele>
        <time>2024-08-08T21:37:05.577Z</time>
      </trkpt>
      <trkpt lat="59.705522" lon="8.860464">
        <ele>401.723532</ele>
        <time>2024-08-08T21:37:13.586Z</time>
      </trkpt>
      <trkpt lat="59.706501" lon="8.860314">
        <ele>401.824243</ele>
        <time>2024-08-08T21:37:35.018Z</time>
      </trkpt>
      <trkpt lat="59.706812" lon="8.860218">
        <ele>401.854438</ele>
        <time>2024-08-08T21:37:41.935Z</time>
      </trkpt>
      <trkpt lat="59.707403" lon="8.859832">
        <ele>401.914133</ele>
        <time>2024-08-08T21:37:56.785Z</time>
      </trkpt>
      <trkpt lat="59.708171" lon="8.859066">
        <ele>401.986500</ele>
        <time>2024-08-08T21:38:17.096Z</time>
      </trkpt>
      <trkpt lat="59.708369" lon="8.858978">
        <ele>402.002774</ele>
        <time>2024-08-08T21:38:21.494Z</time>
      </trkpt>
      <trkpt lat="59.708955" lon="8.858947">
        <ele>402.049787</ele>
        <time>2024-08-08T21:38:34.388Z</time>
      </trkpt>
      <trkpt lat="59.709319" lon="8.858798">
        <ele>402.080768</ele>
        <time>2024-08-08T21:38:42.785Z</time>
      </trkpt>
      <trkpt lat="59.709696" lon="8.858478">
        <ele>402.218414</ele>
        <time>2024-08-08T21:38:52.400Z</time>
      </trkpt>
      <trkpt lat="59.711582" lon="8.856471">
        <ele>403.004991</ele>
        <time>2024-08-08T21:39:44.292Z</time>
      </trkpt>
      <trkpt lat="59.712343" lon="8.855809">
        <ele>403.358764</ele>
        <time>2024-08-08T21:40:05.177Z</time>
      </trkpt>
      <trkpt lat="59.712755" lon="8.855338">
        <ele>403.320471</ele>
        <time>2024-08-08T21:40:16.208Z</time>
      </trkpt>
      <trkpt lat="59.713212" lon="8.854686">
        <ele>403.047656</ele>
        <time>2024-08-08T21:40:28.468Z</time>
      </trkpt>
      <trkpt lat="59.713581" lon="8.854275">
        <ele>402.842571</ele>
        <time>2024-08-08T21:40:37.268Z</time>
      </trkpt>
      <trkpt lat="59.714988" lon="8.853087">
        <ele>402.039260</ele>
        <time>2024-08-08T21:41:07.280Z</time>
      </trkpt>
      <trkpt lat="59.715441" lon="8.852665">
        <ele>401.764967</ele>
        <time>2024-08-08T21:41:17.908Z</time>
      </trkpt>
      <trkpt lat="59.715862" lon="8.852192">
        <ele>401.907539</ele>
        <time>2024-08-08T21:41:29.147Z</time>
      </trkpt>
      <trkpt lat="59.716150" lon="8.851795">
        <ele>402.571448</ele>
        <time>2024-08-08T21:41:38.731Z</time>
      </trkpt>
      <trkpt lat="59.716534" lon="8.851387">
        <ele>403.396054</ele>
        <time>2024-08-08T21:41:52.358Z</time>
      </trkpt>
      <trkpt lat="59.716823" lon="8.851252">
        <ele>403.958056</ele>
        <time>2024-08-08T21:42:02.566Z</time>
      </trkpt>
      <trkpt lat="59.717275" lon="8.851113">
        <ele>404.823843</ele>
        <time>2024-08-08T21:42:19.987Z</time>
      </trkpt>
      <trkpt lat="59.717806" lon="8.850962">
        <ele>405.759159</ele>
        <time>2024-08-08T21:42:40.467Z</time>
      </trkpt>
      <trkpt lat="59.718103" lon="8.850823">
        <ele>406.281940</ele>
        <time>2024-08-08T21:42:50.936Z</time>
      </trkpt>
      <trkpt lat="59.718405" lon="8.850550">
        <ele>406.850524</ele>
        <time>2024-08-08T21:43:01.221Z</time>
      </trkpt>
      <trkpt lat="59.718651" lon="8.850216">
        <ele>407.361263</ele>
        <time>2024-08-08T21:43:09.478Z</time>
      </trkpt>
      <trkpt lat="59.718679" lon="8.850172">
        <ele>407.422464</ele>
        <time>2024-08-08T21:43:10.494Z</time>
      </trkpt>
      <trkpt lat="59.719051" lon="8.849748">
        <ele>408.040975</ele>
        <time>2024-08-08T21:43:21.197Z</time>
      </trkpt>
      <trkpt lat="59.719137" lon="8.849672">
        <ele>407.968208</ele>
        <time>2024-08-08T21:43:23.267Z</time>
      </trkpt>
      <trkpt lat="59.719312" lon="8.849608">
        <ele>407.830676</ele>
        <time>2024-08-08T21:43:27.161Z</time>
      </trkpt>
      <trkpt lat="59.720028" lon="8.849492">
        <ele>407.275459</ele>
        <time>2024-08-08T21:43:41.423Z</time>
      </trkpt>
      <trkpt lat="59.720212" lon="8.849413">
        <ele>407.129957</ele>
        <time>2024-08-08T21:43:44.947Z</time>
      </trkpt>
      <trkpt lat="59.720339" lon="8.849311">
        <ele>407.024060</ele>
        <time>2024-08-08T21:43:47.496Z</time>
      </trkpt>
      <trkpt lat="59.720542" lon="8.849021">
        <ele>406.830703</ele>
        <time>2024-08-08T21:43:52.327Z</time>
      </trkpt>
      <trkpt lat="59.720717" lon="8.848653">
        <ele>406.679351</ele>
        <time>2024-08-08T21:43:57.375Z</time>
      </trkpt>
      <trkpt lat="59.720827" lon="8.848321">
        <ele>406.656959</ele>
        <time>2024-08-08T21:44:01.495Z</time>
      </trkpt>
      <trkpt lat="59.721059" lon="8.847392">
        <ele>406.598527</ele>
        <time>2024-08-08T21:44:12.748Z</time>
      </trkpt>
      <trkpt lat="59.721233" lon="8.847005">
        <ele>406.569302</ele>
        <time>2024-08-08T21:44:18.736Z</time>
      </trkpt>
      <trkpt lat="59.721494" lon="8.846649">
        <ele>406.533892</ele>
        <time>2024-08-08T21:44:26.336Z</time>
      </trkpt>
      <trkpt lat="59.721660" lon="8.846538">
        <ele>406.514310</ele>
        <time>2024-08-08T21:44:30.587Z</time>
      </trkpt>
      <trkpt lat="59.723023" lon="8.846221">
        <ele>407.411360</ele>
        <time>2024-08-08T21:45:03.913Z</time>
      </trkpt>
      <trkpt lat="59.723345" lon="8.846247">
        <ele>407.677768</ele>
        <time>2024-08-08T21:45:12.629Z</time>
      </trkpt>
      <trkpt lat="59.724016" lon="8.846476">
        <ele>408.642244</ele>
        <time>2024-08-08T21:45:33.549Z</time>
      </trkpt>
      <trkpt lat="59.724408" lon="8.846713">
        <ele>409.489278</ele>
        <time>2024-08-08T21:45:46.872Z</time>
      </trkpt>
      <trkpt lat="59.725093" lon="8.847380">
        <ele>411.066515</ele>
        <time>2024-08-08T21:46:12.383Z</time>
      </trkpt>
      <trkpt lat="59.725264" lon="8.847500">
        <ele>411.441425</ele>
        <time>2024-08-08T21:46:18.948Z</time>
      </trkpt>
      <trkpt lat="59.725495" lon="8.847587">
        <ele>411.860831</ele>
        <time>2024-08-08T21:46:27.011Z</time>
      </trkpt>
      <trkpt lat="59.726318" lon="8.847741">
        <ele>413.089154</ele>
        <time>2024-08-08T21:46:53.557Z</time>
      </trkpt>
      <trkpt lat="59.726889" lon="8.847992">
        <ele>413.958185</ele>
        <time>2024-08-08T21:47:09.602Z</time>
      </trkpt>
      <trkpt lat="59.727739" lon="8.847928">
        <ele>414.517484</ele>
        <time>2024-08-08T21:47:30.882Z</time>
      </trkpt>
      <trkpt lat="59.728034" lon="8.847983">
        <ele>414.596588</ele>
        <time>2024-08-08T21:47:37.976Z</time>
      </trkpt>
      <trkpt lat="59.728405" lon="8.847989">
        <ele>414.695639</ele>
        <time>2024-08-08T21:47:46.438Z</time>
      </trkpt>
      <trkpt lat="59.728724" lon="8.847834">
        <ele>414.783321</ele>
        <time>2024-08-08T21:47:53.665Z</time>
      </trkpt>
      <trkpt lat="59.729272" lon="8.847385">
        <ele>414.722070</ele>
        <time>2024-08-08T21:48:06.636Z</time>
      </trkpt>
      <trkpt lat="59.729651" lon="8.847010">
        <ele>414.582523</ele>
        <time>2024-08-08T21:48:15.978Z</time>
      </trkpt>
      <trkpt lat="59.730467" lon="8.845966">
        <ele>414.262597</ele>
        <time>2024-08-08T21:48:36.261Z</time>
      </trkpt>
      <trkpt lat="59.731002" lon="8.845520">
        <ele>414.104222</ele>
        <time>2024-08-08T21:48:48.192Z</time>
      </trkpt>
      <trkpt lat="59.731251" lon="8.845222">
        <ele>414.025950</ele>
        <time>2024-08-08T21:48:54.311Z</time>
      </trkpt>
      <trkpt lat="59.731354" lon="8.845028">
        <ele>413.987723</ele>
        <time>2024-08-08T21:48:57.296Z</time>
      </trkpt>
      <trkpt lat="59.731487" lon="8.844585">
        <ele>413.917767</ele>
        <time>2024-08-08T21:49:02.910Z</time>
      </trkpt>
      <trkpt lat="59.731532" lon="8.844215">
        <ele>413.866128</ele>
        <time>2024-08-08T21:49:07.068Z</time>
      </trkpt>
      <trkpt lat="59.731582" lon="8.843264">
        <ele>413.925925</ele>
        <time>2024-08-08T21:49:18.321Z</time>
      </trkpt>
      <trkpt lat="59.731667" lon="8.842697">
        <ele>414.349597</ele>
        <time>2024-08-08T21:49:25.514Z</time>
      </trkpt>
      <trkpt lat="59.731742" lon="8.842423">
        <ele>414.572908</ele>
        <time>2024-08-08T21:49:29.557Z</time>
      </trkpt>
      <trkpt lat="59.731954" lon="8.841950">
        <ele>415.026234</ele>
        <time>2024-08-08T21:49:38.321Z</time>
      </trkpt>
      <trkpt lat="59.732156" lon="8.841675">
        <ele>415.374336</ele>
        <time>2024-08-08T21:49:45.787Z</time>
      </trkpt>
      <trkpt lat="59.732324" lon="8.841527">
        <ele>415.635525</ele>
        <time>2024-08-08T21:49:51.794Z</time>
      </trkpt>
      <trkpt lat="59.732933" lon="8.841134">
        <ele>416.697684</ele>
        <time>2024-08-08T21:50:14.197Z</time>
      </trkpt>
      <trkpt lat="59.733361" lon="8.840790">
        <ele>417.801310</ele>
        <time>2024-08-08T21:50:30.634Z</time>
      </trkpt>
      <trkpt lat="59.734085" lon="8.839843">
        <ele>419.873782</ele>
        <time>2024-08-08T21:51:01.090Z</time>
      </trkpt>
      <trkpt lat="59.734661" lon="8.839335">
        <ele>421.126577</ele>
        <time>2024-08-08T21:51:21.375Z</time>
      </trkpt>
      <trkpt lat="59.734879" lon="8.839159">
        <ele>421.501157</ele>
        <time>2024-08-08T21:51:28.103Z</time>
      </trkpt>
      <trkpt lat="59.735112" lon="8.839037">
        <ele>421.884684</ele>
        <time>2024-08-08T21:51:34.930Z</time>
      </trkpt>
      <trkpt lat="59.735179" lon="8.839009">
        <ele>421.993657</ele>
        <time>2024-08-08T21:51:36.749Z</time>
      </trkpt>
      <trkpt lat="59.735413" lon="8.839035">
        <ele>422.366663</ele>
        <time>2024-08-08T21:51:43.267Z</time>
      </trkpt>
      <trkpt lat="59.736346" lon="8.839284">
        <ele>424.009460</ele>
        <time>2024-08-08T21:52:11.375Z</time>
      </trkpt>
      <trkpt lat="59.736745" lon="8.839467">
        <ele>424.908163</ele>
        <time>2024-08-08T21:52:25.661Z</time>
      </trkpt>
      <trkpt lat="59.737408" lon="8.839953">
        <ele>426.459243</ele>
        <time>2024-08-08T21:52:49.739Z</time>
      </trkpt>
      <trkpt lat="59.737582" lon="8.840041">
        <ele>426.853298</ele>
        <time>2024-08-08T21:52:56.021Z</time>
      </trkpt>
      <trkpt lat="59.737765" lon="8.840071">
        <ele>427.256265</ele>
        <time>2024-08-08T21:53:02.218Z</time>
      </trkpt>
      <trkpt lat="59.738025" lon="8.840044">
        <ele>427.613151</ele>
        <time>2024-08-08T21:53:11.263Z</time>
      </trkpt>
      <trkpt lat="59.738232" lon="8.840003">
        <ele>427.823006</ele>
        <time>2024-08-08T21:53:18.102Z</time>
      </trkpt>
      <trkpt lat="59.739080" lon="8.839662">
        <ele>428.695838</ele>
        <time>2024-08-08T21:53:43.521Z</time>
      </trkpt>
      <trkpt lat="59.740246" lon="8.839395">
        <ele>428.883586</ele>
        <time>2024-08-08T21:54:07.600Z</time>
      </trkpt>
      <trkpt lat="59.740519" lon="8.839214">
        <ele>428.718207</ele>
        <time>2024-08-08T21:54:13.333Z</time>
      </trkpt>
      <trkpt lat="59.740790" lon="8.838881">
        <ele>428.535067</ele>
        <time>2024-08-08T21:54:19.862Z</time>
      </trkpt>
      <trkpt lat="59.741393" lon="8.837829">
        <ele>428.379320</ele>
        <time>2024-08-08T21:54:36.981Z</time>
      </trkpt>
      <trkpt lat="59.741668" lon="8.837399">
        <ele>428.623803</ele>
        <time>2024-08-08T21:54:44.678Z</time>
      </trkpt>
      <trkpt lat="59.742004" lon="8.836956">
        <ele>428.905497</ele>
        <time>2024-08-08T21:54:54.016Z</time>
      </trkpt>
      <trkpt lat="59.742339" lon="8.836603">
        <ele>429.170363</ele>
        <time>2024-08-08T21:55:04.141Z</time>
      </trkpt>
      <trkpt lat="59.742570" lon="8.836368">
        <ele>429.351632</ele>
        <time>2024-08-08T21:55:11.733Z</time>
      </trkpt>
      <trkpt lat="59.742980" lon="8.835919">
        <ele>430.099599</ele>
        <time>2024-08-08T21:55:27.908Z</time>
      </trkpt>
      <trkpt lat="59.743225" lon="8.835528">
        <ele>430.757271</ele>
        <time>2024-08-08T21:55:39.323Z</time>
      </trkpt>
      <trkpt lat="59.743326" lon="8.835292">
        <ele>431.083646</ele>
        <time>2024-08-08T21:55:44.894Z</time>
      </trkpt>
      <trkpt lat="59.743497" lon="8.834745">
        <ele>431.762168</ele>
        <time>2024-08-08T21:55:55.980Z</time>
      </trkpt>
      <trkpt lat="59.743712" lon="8.833818">
        <ele>432.837814</ele>
        <time>2024-08-08T21:56:12.018Z</time>
      </trkpt>
      <trkpt lat="59.743887" lon="8.832824">
        <ele>433.656358</ele>
        <time>2024-08-08T21:56:27.921Z</time>
      </trkpt>
      <trkpt lat="59.743919" lon="8.832283">
        <ele>433.997369</ele>
        <time>2024-08-08T21:56:36.238Z</time>
      </trkpt>
      <trkpt lat="59.743975" lon="8.830419">
        <ele>435.166373</ele>
        <time>2024-08-08T21:57:02.587Z</time>
      </trkpt>
      <trkpt lat="59.744031" lon="8.829439">
        <ele>435.982908</ele>
        <time>2024-08-08T21:57:14.956Z</time>
      </trkpt>
      <trkpt lat="59.744252" lon="8.828060">
        <ele>437.454604</ele>
        <time>2024-08-08T21:57:36.185Z</time>
      </trkpt>
      <trkpt lat="59.744550" lon="8.826688">
        <ele>438.974063</ele>
        <time>2024-08-08T21:58:04.047Z</time>
      </trkpt>
      <trkpt lat="59.744999" lon="8.824513">
        <ele>442.780111</ele>
        <time>2024-08-08T21:58:50.570Z</time>
      </trkpt>
      <trkpt lat="59.745275" lon="8.822320">
        <ele>446.058427</ele>
        <time>2024-08-08T21:59:34.441Z</time>
      </trkpt>
      <trkpt lat="59.745482" lon="8.820760">
        <ele>447.926773</ele>
        <time>2024-08-08T22:00:01.600Z</time>
      </trkpt>
      <trkpt lat="59.745666" lon="8.820021">
        <ele>448.881456</ele>
        <time>2024-08-08T22:00:14.530Z</time>
      </trkpt>
      <trkpt lat="59.745897" lon="8.819471">
        <ele>449.313888</ele>
        <time>2024-08-08T22:00:25.300Z</time>
      </trkpt>
      <trkpt lat="59.746922" lon="8.817576">
        <ele>450.350542</ele>
        <time>2024-08-08T22:01:00.439Z</time>
      </trkpt>
      <trkpt lat="59.747084" lon="8.817181">
        <ele>450.592062</ele>
        <time>2024-08-08T22:01:06.245Z</time>
      </trkpt>
      <trkpt lat="59.747159" lon="8.816750">
        <ele>450.866677</ele>
        <time>2024-08-08T22:01:11.612Z</time>
      </trkpt>
      <trkpt lat="59.747162" lon="8.816480">
        <ele>451.029323</ele>
        <time>2024-08-08T22:01:14.872Z</time>
      </trkpt>
      <trkpt lat="59.747143" lon="8.816205">
        <ele>451.196491</ele>
        <time>2024-08-08T22:01:18.287Z</time>
      </trkpt>
      <trkpt lat="59.747048" lon="8.815816">
        <ele>451.456838</ele>
        <time>2024-08-08T22:01:23.909Z</time>
      </trkpt>
      <trkpt lat="59.746997" lon="8.815650">
        <ele>451.573934</ele>
        <time>2024-08-08T22:01:26.531Z</time>
      </trkpt>
      <trkpt lat="59.746600" lon="8.814757">
        <ele>452.291186</ele>
        <time>2024-08-08T22:01:44.199Z</time>
      </trkpt>
      <trkpt lat="59.746217" lon="8.813975">
        <ele>453.501356</ele>
        <time>2024-08-08T22:02:03.357Z</time>
      </trkpt>
      <trkpt lat="59.745871" lon="8.813375">
        <ele>454.940739</ele>
        <time>2024-08-08T22:02:21.310Z</time>
      </trkpt>
      <trkpt lat="59.745298" lon="8.812518">
        <ele>457.188441</ele>
        <time>2024-08-08T22:02:50.066Z</time>
      </trkpt>
      <trkpt lat="59.745152" lon="8.812122">
        <ele>457.962977</ele>
        <time>2024-08-08T22:02:59.700Z</time>
      </trkpt>
      <trkpt lat="59.745066" lon="8.811707">
        <ele>458.503726</ele>
        <time>2024-08-08T22:03:08.378Z</time>
      </trkpt>
      <trkpt lat="59.745050" lon="8.811205">
        <ele>458.988259</ele>
        <time>2024-08-08T22:03:17.850Z</time>
      </trkpt>
      <trkpt lat="59.745062" lon="8.810919">
        <ele>459.264711</ele>
        <time>2024-08-08T22:03:22.942Z</time>
      </trkpt>
      <trkpt lat="59.745099" lon="8.810683">
        <ele>459.502797</ele>
        <time>2024-08-08T22:03:27.373Z</time>
      </trkpt>
      <trkpt lat="59.745212" lon="8.810313">
        <ele>459.919574</ele>
        <time>2024-08-08T22:03:34.420Z</time>
      </trkpt>
      <trkpt lat="59.745376" lon="8.809931">
        <ele>460.403011</ele>
        <time>2024-08-08T22:03:42.126Z</time>
      </trkpt>
      <trkpt lat="59.746200" lon="8.808502">
        <ele>461.945406</ele>
        <time>2024-08-08T22:04:11.489Z</time>
      </trkpt>
      <trkpt lat="59.746547" lon="8.807754">
        <ele>462.264266</ele>
        <time>2024-08-08T22:04:24.099Z</time>
      </trkpt>
      <trkpt lat="59.746698" lon="8.807232">
        <ele>462.453026</ele>
        <time>2024-08-08T22:04:31.691Z</time>
      </trkpt>
      <trkpt lat="59.746781" lon="8.806685">
        <ele>462.632172</ele>
        <time>2024-08-08T22:04:38.779Z</time>
      </trkpt>
      <trkpt lat="59.746798" lon="8.805766">
        <ele>462.918544</ele>
        <time>2024-08-08T22:04:49.979Z</time>
      </trkpt>
      <trkpt lat="59.746832" lon="8.805214">
        <ele>463.090031</ele>
        <time>2024-08-08T22:04:56.965Z</time>
      </trkpt>
      <trkpt lat="59.746914" lon="8.804840">
        <ele>463.215807</ele>
        <time>2024-08-08T22:05:02.142Z</time>
      </trkpt>
      <trkpt lat="59.746989" lon="8.804640">
        <ele>463.292689</ele>
        <time>2024-08-08T22:05:05.466Z</time>
      </trkpt>
      <trkpt lat="59.747140" lon="8.804368">
        <ele>463.417496</ele>
        <time>2024-08-08T22:05:10.638Z</time>
      </trkpt>
      <trkpt lat="59.748175" lon="8.803069">
        <ele>464.086666</ele>
        <time>2024-08-08T22:05:41.924Z</time>
      </trkpt>
      <trkpt lat="59.748559" lon="8.802511">
        <ele>464.290151</ele>
        <time>2024-08-08T22:05:53.400Z</time>
      </trkpt>
      <trkpt lat="59.748854" lon="8.802047">
        <ele>464.451085</ele>
        <time>2024-08-08T22:06:02.464Z</time>
      </trkpt>
      <trkpt lat="59.749074" lon="8.801651">
        <ele>464.578069</ele>
        <time>2024-08-08T22:06:09.395Z</time>
      </trkpt>
      <trkpt lat="59.749105" lon="8.801595">
        <ele>464.595991</ele>
        <time>2024-08-08T22:06:10.485Z</time>
      </trkpt>
      <trkpt lat="59.749581" lon="8.800727">
        <ele>464.909679</ele>
        <time>2024-08-08T22:06:26.136Z</time>
      </trkpt>
      <trkpt lat="59.750136" lon="8.799773">
        <ele>465.281350</ele>
        <time>2024-08-08T22:06:44.032Z</time>
      </trkpt>
      <trkpt lat="59.750418" lon="8.799350">
        <ele>465.460287</ele>
        <time>2024-08-08T22:06:52.670Z</time>
      </trkpt>
      <trkpt lat="59.750658" lon="8.799003">
        <ele>465.694290</ele>
        <time>2024-08-08T22:06:59.847Z</time>
      </trkpt>
      <trkpt lat="59.750924" lon="8.798661">
        <ele>466.295104</ele>
        <time>2024-08-08T22:07:08.030Z</time>
      </trkpt>
      <trkpt lat="59.751735" lon="8.797535">
        <ele>468.171327</ele>
        <time>2024-08-08T22:07:40.455Z</time>
      </trkpt>
      <trkpt lat="59.751958" lon="8.797217">
        <ele>468.691858</ele>
        <time>2024-08-08T22:07:49.921Z</time>
      </trkpt>
      <trkpt lat="59.752131" lon="8.797047">
        <ele>469.070820</ele>
        <time>2024-08-08T22:07:57.330Z</time>
      </trkpt>
      <trkpt lat="59.752433" lon="8.796836">
        <ele>469.794117</ele>
        <time>2024-08-08T22:08:09.256Z</time>
      </trkpt>
      <trkpt lat="59.752509" lon="8.796786">
        <ele>469.974998</ele>
        <time>2024-08-08T22:08:12.156Z</time>
      </trkpt>
      <trkpt lat="59.752580" lon="8.796752">
        <ele>470.140001</ele>
        <time>2024-08-08T22:08:14.835Z</time>
      </trkpt>
      <trkpt lat="59.752810" lon="8.796644">
        <ele>470.673951</ele>
        <time>2024-08-08T22:08:23.852Z</time>
      </trkpt>
      <trkpt lat="59.753340" lon="8.796501">
        <ele>471.882327</ele>
        <time>2024-08-08T22:08:40.968Z</time>
      </trkpt>
      <trkpt lat="59.753372" lon="8.796490">
        <ele>471.955696</ele>
        <time>2024-08-08T22:08:42.050Z</time>
      </trkpt>
      <trkpt lat="59.753574" lon="8.796418">
        <ele>472.419349</ele>
        <time>2024-08-08T22:08:48.912Z</time>
      </trkpt>
      <trkpt lat="59.753743" lon="8.796289">
        <ele>472.828401</ele>
        <time>2024-08-08T22:08:54.846Z</time>
      </trkpt>
      <trkpt lat="59.753927" lon="8.796040">
        <ele>472.968530</ele>
        <time>2024-08-08T22:09:01.891Z</time>
      </trkpt>
      <trkpt lat="59.754190" lon="8.795590">
        <ele>472.729074</ele>
        <time>2024-08-08T22:09:10.901Z</time>
      </trkpt>
      <trkpt lat="59.754446" lon="8.795096">
        <ele>472.482855</ele>
        <time>2024-08-08T22:09:18.999Z</time>
      </trkpt>
      <trkpt lat="59.754624" lon="8.794699">
        <ele>472.298217</ele>
        <time>2024-08-08T22:09:24.328Z</time>
      </trkpt>
      <trkpt lat="59.754822" lon="8.794086">
        <ele>472.045243</ele>
        <time>2024-08-08T22:09:31.231Z</time>
      </trkpt>
      <trkpt lat="59.754890" lon="8.793864">
        <ele>471.954983</ele>
        <time>2024-08-08T22:09:33.664Z</time>
      </trkpt>
      <trkpt lat="59.755024" lon="8.792918">
        <ele>470.848460</ele>
        <time>2024-08-08T22:09:42.082Z</time>
      </trkpt>
      <trkpt lat="59.755032" lon="8.792829">
        <ele>470.696499</ele>
        <time>2024-08-08T22:09:42.819Z</time>
      </trkpt>
      <trkpt lat="59.754964" lon="8.792808">
        <ele>470.466851</ele>
        <time>2024-08-08T22:09:44.388Z</time>
      </trkpt>
      <trkpt lat="59.754884" lon="8.792814">
        <ele>470.199697</ele>
        <time>2024-08-08T22:09:46.273Z</time>
      </trkpt>
      <trkpt lat="59.754008" lon="8.792954">
        <ele>467.266987</ele>
        <time>2024-08-08T22:10:06.767Z</time>
      </trkpt>
      <trkpt lat="59.753636" lon="8.793032">
        <ele>466.018701</ele>
        <time>2024-08-08T22:10:15.286Z</time>
      </trkpt>
      <trkpt lat="59.753478" lon="8.792981">
        <ele>465.606254</ele>
        <time>2024-08-08T22:10:18.932Z</time>
      </trkpt>
      <trkpt lat="59.753346" lon="8.792860">
        <ele>465.302101</ele>
        <time>2024-08-08T22:10:22.297Z</time>
      </trkpt>
      <trkpt lat="59.753192" lon="8.792710">
        <ele>464.943253</ele>
        <time>2024-08-08T22:10:26.242Z</time>
      </trkpt>
      <trkpt lat="59.753027" lon="8.792487">
        <ele>464.525684</ele>
        <time>2024-08-08T22:10:30.942Z</time>
      </trkpt>
      <trkpt lat="59.753001" lon="8.792346">
        <ele>464.367459</ele>
        <time>2024-08-08T22:10:32.721Z</time>
      </trkpt>
      <trkpt lat="59.753005" lon="8.791876">
        <ele>463.872114</ele>
        <time>2024-08-08T22:10:38.456Z</time>
      </trkpt>
      <trkpt lat="59.753091" lon="8.791535">
        <ele>463.470257</ele>
        <time>2024-08-08T22:10:43.206Z</time>
      </trkpt>
      <trkpt lat="59.753401" lon="8.790915">
        <ele>462.549711</ele>
        <time>2024-08-08T22:10:54.746Z</time>
      </trkpt>
      <trkpt lat="59.753498" lon="8.790399">
        <ele>462.117147</ele>
        <time>2024-08-08T22:11:02.583Z</time>
      </trkpt>
      <trkpt lat="59.753401" lon="8.790915">
        <ele>462.625812</ele>
        <time>2024-08-08T22:11:11.192Z</time>
      </trkpt>
      <trkpt lat="59.753091" lon="8.791535">
        <ele>463.432625</ele>
        <time>2024-08-08T22:11:26.884Z</time>
      </trkpt>
      <trkpt lat="59.753005" lon="8.791876">
        <ele>463.784833</ele>
        <time>2024-08-08T22:11:34.574Z</time>
      </trkpt>
      <trkpt lat="59.753001" lon="8.792346">
        <ele>464.218977</ele>
        <time>2024-08-08T22:11:44.595Z</time>
      </trkpt>
      <trkpt lat="59.753027" lon="8.792487">
        <ele>464.357653</ele>
        <time>2024-08-08T22:11:47.985Z</time>
      </trkpt>
      <trkpt lat="59.753192" lon="8.792710">
        <ele>464.723632</ele>
        <time>2024-08-08T22:11:56.954Z</time>
      </trkpt>
      <trkpt lat="59.753346" lon="8.792860">
        <ele>465.038143</ele>
        <time>2024-08-08T22:12:05.062Z</time>
      </trkpt>
      <trkpt lat="59.753478" lon="8.792981">
        <ele>465.304719</ele>
        <time>2024-08-08T22:12:11.859Z</time>
      </trkpt>
      <trkpt lat="59.753636" lon="8.793032">
        <ele>465.604936</ele>
        <time>2024-08-08T22:12:19.545Z</time>
      </trkpt>
      <trkpt lat="59.754008" lon="8.792954">
        <ele>466.309060</ele>
        <time>2024-08-08T22:12:36.524Z</time>
      </trkpt>
      <trkpt lat="59.754884" lon="8.792814">
        <ele>467.963321</ele>
        <time>2024-08-08T22:13:10.138Z</time>
      </trkpt>
      <trkpt lat="59.754964" lon="8.792808">
        <ele>468.114015</ele>
        <time>2024-08-08T22:13:12.638Z</time>
      </trkpt>
      <trkpt lat="59.755032" lon="8.792829">
        <ele>468.243553</ele>
        <time>2024-08-08T22:13:14.804Z</time>
      </trkpt>
      <trkpt lat="59.755087" lon="8.792385">
        <ele>468.677066</ele>
        <time>2024-08-08T22:13:20.336Z</time>
      </trkpt>
      <trkpt lat="59.755296" lon="8.790543">
        <ele>469.315134</ele>
        <time>2024-08-08T22:13:41.989Z</time>
      </trkpt>
      <trkpt lat="59.755356" lon="8.789970">
        <ele>469.501698</ele>
        <time>2024-08-08T22:13:48.549Z</time>
      </trkpt>
      <trkpt lat="59.755388" lon="8.789755">
        <ele>469.573165</ele>
        <time>2024-08-08T22:13:51.006Z</time>
      </trkpt>
      <trkpt lat="59.755510" lon="8.789318">
        <ele>469.732436</ele>
        <time>2024-08-08T22:13:57.153Z</time>
      </trkpt>
      <trkpt lat="59.755689" lon="8.788844">
        <ele>470.272057</ele>
        <time>2024-08-08T22:14:05.963Z</time>
      </trkpt>
      <trkpt lat="59.755984" lon="8.788266">
        <ele>472.323934</ele>
        <time>2024-08-08T22:14:20.696Z</time>
      </trkpt>
      <trkpt lat="59.756268" lon="8.787751">
        <ele>474.228116</ele>
        <time>2024-08-08T22:14:38.495Z</time>
      </trkpt>
      <trkpt lat="59.756495" lon="8.787461">
        <ele>475.564466</ele>
        <time>2024-08-08T22:14:53.123Z</time>
      </trkpt>
      <trkpt lat="59.756557" lon="8.787397">
        <ele>475.910414</ele>
        <time>2024-08-08T22:14:56.909Z</time>
      </trkpt>
      <trkpt lat="59.756689" lon="8.787290">
        <ele>476.616268</ele>
        <time>2024-08-08T22:15:04.958Z</time>
      </trkpt>
      <trkpt lat="59.756858" lon="8.787176">
        <ele>477.499899</ele>
        <time>2024-08-08T22:15:14.349Z</time>
      </trkpt>
      <trkpt lat="59.757232" lon="8.786990">
        <ele>479.812363</ele>
        <time>2024-08-08T22:15:36.750Z</time>
      </trkpt>
      <trkpt lat="59.757790" lon="8.787007">
        <ele>484.333553</ele>
        <time>2024-08-08T22:16:12.164Z</time>
      </trkpt>
      <trkpt lat="59.757941" lon="8.786857">
        <ele>485.701455</ele>
        <time>2024-08-08T22:16:22.786Z</time>
      </trkpt>
      <trkpt lat="59.758173" lon="8.786378">
        <ele>488.413054</ele>
        <time>2024-08-08T22:16:44.639Z</time>
      </trkpt>
      <trkpt lat="59.758346" lon="8.786055">
        <ele>490.336950</ele>
        <time>2024-08-08T22:17:00.422Z</time>
      </trkpt>
      <trkpt lat="59.758685" lon="8.785633">
        <ele>493.605530</ele>
        <time>2024-08-08T22:17:25.928Z</time>
      </trkpt>
      <trkpt lat="59.758883" lon="8.785123">
        <ele>496.538406</ele>
        <time>2024-08-08T22:17:45.836Z</time>
      </trkpt>
      <trkpt lat="59.759129" lon="8.784517">
        <ele>500.083411</ele>
        <time>2024-08-08T22:18:10.299Z</time>
      </trkpt>
      <trkpt lat="59.759230" lon="8.784342">
        <ele>501.295655</ele>
        <time>2024-08-08T22:18:19.002Z</time>
      </trkpt>
      <trkpt lat="59.759587" lon="8.783698">
        <ele>505.657545</ele>
        <time>2024-08-08T22:18:54.133Z</time>
      </trkpt>
      <trkpt lat="59.759729" lon="8.783434">
        <ele>507.416740</ele>
        <time>2024-08-08T22:19:08.199Z</time>
      </trkpt>
      <trkpt lat="59.759901" lon="8.783263">
        <ele>509.156273</ele>
        <time>2024-08-08T22:19:21.700Z</time>
      </trkpt>
      <trkpt lat="59.760389" lon="8.783054">
        <ele>514.169247</ele>
        <time>2024-08-08T22:19:56.804Z</time>
      </trkpt>
      <trkpt lat="59.760744" lon="8.782834">
        <ele>517.945246</ele>
        <time>2024-08-08T22:20:23.004Z</time>
      </trkpt>
      <trkpt lat="59.761072" lon="8.782505">
        <ele>521.676417</ele>
        <time>2024-08-08T22:20:50.010Z</time>
      </trkpt>
      <trkpt lat="59.761276" lon="8.782122">
        <ele>524.527011</ele>
        <time>2024-08-08T22:21:11.334Z</time>
      </trkpt>
      <trkpt lat="59.761421" lon="8.781743">
        <ele>526.960797</ele>
        <time>2024-08-08T22:21:30.271Z</time>
      </trkpt>
      <trkpt lat="59.761671" lon="8.780965">
        <ele>531.982114</ele>
        <time>2024-08-08T22:22:05.689Z</time>
      </trkpt>
      <trkpt lat="59.761792" lon="8.780701">
        <ele>533.952394</ele>
        <time>2024-08-08T22:22:18.679Z</time>
      </trkpt>
      <trkpt lat="59.761943" lon="8.780566">
        <ele>535.767378</ele>
        <time>2024-08-08T22:22:30.444Z</time>
      </trkpt>
      <trkpt lat="59.762484" lon="8.780423">
        <ele>541.749102</ele>
        <time>2024-08-08T22:23:11.149Z</time>
      </trkpt>
      <trkpt lat="59.762597" lon="8.780337">
        <ele>543.075440</ele>
        <time>2024-08-08T22:23:21.974Z</time>
      </trkpt>
      <trkpt lat="59.762754" lon="8.780119">
        <ele>545.175122</ele>
        <time>2024-08-08T22:23:36.969Z</time>
      </trkpt>
      <trkpt lat="59.763045" lon="8.779382">
        <ele>550.730051</ele>
        <time>2024-08-08T22:24:16.028Z</time>
      </trkpt>
      <trkpt lat="59.763144" lon="8.779194">
        <ele>552.441597</ele>
        <time>2024-08-08T22:24:27.165Z</time>
      </trkpt>
      <trkpt lat="59.763221" lon="8.779095">
        <ele>553.587741</ele>
        <time>2024-08-08T22:24:33.868Z</time>
      </trkpt>
      <trkpt lat="59.763517" lon="8.778876">
        <ele>557.534541</ele>
        <time>2024-08-08T22:24:59.990Z</time>
      </trkpt>
      <trkpt lat="59.763669" lon="8.778842">
        <ele>559.445752</ele>
        <time>2024-08-08T22:25:13.235Z</time>
      </trkpt>
      <trkpt lat="59.763722" lon="8.778880">
        <ele>560.149814</ele>
        <time>2024-08-08T22:25:18.567Z</time>
      </trkpt>
      <trkpt lat="59.763788" lon="8.779025">
        <ele>561.379611</ele>
        <time>2024-08-08T22:25:26.516Z</time>
      </trkpt>
      <trkpt lat="59.763792" lon="8.779202">
        <ele>562.494403</ele>
        <time>2024-08-08T22:25:33.184Z</time>
      </trkpt>
      <trkpt lat="59.763670" lon="8.779875">
        <ele>566.994897</ele>
        <time>2024-08-08T22:26:04.657Z</time>
      </trkpt>
      <trkpt lat="59.763579" lon="8.780727">
        <ele>572.586429</ele>
        <time>2024-08-08T22:26:44.865Z</time>
      </trkpt>
      <trkpt lat="59.763582" lon="8.780931">
        <ele>573.929877</ele>
        <time>2024-08-08T22:26:55.022Z</time>
      </trkpt>
      <trkpt lat="59.763638" lon="8.781329">
        <ele>576.650146</ele>
        <time>2024-08-08T22:27:13.140Z</time>
      </trkpt>
      <trkpt lat="59.763747" lon="8.781736">
        <ele>579.684636</ele>
        <time>2024-08-08T22:27:34.914Z</time>
      </trkpt>
      <trkpt lat="59.763865" lon="8.782021">
        <ele>582.113412</ele>
        <time>2024-08-08T22:27:49.684Z</time>
      </trkpt>
      <trkpt lat="59.764045" lon="8.782275">
        <ele>584.999948</ele>
        <time>2024-08-08T22:28:07.805Z</time>
      </trkpt>
      <trkpt lat="59.764210" lon="8.782253">
        <ele>587.161705</ele>
        <time>2024-08-08T22:28:21.839Z</time>
      </trkpt>
      <trkpt lat="59.764390" lon="8.781970">
        <ele>590.162841</ele>
        <time>2024-08-08T22:28:41.936Z</time>
      </trkpt>
      <trkpt lat="59.764545" lon="8.781798">
        <ele>592.483892</ele>
        <time>2024-08-08T22:28:57.672Z</time>
      </trkpt>
      <trkpt lat="59.764596" lon="8.781794">
        <ele>593.151091</ele>
        <time>2024-08-08T22:29:02.293Z</time>
      </trkpt>
      <trkpt lat="59.764665" lon="8.781886">
        <ele>594.197514</ele>
        <time>2024-08-08T22:29:09.860Z</time>
      </trkpt>
      <trkpt lat="59.764719" lon="8.782114">
        <ele>595.756142</ele>
        <time>2024-08-08T22:29:20.859Z</time>
      </trkpt>
      <trkpt lat="59.764718" lon="8.782485">
        <ele>598.051181</ele>
        <time>2024-08-08T22:29:38.016Z</time>
      </trkpt>
      <trkpt lat="59.764488" lon="8.783435">
        <ele>604.571857</ele>
        <time>2024-08-08T22:30:25.779Z</time>
      </trkpt>
      <trkpt lat="59.764486" lon="8.783569">
        <ele>605.401151</ele>
        <time>2024-08-08T22:30:31.869Z</time>
      </trkpt>
      <trkpt lat="59.764525" lon="8.783650">
        <ele>606.094413</ele>
        <time>2024-08-08T22:30:37.026Z</time>
      </trkpt>
      <trkpt lat="59.764954" lon="8.783218">
        <ele>612.003382</ele>
        <time>2024-08-08T22:31:16.338Z</time>
      </trkpt>
      <trkpt lat="59.765111" lon="8.783108">
        <ele>614.048599</ele>
        <time>2024-08-08T22:31:28.348Z</time>
      </trkpt>
      <trkpt lat="59.765255" lon="8.783053">
        <ele>615.815056</ele>
        <time>2024-08-08T22:31:39.534Z</time>
      </trkpt>
      <trkpt lat="59.765630" lon="8.782790">
        <ele>619.755051</ele>
        <time>2024-08-08T22:32:06.839Z</time>
      </trkpt>
      <trkpt lat="59.765856" lon="8.782508">
        <ele>622.399303</ele>
        <time>2024-08-08T22:32:25.451Z</time>
      </trkpt>
      <trkpt lat="59.765924" lon="8.782301">
        <ele>623.632249</ele>
        <time>2024-08-08T22:32:33.678Z</time>
      </trkpt>
      <trkpt lat="59.766034" lon="8.781242">
        <ele>629.026315</ele>
        <time>2024-08-08T22:33:12.899Z</time>
      </trkpt>
      <trkpt lat="59.766044" lon="8.781143">
        <ele>629.530016</ele>
        <time>2024-08-08T22:33:16.849Z</time>
      </trkpt>
      <trkpt lat="59.766217" lon="8.780234">
        <ele>634.496692</ele>
        <time>2024-08-08T22:33:52.457Z</time>
      </trkpt>
      <trkpt lat="59.766371" lon="8.779684">
        <ele>638.056361</ele>
        <time>2024-08-08T22:34:15.369Z</time>
      </trkpt>
      <trkpt lat="59.766495" lon="8.779448">
        <ele>639.985689</ele>
        <time>2024-08-08T22:34:27.478Z</time>
      </trkpt>
      <trkpt lat="59.766807" lon="8.779022">
        <ele>644.238954</ele>
        <time>2024-08-08T22:34:55.265Z</time>
      </trkpt>
      <trkpt lat="59.767349" lon="8.778369">
        <ele>651.360265</ele>
        <time>2024-08-08T22:35:47.933Z</time>
      </trkpt>
      <trkpt lat="59.767924" lon="8.777211">
        <ele>661.374318</ele>
        <time>2024-08-08T22:36:09.253Z</time>
      </trkpt>
      <trkpt lat="59.768498" lon="8.776053">
        <ele>671.656451</ele>
        <time>2024-08-08T22:36:30.548Z</time>
      </trkpt>
      <trkpt lat="59.768782" lon="8.775459">
        <ele>676.875823</ele>
        <time>2024-08-08T22:37:04.443Z</time>
      </trkpt>
      <trkpt lat="59.769104" lon="8.774890">
        <ele>682.654866</ele>
        <time>2024-08-08T22:37:43.164Z</time>
      </trkpt>
      <trkpt lat="59.769523" lon="8.773722">
        <ele>692.336795</ele>
        <time>2024-08-08T22:38:48.134Z</time>
      </trkpt>
      <trkpt lat="59.769572" lon="8.773665">
        <ele>693.098207</ele>
        <time>2024-08-08T22:38:52.873Z</time>
      </trkpt>
      <trkpt lat="59.769645" lon="8.773671">
        <ele>694.077871</ele>
        <time>2024-08-08T22:38:59.160Z</time>
      </trkpt>
      <trkpt lat="59.769693" lon="8.773785">
        <ele>695.081129</ele>
        <time>2024-08-08T22:39:05.848Z</time>
      </trkpt>
      <trkpt lat="59.769723" lon="8.774458">
        <ele>699.642262</ele>
        <time>2024-08-08T22:39:36.745Z</time>
      </trkpt>
      <trkpt lat="59.769758" lon="8.774548">
        <ele>700.409985</ele>
        <time>2024-08-08T22:39:42.098Z</time>
      </trkpt>
      <trkpt lat="59.769800" lon="8.774579">
        <ele>701.063477</ele>
        <time>2024-08-08T22:39:46.622Z</time>
      </trkpt>
      <trkpt lat="59.769869" lon="8.774554">
        <ele>702.087064</ele>
        <time>2024-08-08T22:39:53.355Z</time>
      </trkpt>
      <trkpt lat="59.770188" lon="8.773929">
        <ele>708.626283</ele>
        <time>2024-08-08T22:40:35.100Z</time>
      </trkpt>
      <trkpt lat="59.771042" lon="8.772856">
        <ele>723.373571</ele>
        <time>2024-08-08T22:42:14.607Z</time>
      </trkpt>
      <trkpt lat="59.771362" lon="8.772548">
        <ele>728.416982</ele>
        <time>2024-08-08T22:42:47.819Z</time>
      </trkpt>
      <trkpt lat="59.771603" lon="8.772378">
        <ele>731.862404</ele>
        <time>2024-08-08T22:43:11.702Z</time>
      </trkpt>
      <trkpt lat="59.772003" lon="8.772371">
        <ele>737.251431</ele>
        <time>2024-08-08T22:43:48.383Z</time>
      </trkpt>
      <trkpt lat="59.772485" lon="8.772260">
        <ele>743.788452</ele>
        <time>2024-08-08T22:44:31.676Z</time>
      </trkpt>
      <trkpt lat="59.772863" lon="8.772173">
        <ele>748.914955</ele>
        <time>2024-08-08T22:45:04.267Z</time>
      </trkpt>
      <trkpt lat="59.773301" lon="8.771907">
        <ele>754.617897</ele>
        <time>2024-08-08T22:45:43.239Z</time>
      </trkpt>
      <trkpt lat="59.773761" lon="8.771562">
        <ele>760.503131</ele>
        <time>2024-08-08T22:46:24.442Z</time>
      </trkpt>
      <trkpt lat="59.773904" lon="8.771507">
        <ele>762.246524</ele>
        <time>2024-08-08T22:46:36.813Z</time>
      </trkpt>
      <trkpt lat="59.774002" lon="8.771524">
        <ele>763.423975</ele>
        <time>2024-08-08T22:46:45.141Z</time>
      </trkpt>
      <trkpt lat="59.774150" lon="8.771625">
        <ele>765.297047</ele>
        <time>2024-08-08T22:46:57.526Z</time>
      </trkpt>
      <trkpt lat="59.774286" lon="8.771818">
        <ele>767.297585</ele>
        <time>2024-08-08T22:47:11.300Z</time>
      </trkpt>
      <trkpt lat="59.774470" lon="8.771971">
        <ele>769.685093</ele>
        <time>2024-08-08T22:47:26.706Z</time>
      </trkpt>
      <trkpt lat="59.775046" lon="8.771961">
        <ele>775.659162</ele>
        <time>2024-08-08T22:48:11.990Z</time>
      </trkpt>
      <trkpt lat="59.775489" lon="8.772093">
        <ele>779.833419</ele>
        <time>2024-08-08T22:48:44.976Z</time>
      </trkpt>
      <trkpt lat="59.775842" lon="8.772318">
        <ele>783.288007</ele>
        <time>2024-08-08T22:49:10.971Z</time>
      </trkpt>
      <trkpt lat="59.776125" lon="8.772370">
        <ele>785.936387</ele>
        <time>2024-08-08T22:49:29.743Z</time>
      </trkpt>
      <trkpt lat="59.776332" lon="8.772312">
        <ele>787.884400</ele>
        <time>2024-08-08T22:49:42.462Z</time>
      </trkpt>
      <trkpt lat="59.776521" lon="8.772202">
        <ele>789.418439</ele>
        <time>2024-08-08T22:49:53.794Z</time>
      </trkpt>
      <trkpt lat="59.777062" lon="8.771813">
        <ele>791.765568</ele>
        <time>2024-08-08T22:50:23.101Z</time>
      </trkpt>
      <trkpt lat="59.777474" lon="8.771575">
        <ele>793.515939</ele>
        <time>2024-08-08T22:50:41.424Z</time>
      </trkpt>
      <trkpt lat="59.777927" lon="8.771485">
        <ele>795.373174</ele>
        <time>2024-08-08T22:50:57.591Z</time>
      </trkpt>
      <trkpt lat="59.777984" lon="8.771683">
        <ele>795.841551</ele>
        <time>2024-08-08T22:51:01.891Z</time>
      </trkpt>
      <trkpt lat="59.778029" lon="8.771743">
        <ele>796.062641</ele>
        <time>2024-08-08T22:51:04.061Z</time>
      </trkpt>
      <trkpt lat="59.778310" lon="8.771917">
        <ele>796.660583</ele>
        <time>2024-08-08T22:51:14.366Z</time>
      </trkpt>
      <trkpt lat="59.778434" lon="8.771923">
        <ele>796.755449</ele>
        <time>2024-08-08T22:51:18.931Z</time>
      </trkpt>
      <trkpt lat="59.779018" lon="8.771506">
        <ele>797.230076</ele>
        <time>2024-08-08T22:51:39.439Z</time>
      </trkpt>
      <trkpt lat="59.779051" lon="8.771377">
        <ele>797.285782</ele>
        <time>2024-08-08T22:51:42.104Z</time>
      </trkpt>
      <trkpt lat="59.779293" lon="8.771266">
        <ele>797.475737</ele>
        <time>2024-08-08T22:51:48.170Z</time>
      </trkpt>
      <trkpt lat="59.779704" lon="8.770993">
        <ele>797.807181</ele>
        <time>2024-08-08T22:51:58.579Z</time>
      </trkpt>
      <trkpt lat="59.780863" lon="8.770355">
        <ele>798.221942</ele>
        <time>2024-08-08T22:52:25.158Z</time>
      </trkpt>
      <trkpt lat="59.782438" lon="8.769578">
        <ele>798.870500</ele>
        <time>2024-08-08T22:53:07.013Z</time>
      </trkpt>
      <trkpt lat="59.783307" lon="8.768930">
        <ele>799.285764</ele>
        <time>2024-08-08T22:53:29.173Z</time>
      </trkpt>
      <trkpt lat="59.784029" lon="8.768132">
        <ele>799.068253</ele>
        <time>2024-08-08T22:53:47.395Z</time>
      </trkpt>
      <trkpt lat="59.784420" lon="8.767637">
        <ele>798.946196</ele>
        <time>2024-08-08T22:53:57.209Z</time>
      </trkpt>
      <trkpt lat="59.785322" lon="8.766050">
        <ele>798.584553</ele>
        <time>2024-08-08T22:54:21.849Z</time>
      </trkpt>
      <trkpt lat="59.785548" lon="8.765618">
        <ele>798.483016</ele>
        <time>2024-08-08T22:54:28.414Z</time>
      </trkpt>
      <trkpt lat="59.785737" lon="8.765368">
        <ele>798.409501</ele>
        <time>2024-08-08T22:54:33.355Z</time>
      </trkpt>
      <trkpt lat="59.786296" lon="8.764831">
        <ele>798.354600</ele>
        <time>2024-08-08T22:54:47.262Z</time>
      </trkpt>
      <trkpt lat="59.786429" lon="8.764654">
        <ele>798.542550</ele>
        <time>2024-08-08T22:54:51.282Z</time>
      </trkpt>
      <trkpt lat="59.786572" lon="8.764376">
        <ele>798.777442</ele>
        <time>2024-08-08T22:54:56.143Z</time>
      </trkpt>
      <trkpt lat="59.786659" lon="8.764084">
        <ele>798.977949</ele>
        <time>2024-08-08T22:55:00.705Z</time>
      </trkpt>
      <trkpt lat="59.786947" lon="8.762990">
        <ele>799.707465</ele>
        <time>2024-08-08T22:55:18.636Z</time>
      </trkpt>
      <trkpt lat="59.787276" lon="8.761890">
        <ele>800.553251</ele>
        <time>2024-08-08T22:55:38.594Z</time>
      </trkpt>
      <trkpt lat="59.787466" lon="8.761525">
        <ele>801.112994</ele>
        <time>2024-08-08T22:55:47.533Z</time>
      </trkpt>
      <trkpt lat="59.787677" lon="8.761265">
        <ele>801.638863</ele>
        <time>2024-08-08T22:55:55.656Z</time>
      </trkpt>
      <trkpt lat="59.787796" lon="8.761173">
        <ele>801.909323</ele>
        <time>2024-08-08T22:56:00.088Z</time>
      </trkpt>
      <trkpt lat="59.788100" lon="8.761007">
        <ele>802.577098</ele>
        <time>2024-08-08T22:56:11.029Z</time>
      </trkpt>
      <trkpt lat="59.788712" lon="8.760805">
        <ele>803.891148</ele>
        <time>2024-08-08T22:56:31.816Z</time>
      </trkpt>
      <trkpt lat="59.788935" lon="8.760727">
        <ele>804.377794</ele>
        <time>2024-08-08T22:56:39.299Z</time>
      </trkpt>
      <trkpt lat="59.789462" lon="8.760347">
        <ele>805.605258</ele>
        <time>2024-08-08T22:56:55.878Z</time>
      </trkpt>
      <trkpt lat="59.789615" lon="8.760234">
        <ele>805.962635</ele>
        <time>2024-08-08T22:57:00.784Z</time>
      </trkpt>
      <trkpt lat="59.789860" lon="8.759973">
        <ele>806.571267</ele>
        <time>2024-08-08T22:57:09.556Z</time>
      </trkpt>
      <trkpt lat="59.790548" lon="8.759124">
        <ele>808.436818</ele>
        <time>2024-08-08T22:57:38.812Z</time>
      </trkpt>
      <trkpt lat="59.790882" lon="8.758658">
        <ele>809.667964</ele>
        <time>2024-08-08T22:57:53.808Z</time>
      </trkpt>
      <trkpt lat="59.791272" lon="8.758195">
        <ele>811.038477</ele>
        <time>2024-08-08T22:58:10.245Z</time>
      </trkpt>
      <trkpt lat="59.791895" lon="8.757331">
        <ele>813.330337</ele>
        <time>2024-08-08T22:58:39.072Z</time>
      </trkpt>
      <trkpt lat="59.792133" lon="8.756792">
        <ele>814.695200</ele>
        <time>2024-08-08T22:58:53.733Z</time>
      </trkpt>
      <trkpt lat="59.792583" lon="8.755365">
        <ele>818.042745</ele>
        <time>2024-08-08T22:59:27.773Z</time>
      </trkpt>
      <trkpt lat="59.792901" lon="8.754666">
        <ele>819.915902</ele>
        <time>2024-08-08T22:59:48.157Z</time>
      </trkpt>
      <trkpt lat="59.793327" lon="8.753913">
        <ele>823.260523</ele>
        <time>2024-08-08T23:00:14.449Z</time>
      </trkpt>
      <trkpt lat="59.793833" lon="8.753076">
        <ele>827.710646</ele>
        <time>2024-08-08T23:00:50.469Z</time>
      </trkpt>
      <trkpt lat="59.794356" lon="8.752031">
        <ele>832.723688</ele>
        <time>2024-08-08T23:01:36.245Z</time>
      </trkpt>
      <trkpt lat="59.795040" lon="8.750210">
        <ele>843.793642</ele>
        <time>2024-08-08T23:02:54.805Z</time>
      </trkpt>
      <trkpt lat="59.795846" lon="8.747891">
        <ele>858.346952</ele>
        <time>2024-08-08T23:04:43.530Z</time>
      </trkpt>
      <trkpt lat="59.796010" lon="8.747547">
        <ele>860.910965</ele>
        <time>2024-08-08T23:05:02.369Z</time>
      </trkpt>
      <trkpt lat="59.796290" lon="8.747083">
        <ele>864.831228</ele>
        <time>2024-08-08T23:05:30.565Z</time>
      </trkpt>
      <trkpt lat="59.796706" lon="8.746537">
        <ele>870.117565</ele>
        <time>2024-08-08T23:06:07.855Z</time>
      </trkpt>
      <trkpt lat="59.796706" lon="8.746537">
        <ele>870.117565</ele>
        <time>2024-08-08T23:06:07.864Z</time>
      </trkpt>
      <trkpt lat="59.796856" lon="8.746280">
        <ele>871.981573</ele>
        <time>2024-08-08T23:06:22.283Z</time>
      </trkpt>
      <trkpt lat="59.797006" lon="8.745910">
        <ele>874.231724</ele>
        <time>2024-08-08T23:06:39.393Z</time>
      </trkpt>
      <trkpt lat="59.797159" lon="8.745321">
        <ele>877.370655</ele>
        <time>2024-08-08T23:07:02.971Z</time>
      </trkpt>
      <trkpt lat="59.797339" lon="8.744297">
        <ele>882.507006</ele>
        <time>2024-08-08T23:07:39.860Z</time>
      </trkpt>
      <trkpt lat="59.797573" lon="8.743403">
        <ele>887.213435</ele>
        <time>2024-08-08T23:08:13.257Z</time>
      </trkpt>
      <trkpt lat="59.798032" lon="8.742138">
        <ele>893.957179</ele>
        <time>2024-08-08T23:09:04.036Z</time>
      </trkpt>
      <trkpt lat="59.798459" lon="8.741062">
        <ele>899.882710</ele>
        <time>2024-08-08T23:09:49.123Z</time>
      </trkpt>
      <trkpt lat="59.798574" lon="8.740792">
        <ele>901.412316</ele>
        <time>2024-08-08T23:10:00.737Z</time>
      </trkpt>
      <trkpt lat="59.799077" lon="8.739500">
        <ele>908.520904</ele>
        <time>2024-08-08T23:10:54.631Z</time>
      </trkpt>
      <trkpt lat="59.799141" lon="8.739405">
        <ele>909.212165</ele>
        <time>2024-08-08T23:10:59.955Z</time>
      </trkpt>
      <trkpt lat="59.799226" lon="8.739278">
        <ele>910.132406</ele>
        <time>2024-08-08T23:11:07.027Z</time>
      </trkpt>
      <trkpt lat="59.799422" lon="8.739136">
        <ele>911.937822</ele>
        <time>2024-08-08T23:11:20.763Z</time>
      </trkpt>
      <trkpt lat="59.799556" lon="8.739138">
        <ele>913.097557</ele>
        <time>2024-08-08T23:11:29.729Z</time>
      </trkpt>
      <trkpt lat="59.799635" lon="8.739191">
        <ele>913.819145</ele>
        <time>2024-08-08T23:11:35.080Z</time>
      </trkpt>
      <trkpt lat="59.799755" lon="8.739354">
        <ele>915.076962</ele>
        <time>2024-08-08T23:11:44.701Z</time>
      </trkpt>
      <trkpt lat="59.799859" lon="8.739740">
        <ele>916.983245</ele>
        <time>2024-08-08T23:11:59.057Z</time>
      </trkpt>
      <trkpt lat="59.800018" lon="8.740810">
        <ele>921.761330</ele>
        <time>2024-08-08T23:12:35.347Z</time>
      </trkpt>
      <trkpt lat="59.800053" lon="8.741249">
        <ele>923.660670</ele>
        <time>2024-08-08T23:12:49.477Z</time>
      </trkpt>
      <trkpt lat="59.800075" lon="8.741995">
        <ele>926.853929</ele>
        <time>2024-08-08T23:13:13.607Z</time>
      </trkpt>
      <trkpt lat="59.800022" lon="8.744634">
        <ele>937.999021</ele>
        <time>2024-08-08T23:14:40.523Z</time>
      </trkpt>
      <trkpt lat="59.800019" lon="8.745165">
        <ele>940.208056</ele>
        <time>2024-08-08T23:14:57.271Z</time>
      </trkpt>
      <trkpt lat="59.800051" lon="8.746130">
        <ele>944.231051</ele>
        <time>2024-08-08T23:15:27.448Z</time>
      </trkpt>
      <trkpt lat="59.800034" lon="8.747048">
        <ele>948.052908</ele>
        <time>2024-08-08T23:15:56.383Z</time>
      </trkpt>
      <trkpt lat="59.799902" lon="8.748624">
        <ele>954.708745</ele>
        <time>2024-08-08T23:16:47.153Z</time>
      </trkpt>
      <trkpt lat="59.799638" lon="8.750958">
        <ele>964.847032</ele>
        <time>2024-08-08T23:18:04.372Z</time>
      </trkpt>
      <trkpt lat="59.799615" lon="8.751736">
        <ele>968.363249</ele>
        <time>2024-08-08T23:18:30.722Z</time>
      </trkpt>
      <trkpt lat="59.799616" lon="8.752283">
        <ele>970.831207</ele>
        <time>2024-08-08T23:18:49.596Z</time>
      </trkpt>
      <trkpt lat="59.799668" lon="8.753563">
        <ele>976.625080</ele>
        <time>2024-08-08T23:19:34.353Z</time>
      </trkpt>
      <trkpt lat="59.799741" lon="8.754254">
        <ele>979.707080</ele>
        <time>2024-08-08T23:19:58.607Z</time>
      </trkpt>
      <trkpt lat="59.800013" lon="8.756159">
        <ele>987.782747</ele>
        <time>2024-08-08T23:21:01.752Z</time>
      </trkpt>
      <trkpt lat="59.800036" lon="8.756751">
        <ele>990.204157</ele>
        <time>2024-08-08T23:21:19.661Z</time>
      </trkpt>
      <trkpt lat="59.800018" lon="8.757071">
        <ele>991.517274</ele>
        <time>2024-08-08T23:21:29.343Z</time>
      </trkpt>
      <trkpt lat="59.799695" lon="8.758655">
        <ele>997.828034</ele>
        <time>2024-08-08T23:22:20.429Z</time>
      </trkpt>
      <trkpt lat="59.799655" lon="8.759261">
        <ele>1000.002789</ele>
        <time>2024-08-08T23:22:37.963Z</time>
      </trkpt>
      <trkpt lat="59.799684" lon="8.759664">
        <ele>1001.451343</ele>
        <time>2024-08-08T23:22:49.595Z</time>
      </trkpt>
      <trkpt lat="59.799744" lon="8.760082">
        <ele>1002.998039</ele>
        <time>2024-08-08T23:23:01.610Z</time>
      </trkpt>
      <trkpt lat="59.799882" lon="8.760496">
        <ele>1004.765206</ele>
        <time>2024-08-08T23:23:15.651Z</time>
      </trkpt>
      <trkpt lat="59.799938" lon="8.760602">
        <ele>1005.312168</ele>
        <time>2024-08-08T23:23:19.909Z</time>
      </trkpt>
      <trkpt lat="59.800041" lon="8.760688">
        <ele>1006.100320</ele>
        <time>2024-08-08T23:23:26.493Z</time>
      </trkpt>
      <trkpt lat="59.800227" lon="8.760707">
        <ele>1007.375658</ele>
        <time>2024-08-08T23:23:36.941Z</time>
      </trkpt>
      <trkpt lat="59.800483" lon="8.760605">
        <ele>1009.163511</ele>
        <time>2024-08-08T23:23:52.123Z</time>
      </trkpt>
      <trkpt lat="59.800742" lon="8.760456">
        <ele>1011.009810</ele>
        <time>2024-08-08T23:24:08.153Z</time>
      </trkpt>
      <trkpt lat="59.801109" lon="8.760169">
        <ele>1013.710325</ele>
        <time>2024-08-08T23:24:30.571Z</time>
      </trkpt>
      <trkpt lat="59.801471" lon="8.759998">
        <ele>1016.258177</ele>
        <time>2024-08-08T23:24:51.208Z</time>
      </trkpt>
      <trkpt lat="59.801713" lon="8.760024">
        <ele>1017.917720</ele>
        <time>2024-08-08T23:25:04.300Z</time>
      </trkpt>
      <trkpt lat="59.801857" lon="8.760115">
        <ele>1018.921165</ele>
        <time>2024-08-08T23:25:12.804Z</time>
      </trkpt>
      <trkpt lat="59.802152" lon="8.760447">
        <ele>1021.121336</ele>
        <time>2024-08-08T23:25:31.403Z</time>
      </trkpt>
      <trkpt lat="59.802274" lon="8.760634">
        <ele>1022.121181</ele>
        <time>2024-08-08T23:25:39.528Z</time>
      </trkpt>
      <trkpt lat="59.802358" lon="8.760786">
        <ele>1022.858388</ele>
        <time>2024-08-08T23:25:45.752Z</time>
      </trkpt>
      <trkpt lat="59.802509" lon="8.760962">
        <ele>1023.994452</ele>
        <time>2024-08-08T23:25:55.278Z</time>
      </trkpt>
      <trkpt lat="59.802851" lon="8.761171">
        <ele>1026.316679</ele>
        <time>2024-08-08T23:26:14.889Z</time>
      </trkpt>
      <trkpt lat="59.802985" lon="8.761178">
        <ele>1027.186699</ele>
        <time>2024-08-08T23:26:22.163Z</time>
      </trkpt>
      <trkpt lat="59.803123" lon="8.761123">
        <ele>1028.100200</ele>
        <time>2024-08-08T23:26:30.186Z</time>
      </trkpt>
      <trkpt lat="59.803261" lon="8.760974">
        <ele>1029.119436</ele>
        <time>2024-08-08T23:26:38.523Z</time>
      </trkpt>
      <trkpt lat="59.803908" lon="8.760483">
        <ele>1033.777724</ele>
        <time>2024-08-08T23:27:16.472Z</time>
      </trkpt>
      <trkpt lat="59.804015" lon="8.760338">
        <ele>1034.656478</ele>
        <time>2024-08-08T23:27:23.823Z</time>
      </trkpt>
      <trkpt lat="59.804243" lon="8.759898">
        <ele>1036.812740</ele>
        <time>2024-08-08T23:27:41.538Z</time>
      </trkpt>
      <trkpt lat="59.804325" lon="8.759750">
        <ele>1037.564299</ele>
        <time>2024-08-08T23:27:47.948Z</time>
      </trkpt>
      <trkpt lat="59.804651" lon="8.759139">
        <ele>1040.604602</ele>
        <time>2024-08-08T23:28:12.726Z</time>
      </trkpt>
      <trkpt lat="59.805259" lon="8.757879">
        <ele>1047.333004</ele>
        <time>2024-08-08T23:29:04.450Z</time>
      </trkpt>
      <trkpt lat="59.805758" lon="8.757029">
        <ele>1052.583564</ele>
        <time>2024-08-08T23:29:46.124Z</time>
      </trkpt>
      <trkpt lat="59.806092" lon="8.756675">
        <ele>1055.607968</ele>
        <time>2024-08-08T23:30:10.984Z</time>
      </trkpt>
      <trkpt lat="59.806715" lon="8.756168">
        <ele>1060.907381</ele>
        <time>2024-08-08T23:30:55.326Z</time>
      </trkpt>
      <trkpt lat="59.806925" lon="8.755925">
        <ele>1062.813607</ele>
        <time>2024-08-08T23:31:11.006Z</time>
      </trkpt>
      <trkpt lat="59.807204" lon="8.755427">
        <ele>1065.755051</ele>
        <time>2024-08-08T23:31:34.719Z</time>
      </trkpt>
      <trkpt lat="59.807452" lon="8.754814">
        <ele>1068.859152</ele>
        <time>2024-08-08T23:31:58.478Z</time>
      </trkpt>
      <trkpt lat="59.807837" lon="8.753746">
        <ele>1072.671832</ele>
        <time>2024-08-08T23:32:33.953Z</time>
      </trkpt>
      <trkpt lat="59.807938" lon="8.753210">
        <ele>1073.998751</ele>
        <time>2024-08-08T23:32:47.582Z</time>
      </trkpt>
      <trkpt lat="59.807971" lon="8.752625">
        <ele>1075.363403</ele>
        <time>2024-08-08T23:33:00.611Z</time>
      </trkpt>
      <trkpt lat="59.807930" lon="8.751293">
        <ele>1078.457025</ele>
        <time>2024-08-08T23:33:27.293Z</time>
      </trkpt>
      <trkpt lat="59.807953" lon="8.750748">
        <ele>1079.615147</ele>
        <time>2024-08-08T23:33:37.468Z</time>
      </trkpt>
      <trkpt lat="59.808060" lon="8.750012">
        <ele>1081.119099</ele>
        <time>2024-08-08T23:33:51.745Z</time>
      </trkpt>
      <trkpt lat="59.808457" lon="8.747932">
        <ele>1085.486361</ele>
        <time>2024-08-08T23:34:37.435Z</time>
      </trkpt>
      <trkpt lat="59.808866" lon="8.746643">
        <ele>1090.723295</ele>
        <time>2024-08-08T23:35:16.777Z</time>
      </trkpt>
      <trkpt lat="59.810206" lon="8.742030">
        <ele>1112.944749</ele>
        <time>2024-08-08T23:38:12.930Z</time>
      </trkpt>
      <trkpt lat="59.810695" lon="8.740443">
        <ele>1121.925951</ele>
        <time>2024-08-08T23:39:19.747Z</time>
      </trkpt>
      <trkpt lat="59.811187" lon="8.738697">
        <ele>1131.887770</ele>
        <time>2024-08-08T23:40:33.010Z</time>
      </trkpt>
      <trkpt lat="59.811738" lon="8.736868">
        <ele>1142.199462</ele>
        <time>2024-08-08T23:41:50.629Z</time>
      </trkpt>
      <trkpt lat="59.812241" lon="8.735314">
        <ele>1151.072040</ele>
        <time>2024-08-08T23:42:53.758Z</time>
      </trkpt>
      <trkpt lat="59.812367" lon="8.735101">
        <ele>1152.583685</ele>
        <time>2024-08-08T23:43:04.811Z</time>
      </trkpt>
      <trkpt lat="59.812551" lon="8.734935">
        <ele>1154.430601</ele>
        <time>2024-08-08T23:43:18.359Z</time>
      </trkpt>
      <trkpt lat="59.812709" lon="8.734850">
        <ele>1155.926788</ele>
        <time>2024-08-08T23:43:29.417Z</time>
      </trkpt>
      <trkpt lat="59.812957" lon="8.734827">
        <ele>1158.196218</ele>
        <time>2024-08-08T23:43:46.170Z</time>
      </trkpt>
      <trkpt lat="59.813606" lon="8.734984">
        <ele>1164.172450</ele>
        <time>2024-08-08T23:44:30.547Z</time>
      </trkpt>
      <trkpt lat="59.813883" lon="8.734958">
        <ele>1166.707323</ele>
        <time>2024-08-08T23:44:49.403Z</time>
      </trkpt>
      <trkpt lat="59.814121" lon="8.734858">
        <ele>1169.111298</ele>
        <time>2024-08-08T23:45:06.200Z</time>
      </trkpt>
      <trkpt lat="59.814206" lon="8.734781">
        <ele>1170.045083</ele>
        <time>2024-08-08T23:45:12.683Z</time>
      </trkpt>
      <trkpt lat="59.814333" lon="8.734644">
        <ele>1171.489506</ele>
        <time>2024-08-08T23:45:22.778Z</time>
      </trkpt>
      <trkpt lat="59.814436" lon="8.734475">
        <ele>1172.824443</ele>
        <time>2024-08-08T23:45:32.331Z</time>
      </trkpt>
      <trkpt lat="59.815111" lon="8.733004">
        <ele>1182.835195</ele>
        <time>2024-08-08T23:46:46.317Z</time>
      </trkpt>
      <trkpt lat="59.815362" lon="8.732625">
        <ele>1185.972976</ele>
        <time>2024-08-08T23:47:09.821Z</time>
      </trkpt>
      <trkpt lat="59.815787" lon="8.732146">
        <ele>1190.793935</ele>
        <time>2024-08-08T23:47:45.622Z</time>
      </trkpt>
      <trkpt lat="59.815879" lon="8.731994">
        <ele>1191.974282</ele>
        <time>2024-08-08T23:47:54.312Z</time>
      </trkpt>
      <trkpt lat="59.815926" lon="8.731819">
        <ele>1192.958746</ele>
        <time>2024-08-08T23:48:01.520Z</time>
      </trkpt>
      <trkpt lat="59.815933" lon="8.731585">
        <ele>1194.121895</ele>
        <time>2024-08-08T23:48:10.049Z</time>
      </trkpt>
      <trkpt lat="59.815908" lon="8.731297">
        <ele>1195.572079</ele>
        <time>2024-08-08T23:48:20.673Z</time>
      </trkpt>
      <trkpt lat="59.815182" lon="8.727108">
        <ele>1216.904389</ele>
        <time>2024-08-08T23:50:55.611Z</time>
      </trkpt>
      <trkpt lat="59.815110" lon="8.726599">
        <ele>1219.412388</ele>
        <time>2024-08-08T23:51:13.926Z</time>
      </trkpt>
      <trkpt lat="59.815113" lon="8.726197">
        <ele>1221.261973</ele>
        <time>2024-08-08T23:51:27.974Z</time>
      </trkpt>
      <trkpt lat="59.815210" lon="8.725699">
        <ele>1223.705019</ele>
        <time>2024-08-08T23:51:46.682Z</time>
      </trkpt>
      <trkpt lat="59.815477" lon="8.724996">
        <ele>1227.735218</ele>
        <time>2024-08-08T23:52:17.169Z</time>
      </trkpt>
      <trkpt lat="59.815995" lon="8.723968">
        <ele>1234.392828</ele>
        <time>2024-08-08T23:53:06.423Z</time>
      </trkpt>
      <trkpt lat="59.816209" lon="8.723613">
        <ele>1236.693292</ele>
        <time>2024-08-08T23:53:24.890Z</time>
      </trkpt>
      <trkpt lat="59.816440" lon="8.723087">
        <ele>1239.013251</ele>
        <time>2024-08-08T23:53:47.403Z</time>
      </trkpt>
      <trkpt lat="59.816635" lon="8.722794">
        <ele>1240.627908</ele>
        <time>2024-08-08T23:54:02.396Z</time>
      </trkpt>
      <trkpt lat="59.816802" lon="8.722629">
        <ele>1241.859898</ele>
        <time>2024-08-08T23:54:13.586Z</time>
      </trkpt>
      <trkpt lat="59.817083" lon="8.722461">
        <ele>1243.798502</ele>
        <time>2024-08-08T23:54:30.506Z</time>
      </trkpt>
      <trkpt lat="59.817393" lon="8.722399">
        <ele>1245.856978</ele>
        <time>2024-08-08T23:54:47.572Z</time>
      </trkpt>
      <trkpt lat="59.819295" lon="8.722401">
        <ele>1250.568284</ele>
        <time>2024-08-08T23:55:57.349Z</time>
      </trkpt>
      <trkpt lat="59.821985" lon="8.722333">
        <ele>1239.867604</ele>
        <time>2024-08-08T23:56:40.591Z</time>
      </trkpt>
      <trkpt lat="59.822519" lon="8.722288">
        <ele>1236.980665</ele>
        <time>2024-08-08T23:56:48.773Z</time>
      </trkpt>
      <trkpt lat="59.822926" lon="8.722189">
        <ele>1234.765920</ele>
        <time>2024-08-08T23:56:55.084Z</time>
      </trkpt>
      <trkpt lat="59.825964" lon="8.720850">
        <ele>1218.786725</ele>
        <time>2024-08-08T23:57:44.133Z</time>
      </trkpt>
      <trkpt lat="59.826574" lon="8.720429">
        <ele>1215.644997</ele>
        <time>2024-08-08T23:57:54.663Z</time>
      </trkpt>
      <trkpt lat="59.827215" lon="8.719828">
        <ele>1212.655314</ele>
        <time>2024-08-08T23:58:06.203Z</time>
      </trkpt>
      <trkpt lat="59.827714" lon="8.719260">
        <ele>1210.238698</ele>
        <time>2024-08-08T23:58:15.571Z</time>
      </trkpt>
      <trkpt lat="59.828964" lon="8.717660">
        <ele>1204.285881</ele>
        <time>2024-08-08T23:58:40.053Z</time>
      </trkpt>
      <trkpt lat="59.829179" lon="8.717435">
        <ele>1203.339816</ele>
        <time>2024-08-08T23:58:44.107Z</time>
      </trkpt>
      <trkpt lat="59.829589" lon="8.717184">
        <ele>1201.669210</ele>
        <time>2024-08-08T23:58:51.256Z</time>
      </trkpt>
      <trkpt lat="59.830360" lon="8.716852">
        <ele>1198.128926</ele>
        <time>2024-08-08T23:59:04.325Z</time>
      </trkpt>
      <trkpt lat="59.830597" lon="8.716733">
        <ele>1196.991462</ele>
        <time>2024-08-08T23:59:08.356Z</time>
      </trkpt>
      <trkpt lat="59.830990" lon="8.716431">
        <ele>1195.030977</ele>
        <time>2024-08-08T23:59:15.129Z</time>
      </trkpt>
      <trkpt lat="59.831469" lon="8.715891">
        <ele>1192.402734</ele>
        <time>2024-08-08T23:59:23.767Z</time>
      </trkpt>
      <trkpt lat="59.833073" lon="8.713992">
        <ele>1180.195971</ele>
        <time>2024-08-08T23:59:51.897Z</time>
      </trkpt>
      <trkpt lat="59.833363" lon="8.713758">
        <ele>1178.393888</ele>
        <time>2024-08-08T23:59:56.646Z</time>
      </trkpt>
      <trkpt lat="59.833592" lon="8.713702">
        <ele>1177.065230</ele>
        <time>2024-08-09T00:00:00.131Z</time>
      </trkpt>
      <trkpt lat="59.834200" lon="8.713866">
        <ele>1173.531936</ele>
        <time>2024-08-09T00:00:09.565Z</time>
      </trkpt>
      <trkpt lat="59.834261" lon="8.713891">
        <ele>1173.173284</ele>
        <time>2024-08-09T00:00:10.518Z</time>
      </trkpt>
      <trkpt lat="59.834335" lon="8.713922">
        <ele>1172.737802</ele>
        <time>2024-08-09T00:00:11.712Z</time>
      </trkpt>
      <trkpt lat="59.834360" lon="8.713930">
        <ele>1172.591986</ele>
        <time>2024-08-09T00:00:12.106Z</time>
      </trkpt>
      <trkpt lat="59.834841" lon="8.714063">
        <ele>1170.102558</ele>
        <time>2024-08-09T00:00:19.925Z</time>
      </trkpt>
      <trkpt lat="59.835352" lon="8.714162">
        <ele>1168.585658</ele>
        <time>2024-08-09T00:00:28.554Z</time>
      </trkpt>
      <trkpt lat="59.835584" lon="8.714182">
        <ele>1167.899566</ele>
        <time>2024-08-09T00:00:32.642Z</time>
      </trkpt>
      <trkpt lat="59.835932" lon="8.714117">
        <ele>1166.866873</ele>
        <time>2024-08-09T00:00:38.846Z</time>
      </trkpt>
      <trkpt lat="59.836457" lon="8.713826">
        <ele>1165.256710</ele>
        <time>2024-08-09T00:00:48.678Z</time>
      </trkpt>
      <trkpt lat="59.836742" lon="8.713452">
        <ele>1164.668792</ele>
        <time>2024-08-09T00:00:54.966Z</time>
      </trkpt>
      <trkpt lat="59.838014" lon="8.711174">
        <ele>1162.119211</ele>
        <time>2024-08-09T00:01:27.877Z</time>
      </trkpt>
      <trkpt lat="59.839617" lon="8.708382">
        <ele>1159.034856</ele>
        <time>2024-08-09T00:02:09.298Z</time>
      </trkpt>
      <trkpt lat="59.841305" lon="8.705414">
        <ele>1155.221041</ele>
        <time>2024-08-09T00:02:50.163Z</time>
      </trkpt>
      <trkpt lat="59.841562" lon="8.704994">
        <ele>1154.739788</ele>
        <time>2024-08-09T00:02:56.531Z</time>
      </trkpt>
      <trkpt lat="59.842032" lon="8.704365">
        <ele>1154.169976</ele>
        <time>2024-08-09T00:03:08.228Z</time>
      </trkpt>
      <trkpt lat="59.842516" lon="8.703847">
        <ele>1154.895142</ele>
        <time>2024-08-09T00:03:22.539Z</time>
      </trkpt>
      <trkpt lat="59.843012" lon="8.703395">
        <ele>1155.615006</ele>
        <time>2024-08-09T00:03:39.891Z</time>
      </trkpt>
      <trkpt lat="59.844346" lon="8.702572">
        <ele>1156.883892</ele>
        <time>2024-08-09T00:04:25.114Z</time>
      </trkpt>
      <trkpt lat="59.844877" lon="8.702031">
        <ele>1157.233857</ele>
        <time>2024-08-09T00:04:40.178Z</time>
      </trkpt>
      <trkpt lat="59.845133" lon="8.701635">
        <ele>1157.424065</ele>
        <time>2024-08-09T00:04:46.919Z</time>
      </trkpt>
      <trkpt lat="59.846212" lon="8.699550">
        <ele>1153.656635</ele>
        <time>2024-08-09T00:05:13.288Z</time>
      </trkpt>
      <trkpt lat="59.846325" lon="8.699297">
        <ele>1153.195252</ele>
        <time>2024-08-09T00:05:16.119Z</time>
      </trkpt>
      <trkpt lat="59.846412" lon="8.699003">
        <ele>1152.730223</ele>
        <time>2024-08-09T00:05:18.983Z</time>
      </trkpt>
      <trkpt lat="59.846463" lon="8.698725">
        <ele>1152.178563</ele>
        <time>2024-08-09T00:05:21.492Z</time>
      </trkpt>
      <trkpt lat="59.846517" lon="8.698053">
        <ele>1150.746967</ele>
        <time>2024-08-09T00:05:27.274Z</time>
      </trkpt>
      <trkpt lat="59.846516" lon="8.696703">
        <ele>1147.907099</ele>
        <time>2024-08-09T00:05:38.520Z</time>
      </trkpt>
      <trkpt lat="59.846535" lon="8.696094">
        <ele>1146.623537</ele>
        <time>2024-08-09T00:05:43.526Z</time>
      </trkpt>
      <trkpt lat="59.846603" lon="8.695630">
        <ele>1145.606774</ele>
        <time>2024-08-09T00:05:47.407Z</time>
      </trkpt>
      <trkpt lat="59.846703" lon="8.695297">
        <ele>1144.617680</ele>
        <time>2024-08-09T00:05:50.497Z</time>
      </trkpt>
      <trkpt lat="59.847474" lon="8.693752">
        <ele>1137.173422</ele>
        <time>2024-08-09T00:06:07.178Z</time>
      </trkpt>
      <trkpt lat="59.847865" lon="8.693109">
        <ele>1133.722325</ele>
        <time>2024-08-09T00:06:14.619Z</time>
      </trkpt>
      <trkpt lat="59.848232" lon="8.692627">
        <ele>1130.480563</ele>
        <time>2024-08-09T00:06:21.008Z</time>
      </trkpt>
      <trkpt lat="59.848675" lon="8.692190">
        <ele>1126.715382</ele>
        <time>2024-08-09T00:06:28.198Z</time>
      </trkpt>
      <trkpt lat="59.849334" lon="8.691663">
        <ele>1121.306912</ele>
        <time>2024-08-09T00:06:38.667Z</time>
      </trkpt>
      <trkpt lat="59.849627" lon="8.691471">
        <ele>1119.017148</ele>
        <time>2024-08-09T00:06:43.313Z</time>
      </trkpt>
      <trkpt lat="59.853358" lon="8.689354">
        <ele>1100.514449</ele>
        <time>2024-08-09T00:07:45.622Z</time>
      </trkpt>
      <trkpt lat="59.854020" lon="8.688897">
        <ele>1097.381365</ele>
        <time>2024-08-09T00:07:57.216Z</time>
      </trkpt>
      <trkpt lat="59.854407" lon="8.688552">
        <ele>1095.485326</ele>
        <time>2024-08-09T00:08:04.139Z</time>
      </trkpt>
      <trkpt lat="59.855190" lon="8.687611">
        <ele>1090.344420</ele>
        <time>2024-08-09T00:08:18.627Z</time>
      </trkpt>
      <trkpt lat="59.855762" lon="8.687022">
        <ele>1086.223638</ele>
        <time>2024-08-09T00:08:28.435Z</time>
      </trkpt>
      <trkpt lat="59.856026" lon="8.686934">
        <ele>1084.510741</ele>
        <time>2024-08-09T00:08:32.433Z</time>
      </trkpt>
      <trkpt lat="59.856715" lon="8.687075">
        <ele>1079.397515</ele>
        <time>2024-08-09T00:08:42.638Z</time>
      </trkpt>
      <trkpt lat="59.857849" lon="8.686801">
        <ele>1069.871723</ele>
        <time>2024-08-09T00:08:59.243Z</time>
      </trkpt>
      <trkpt lat="59.858115" lon="8.686763">
        <ele>1067.647846</ele>
        <time>2024-08-09T00:09:03.118Z</time>
      </trkpt>
      <trkpt lat="59.858540" lon="8.686611">
        <ele>1063.992069</ele>
        <time>2024-08-09T00:09:09.350Z</time>
      </trkpt>
      <trkpt lat="59.858807" lon="8.686584">
        <ele>1061.725289</ele>
        <time>2024-08-09T00:09:13.235Z</time>
      </trkpt>
      <trkpt lat="59.859310" lon="8.686603">
        <ele>1057.459640</ele>
        <time>2024-08-09T00:09:20.564Z</time>
      </trkpt>
      <trkpt lat="59.860082" lon="8.686733">
        <ele>1050.923944</ele>
        <time>2024-08-09T00:09:31.886Z</time>
      </trkpt>
      <trkpt lat="59.860211" lon="8.686739">
        <ele>1049.860676</ele>
        <time>2024-08-09T00:09:33.764Z</time>
      </trkpt>
      <trkpt lat="59.860346" lon="8.686672">
        <ele>1048.714238</ele>
        <time>2024-08-09T00:09:35.789Z</time>
      </trkpt>
      <trkpt lat="59.860614" lon="8.686285">
        <ele>1045.986483</ele>
        <time>2024-08-09T00:09:40.634Z</time>
      </trkpt>
      <trkpt lat="59.860914" lon="8.685732">
        <ele>1042.618123</ele>
        <time>2024-08-09T00:09:46.623Z</time>
      </trkpt>
      <trkpt lat="59.861019" lon="8.685597">
        <ele>1041.588283</ele>
        <time>2024-08-09T00:09:48.446Z</time>
      </trkpt>
      <trkpt lat="59.861566" lon="8.685219">
        <ele>1036.768572</ele>
        <time>2024-08-09T00:09:56.932Z</time>
      </trkpt>
      <trkpt lat="59.861681" lon="8.685111">
        <ele>1035.604034</ele>
        <time>2024-08-09T00:09:58.783Z</time>
      </trkpt>
      <trkpt lat="59.861889" lon="8.684811">
        <ele>1033.251830</ele>
        <time>2024-08-09T00:10:02.527Z</time>
      </trkpt>
      <trkpt lat="59.862401" lon="8.683888">
        <ele>1026.926612</ele>
        <time>2024-08-09T00:10:12.511Z</time>
      </trkpt>
      <trkpt lat="59.862584" lon="8.683485">
        <ele>1024.427809</ele>
        <time>2024-08-09T00:10:16.396Z</time>
      </trkpt>
      <trkpt lat="59.862912" lon="8.682623">
        <ele>1019.231006</ele>
        <time>2024-08-09T00:10:24.090Z</time>
      </trkpt>
      <trkpt lat="59.863074" lon="8.682312">
        <ele>1016.823643</ele>
        <time>2024-08-09T00:10:27.269Z</time>
      </trkpt>
      <trkpt lat="59.863245" lon="8.682122">
        <ele>1014.728613</ele>
        <time>2024-08-09T00:10:30.017Z</time>
      </trkpt>
      <trkpt lat="59.863372" lon="8.682040">
        <ele>1013.300175</ele>
        <time>2024-08-09T00:10:31.897Z</time>
      </trkpt>
      <trkpt lat="59.864110" lon="8.681693">
        <ele>1005.186982</ele>
        <time>2024-08-09T00:10:42.494Z</time>
      </trkpt>
      <trkpt lat="59.864232" lon="8.681745">
        <ele>1003.852102</ele>
        <time>2024-08-09T00:10:44.229Z</time>
      </trkpt>
      <trkpt lat="59.864899" lon="8.682441">
        <ele>996.099285</ele>
        <time>2024-08-09T00:10:54.836Z</time>
      </trkpt>
      <trkpt lat="59.865012" lon="8.682600">
        <ele>994.697326</ele>
        <time>2024-08-09T00:10:56.813Z</time>
      </trkpt>
      <trkpt lat="59.865358" lon="8.683274">
        <ele>989.793238</ele>
        <time>2024-08-09T00:11:03.652Z</time>
      </trkpt>
      <trkpt lat="59.865434" lon="8.683592">
        <ele>988.001522</ele>
        <time>2024-08-09T00:11:06.147Z</time>
      </trkpt>
      <trkpt lat="59.865428" lon="8.684014">
        <ele>985.853828</ele>
        <time>2024-08-09T00:11:09.186Z</time>
      </trkpt>
      <trkpt lat="59.865320" lon="8.684826">
        <ele>981.706612</ele>
        <time>2024-08-09T00:11:15.214Z</time>
      </trkpt>
      <trkpt lat="59.865346" lon="8.685269">
        <ele>979.603180</ele>
        <time>2024-08-09T00:11:18.434Z</time>
      </trkpt>
      <trkpt lat="59.865434" lon="8.685676">
        <ele>977.513310</ele>
        <time>2024-08-09T00:11:21.613Z</time>
      </trkpt>
      <trkpt lat="59.865467" lon="8.685802">
        <ele>976.843091</ele>
        <time>2024-08-09T00:11:22.641Z</time>
      </trkpt>
      <trkpt lat="59.865748" lon="8.686596">
        <ele>972.261697</ele>
        <time>2024-08-09T00:11:29.657Z</time>
      </trkpt>
      <trkpt lat="59.866126" lon="8.687369">
        <ele>967.172699</ele>
        <time>2024-08-09T00:11:37.405Z</time>
      </trkpt>
      <trkpt lat="59.866357" lon="8.687720">
        <ele>964.243247</ele>
        <time>2024-08-09T00:11:41.549Z</time>
      </trkpt>
      <trkpt lat="59.866693" lon="8.688101">
        <ele>960.242191</ele>
        <time>2024-08-09T00:11:47.093Z</time>
      </trkpt>
      <trkpt lat="59.866824" lon="8.688347">
        <ele>958.379088</ele>
        <time>2024-08-09T00:11:49.632Z</time>
      </trkpt>
      <trkpt lat="59.866906" lon="8.688649">
        <ele>956.595370</ele>
        <time>2024-08-09T00:11:52.056Z</time>
      </trkpt>
      <trkpt lat="59.866935" lon="8.688865">
        <ele>955.433784</ele>
        <time>2024-08-09T00:11:53.632Z</time>
      </trkpt>
      <trkpt lat="59.867002" lon="8.690124">
        <ele>948.856478</ele>
        <time>2024-08-09T00:12:02.579Z</time>
      </trkpt>
      <trkpt lat="59.867102" lon="8.690646">
        <ele>945.568285</ele>
        <time>2024-08-09T00:12:06.492Z</time>
      </trkpt>
      <trkpt lat="59.867155" lon="8.690774">
        <ele>944.526226</ele>
        <time>2024-08-09T00:12:07.661Z</time>
      </trkpt>
      <trkpt lat="59.867270" lon="8.690936">
        <ele>942.764112</ele>
        <time>2024-08-09T00:12:09.609Z</time>
      </trkpt>
      <trkpt lat="59.867360" lon="8.690999">
        <ele>941.570666</ele>
        <time>2024-08-09T00:12:10.927Z</time>
      </trkpt>
      <trkpt lat="59.867504" lon="8.691024">
        <ele>939.762316</ele>
        <time>2024-08-09T00:12:12.926Z</time>
      </trkpt>
      <trkpt lat="59.867660" lon="8.690953">
        <ele>937.760377</ele>
        <time>2024-08-09T00:12:15.143Z</time>
      </trkpt>
      <trkpt lat="59.867803" lon="8.690773">
        <ele>935.644137</ele>
        <time>2024-08-09T00:12:17.478Z</time>
      </trkpt>
      <trkpt lat="59.868071" lon="8.690257">
        <ele>930.981200</ele>
        <time>2024-08-09T00:12:22.528Z</time>
      </trkpt>
      <trkpt lat="59.868255" lon="8.689730">
        <ele>926.949722</ele>
        <time>2024-08-09T00:12:26.884Z</time>
      </trkpt>
      <trkpt lat="59.868434" lon="8.689070">
        <ele>922.423094</ele>
        <time>2024-08-09T00:12:32.036Z</time>
      </trkpt>
      <trkpt lat="59.868603" lon="8.688741">
        <ele>919.645212</ele>
        <time>2024-08-09T00:12:35.318Z</time>
      </trkpt>
      <trkpt lat="59.868859" lon="8.688491">
        <ele>916.293553</ele>
        <time>2024-08-09T00:12:39.342Z</time>
      </trkpt>
      <trkpt lat="59.869052" lon="8.688309">
        <ele>913.783309</ele>
        <time>2024-08-09T00:12:42.315Z</time>
      </trkpt>
      <trkpt lat="59.869271" lon="8.688208">
        <ele>911.140687</ele>
        <time>2024-08-09T00:12:45.438Z</time>
      </trkpt>
      <trkpt lat="59.869429" lon="8.688203">
        <ele>909.283028</ele>
        <time>2024-08-09T00:12:47.637Z</time>
      </trkpt>
      <trkpt lat="59.869533" lon="8.688253">
        <ele>908.025320</ele>
        <time>2024-08-09T00:12:49.139Z</time>
      </trkpt>
      <trkpt lat="59.869610" lon="8.688335">
        <ele>906.998900</ele>
        <time>2024-08-09T00:12:50.331Z</time>
      </trkpt>
      <trkpt lat="59.869739" lon="8.688613">
        <ele>904.764841</ele>
        <time>2024-08-09T00:12:52.980Z</time>
      </trkpt>
      <trkpt lat="59.869905" lon="8.689334">
        <ele>900.845807</ele>
        <time>2024-08-09T00:12:58.535Z</time>
      </trkpt>
      <trkpt lat="59.870022" lon="8.689601">
        <ele>899.145903</ele>
        <time>2024-08-09T00:13:01.006Z</time>
      </trkpt>
      <trkpt lat="59.870198" lon="8.689710">
        <ele>897.384851</ele>
        <time>2024-08-09T00:13:03.630Z</time>
      </trkpt>
      <trkpt lat="59.870800" lon="8.689621">
        <ele>891.616975</ele>
        <time>2024-08-09T00:13:12.458Z</time>
      </trkpt>
      <trkpt lat="59.870967" lon="8.689744">
        <ele>889.915749</ele>
        <time>2024-08-09T00:13:15.072Z</time>
      </trkpt>
      <trkpt lat="59.871091" lon="8.690016">
        <ele>888.153484</ele>
        <time>2024-08-09T00:13:17.765Z</time>
      </trkpt>
      <trkpt lat="59.871227" lon="8.690588">
        <ele>885.101114</ele>
        <time>2024-08-09T00:13:22.356Z</time>
      </trkpt>
      <trkpt lat="59.871546" lon="8.692740">
        <ele>874.241515</ele>
        <time>2024-08-09T00:13:38.359Z</time>
      </trkpt>
      <trkpt lat="59.871698" lon="8.693480">
        <ele>870.371930</ele>
        <time>2024-08-09T00:13:44.088Z</time>
      </trkpt>
      <trkpt lat="59.871813" lon="8.693758">
        <ele>868.526334</ele>
        <time>2024-08-09T00:13:46.664Z</time>
      </trkpt>
      <trkpt lat="59.871938" lon="8.693939">
        <ele>866.883657</ele>
        <time>2024-08-09T00:13:48.866Z</time>
      </trkpt>
      <trkpt lat="59.872301" lon="8.694305">
        <ele>862.558839</ele>
        <time>2024-08-09T00:13:54.625Z</time>
      </trkpt>
      <trkpt lat="59.872551" lon="8.694839">
        <ele>858.662578</ele>
        <time>2024-08-09T00:13:59.759Z</time>
      </trkpt>
      <trkpt lat="59.873227" lon="8.696723">
        <ele>846.134575</ele>
        <time>2024-08-09T00:14:16.016Z</time>
      </trkpt>
      <trkpt lat="59.873669" lon="8.698305">
        <ele>836.079981</ele>
        <time>2024-08-09T00:14:28.764Z</time>
      </trkpt>
      <trkpt lat="59.873848" lon="8.698729">
        <ele>833.003270</ele>
        <time>2024-08-09T00:14:32.629Z</time>
      </trkpt>
      <trkpt lat="59.874024" lon="8.698944">
        <ele>830.719113</ele>
        <time>2024-08-09T00:14:35.490Z</time>
      </trkpt>
      <trkpt lat="59.874204" lon="8.699072">
        <ele>828.502945</ele>
        <time>2024-08-09T00:14:38.161Z</time>
      </trkpt>
      <trkpt lat="59.874817" lon="8.699406">
        <ele>821.114456</ele>
        <time>2024-08-09T00:14:47.027Z</time>
      </trkpt>
      <trkpt lat="59.875040" lon="8.699578">
        <ele>818.334353</ele>
        <time>2024-08-09T00:14:50.336Z</time>
      </trkpt>
      <trkpt lat="59.875420" lon="8.700033">
        <ele>813.180069</ele>
        <time>2024-08-09T00:14:56.449Z</time>
      </trkpt>
      <trkpt lat="59.876106" lon="8.701015">
        <ele>803.705050</ele>
        <time>2024-08-09T00:15:08.220Z</time>
      </trkpt>
      <trkpt lat="59.876448" lon="8.701321">
        <ele>799.584125</ele>
        <time>2024-08-09T00:15:13.513Z</time>
      </trkpt>
      <trkpt lat="59.876835" lon="8.701600">
        <ele>795.060298</ele>
        <time>2024-08-09T00:15:19.318Z</time>
      </trkpt>
      <trkpt lat="59.877088" lon="8.701836">
        <ele>791.989641</ele>
        <time>2024-08-09T00:15:23.239Z</time>
      </trkpt>
      <trkpt lat="59.877248" lon="8.702049">
        <ele>789.872146</ele>
        <time>2024-08-09T00:15:25.926Z</time>
      </trkpt>
      <trkpt lat="59.877528" lon="8.702533">
        <ele>785.596444</ele>
        <time>2024-08-09T00:15:31.079Z</time>
      </trkpt>
      <trkpt lat="59.877617" lon="8.702491">
        <ele>784.541435</ele>
        <time>2024-08-09T00:15:32.341Z</time>
      </trkpt>
      <trkpt lat="59.877652" lon="8.702361">
        <ele>783.687435</ele>
        <time>2024-08-09T00:15:33.365Z</time>
      </trkpt>
      <trkpt lat="59.877644" lon="8.702260">
        <ele>783.095528</ele>
        <time>2024-08-09T00:15:34.085Z</time>
      </trkpt>
      <trkpt lat="59.877433" lon="8.701712">
        <ele>779.097144</ele>
        <time>2024-08-09T00:15:38.958Z</time>
      </trkpt>
      <trkpt lat="59.877007" lon="8.700163">
        <ele>768.865171</ele>
        <time>2024-08-09T00:15:51.240Z</time>
      </trkpt>
      <trkpt lat="59.876893" lon="8.699257">
        <ele>763.335563</ele>
        <time>2024-08-09T00:15:57.699Z</time>
      </trkpt>
      <trkpt lat="59.876654" lon="8.696944">
        <ele>749.355118</ele>
        <time>2024-08-09T00:16:14.097Z</time>
      </trkpt>
      <trkpt lat="59.876425" lon="8.695622">
        <ele>742.235961</ele>
        <time>2024-08-09T00:16:23.983Z</time>
      </trkpt>
      <trkpt lat="59.876219" lon="8.694865">
        <ele>737.997525</ele>
        <time>2024-08-09T00:16:30.226Z</time>
      </trkpt>
      <trkpt lat="59.876223" lon="8.694654">
        <ele>736.958241</ele>
        <time>2024-08-09T00:16:31.744Z</time>
      </trkpt>
      <trkpt lat="59.876305" lon="8.694548">
        <ele>735.999624</ele>
        <time>2024-08-09T00:16:33.109Z</time>
      </trkpt>
      <trkpt lat="59.876381" lon="8.694579">
        <ele>735.238810</ele>
        <time>2024-08-09T00:16:34.241Z</time>
      </trkpt>
      <trkpt lat="59.876790" lon="8.695434">
        <ele>729.417453</ele>
        <time>2024-08-09T00:16:42.789Z</time>
      </trkpt>
      <trkpt lat="59.877148" lon="8.696007">
        <ele>724.875438</ele>
        <time>2024-08-09T00:16:49.336Z</time>
      </trkpt>
      <trkpt lat="59.878925" lon="8.698193">
        <ele>703.802492</ele>
        <time>2024-08-09T00:17:18.925Z</time>
      </trkpt>
      <trkpt lat="59.879047" lon="8.698297">
        <ele>702.424178</ele>
        <time>2024-08-09T00:17:20.802Z</time>
      </trkpt>
      <trkpt lat="59.879422" lon="8.698722">
        <ele>697.943105</ele>
        <time>2024-08-09T00:17:26.870Z</time>
      </trkpt>
      <trkpt lat="59.879655" lon="8.699050">
        <ele>694.979930</ele>
        <time>2024-08-09T00:17:30.879Z</time>
      </trkpt>
      <trkpt lat="59.879871" lon="8.699228">
        <ele>692.488936</ele>
        <time>2024-08-09T00:17:34.149Z</time>
      </trkpt>
      <trkpt lat="59.880137" lon="8.699330">
        <ele>689.537851</ele>
        <time>2024-08-09T00:17:37.965Z</time>
      </trkpt>
      <trkpt lat="59.880498" lon="8.699404">
        <ele>685.584206</ele>
        <time>2024-08-09T00:17:43.081Z</time>
      </trkpt>
      <trkpt lat="59.880910" lon="8.699427">
        <ele>681.093935</ele>
        <time>2024-08-09T00:17:48.872Z</time>
      </trkpt>
      <trkpt lat="59.881793" lon="8.699376">
        <ele>671.483612</ele>
        <time>2024-08-09T00:18:01.186Z</time>
      </trkpt>
      <trkpt lat="59.882076" lon="8.699437">
        <ele>668.397580</ele>
        <time>2024-08-09T00:18:05.139Z</time>
      </trkpt>
      <trkpt lat="59.882230" lon="8.699538">
        <ele>666.639908</ele>
        <time>2024-08-09T00:18:07.404Z</time>
      </trkpt>
      <trkpt lat="59.882886" lon="8.700161">
        <ele>658.761667</ele>
        <time>2024-08-09T00:18:17.602Z</time>
      </trkpt>
      <trkpt lat="59.883632" lon="8.700499">
        <ele>650.827917</ele>
        <time>2024-08-09T00:18:28.453Z</time>
      </trkpt>
      <trkpt lat="59.884171" lon="8.700830">
        <ele>645.227931</ele>
        <time>2024-08-09T00:18:36.477Z</time>
      </trkpt>
      <trkpt lat="59.884946" lon="8.701435">
        <ele>636.963797</ele>
        <time>2024-08-09T00:18:48.333Z</time>
      </trkpt>
      <trkpt lat="59.885762" lon="8.702400">
        <ele>627.440565</ele>
        <time>2024-08-09T00:19:01.800Z</time>
      </trkpt>
      <trkpt lat="59.886333" lon="8.702923">
        <ele>621.132828</ele>
        <time>2024-08-09T00:19:10.655Z</time>
      </trkpt>
      <trkpt lat="59.886741" lon="8.703419">
        <ele>616.770258</ele>
        <time>2024-08-09T00:19:17.449Z</time>
      </trkpt>
      <trkpt lat="59.887028" lon="8.703838">
        <ele>613.819837</ele>
        <time>2024-08-09T00:19:22.569Z</time>
      </trkpt>
      <trkpt lat="59.887123" lon="8.703894">
        <ele>612.998224</ele>
        <time>2024-08-09T00:19:24.001Z</time>
      </trkpt>
      <trkpt lat="59.887183" lon="8.703819">
        <ele>612.410859</ele>
        <time>2024-08-09T00:19:25.025Z</time>
      </trkpt>
      <trkpt lat="59.887187" lon="8.703729">
        <ele>612.034914</ele>
        <time>2024-08-09T00:19:25.688Z</time>
      </trkpt>
      <trkpt lat="59.887163" lon="8.703640">
        <ele>611.614494</ele>
        <time>2024-08-09T00:19:26.430Z</time>
      </trkpt>
      <trkpt lat="59.886855" lon="8.703167">
        <ele>608.389851</ele>
        <time>2024-08-09T00:19:32.153Z</time>
      </trkpt>
      <trkpt lat="59.886029" lon="8.701267">
        <ele>598.380037</ele>
        <time>2024-08-09T00:19:51.131Z</time>
      </trkpt>
      <trkpt lat="59.885480" lon="8.700292">
        <ele>592.740883</ele>
        <time>2024-08-09T00:20:02.129Z</time>
      </trkpt>
      <trkpt lat="59.884687" lon="8.698698">
        <ele>581.326651</ele>
        <time>2024-08-09T00:20:18.173Z</time>
      </trkpt>
      <trkpt lat="59.884388" lon="8.697916">
        <ele>575.798906</ele>
        <time>2024-08-09T00:20:24.962Z</time>
      </trkpt>
      <trkpt lat="59.883981" lon="8.696973">
        <ele>568.689554</ele>
        <time>2024-08-09T00:20:33.530Z</time>
      </trkpt>
      <trkpt lat="59.883588" lon="8.695863">
        <ele>560.292173</ele>
        <time>2024-08-09T00:20:42.922Z</time>
      </trkpt>
      <trkpt lat="59.883405" lon="8.695467">
        <ele>556.964383</ele>
        <time>2024-08-09T00:20:46.645Z</time>
      </trkpt>
      <trkpt lat="59.882721" lon="8.694296">
        <ele>545.833955</ele>
        <time>2024-08-09T00:20:59.099Z</time>
      </trkpt>
      <trkpt lat="59.882383" lon="8.693473">
        <ele>539.186111</ele>
        <time>2024-08-09T00:21:06.478Z</time>
      </trkpt>
      <trkpt lat="59.881886" lon="8.692622">
        <ele>531.023442</ele>
        <time>2024-08-09T00:21:15.557Z</time>
      </trkpt>
      <trkpt lat="59.881515" lon="8.691317">
        <ele>521.281713</ele>
        <time>2024-08-09T00:21:25.837Z</time>
      </trkpt>
      <trkpt lat="59.881454" lon="8.691015">
        <ele>519.048554</ele>
        <time>2024-08-09T00:21:28.035Z</time>
      </trkpt>
      <trkpt lat="59.881304" lon="8.690212">
        <ele>513.170921</ele>
        <time>2024-08-09T00:21:33.839Z</time>
      </trkpt>
      <trkpt lat="59.881231" lon="8.690012">
        <ele>511.474421</ele>
        <time>2024-08-09T00:21:35.522Z</time>
      </trkpt>
      <trkpt lat="59.880960" lon="8.689462">
        <ele>506.186779</ele>
        <time>2024-08-09T00:21:40.740Z</time>
      </trkpt>
      <trkpt lat="59.880648" lon="8.688579">
        <ele>499.293129</ele>
        <time>2024-08-09T00:21:48.163Z</time>
      </trkpt>
      <trkpt lat="59.880562" lon="8.688386">
        <ele>497.969234</ele>
        <time>2024-08-09T00:21:49.978Z</time>
      </trkpt>
      <trkpt lat="59.880407" lon="8.688189">
        <ele>496.090104</ele>
        <time>2024-08-09T00:21:52.536Z</time>
      </trkpt>
      <trkpt lat="59.880115" lon="8.688067">
        <ele>493.040530</ele>
        <time>2024-08-09T00:21:56.731Z</time>
      </trkpt>
      <trkpt lat="59.880055" lon="8.687950">
        <ele>492.182466</ele>
        <time>2024-08-09T00:21:57.901Z</time>
      </trkpt>
      <trkpt lat="59.880068" lon="8.687748">
        <ele>491.137867</ele>
        <time>2024-08-09T00:21:59.344Z</time>
      </trkpt>
      <trkpt lat="59.880128" lon="8.687677">
        <ele>490.424599</ele>
        <time>2024-08-09T00:22:00.330Z</time>
      </trkpt>
      <trkpt lat="59.880229" lon="8.687675">
        <ele>489.392176</ele>
        <time>2024-08-09T00:22:01.759Z</time>
      </trkpt>
      <trkpt lat="59.880497" lon="8.687832">
        <ele>486.536899</ele>
        <time>2024-08-09T00:22:05.742Z</time>
      </trkpt>
      <trkpt lat="59.880647" lon="8.687985">
        <ele>484.814505</ele>
        <time>2024-08-09T00:22:08.147Z</time>
      </trkpt>
      <trkpt lat="59.881145" lon="8.688649">
        <ele>480.051454</ele>
        <time>2024-08-09T00:22:17.119Z</time>
      </trkpt>
      <trkpt lat="59.881962" lon="8.689562">
        <ele>473.959492</ele>
        <time>2024-08-09T00:22:31.578Z</time>
      </trkpt>
      <trkpt lat="59.882340" lon="8.690136">
        <ele>470.868730</ele>
        <time>2024-08-09T00:22:38.814Z</time>
      </trkpt>
      <trkpt lat="59.883309" lon="8.692005">
        <ele>462.621675</ele>
        <time>2024-08-09T00:22:59.390Z</time>
      </trkpt>
      <trkpt lat="59.883886" lon="8.692692">
        <ele>458.348442</ele>
        <time>2024-08-09T00:23:09.901Z</time>
      </trkpt>
      <trkpt lat="59.884201" lon="8.693354">
        <ele>455.172762</ele>
        <time>2024-08-09T00:23:16.972Z</time>
      </trkpt>
      <trkpt lat="59.884767" lon="8.694152">
        <ele>450.363135</ele>
        <time>2024-08-09T00:23:27.464Z</time>
      </trkpt>
      <trkpt lat="59.885624" lon="8.695766">
        <ele>439.202497</ele>
        <time>2024-08-09T00:23:44.495Z</time>
      </trkpt>
      <trkpt lat="59.886487" lon="8.696972">
        <ele>427.604097</ele>
        <time>2024-08-09T00:23:58.964Z</time>
      </trkpt>
      <trkpt lat="59.887258" lon="8.698273">
        <ele>415.708114</ele>
        <time>2024-08-09T00:24:12.921Z</time>
      </trkpt>
      <trkpt lat="59.887714" lon="8.698910">
        <ele>409.145782</ele>
        <time>2024-08-09T00:24:20.701Z</time>
      </trkpt>
      <trkpt lat="59.887907" lon="8.699231">
        <ele>406.180698</ele>
        <time>2024-08-09T00:24:24.221Z</time>
      </trkpt>
      <trkpt lat="59.888136" lon="8.699663">
        <ele>402.357296</ele>
        <time>2024-08-09T00:24:28.632Z</time>
      </trkpt>
      <trkpt lat="59.888323" lon="8.700123">
        <ele>398.755424</ele>
        <time>2024-08-09T00:24:32.759Z</time>
      </trkpt>
      <trkpt lat="59.888359" lon="8.700165">
        <ele>398.249599</ele>
        <time>2024-08-09T00:24:33.347Z</time>
      </trkpt>
      <trkpt lat="59.888430" lon="8.700155">
        <ele>397.386486</ele>
        <time>2024-08-09T00:24:34.340Z</time>
      </trkpt>
      <trkpt lat="59.888464" lon="8.700107">
        <ele>396.881256</ele>
        <time>2024-08-09T00:24:34.912Z</time>
      </trkpt>
      <trkpt lat="59.888485" lon="8.699985">
        <ele>396.096589</ele>
        <time>2024-08-09T00:24:35.806Z</time>
      </trkpt>
      <trkpt lat="59.888455" lon="8.699832">
        <ele>395.097236</ele>
        <time>2024-08-09T00:24:36.952Z</time>
      </trkpt>
      <trkpt lat="59.888261" lon="8.699539">
        <ele>392.145704</ele>
        <time>2024-08-09T00:24:40.318Z</time>
      </trkpt>
      <trkpt lat="59.888005" lon="8.698982">
        <ele>387.550122</ele>
        <time>2024-08-09T00:24:45.530Z</time>
      </trkpt>
      <trkpt lat="59.886931" lon="8.696333">
        <ele>365.593804</ele>
        <time>2024-08-09T00:25:08.790Z</time>
      </trkpt>
      <trkpt lat="59.885884" lon="8.694009">
        <ele>349.358556</ele>
        <time>2024-08-09T00:25:30.713Z</time>
      </trkpt>
      <trkpt lat="59.885265" lon="8.692182">
        <ele>339.400627</ele>
        <time>2024-08-09T00:25:47.579Z</time>
      </trkpt>
      <trkpt lat="59.884831" lon="8.691128">
        <ele>333.702938</ele>
        <time>2024-08-09T00:25:57.567Z</time>
      </trkpt>
      <trkpt lat="59.884488" lon="8.690205">
        <ele>328.903238</ele>
        <time>2024-08-09T00:26:05.828Z</time>
      </trkpt>
      <trkpt lat="59.884045" lon="8.688633">
        <ele>317.944037</ele>
        <time>2024-08-09T00:26:18.485Z</time>
      </trkpt>
      <trkpt lat="59.883187" lon="8.686129">
        <ele>299.013154</ele>
        <time>2024-08-09T00:26:39.170Z</time>
      </trkpt>
      <trkpt lat="59.882710" lon="8.684626">
        <ele>287.525985</ele>
        <time>2024-08-09T00:26:51.512Z</time>
      </trkpt>
      <trkpt lat="59.882312" lon="8.682881">
        <ele>275.705147</ele>
        <time>2024-08-09T00:27:04.697Z</time>
      </trkpt>
      <trkpt lat="59.881881" lon="8.680201">
        <ele>260.060555</ele>
        <time>2024-08-09T00:27:24.252Z</time>
      </trkpt>
      <trkpt lat="59.881861" lon="8.679687">
        <ele>258.165639</ele>
        <time>2024-08-09T00:27:27.903Z</time>
      </trkpt>
      <trkpt lat="59.882006" lon="8.676346">
        <ele>248.756061</ele>
        <time>2024-08-09T00:27:54.032Z</time>
      </trkpt>
      <trkpt lat="59.882070" lon="8.675981">
        <ele>248.646540</ele>
        <time>2024-08-09T00:27:58.206Z</time>
      </trkpt>
      <trkpt lat="59.882148" lon="8.675718">
        <ele>248.560003</ele>
        <time>2024-08-09T00:28:01.841Z</time>
      </trkpt>
      <trkpt lat="59.882205" lon="8.675635">
        <ele>248.520152</ele>
        <time>2024-08-09T00:28:03.568Z</time>
      </trkpt>
      <trkpt lat="59.882071" lon="8.675270">
        <ele>248.392044</ele>
        <time>2024-08-09T00:28:10.105Z</time>
      </trkpt>
      <trkpt lat="59.881978" lon="8.675148">
        <ele>248.329191</ele>
        <time>2024-08-09T00:28:13.222Z</time>
      </trkpt>
      <trkpt lat="59.881938" lon="8.675082">
        <ele>248.299876</ele>
        <time>2024-08-09T00:28:14.810Z</time>
      </trkpt>
      <trkpt lat="59.881780" lon="8.674830">
        <ele>248.185636</ele>
        <time>2024-08-09T00:28:21.165Z</time>
      </trkpt>
      <trkpt lat="59.881632" lon="8.674502">
        <ele>248.060686</ele>
        <time>2024-08-09T00:28:28.225Z</time>
      </trkpt>
      <trkpt lat="59.881490" lon="8.674067">
        <ele>248.276412</ele>
        <time>2024-08-09T00:28:36.926Z</time>
      </trkpt>
      <trkpt lat="59.881437" lon="8.673833">
        <ele>248.577643</ele>
        <time>2024-08-09T00:28:41.604Z</time>
      </trkpt>
      <trkpt lat="59.881328" lon="8.673023">
        <ele>249.561619</ele>
        <time>2024-08-09T00:28:56.870Z</time>
      </trkpt>
      <trkpt lat="59.881272" lon="8.672590">
        <ele>250.086274</ele>
        <time>2024-08-09T00:29:04.988Z</time>
      </trkpt>
      <trkpt lat="59.881042" lon="8.670942">
        <ele>252.093325</ele>
        <time>2024-08-09T00:29:34.643Z</time>
      </trkpt>
      <trkpt lat="59.880872" lon="8.669815">
        <ele>253.373168</ele>
        <time>2024-08-09T00:29:51.448Z</time>
      </trkpt>
      <trkpt lat="59.880756" lon="8.668986">
        <ele>254.303588</ele>
        <time>2024-08-09T00:30:03.397Z</time>
      </trkpt>
      <trkpt lat="59.880607" lon="8.667928">
        <ele>255.491584</ele>
        <time>2024-08-09T00:30:23.002Z</time>
      </trkpt>
      <trkpt lat="59.880408" lon="8.666510">
        <ele>257.865678</ele>
        <time>2024-08-09T00:30:52.223Z</time>
      </trkpt>
      <trkpt lat="59.879706" lon="8.666892">
        <ele>260.637711</ele>
        <time>2024-08-09T00:31:22.622Z</time>
      </trkpt>
      <trkpt lat="59.879522" lon="8.665918">
        <ele>262.627147</ele>
        <time>2024-08-09T00:31:45.452Z</time>
      </trkpt>
      <trkpt lat="59.879399" lon="8.664929">
        <ele>263.994756</ele>
        <time>2024-08-09T00:32:08.320Z</time>
      </trkpt>
      <trkpt lat="59.878959" lon="8.662309">
        <ele>267.375558</ele>
        <time>2024-08-09T00:32:52.308Z</time>
      </trkpt>
      <trkpt lat="59.878914" lon="8.661832">
        <ele>267.421281</ele>
        <time>2024-08-09T00:32:59.397Z</time>
      </trkpt>
      <trkpt lat="59.878913" lon="8.661275">
        <ele>267.473754</ele>
        <time>2024-08-09T00:33:06.673Z</time>
      </trkpt>
      <trkpt lat="59.878892" lon="8.660259">
        <ele>267.569547</ele>
        <time>2024-08-09T00:33:18.607Z</time>
      </trkpt>
      <trkpt lat="59.878821" lon="8.659023">
        <ele>267.686745</ele>
        <time>2024-08-09T00:33:31.559Z</time>
      </trkpt>
      <trkpt lat="59.878767" lon="8.658209">
        <ele>267.450227</ele>
        <time>2024-08-09T00:33:39.558Z</time>
      </trkpt>
      <trkpt lat="59.878573" lon="8.655282">
        <ele>266.147893</ele>
        <time>2024-08-09T00:34:09.987Z</time>
      </trkpt>
      <trkpt lat="59.878496" lon="8.654020">
        <ele>264.763136</ele>
        <time>2024-08-09T00:34:21.963Z</time>
      </trkpt>
      <trkpt lat="59.878504" lon="8.653545">
        <ele>264.234041</ele>
        <time>2024-08-09T00:34:26.251Z</time>
      </trkpt>
      <trkpt lat="59.878564" lon="8.652909">
        <ele>263.513608</ele>
        <time>2024-08-09T00:34:31.923Z</time>
      </trkpt>
      <trkpt lat="59.878711" lon="8.652161">
        <ele>262.619319</ele>
        <time>2024-08-09T00:34:39.008Z</time>
      </trkpt>
      <trkpt lat="59.879138" lon="8.651002">
        <ele>261.059732</ele>
        <time>2024-08-09T00:34:51.558Z</time>
      </trkpt>
      <trkpt lat="59.879224" lon="8.650768">
        <ele>260.748688</ele>
        <time>2024-08-09T00:34:54.039Z</time>
      </trkpt>
      <trkpt lat="59.879324" lon="8.650348">
        <ele>260.250153</ele>
        <time>2024-08-09T00:34:58.089Z</time>
      </trkpt>
      <trkpt lat="59.879367" lon="8.649875">
        <ele>259.734650</ele>
        <time>2024-08-09T00:35:02.283Z</time>
      </trkpt>
      <trkpt lat="59.879294" lon="8.648010">
        <ele>258.518165</ele>
        <time>2024-08-09T00:35:20.549Z</time>
      </trkpt>
      <trkpt lat="59.879294" lon="8.648010">
        <ele>258.518165</ele>
        <time>2024-08-09T00:35:20.553Z</time>
      </trkpt>
      <trkpt lat="59.879309" lon="8.646981">
        <ele>258.955596</ele>
        <time>2024-08-09T00:35:34.027Z</time>
      </trkpt>
      <trkpt lat="59.879320" lon="8.646088">
        <ele>259.335167</ele>
        <time>2024-08-09T00:35:47.387Z</time>
      </trkpt>
      <trkpt lat="59.879404" lon="8.644099">
        <ele>260.438842</ele>
        <time>2024-08-09T00:36:18.623Z</time>
      </trkpt>
      <trkpt lat="59.879404" lon="8.644099">
        <ele>260.438842</ele>
        <time>2024-08-09T00:36:18.624Z</time>
      </trkpt>
      <trkpt lat="59.879297" lon="8.642606">
        <ele>261.526807</ele>
        <time>2024-08-09T00:36:41.626Z</time>
      </trkpt>
      <trkpt lat="59.879279" lon="8.641487">
        <ele>262.334460</ele>
        <time>2024-08-09T00:36:57.320Z</time>
      </trkpt>
      <trkpt lat="59.879248" lon="8.641198">
        <ele>262.580631</ele>
        <time>2024-08-09T00:37:01.215Z</time>
      </trkpt>
      <trkpt lat="59.879109" lon="8.640423">
        <ele>263.309448</ele>
        <time>2024-08-09T00:37:12.227Z</time>
      </trkpt>
      <trkpt lat="59.879057" lon="8.639974">
        <ele>263.717513</ele>
        <time>2024-08-09T00:37:18.246Z</time>
      </trkpt>
      <trkpt lat="59.879055" lon="8.639678">
        <ele>263.979660</ele>
        <time>2024-08-09T00:37:22.156Z</time>
      </trkpt>
      <trkpt lat="59.879047" lon="8.638098">
        <ele>265.378905</ele>
        <time>2024-08-09T00:37:46.837Z</time>
      </trkpt>
      <trkpt lat="59.879046" lon="8.638040">
        <ele>265.430298</ele>
        <time>2024-08-09T00:37:47.997Z</time>
      </trkpt>
      <trkpt lat="59.879026" lon="8.637045">
        <ele>267.499450</ele>
        <time>2024-08-09T00:38:09.950Z</time>
      </trkpt>
      <trkpt lat="59.878962" lon="8.636507">
        <ele>268.779586</ele>
        <time>2024-08-09T00:38:23.197Z</time>
      </trkpt>
      <trkpt lat="59.878842" lon="8.635996">
        <ele>270.085825</ele>
        <time>2024-08-09T00:38:36.800Z</time>
      </trkpt>
      <trkpt lat="59.878267" lon="8.634514">
        <ele>274.267360</ele>
        <time>2024-08-09T00:39:21.533Z</time>
      </trkpt>
      <trkpt lat="59.878206" lon="8.634259">
        <ele>274.735600</ele>
        <time>2024-08-09T00:39:28.131Z</time>
      </trkpt>
      <trkpt lat="59.878179" lon="8.633991">
        <ele>275.188687</ele>
        <time>2024-08-09T00:39:34.535Z</time>
      </trkpt>
      <trkpt lat="59.878148" lon="8.633076">
        <ele>276.708801</ele>
        <time>2024-08-09T00:39:55.049Z</time>
      </trkpt>
      <trkpt lat="59.877955" lon="8.631410">
        <ele>279.542919</ele>
        <time>2024-08-09T00:40:23.688Z</time>
      </trkpt>
      <trkpt lat="59.877650" lon="8.629543">
        <ele>282.641197</ele>
        <time>2024-08-09T00:40:51.720Z</time>
      </trkpt>
      <trkpt lat="59.877548" lon="8.627944">
        <ele>285.172981</ele>
        <time>2024-08-09T00:41:27.649Z</time>
      </trkpt>
      <trkpt lat="59.877496" lon="8.627520">
        <ele>286.104977</ele>
        <time>2024-08-09T00:41:38.912Z</time>
      </trkpt>
      <trkpt lat="59.877223" lon="8.626110">
        <ele>289.894587</ele>
        <time>2024-08-09T00:42:17.521Z</time>
      </trkpt>
      <trkpt lat="59.877158" lon="8.625618">
        <ele>291.170326</ele>
        <time>2024-08-09T00:42:30.463Z</time>
      </trkpt>
      <trkpt lat="59.877137" lon="8.624752">
        <ele>293.344387</ele>
        <time>2024-08-09T00:42:51.878Z</time>
      </trkpt>
      <trkpt lat="59.877201" lon="8.623133">
        <ele>294.564118</ele>
        <time>2024-08-09T00:43:23.595Z</time>
      </trkpt>
      <trkpt lat="59.877072" lon="8.621470">
        <ele>294.750386</ele>
        <time>2024-08-09T00:43:40.556Z</time>
      </trkpt>
      <trkpt lat="59.877049" lon="8.620880">
        <ele>294.815891</ele>
        <time>2024-08-09T00:43:45.786Z</time>
      </trkpt>
      <trkpt lat="59.877051" lon="8.620322">
        <ele>293.991077</ele>
        <time>2024-08-09T00:43:50.631Z</time>
      </trkpt>
      <trkpt lat="59.877151" lon="8.619216">
        <ele>291.844255</ele>
        <time>2024-08-09T00:44:00.161Z</time>
      </trkpt>
      <trkpt lat="59.877601" lon="8.616428">
        <ele>286.545795</ele>
        <time>2024-08-09T00:44:23.942Z</time>
      </trkpt>
      <trkpt lat="59.877671" lon="8.615871">
        <ele>285.636352</ele>
        <time>2024-08-09T00:44:28.698Z</time>
      </trkpt>
      <trkpt lat="59.877689" lon="8.615101">
        <ele>284.415471</ele>
        <time>2024-08-09T00:44:35.196Z</time>
      </trkpt>
      <trkpt lat="59.877665" lon="8.612594">
        <ele>282.193153</ele>
        <time>2024-08-09T00:44:58.678Z</time>
      </trkpt>
      <trkpt lat="59.877693" lon="8.612059">
        <ele>282.141511</ele>
        <time>2024-08-09T00:45:04.780Z</time>
      </trkpt>
      <trkpt lat="59.877979" lon="8.609762">
        <ele>282.047092</ele>
        <time>2024-08-09T00:45:35.591Z</time>
      </trkpt>
      <trkpt lat="59.878163" lon="8.608656">
        <ele>282.247123</ele>
        <time>2024-08-09T00:45:51.884Z</time>
      </trkpt>
      <trkpt lat="59.878193" lon="8.607999">
        <ele>282.360378</ele>
        <time>2024-08-09T00:46:00.154Z</time>
      </trkpt>
      <trkpt lat="59.878216" lon="8.607515">
        <ele>282.443839</ele>
        <time>2024-08-09T00:46:05.537Z</time>
      </trkpt>
      <trkpt lat="59.878281" lon="8.606145">
        <ele>282.729133</ele>
        <time>2024-08-09T00:46:20.450Z</time>
      </trkpt>
      <trkpt lat="59.878283" lon="8.606081">
        <ele>282.745391</ele>
        <time>2024-08-09T00:46:21.117Z</time>
      </trkpt>
      <trkpt lat="59.878312" lon="8.605925">
        <ele>282.787570</ele>
        <time>2024-08-09T00:46:22.940Z</time>
      </trkpt>
      <trkpt lat="59.878377" lon="8.605776">
        <ele>282.837626</ele>
        <time>2024-08-09T00:46:25.224Z</time>
      </trkpt>
      <trkpt lat="59.878455" lon="8.605654">
        <ele>282.887724</ele>
        <time>2024-08-09T00:46:27.694Z</time>
      </trkpt>
      <trkpt lat="59.878534" lon="8.605596">
        <ele>282.930260</ele>
        <time>2024-08-09T00:46:29.591Z</time>
      </trkpt>
      <trkpt lat="59.878662" lon="8.606107">
        <ele>283.075062</ele>
        <time>2024-08-09T00:46:36.970Z</time>
      </trkpt>
      <trkpt lat="59.878749" lon="8.606347">
        <ele>283.150126</ele>
        <time>2024-08-09T00:46:40.743Z</time>
      </trkpt>
      <trkpt lat="59.879009" lon="8.606981">
        <ele>283.357716</ele>
        <time>2024-08-09T00:46:52.721Z</time>
      </trkpt>
      <trkpt lat="59.879166" lon="8.607209">
        <ele>283.455865</ele>
        <time>2024-08-09T00:46:58.964Z</time>
      </trkpt>
      <trkpt lat="59.879227" lon="8.606791">
        <ele>283.856652</ele>
        <time>2024-08-09T00:47:05.025Z</time>
      </trkpt>
      <trkpt lat="59.879387" lon="8.605994">
        <ele>284.861456</ele>
        <time>2024-08-09T00:47:18.652Z</time>
      </trkpt>
      <trkpt lat="59.879433" lon="8.605509">
        <ele>285.439218</ele>
        <time>2024-08-09T00:47:26.416Z</time>
      </trkpt>
      <trkpt lat="59.879434" lon="8.605324">
        <ele>285.655780</ele>
        <time>2024-08-09T00:47:30.063Z</time>
      </trkpt>
      <trkpt lat="59.879416" lon="8.604865">
        <ele>286.194695</ele>
        <time>2024-08-09T00:47:38.489Z</time>
      </trkpt>
      <trkpt lat="59.879369" lon="8.603966">
        <ele>287.252705</ele>
        <time>2024-08-09T00:47:56.054Z</time>
      </trkpt>
      <trkpt lat="59.879282" lon="8.602964">
        <ele>288.383997</ele>
        <time>2024-08-09T00:48:14.466Z</time>
      </trkpt>
      <trkpt lat="59.879265" lon="8.602664">
        <ele>288.710007</ele>
        <time>2024-08-09T00:48:19.021Z</time>
      </trkpt>
      <trkpt lat="59.879250" lon="8.602132">
        <ele>289.285386</ele>
        <time>2024-08-09T00:48:28.227Z</time>
      </trkpt>
      <trkpt lat="59.879243" lon="8.601621">
        <ele>289.837389</ele>
        <time>2024-08-09T00:48:36.831Z</time>
      </trkpt>
      <trkpt lat="59.879238" lon="8.601269">
        <ele>290.217644</ele>
        <time>2024-08-09T00:48:42.087Z</time>
      </trkpt>
      <trkpt lat="59.879235" lon="8.600850">
        <ele>290.670142</ele>
        <time>2024-08-09T00:48:49.355Z</time>
      </trkpt>
      <trkpt lat="59.879233" lon="8.600597">
        <ele>290.943375</ele>
        <time>2024-08-09T00:48:52.667Z</time>
      </trkpt>
      <trkpt lat="59.879238" lon="8.598377">
        <ele>292.943792</ele>
        <time>2024-08-09T00:49:26.579Z</time>
      </trkpt>
      <trkpt lat="59.879229" lon="8.597787">
        <ele>293.439788</ele>
        <time>2024-08-09T00:49:36.024Z</time>
      </trkpt>
      <trkpt lat="59.879223" lon="8.597622">
        <ele>293.578798</ele>
        <time>2024-08-09T00:49:38.346Z</time>
      </trkpt>
      <trkpt lat="59.879138" lon="8.596617">
        <ele>294.435194</ele>
        <time>2024-08-09T00:49:54.311Z</time>
      </trkpt>
      <trkpt lat="59.879006" lon="8.595412">
        <ele>295.259456</ele>
        <time>2024-08-09T00:50:12.678Z</time>
      </trkpt>
      <trkpt lat="59.878983" lon="8.595095">
        <ele>295.465725</ele>
        <time>2024-08-09T00:50:17.539Z</time>
      </trkpt>
      <trkpt lat="59.878943" lon="8.594563">
        <ele>295.812153</ele>
        <time>2024-08-09T00:50:25.204Z</time>
      </trkpt>
      <trkpt lat="59.878915" lon="8.594170">
        <ele>296.067781</ele>
        <time>2024-08-09T00:50:31.233Z</time>
      </trkpt>
      <trkpt lat="59.878896" lon="8.593907">
        <ele>296.238897</ele>
        <time>2024-08-09T00:50:35.010Z</time>
      </trkpt>
      <trkpt lat="59.878856" lon="8.593356">
        <ele>296.597432</ele>
        <time>2024-08-09T00:50:42.835Z</time>
      </trkpt>
      <trkpt lat="59.878746" lon="8.592301">
        <ele>296.989745</ele>
        <time>2024-08-09T00:50:56.938Z</time>
      </trkpt>
      <trkpt lat="59.878539" lon="8.590692">
        <ele>297.290610</ele>
        <time>2024-08-09T00:51:17.561Z</time>
      </trkpt>
      <trkpt lat="59.878509" lon="8.590459">
        <ele>297.334181</ele>
        <time>2024-08-09T00:51:20.316Z</time>
      </trkpt>
      <trkpt lat="59.878464" lon="8.590069">
        <ele>297.406665</ele>
        <time>2024-08-09T00:51:24.694Z</time>
      </trkpt>
      <trkpt lat="59.878405" lon="8.589219">
        <ele>297.528241</ele>
        <time>2024-08-09T00:51:34.047Z</time>
      </trkpt>
      <trkpt lat="59.878395" lon="8.589088">
        <ele>297.532509</ele>
        <time>2024-08-09T00:51:35.401Z</time>
      </trkpt>
      <trkpt lat="59.878381" lon="8.588893">
        <ele>297.538855</ele>
        <time>2024-08-09T00:51:37.448Z</time>
      </trkpt>
      <trkpt lat="59.878323" lon="8.587369">
        <ele>297.588089</ele>
        <time>2024-08-09T00:51:54.896Z</time>
      </trkpt>
      <trkpt lat="59.878346" lon="8.586751">
        <ele>297.608051</ele>
        <time>2024-08-09T00:52:02.865Z</time>
      </trkpt>
      <trkpt lat="59.878394" lon="8.586381">
        <ele>297.620362</ele>
        <time>2024-08-09T00:52:07.782Z</time>
      </trkpt>
      <trkpt lat="59.878444" lon="8.586072">
        <ele>297.630820</ele>
        <time>2024-08-09T00:52:11.232Z</time>
      </trkpt>
      <trkpt lat="59.878546" lon="8.585580">
        <ele>297.708539</ele>
        <time>2024-08-09T00:52:16.851Z</time>
      </trkpt>
      <trkpt lat="59.878684" lon="8.584988">
        <ele>297.839413</ele>
        <time>2024-08-09T00:52:23.796Z</time>
      </trkpt>
      <trkpt lat="59.878838" lon="8.584394">
        <ele>297.973460</ele>
        <time>2024-08-09T00:52:31.171Z</time>
      </trkpt>
      <trkpt lat="59.879249" lon="8.582292">
        <ele>298.430228</ele>
        <time>2024-08-09T00:53:01.717Z</time>
      </trkpt>
      <trkpt lat="59.879337" lon="8.581451">
        <ele>298.613351</ele>
        <time>2024-08-09T00:53:12.480Z</time>
      </trkpt>
      <trkpt lat="59.879384" lon="8.580651">
        <ele>298.785043</ele>
        <time>2024-08-09T00:53:22.286Z</time>
      </trkpt>
      <trkpt lat="59.879411" lon="8.580202">
        <ele>298.881436</ele>
        <time>2024-08-09T00:53:27.633Z</time>
      </trkpt>
      <trkpt lat="59.879413" lon="8.579588">
        <ele>299.012319</ele>
        <time>2024-08-09T00:53:34.693Z</time>
      </trkpt>
      <trkpt lat="59.879458" lon="8.577915">
        <ele>299.300906</ele>
        <time>2024-08-09T00:53:54.011Z</time>
      </trkpt>
      <trkpt lat="59.879444" lon="8.577625">
        <ele>299.346013</ele>
        <time>2024-08-09T00:53:57.072Z</time>
      </trkpt>
      <trkpt lat="59.879408" lon="8.577409">
        <ele>299.381251</ele>
        <time>2024-08-09T00:53:59.800Z</time>
      </trkpt>
      <trkpt lat="59.879290" lon="8.576652">
        <ele>299.503979</ele>
        <time>2024-08-09T00:54:08.842Z</time>
      </trkpt>
      <trkpt lat="59.879282" lon="8.576056">
        <ele>299.596289</ele>
        <time>2024-08-09T00:54:16.257Z</time>
      </trkpt>
      <trkpt lat="59.879289" lon="8.575804">
        <ele>299.635366</ele>
        <time>2024-08-09T00:54:19.657Z</time>
      </trkpt>
      <trkpt lat="59.879294" lon="8.575568">
        <ele>299.671937</ele>
        <time>2024-08-09T00:54:22.398Z</time>
      </trkpt>
      <trkpt lat="59.879299" lon="8.574497">
        <ele>300.442331</ele>
        <time>2024-08-09T00:54:37.287Z</time>
      </trkpt>
      <trkpt lat="59.879293" lon="8.573830">
        <ele>300.926735</ele>
        <time>2024-08-09T00:54:47.373Z</time>
      </trkpt>
      <trkpt lat="59.879288" lon="8.573083">
        <ele>301.469199</ele>
        <time>2024-08-09T00:54:58.807Z</time>
      </trkpt>
      <trkpt lat="59.879284" lon="8.571469">
        <ele>302.840785</ele>
        <time>2024-08-09T00:55:24.045Z</time>
      </trkpt>
      <trkpt lat="59.879248" lon="8.571098">
        <ele>303.265355</ele>
        <time>2024-08-09T00:55:30.366Z</time>
      </trkpt>
      <trkpt lat="59.879190" lon="8.570489">
        <ele>303.961829</ele>
        <time>2024-08-09T00:55:40.484Z</time>
      </trkpt>
      <trkpt lat="59.879183" lon="8.569569">
        <ele>304.995642</ele>
        <time>2024-08-09T00:55:54.793Z</time>
      </trkpt>
      <trkpt lat="59.879206" lon="8.568633">
        <ele>306.048574</ele>
        <time>2024-08-09T00:56:10.736Z</time>
      </trkpt>
      <trkpt lat="59.879298" lon="8.567799">
        <ele>307.864321</ele>
        <time>2024-08-09T00:56:26.789Z</time>
      </trkpt>
      <trkpt lat="59.879424" lon="8.566626">
        <ele>310.850707</ele>
        <time>2024-08-09T00:56:53.353Z</time>
      </trkpt>
      <trkpt lat="59.879440" lon="8.566455">
        <ele>311.283755</ele>
        <time>2024-08-09T00:56:57.758Z</time>
      </trkpt>
      <trkpt lat="59.879553" lon="8.564994">
        <ele>314.963910</ele>
        <time>2024-08-09T00:57:37.016Z</time>
      </trkpt>
      <trkpt lat="59.879423" lon="8.562845">
        <ele>322.969704</ele>
        <time>2024-08-09T00:58:40.430Z</time>
      </trkpt>
      <trkpt lat="59.879381" lon="8.561679">
        <ele>327.365825</ele>
        <time>2024-08-09T00:59:16.622Z</time>
      </trkpt>
      <trkpt lat="59.879298" lon="8.561065">
        <ele>329.972525</ele>
        <time>2024-08-09T00:59:36.276Z</time>
      </trkpt>
      <trkpt lat="59.878838" lon="8.559321">
        <ele>338.899349</ele>
        <time>2024-08-09T01:00:43.541Z</time>
      </trkpt>
      <trkpt lat="59.878806" lon="8.559035">
        <ele>340.227004</ele>
        <time>2024-08-09T01:00:54.091Z</time>
      </trkpt>
      <trkpt lat="59.878826" lon="8.558526">
        <ele>342.540291</ele>
        <time>2024-08-09T01:01:11.666Z</time>
      </trkpt>
      <trkpt lat="59.878898" lon="8.558143">
        <ele>344.393388</ele>
        <time>2024-08-09T01:01:26.144Z</time>
      </trkpt>
      <trkpt lat="59.879037" lon="8.557611">
        <ele>346.844688</ele>
        <time>2024-08-09T01:01:47.102Z</time>
      </trkpt>
      <trkpt lat="59.879059" lon="8.557329">
        <ele>347.978781</ele>
        <time>2024-08-09T01:01:56.501Z</time>
      </trkpt>
      <trkpt lat="59.879038" lon="8.557054">
        <ele>349.084177</ele>
        <time>2024-08-09T01:02:06.063Z</time>
      </trkpt>
      <trkpt lat="59.879006" lon="8.556875">
        <ele>349.839289</ele>
        <time>2024-08-09T01:02:12.850Z</time>
      </trkpt>
      <trkpt lat="59.878935" lon="8.556696">
        <ele>350.745981</ele>
        <time>2024-08-09T01:02:20.091Z</time>
      </trkpt>
      <trkpt lat="59.878632" lon="8.556266">
        <ele>353.691663</ele>
        <time>2024-08-09T01:02:44.513Z</time>
      </trkpt>
      <trkpt lat="59.878589" lon="8.556134">
        <ele>354.317049</ele>
        <time>2024-08-09T01:02:49.626Z</time>
      </trkpt>
      <trkpt lat="59.878550" lon="8.556016">
        <ele>354.878536</ele>
        <time>2024-08-09T01:02:54.298Z</time>
      </trkpt>
      <trkpt lat="59.878513" lon="8.555633">
        <ele>356.428498</ele>
        <time>2024-08-09T01:03:06.158Z</time>
      </trkpt>
      <trkpt lat="59.878494" lon="8.555003">
        <ele>358.936595</ele>
        <time>2024-08-09T01:03:24.194Z</time>
      </trkpt>
      <trkpt lat="59.878466" lon="8.553108">
        <ele>361.984433</ele>
        <time>2024-08-09T01:04:01.991Z</time>
      </trkpt>
      <trkpt lat="59.878465" lon="8.552995">
        <ele>362.156890</ele>
        <time>2024-08-09T01:04:03.706Z</time>
      </trkpt>
      <trkpt lat="59.878442" lon="8.552000">
        <ele>363.676803</ele>
        <time>2024-08-09T01:04:18.473Z</time>
      </trkpt>
      <trkpt lat="59.878343" lon="8.550030">
        <ele>366.166463</ele>
        <time>2024-08-09T01:04:49.204Z</time>
      </trkpt>
      <trkpt lat="59.878351" lon="8.549469">
        <ele>366.799822</ele>
        <time>2024-08-09T01:04:57.809Z</time>
      </trkpt>
      <trkpt lat="59.878403" lon="8.548642">
        <ele>367.740410</ele>
        <time>2024-08-09T01:05:11.376Z</time>
      </trkpt>
      <trkpt lat="59.878447" lon="8.548025">
        <ele>368.443704</ele>
        <time>2024-08-09T01:05:22.581Z</time>
      </trkpt>
      <trkpt lat="59.878483" lon="8.547386">
        <ele>369.532661</ele>
        <time>2024-08-09T01:05:35.412Z</time>
      </trkpt>
      <trkpt lat="59.878477" lon="8.545359">
        <ele>373.598522</ele>
        <time>2024-08-09T01:06:22.388Z</time>
      </trkpt>
      <trkpt lat="59.878540" lon="8.544067">
        <ele>376.057293</ele>
        <time>2024-08-09T01:06:49.071Z</time>
      </trkpt>
      <trkpt lat="59.878549" lon="8.543246">
        <ele>376.937044</ele>
        <time>2024-08-09T01:07:04.303Z</time>
      </trkpt>
      <trkpt lat="59.878522" lon="8.542432">
        <ele>377.810988</ele>
        <time>2024-08-09T01:07:18.835Z</time>
      </trkpt>
      <trkpt lat="59.878175" lon="8.536037">
        <ele>383.530250</ele>
        <time>2024-08-09T01:08:49.438Z</time>
      </trkpt>
      <trkpt lat="59.878168" lon="8.535367">
        <ele>384.560383</ele>
        <time>2024-08-09T01:09:03.798Z</time>
      </trkpt>
      <trkpt lat="59.878191" lon="8.534618">
        <ele>385.713884</ele>
        <time>2024-08-09T01:09:19.724Z</time>
      </trkpt>
      <trkpt lat="59.878259" lon="8.533425">
        <ele>387.500926</ele>
        <time>2024-08-09T01:09:45.100Z</time>
      </trkpt>
      <trkpt lat="59.878298" lon="8.532694">
        <ele>388.168857</ele>
        <time>2024-08-09T01:10:00.104Z</time>
      </trkpt>
      <trkpt lat="59.878307" lon="8.531975">
        <ele>388.822345</ele>
        <time>2024-08-09T01:10:13.898Z</time>
      </trkpt>
      <trkpt lat="59.878114" lon="8.527252">
        <ele>391.748784</ele>
        <time>2024-08-09T01:11:11.860Z</time>
      </trkpt>
      <trkpt lat="59.878089" lon="8.524820">
        <ele>394.141614</ele>
        <time>2024-08-09T01:11:49.360Z</time>
      </trkpt>
      <trkpt lat="59.878159" lon="8.522571">
        <ele>397.353825</ele>
        <time>2024-08-09T01:12:32.802Z</time>
      </trkpt>
      <trkpt lat="59.878073" lon="8.520870">
        <ele>401.512647</ele>
        <time>2024-08-09T01:13:10.591Z</time>
      </trkpt>
      <trkpt lat="59.878064" lon="8.520320">
        <ele>402.851298</ele>
        <time>2024-08-09T01:13:23.760Z</time>
      </trkpt>
      <trkpt lat="59.878109" lon="8.519683">
        <ele>404.416152</ele>
        <time>2024-08-09T01:13:39.786Z</time>
      </trkpt>
      <trkpt lat="59.878360" lon="8.517658">
        <ele>411.342929</ele>
        <time>2024-08-09T01:14:37.324Z</time>
      </trkpt>
      <trkpt lat="59.878450" lon="8.516403">
        <ele>415.872516</ele>
        <time>2024-08-09T01:15:16.156Z</time>
      </trkpt>
      <trkpt lat="59.878643" lon="8.512287">
        <ele>431.063826</ele>
        <time>2024-08-09T01:17:22.272Z</time>
      </trkpt>
      <trkpt lat="59.878673" lon="8.511290">
        <ele>433.763687</ele>
        <time>2024-08-09T01:17:47.737Z</time>
      </trkpt>
      <trkpt lat="59.878634" lon="8.509812">
        <ele>437.521316</ele>
        <time>2024-08-09T01:18:21.777Z</time>
      </trkpt>
      <trkpt lat="59.878553" lon="8.508905">
        <ele>439.860252</ele>
        <time>2024-08-09T01:18:40.973Z</time>
      </trkpt>
      <trkpt lat="59.878261" lon="8.506282">
        <ele>447.250624</ele>
        <time>2024-08-09T01:19:43.322Z</time>
      </trkpt>
      <trkpt lat="59.877926" lon="8.504257">
        <ele>454.949583</ele>
        <time>2024-08-09T01:20:44.561Z</time>
      </trkpt>
      <trkpt lat="59.877870" lon="8.503733">
        <ele>457.483221</ele>
        <time>2024-08-09T01:21:01.964Z</time>
      </trkpt>
      <trkpt lat="59.877875" lon="8.501911">
        <ele>466.099853</ele>
        <time>2024-08-09T01:22:08.224Z</time>
      </trkpt>
      <trkpt lat="59.877774" lon="8.500322">
        <ele>475.726123</ele>
        <time>2024-08-09T01:23:16.833Z</time>
      </trkpt>
      <trkpt lat="59.877841" lon="8.499887">
        <ele>478.604894</ele>
        <time>2024-08-09T01:23:37.472Z</time>
      </trkpt>
      <trkpt lat="59.878216" lon="8.498926">
        <ele>486.306419</ele>
        <time>2024-08-09T01:24:33.213Z</time>
      </trkpt>
      <trkpt lat="59.878245" lon="8.498748">
        <ele>487.490398</ele>
        <time>2024-08-09T01:24:41.709Z</time>
      </trkpt>
      <trkpt lat="59.878248" lon="8.498406">
        <ele>489.654397</ele>
        <time>2024-08-09T01:24:56.323Z</time>
      </trkpt>
      <trkpt lat="59.878202" lon="8.498153">
        <ele>490.942616</ele>
        <time>2024-08-09T01:25:07.993Z</time>
      </trkpt>
      <trkpt lat="59.878096" lon="8.497896">
        <ele>492.240888</ele>
        <time>2024-08-09T01:25:20.753Z</time>
      </trkpt>
      <trkpt lat="59.877954" lon="8.497713">
        <ele>493.556007</ele>
        <time>2024-08-09T01:25:33.466Z</time>
      </trkpt>
      <trkpt lat="59.877830" lon="8.497616">
        <ele>494.591966</ele>
        <time>2024-08-09T01:25:42.721Z</time>
      </trkpt>
      <trkpt lat="59.877539" lon="8.497577">
        <ele>496.860105</ele>
        <time>2024-08-09T01:26:01.457Z</time>
      </trkpt>
      <trkpt lat="59.877253" lon="8.497752">
        <ele>499.186751</ele>
        <time>2024-08-09T01:26:18.363Z</time>
      </trkpt>
      <trkpt lat="59.876890" lon="8.498007">
        <ele>502.179994</ele>
        <time>2024-08-09T01:26:37.556Z</time>
      </trkpt>
      <trkpt lat="59.876686" lon="8.498024">
        <ele>503.767832</ele>
        <time>2024-08-09T01:26:46.348Z</time>
      </trkpt>
      <trkpt lat="59.876528" lon="8.497949">
        <ele>504.691140</ele>
        <time>2024-08-09T01:26:53.513Z</time>
      </trkpt>
      <trkpt lat="59.876364" lon="8.497771">
        <ele>505.500616</ele>
        <time>2024-08-09T01:27:00.763Z</time>
      </trkpt>
      <trkpt lat="59.876213" lon="8.497502">
        <ele>506.378573</ele>
        <time>2024-08-09T01:27:09.083Z</time>
      </trkpt>
      <trkpt lat="59.876106" lon="8.497167">
        <ele>507.242387</ele>
        <time>2024-08-09T01:27:16.386Z</time>
      </trkpt>
      <trkpt lat="59.875870" lon="8.496158">
        <ele>509.664002</ele>
        <time>2024-08-09T01:27:39.191Z</time>
      </trkpt>
      <trkpt lat="59.875726" lon="8.495508">
        <ele>511.209636</ele>
        <time>2024-08-09T01:27:54.536Z</time>
      </trkpt>
      <trkpt lat="59.875653" lon="8.494708">
        <ele>513.619397</ele>
        <time>2024-08-09T01:28:15.417Z</time>
      </trkpt>
      <trkpt lat="59.875453" lon="8.494044">
        <ele>516.478917</ele>
        <time>2024-08-09T01:28:37.660Z</time>
      </trkpt>
      <trkpt lat="59.875343" lon="8.493395">
        <ele>519.008361</ele>
        <time>2024-08-09T01:28:58.616Z</time>
      </trkpt>
      <trkpt lat="59.875236" lon="8.492463">
        <ele>522.538737</ele>
        <time>2024-08-09T01:29:29.380Z</time>
      </trkpt>
      <trkpt lat="59.874999" lon="8.491331">
        <ele>527.181831</ele>
        <time>2024-08-09T01:30:08.238Z</time>
      </trkpt>
      <trkpt lat="59.874429" lon="8.489601">
        <ele>535.314261</ele>
        <time>2024-08-09T01:31:13.010Z</time>
      </trkpt>
      <trkpt lat="59.873213" lon="8.487626">
        <ele>546.855579</ele>
        <time>2024-08-09T01:32:45.625Z</time>
      </trkpt>
      <trkpt lat="59.872625" lon="8.486835">
        <ele>551.909119</ele>
        <time>2024-08-09T01:33:25.571Z</time>
      </trkpt>
      <trkpt lat="59.872238" lon="8.486391">
        <ele>554.793859</ele>
        <time>2024-08-09T01:33:50.517Z</time>
      </trkpt>
      <trkpt lat="59.872192" lon="8.486262">
        <ele>555.301871</ele>
        <time>2024-08-09T01:33:54.871Z</time>
      </trkpt>
      <trkpt lat="59.872194" lon="8.486171">
        <ele>555.594296</ele>
        <time>2024-08-09T01:33:57.319Z</time>
      </trkpt>
      <trkpt lat="59.872251" lon="8.486063">
        <ele>556.097417</ele>
        <time>2024-08-09T01:34:01.504Z</time>
      </trkpt>
      <trkpt lat="59.872360" lon="8.486087">
        <ele>556.798833</ele>
        <time>2024-08-09T01:34:07.393Z</time>
      </trkpt>
      <trkpt lat="59.872698" lon="8.486638">
        <ele>559.592164</ele>
        <time>2024-08-09T01:34:31.295Z</time>
      </trkpt>
      <trkpt lat="59.873731" lon="8.487643">
        <ele>566.580813</ele>
        <time>2024-08-09T01:35:32.490Z</time>
      </trkpt>
      <trkpt lat="59.874613" lon="8.488665">
        <ele>572.376365</ele>
        <time>2024-08-09T01:36:19.638Z</time>
      </trkpt>
      <trkpt lat="59.874869" lon="8.489124">
        <ele>574.563099</ele>
        <time>2024-08-09T01:36:37.766Z</time>
      </trkpt>
      <trkpt lat="59.875134" lon="8.489866">
        <ele>578.569555</ele>
        <time>2024-08-09T01:37:05.094Z</time>
      </trkpt>
      <trkpt lat="59.875659" lon="8.491014">
        <ele>585.402177</ele>
        <time>2024-08-09T01:37:58.650Z</time>
      </trkpt>
      <trkpt lat="59.876594" lon="8.492479">
        <ele>596.226172</ele>
        <time>2024-08-09T01:39:27.443Z</time>
      </trkpt>
      <trkpt lat="59.876942" lon="8.493074">
        <ele>600.505407</ele>
        <time>2024-08-09T01:40:00.240Z</time>
      </trkpt>
      <trkpt lat="59.877120" lon="8.493664">
        <ele>603.729448</ele>
        <time>2024-08-09T01:40:23.559Z</time>
      </trkpt>
      <trkpt lat="59.877177" lon="8.493676">
        <ele>604.264335</ele>
        <time>2024-08-09T01:40:27.032Z</time>
      </trkpt>
      <trkpt lat="59.877227" lon="8.493598">
        <ele>604.856924</ele>
        <time>2024-08-09T01:40:31.067Z</time>
      </trkpt>
      <trkpt lat="59.877246" lon="8.493419">
        <ele>605.713786</ele>
        <time>2024-08-09T01:40:36.868Z</time>
      </trkpt>
      <trkpt lat="59.877232" lon="8.493323">
        <ele>606.181984</ele>
        <time>2024-08-09T01:40:40.011Z</time>
      </trkpt>
      <trkpt lat="59.876051" lon="8.490636">
        <ele>618.789109</ele>
        <time>2024-08-09T01:42:17.785Z</time>
      </trkpt>
      <trkpt lat="59.875708" lon="8.489551">
        <ele>624.860289</ele>
        <time>2024-08-09T01:42:58.950Z</time>
      </trkpt>
      <trkpt lat="59.875376" lon="8.488233">
        <ele>631.948854</ele>
        <time>2024-08-09T01:43:53.292Z</time>
      </trkpt>
      <trkpt lat="59.874840" lon="8.486712">
        <ele>641.472245</ele>
        <time>2024-08-09T01:45:05.447Z</time>
      </trkpt>
      <trkpt lat="59.874513" lon="8.485831">
        <ele>647.412476</ele>
        <time>2024-08-09T01:45:50.056Z</time>
      </trkpt>
      <trkpt lat="59.873955" lon="8.484671">
        <ele>656.134257</ele>
        <time>2024-08-09T01:46:48.736Z</time>
      </trkpt>
      <trkpt lat="59.873562" lon="8.483996">
        <ele>661.884995</ele>
        <time>2024-08-09T01:47:26.089Z</time>
      </trkpt>
      <trkpt lat="59.873147" lon="8.483552">
        <ele>667.105724</ele>
        <time>2024-08-09T01:48:02.841Z</time>
      </trkpt>
      <trkpt lat="59.872712" lon="8.483184">
        <ele>672.343537</ele>
        <time>2024-08-09T01:48:46.069Z</time>
      </trkpt>
      <trkpt lat="59.872555" lon="8.482983">
        <ele>674.411887</ele>
        <time>2024-08-09T01:49:04.322Z</time>
      </trkpt>
      <trkpt lat="59.872473" lon="8.482769">
        <ele>675.782700</ele>
        <time>2024-08-09T01:49:13.648Z</time>
      </trkpt>
      <trkpt lat="59.872182" lon="8.481396">
        <ele>680.322751</ele>
        <time>2024-08-09T01:49:58.811Z</time>
      </trkpt>
      <trkpt lat="59.872026" lon="8.480989">
        <ele>681.882728</ele>
        <time>2024-08-09T01:50:12.336Z</time>
      </trkpt>
      <trkpt lat="59.871896" lon="8.480783">
        <ele>682.890832</ele>
        <time>2024-08-09T01:50:19.205Z</time>
      </trkpt>
      <trkpt lat="59.871838" lon="8.480703">
        <ele>683.318964</ele>
        <time>2024-08-09T01:50:23.099Z</time>
      </trkpt>
      <trkpt lat="59.871808" lon="8.480662">
        <ele>683.539756</ele>
        <time>2024-08-09T01:50:25.156Z</time>
      </trkpt>
      <trkpt lat="59.871657" lon="8.481109">
        <ele>685.181103</ele>
        <time>2024-08-09T01:50:37.098Z</time>
      </trkpt>
      <trkpt lat="59.871517" lon="8.481256">
        <ele>686.141551</ele>
        <time>2024-08-09T01:50:44.756Z</time>
      </trkpt>
      <trkpt lat="59.871392" lon="8.481245">
        <ele>686.703145</ele>
        <time>2024-08-09T01:50:49.089Z</time>
      </trkpt>
      <trkpt lat="59.871019" lon="8.481066">
        <ele>687.737335</ele>
        <time>2024-08-09T01:51:02.497Z</time>
      </trkpt>
      <trkpt lat="59.870651" lon="8.480833">
        <ele>688.778180</ele>
        <time>2024-08-09T01:51:12.991Z</time>
      </trkpt>
      <trkpt lat="59.870240" lon="8.480398">
        <ele>690.032681</ele>
        <time>2024-08-09T01:51:26.258Z</time>
      </trkpt>
      <trkpt lat="59.870114" lon="8.480213">
        <ele>690.454594</ele>
        <time>2024-08-09T01:51:31.682Z</time>
      </trkpt>
      <trkpt lat="59.869373" lon="8.478625">
        <ele>700.041596</ele>
        <time>2024-08-09T01:52:53.467Z</time>
      </trkpt>
      <trkpt lat="59.869334" lon="8.478374">
        <ele>701.582882</ele>
        <time>2024-08-09T01:53:09.409Z</time>
      </trkpt>
      <trkpt lat="59.869242" lon="8.478230">
        <ele>702.950129</ele>
        <time>2024-08-09T01:53:18.434Z</time>
      </trkpt>
      <trkpt lat="59.868862" lon="8.477344">
        <ele>709.786157</ele>
        <time>2024-08-09T01:54:14.025Z</time>
      </trkpt>
      <trkpt lat="59.868403" lon="8.476574">
        <ele>716.415590</ele>
        <time>2024-08-09T01:55:08.838Z</time>
      </trkpt>
      <trkpt lat="59.868057" lon="8.475879">
        <ele>721.656321</ele>
        <time>2024-08-09T01:55:54.683Z</time>
      </trkpt>
      <trkpt lat="59.867765" lon="8.475455">
        <ele>725.510293</ele>
        <time>2024-08-09T01:56:21.715Z</time>
      </trkpt>
      <trkpt lat="59.867535" lon="8.474966">
        <ele>729.098160</ele>
        <time>2024-08-09T01:56:42.894Z</time>
      </trkpt>
      <trkpt lat="59.867390" lon="8.474672">
        <ele>731.304897</ele>
        <time>2024-08-09T01:56:52.770Z</time>
      </trkpt>
      <trkpt lat="59.867186" lon="8.474293">
        <ele>732.400972</ele>
        <time>2024-08-09T01:57:05.262Z</time>
      </trkpt>
      <trkpt lat="59.866977" lon="8.474027">
        <ele>733.194307</ele>
        <time>2024-08-09T01:57:15.483Z</time>
      </trkpt>
      <trkpt lat="59.866749" lon="8.473904">
        <ele>733.949886</ele>
        <time>2024-08-09T01:57:23.754Z</time>
      </trkpt>
      <trkpt lat="59.866415" lon="8.473963">
        <ele>735.022450</ele>
        <time>2024-08-09T01:57:35.483Z</time>
      </trkpt>
      <trkpt lat="59.866259" lon="8.474002">
        <ele>735.525364</ele>
        <time>2024-08-09T01:57:41.701Z</time>
      </trkpt>
      <trkpt lat="59.866023" lon="8.473991">
        <ele>736.280468</ele>
        <time>2024-08-09T01:57:48.414Z</time>
      </trkpt>
      <trkpt lat="59.865897" lon="8.473929">
        <ele>736.695621</ele>
        <time>2024-08-09T01:57:53.200Z</time>
      </trkpt>
      <trkpt lat="59.865713" lon="8.473751">
        <ele>737.350020</ele>
        <time>2024-08-09T01:58:00.114Z</time>
      </trkpt>
      <trkpt lat="59.865469" lon="8.473354">
        <ele>738.521475</ele>
        <time>2024-08-09T01:58:09.515Z</time>
      </trkpt>
      <trkpt lat="59.865154" lon="8.472388">
        <ele>740.671704</ele>
        <time>2024-08-09T01:58:26.876Z</time>
      </trkpt>
      <trkpt lat="59.864792" lon="8.471680">
        <ele>742.558097</ele>
        <time>2024-08-09T01:58:47.848Z</time>
      </trkpt>
      <trkpt lat="59.864537" lon="8.471296">
        <ele>743.746729</ele>
        <time>2024-08-09T01:59:04.725Z</time>
      </trkpt>
      <trkpt lat="59.864005" lon="8.470673">
        <ele>748.632371</ele>
        <time>2024-08-09T01:59:43.922Z</time>
      </trkpt>
      <trkpt lat="59.863523" lon="8.469678">
        <ele>754.550218</ele>
        <time>2024-08-09T02:00:31.873Z</time>
      </trkpt>
      <trkpt lat="59.863322" lon="8.469345">
        <ele>756.779040</ele>
        <time>2024-08-09T02:00:50.309Z</time>
      </trkpt>
      <trkpt lat="59.862755" lon="8.468564">
        <ele>762.206334</ele>
        <time>2024-08-09T02:01:35.914Z</time>
      </trkpt>
      <trkpt lat="59.862079" lon="8.467241">
        <ele>769.179879</ele>
        <time>2024-08-09T02:02:31.819Z</time>
      </trkpt>
      <trkpt lat="59.862079" lon="8.467241">
        <ele>769.179879</ele>
        <time>2024-08-09T02:02:31.828Z</time>
      </trkpt>
      <trkpt lat="59.861536" lon="8.466524">
        <ele>773.546385</ele>
        <time>2024-08-09T02:03:07.022Z</time>
      </trkpt>
      <trkpt lat="59.861411" lon="8.466168">
        <ele>774.650152</ele>
        <time>2024-08-09T02:03:17.659Z</time>
      </trkpt>
      <trkpt lat="59.861369" lon="8.465837">
        <ele>775.517605</ele>
        <time>2024-08-09T02:03:25.418Z</time>
      </trkpt>
      <trkpt lat="59.861407" lon="8.464955">
        <ele>777.766844</ele>
        <time>2024-08-09T02:03:45.912Z</time>
      </trkpt>
      <trkpt lat="59.861415" lon="8.464448">
        <ele>779.055676</ele>
        <time>2024-08-09T02:03:56.689Z</time>
      </trkpt>
      <trkpt lat="59.861361" lon="8.463791">
        <ele>780.747214</ele>
        <time>2024-08-09T02:04:12.343Z</time>
      </trkpt>
      <trkpt lat="59.861276" lon="8.463356">
        <ele>781.838693</ele>
        <time>2024-08-09T02:04:23.751Z</time>
      </trkpt>
      <trkpt lat="59.861055" lon="8.462521">
        <ele>783.233541</ele>
        <time>2024-08-09T02:04:46.504Z</time>
      </trkpt>
      <trkpt lat="59.860777" lon="8.461169">
        <ele>785.392501</ele>
        <time>2024-08-09T02:05:12.343Z</time>
      </trkpt>
      <trkpt lat="59.860496" lon="8.460101">
        <ele>787.102535</ele>
        <time>2024-08-09T02:05:29.526Z</time>
      </trkpt>
      <trkpt lat="59.860419" lon="8.459703">
        <ele>787.471897</ele>
        <time>2024-08-09T02:05:35.848Z</time>
      </trkpt>
      <trkpt lat="59.860359" lon="8.459032">
        <ele>788.062118</ele>
        <time>2024-08-09T02:05:46.098Z</time>
      </trkpt>
      <trkpt lat="59.860367" lon="8.458093">
        <ele>788.875398</ele>
        <time>2024-08-09T02:05:59.938Z</time>
      </trkpt>
      <trkpt lat="59.860328" lon="8.457744">
        <ele>789.185022</ele>
        <time>2024-08-09T02:06:05.272Z</time>
      </trkpt>
      <trkpt lat="59.860287" lon="8.457589">
        <ele>789.336738</ele>
        <time>2024-08-09T02:06:07.933Z</time>
      </trkpt>
      <trkpt lat="59.860142" lon="8.457294">
        <ele>789.694235</ele>
        <time>2024-08-09T02:06:14.363Z</time>
      </trkpt>
      <trkpt lat="59.859549" lon="8.456642">
        <ele>791.585583</ele>
        <time>2024-08-09T02:06:37.776Z</time>
      </trkpt>
      <trkpt lat="59.859403" lon="8.456424">
        <ele>792.199963</ele>
        <time>2024-08-09T02:06:44.634Z</time>
      </trkpt>
      <trkpt lat="59.859110" lon="8.455866">
        <ele>793.564912</ele>
        <time>2024-08-09T02:07:01.311Z</time>
      </trkpt>
      <trkpt lat="59.858888" lon="8.455340">
        <ele>794.726575</ele>
        <time>2024-08-09T02:07:16.210Z</time>
      </trkpt>
      <trkpt lat="59.858590" lon="8.454477">
        <ele>796.471821</ele>
        <time>2024-08-09T02:07:38.637Z</time>
      </trkpt>
      <trkpt lat="59.858255" lon="8.453735">
        <ele>798.031896</ele>
        <time>2024-08-09T02:07:58.473Z</time>
      </trkpt>
      <trkpt lat="59.857828" lon="8.452349">
        <ele>800.574250</ele>
        <time>2024-08-09T02:08:27.910Z</time>
      </trkpt>
      <trkpt lat="59.857361" lon="8.451248">
        <ele>802.996396</ele>
        <time>2024-08-09T02:08:53.722Z</time>
      </trkpt>
      <trkpt lat="59.857139" lon="8.450654">
        <ele>804.337024</ele>
        <time>2024-08-09T02:09:08.344Z</time>
      </trkpt>
      <trkpt lat="59.857009" lon="8.450137">
        <ele>805.383869</ele>
        <time>2024-08-09T02:09:19.891Z</time>
      </trkpt>
      <trkpt lat="59.856936" lon="8.449695">
        <ele>806.226303</ele>
        <time>2024-08-09T02:09:29.269Z</time>
      </trkpt>
      <trkpt lat="59.856759" lon="8.448175">
        <ele>809.417233</ele>
        <time>2024-08-09T02:10:02.804Z</time>
      </trkpt>
      <trkpt lat="59.856703" lon="8.447864">
        <ele>810.286578</ele>
        <time>2024-08-09T02:10:10.528Z</time>
      </trkpt>
      <trkpt lat="59.856163" lon="8.446146">
        <ele>815.619658</ele>
        <time>2024-08-09T02:11:01.669Z</time>
      </trkpt>
      <trkpt lat="59.855847" lon="8.444529">
        <ele>820.600311</ele>
        <time>2024-08-09T02:11:45.096Z</time>
      </trkpt>
      <trkpt lat="59.855642" lon="8.443875">
        <ele>822.963469</ele>
        <time>2024-08-09T02:12:05.089Z</time>
      </trkpt>
      <trkpt lat="59.855486" lon="8.443472">
        <ele>824.523179</ele>
        <time>2024-08-09T02:12:18.637Z</time>
      </trkpt>
      <trkpt lat="59.855063" lon="8.442642">
        <ele>828.148023</ele>
        <time>2024-08-09T02:12:51.138Z</time>
      </trkpt>
      <trkpt lat="59.854606" lon="8.441429">
        <ele>833.073808</ele>
        <time>2024-08-09T02:13:34.436Z</time>
      </trkpt>
      <trkpt lat="59.854216" lon="8.440509">
        <ele>837.011201</ele>
        <time>2024-08-09T02:14:07.950Z</time>
      </trkpt>
      <trkpt lat="59.854071" lon="8.439975">
        <ele>838.996547</ele>
        <time>2024-08-09T02:14:24.624Z</time>
      </trkpt>
      <trkpt lat="59.853991" lon="8.439469">
        <ele>840.668864</ele>
        <time>2024-08-09T02:14:38.912Z</time>
      </trkpt>
      <trkpt lat="59.853707" lon="8.436984">
        <ele>847.596282</ele>
        <time>2024-08-09T02:15:42.410Z</time>
      </trkpt>
      <trkpt lat="59.853377" lon="8.435125">
        <ele>852.377552</ele>
        <time>2024-08-09T02:16:28.308Z</time>
      </trkpt>
      <trkpt lat="59.853221" lon="8.434457">
        <ele>853.975138</ele>
        <time>2024-08-09T02:16:44.878Z</time>
      </trkpt>
      <trkpt lat="59.853080" lon="8.433978">
        <ele>855.179185</ele>
        <time>2024-08-09T02:16:56.700Z</time>
      </trkpt>
      <trkpt lat="59.852887" lon="8.433465">
        <ele>856.569220</ele>
        <time>2024-08-09T02:17:09.855Z</time>
      </trkpt>
      <trkpt lat="59.852887" lon="8.433465">
        <ele>856.569220</ele>
        <time>2024-08-09T02:17:09.861Z</time>
      </trkpt>
      <trkpt lat="59.852736" lon="8.433165">
        <ele>857.490311</ele>
        <time>2024-08-09T02:17:18.816Z</time>
      </trkpt>
      <trkpt lat="59.852160" lon="8.432318">
        <ele>860.572060</ele>
        <time>2024-08-09T02:17:48.598Z</time>
      </trkpt>
      <trkpt lat="59.852017" lon="8.432011">
        <ele>861.476701</ele>
        <time>2024-08-09T02:17:57.434Z</time>
      </trkpt>
      <trkpt lat="59.851901" lon="8.431574">
        <ele>862.544620</ele>
        <time>2024-08-09T02:18:08.212Z</time>
      </trkpt>
      <trkpt lat="59.851764" lon="8.430593">
        <ele>864.744536</ele>
        <time>2024-08-09T02:18:30.319Z</time>
      </trkpt>
      <trkpt lat="59.851650" lon="8.430011">
        <ele>866.320244</ele>
        <time>2024-08-09T02:18:45.536Z</time>
      </trkpt>
      <trkpt lat="59.851486" lon="8.429552">
        <ele>868.093956</ele>
        <time>2024-08-09T02:18:59.395Z</time>
      </trkpt>
      <trkpt lat="59.851188" lon="8.429021">
        <ele>870.601185</ele>
        <time>2024-08-09T02:19:20.996Z</time>
      </trkpt>
      <trkpt lat="59.851065" lon="8.428736">
        <ele>871.784410</ele>
        <time>2024-08-09T02:19:31.290Z</time>
      </trkpt>
      <trkpt lat="59.850869" lon="8.428039">
        <ele>874.299742</ele>
        <time>2024-08-09T02:19:53.945Z</time>
      </trkpt>
      <trkpt lat="59.850761" lon="8.427742">
        <ele>875.454336</ele>
        <time>2024-08-09T02:20:05.511Z</time>
      </trkpt>
      <trkpt lat="59.850629" lon="8.427485">
        <ele>876.611822</ele>
        <time>2024-08-09T02:20:15.154Z</time>
      </trkpt>
      <trkpt lat="59.850456" lon="8.427233">
        <ele>877.809480</ele>
        <time>2024-08-09T02:20:28.141Z</time>
      </trkpt>
      <trkpt lat="59.849726" lon="8.426479">
        <ele>882.266657</ele>
        <time>2024-08-09T02:21:12.843Z</time>
      </trkpt>
      <trkpt lat="59.849574" lon="8.426274">
        <ele>883.261689</ele>
        <time>2024-08-09T02:21:22.713Z</time>
      </trkpt>
      <trkpt lat="59.848893" lon="8.425082">
        <ele>886.694799</ele>
        <time>2024-08-09T02:22:00.288Z</time>
      </trkpt>
      <trkpt lat="59.847976" lon="8.424097">
        <ele>886.949148</ele>
        <time>2024-08-09T02:22:27.107Z</time>
      </trkpt>
      <trkpt lat="59.847786" lon="8.423820">
        <ele>887.006635</ele>
        <time>2024-08-09T02:22:31.431Z</time>
      </trkpt>
      <trkpt lat="59.847461" lon="8.423227">
        <ele>885.908050</ele>
        <time>2024-08-09T02:22:38.901Z</time>
      </trkpt>
      <trkpt lat="59.847146" lon="8.422501">
        <ele>883.202395</ele>
        <time>2024-08-09T02:22:46.562Z</time>
      </trkpt>
      <trkpt lat="59.846771" lon="8.421309">
        <ele>879.235618</ele>
        <time>2024-08-09T02:22:57.262Z</time>
      </trkpt>
      <trkpt lat="59.846364" lon="8.420393">
        <ele>875.843977</ele>
        <time>2024-08-09T02:23:06.427Z</time>
      </trkpt>
      <trkpt lat="59.846162" lon="8.419861">
        <ele>874.054828</ele>
        <time>2024-08-09T02:23:11.495Z</time>
      </trkpt>
      <trkpt lat="59.846028" lon="8.419376">
        <ele>872.569807</ele>
        <time>2024-08-09T02:23:15.761Z</time>
      </trkpt>
      <trkpt lat="59.845756" lon="8.417916">
        <ele>868.392091</ele>
        <time>2024-08-09T02:23:28.214Z</time>
      </trkpt>
      <trkpt lat="59.845579" lon="8.417320">
        <ele>867.052691</ele>
        <time>2024-08-09T02:23:34.080Z</time>
      </trkpt>
      <trkpt lat="59.845373" lon="8.416908">
        <ele>866.473600</ele>
        <time>2024-08-09T02:23:39.242Z</time>
      </trkpt>
      <trkpt lat="59.844347" lon="8.415215">
        <ele>863.830772</ele>
        <time>2024-08-09T02:24:04.659Z</time>
      </trkpt>
      <trkpt lat="59.843888" lon="8.414205">
        <ele>863.336333</ele>
        <time>2024-08-09T02:24:18.300Z</time>
      </trkpt>
      <trkpt lat="59.843221" lon="8.412890">
        <ele>862.692935</ele>
        <time>2024-08-09T02:24:37.896Z</time>
      </trkpt>
      <trkpt lat="59.842971" lon="8.412276">
        <ele>862.506921</ele>
        <time>2024-08-09T02:24:46.395Z</time>
      </trkpt>
      <trkpt lat="59.842574" lon="8.411001">
        <ele>862.312155</ele>
        <time>2024-08-09T02:25:02.944Z</time>
      </trkpt>
      <trkpt lat="59.842020" lon="8.408920">
        <ele>861.957286</ele>
        <time>2024-08-09T02:25:28.363Z</time>
      </trkpt>
      <trkpt lat="59.841734" lon="8.407651">
        <ele>861.675780</ele>
        <time>2024-08-09T02:25:42.686Z</time>
      </trkpt>
      <trkpt lat="59.841546" lon="8.406476">
        <ele>861.426189</ele>
        <time>2024-08-09T02:25:55.714Z</time>
      </trkpt>
      <trkpt lat="59.841452" lon="8.406153">
        <ele>861.359907</ele>
        <time>2024-08-09T02:25:59.790Z</time>
      </trkpt>
      <trkpt lat="59.841195" lon="8.405508">
        <ele>861.274926</ele>
        <time>2024-08-09T02:26:09.157Z</time>
      </trkpt>
      <trkpt lat="59.840905" lon="8.404381">
        <ele>861.144213</ele>
        <time>2024-08-09T02:26:23.184Z</time>
      </trkpt>
      <trkpt lat="59.840803" lon="8.404134">
        <ele>861.111207</ele>
        <time>2024-08-09T02:26:26.643Z</time>
      </trkpt>
      <trkpt lat="59.840380" lon="8.403341">
        <ele>860.981873</ele>
        <time>2024-08-09T02:26:39.164Z</time>
      </trkpt>
      <trkpt lat="59.839650" lon="8.401464">
        <ele>860.438906</ele>
        <time>2024-08-09T02:27:03.677Z</time>
      </trkpt>
      <trkpt lat="59.839111" lon="8.400482">
        <ele>860.426997</ele>
        <time>2024-08-09T02:27:18.981Z</time>
      </trkpt>
      <trkpt lat="59.838932" lon="8.400102">
        <ele>860.818454</ele>
        <time>2024-08-09T02:27:25.366Z</time>
      </trkpt>
      <trkpt lat="59.838729" lon="8.399511">
        <ele>861.356472</ele>
        <time>2024-08-09T02:27:35.258Z</time>
      </trkpt>
      <trkpt lat="59.838498" lon="8.398725">
        <ele>862.040802</ele>
        <time>2024-08-09T02:27:49.388Z</time>
      </trkpt>
      <trkpt lat="59.838380" lon="8.398181">
        <ele>862.486105</ele>
        <time>2024-08-09T02:27:59.245Z</time>
      </trkpt>
      <trkpt lat="59.838331" lon="8.397848">
        <ele>862.746876</ele>
        <time>2024-08-09T02:28:05.675Z</time>
      </trkpt>
      <trkpt lat="59.838160" lon="8.396387">
        <ele>865.303174</ele>
        <time>2024-08-09T02:28:35.853Z</time>
      </trkpt>
      <trkpt lat="59.837936" lon="8.395336">
        <ele>867.383661</ele>
        <time>2024-08-09T02:29:00.515Z</time>
      </trkpt>
      <trkpt lat="59.837306" lon="8.393180">
        <ele>870.786118</ele>
        <time>2024-08-09T02:29:51.398Z</time>
      </trkpt>
      <trkpt lat="59.836730" lon="8.391648">
        <ele>872.700534</ele>
        <time>2024-08-09T02:30:20.061Z</time>
      </trkpt>
      <trkpt lat="59.836597" lon="8.391215">
        <ele>872.765094</ele>
        <time>2024-08-09T02:30:25.538Z</time>
      </trkpt>
      <trkpt lat="59.836497" lon="8.390586">
        <ele>872.162699</ele>
        <time>2024-08-09T02:30:32.273Z</time>
      </trkpt>
      <trkpt lat="59.836328" lon="8.388239">
        <ele>869.997783</ele>
        <time>2024-08-09T02:30:53.880Z</time>
      </trkpt>
      <trkpt lat="59.836215" lon="8.387660">
        <ele>869.267994</ele>
        <time>2024-08-09T02:30:59.040Z</time>
      </trkpt>
      <trkpt lat="59.836058" lon="8.387135">
        <ele>868.383155</ele>
        <time>2024-08-09T02:31:04.135Z</time>
      </trkpt>
      <trkpt lat="59.836016" lon="8.387022">
        <ele>868.179587</ele>
        <time>2024-08-09T02:31:05.344Z</time>
      </trkpt>
      <trkpt lat="59.835786" lon="8.386489">
        <ele>867.162035</ele>
        <time>2024-08-09T02:31:11.328Z</time>
      </trkpt>
      <trkpt lat="59.835398" lon="8.385738">
        <ele>865.601964</ele>
        <time>2024-08-09T02:31:20.752Z</time>
      </trkpt>
      <trkpt lat="59.835201" lon="8.385242">
        <ele>864.686268</ele>
        <time>2024-08-09T02:31:26.419Z</time>
      </trkpt>
      <trkpt lat="59.833915" lon="8.380931">
        <ele>861.374356</ele>
        <time>2024-08-09T02:32:14.127Z</time>
      </trkpt>
      <trkpt lat="59.833668" lon="8.380266">
        <ele>861.267828</ele>
        <time>2024-08-09T02:32:22.897Z</time>
      </trkpt>
      <trkpt lat="59.832905" lon="8.378561">
        <ele>861.927920</ele>
        <time>2024-08-09T02:32:54.067Z</time>
      </trkpt>
      <trkpt lat="59.832622" lon="8.377892">
        <ele>862.794112</ele>
        <time>2024-08-09T02:33:08.734Z</time>
      </trkpt>
      <trkpt lat="59.832523" lon="8.377536">
        <ele>863.197135</ele>
        <time>2024-08-09T02:33:15.614Z</time>
      </trkpt>
      <trkpt lat="59.832473" lon="8.377236">
        <ele>863.510213</ele>
        <time>2024-08-09T02:33:21.104Z</time>
      </trkpt>
      <trkpt lat="59.832439" lon="8.376746">
        <ele>864.000182</ele>
        <time>2024-08-09T02:33:29.629Z</time>
      </trkpt>
      <trkpt lat="59.832421" lon="8.375955">
        <ele>864.793963</ele>
        <time>2024-08-09T02:33:43.254Z</time>
      </trkpt>
      <trkpt lat="59.832370" lon="8.375444">
        <ele>865.341384</ele>
        <time>2024-08-09T02:33:51.828Z</time>
      </trkpt>
      <trkpt lat="59.832093" lon="8.374126">
        <ele>866.842516</ele>
        <time>2024-08-09T02:34:16.690Z</time>
      </trkpt>
      <trkpt lat="59.831948" lon="8.373135">
        <ele>867.927061</ele>
        <time>2024-08-09T02:34:32.549Z</time>
      </trkpt>
      <trkpt lat="59.831835" lon="8.372031">
        <ele>869.026149</ele>
        <time>2024-08-09T02:34:49.653Z</time>
      </trkpt>
      <trkpt lat="59.831744" lon="8.371476">
        <ele>869.567481</ele>
        <time>2024-08-09T02:34:59.037Z</time>
      </trkpt>
      <trkpt lat="59.831580" lon="8.370875">
        <ele>870.201626</ele>
        <time>2024-08-09T02:35:10.083Z</time>
      </trkpt>
      <trkpt lat="59.831042" lon="8.369399">
        <ele>871.800273</ele>
        <time>2024-08-09T02:35:39.409Z</time>
      </trkpt>
      <trkpt lat="59.830925" lon="8.369015">
        <ele>872.008163</ele>
        <time>2024-08-09T02:35:46.607Z</time>
      </trkpt>
      <trkpt lat="59.830526" lon="8.366613">
        <ele>873.179332</ele>
        <time>2024-08-09T02:36:22.012Z</time>
      </trkpt>
      <trkpt lat="59.829977" lon="8.363020">
        <ele>871.939741</ele>
        <time>2024-08-09T02:37:00.021Z</time>
      </trkpt>
      <trkpt lat="59.829803" lon="8.362029">
        <ele>871.282353</ele>
        <time>2024-08-09T02:37:09.859Z</time>
      </trkpt>
      <trkpt lat="59.829690" lon="8.361585">
        <ele>870.943327</ele>
        <time>2024-08-09T02:37:14.507Z</time>
      </trkpt>
      <trkpt lat="59.829522" lon="8.361128">
        <ele>870.557621</ele>
        <time>2024-08-09T02:37:19.847Z</time>
      </trkpt>
      <trkpt lat="59.829132" lon="8.360411">
        <ele>869.837895</ele>
        <time>2024-08-09T02:37:30.012Z</time>
      </trkpt>
      <trkpt lat="59.828959" lon="8.359947">
        <ele>869.444326</ele>
        <time>2024-08-09T02:37:35.694Z</time>
      </trkpt>
      <trkpt lat="59.828869" lon="8.359599">
        <ele>869.493112</ele>
        <time>2024-08-09T02:37:39.652Z</time>
      </trkpt>
      <trkpt lat="59.828796" lon="8.359187">
        <ele>869.606624</ele>
        <time>2024-08-09T02:37:44.170Z</time>
      </trkpt>
      <trkpt lat="59.828553" lon="8.357231">
        <ele>870.130170</ele>
        <time>2024-08-09T02:38:09.215Z</time>
      </trkpt>
      <trkpt lat="59.828200" lon="8.355935">
        <ele>870.985181</ele>
        <time>2024-08-09T02:38:32.916Z</time>
      </trkpt>
      <trkpt lat="59.828155" lon="8.355506">
        <ele>871.402260</ele>
        <time>2024-08-09T02:38:40.462Z</time>
      </trkpt>
      <trkpt lat="59.828166" lon="8.355093">
        <ele>871.795866</ele>
        <time>2024-08-09T02:38:47.612Z</time>
      </trkpt>
      <trkpt lat="59.828541" lon="8.352188">
        <ele>873.402511</ele>
        <time>2024-08-09T02:39:35.716Z</time>
      </trkpt>
      <trkpt lat="59.828634" lon="8.351017">
        <ele>872.981119</ele>
        <time>2024-08-09T02:39:47.648Z</time>
      </trkpt>
      <trkpt lat="59.828645" lon="8.349959">
        <ele>872.604976</ele>
        <time>2024-08-09T02:39:57.434Z</time>
      </trkpt>
      <trkpt lat="59.828591" lon="8.348871">
        <ele>871.356294</ele>
        <time>2024-08-09T02:40:06.988Z</time>
      </trkpt>
      <trkpt lat="59.828414" lon="8.346625">
        <ele>867.805310</ele>
        <time>2024-08-09T02:40:25.811Z</time>
      </trkpt>
      <trkpt lat="59.828325" lon="8.345917">
        <ele>867.008299</ele>
        <time>2024-08-09T02:40:32.196Z</time>
      </trkpt>
      <trkpt lat="59.828232" lon="8.345447">
        <ele>867.480165</ele>
        <time>2024-08-09T02:40:37.081Z</time>
      </trkpt>
      <trkpt lat="59.828103" lon="8.344976">
        <ele>867.981255</ele>
        <time>2024-08-09T02:40:44.212Z</time>
      </trkpt>
      <trkpt lat="59.827865" lon="8.344404">
        <ele>868.674963</ele>
        <time>2024-08-09T02:40:57.069Z</time>
      </trkpt>
      <trkpt lat="59.827507" lon="8.343842">
        <ele>869.522564</ele>
        <time>2024-08-09T02:41:15.045Z</time>
      </trkpt>
      <trkpt lat="59.827221" lon="8.343460">
        <ele>870.162832</ele>
        <time>2024-08-09T02:41:30.024Z</time>
      </trkpt>
      <trkpt lat="59.827075" lon="8.343200">
        <ele>871.067568</ele>
        <time>2024-08-09T02:41:38.583Z</time>
      </trkpt>
      <trkpt lat="59.827002" lon="8.342951">
        <ele>871.815861</ele>
        <time>2024-08-09T02:41:46.025Z</time>
      </trkpt>
      <trkpt lat="59.826940" lon="8.342560">
        <ele>872.880158</ele>
        <time>2024-08-09T02:41:55.559Z</time>
      </trkpt>
      <trkpt lat="59.826915" lon="8.341726">
        <ele>875.048961</ele>
        <time>2024-08-09T02:42:17.223Z</time>
      </trkpt>
      <trkpt lat="59.826954" lon="8.339950">
        <ele>879.637797</ele>
        <time>2024-08-09T02:43:02.851Z</time>
      </trkpt>
      <trkpt lat="59.827068" lon="8.338516">
        <ele>882.761825</ele>
        <time>2024-08-09T02:43:32.404Z</time>
      </trkpt>
      <trkpt lat="59.827272" lon="8.337165">
        <ele>885.797241</ele>
        <time>2024-08-09T02:44:02.749Z</time>
      </trkpt>
      <trkpt lat="59.827953" lon="8.334262">
        <ele>892.952047</ele>
        <time>2024-08-09T02:45:14.410Z</time>
      </trkpt>
      <trkpt lat="59.828074" lon="8.333590">
        <ele>894.561291</ele>
        <time>2024-08-09T02:45:31.193Z</time>
      </trkpt>
      <trkpt lat="59.828082" lon="8.332815">
        <ele>896.163287</ele>
        <time>2024-08-09T02:45:48.721Z</time>
      </trkpt>
      <trkpt lat="59.828037" lon="8.331922">
        <ele>897.900123</ele>
        <time>2024-08-09T02:46:08.202Z</time>
      </trkpt>
      <trkpt lat="59.828001" lon="8.331588">
        <ele>898.561191</ele>
        <time>2024-08-09T02:46:15.500Z</time>
      </trkpt>
      <trkpt lat="59.827855" lon="8.330852">
        <ele>900.092462</ele>
        <time>2024-08-09T02:46:31.488Z</time>
      </trkpt>
      <trkpt lat="59.827823" lon="8.330481">
        <ele>900.820938</ele>
        <time>2024-08-09T02:46:39.080Z</time>
      </trkpt>
      <trkpt lat="59.827942" lon="8.329286">
        <ele>902.785146</ele>
        <time>2024-08-09T02:47:02.995Z</time>
      </trkpt>
      <trkpt lat="59.827917" lon="8.328576">
        <ele>903.605113</ele>
        <time>2024-08-09T02:47:16.126Z</time>
      </trkpt>
      <trkpt lat="59.827917" lon="8.328576">
        <ele>903.605113</ele>
        <time>2024-08-09T02:47:16.137Z</time>
      </trkpt>
      <trkpt lat="59.827743" lon="8.327604">
        <ele>904.793827</ele>
        <time>2024-08-09T02:47:33.703Z</time>
      </trkpt>
      <trkpt lat="59.827567" lon="8.326913">
        <ele>905.686294</ele>
        <time>2024-08-09T02:47:46.037Z</time>
      </trkpt>
      <trkpt lat="59.827437" lon="8.326586">
        <ele>906.166627</ele>
        <time>2024-08-09T02:47:52.237Z</time>
      </trkpt>
      <trkpt lat="59.826951" lon="8.325772">
        <ele>907.086612</ele>
        <time>2024-08-09T02:48:09.340Z</time>
      </trkpt>
      <trkpt lat="59.826830" lon="8.325493">
        <ele>907.335167</ele>
        <time>2024-08-09T02:48:14.282Z</time>
      </trkpt>
      <trkpt lat="59.826756" lon="8.325243">
        <ele>907.530859</ele>
        <time>2024-08-09T02:48:17.948Z</time>
      </trkpt>
      <trkpt lat="59.826697" lon="8.324946">
        <ele>907.746264</ele>
        <time>2024-08-09T02:48:22.223Z</time>
      </trkpt>
      <trkpt lat="59.826555" lon="8.323885">
        <ele>908.486842</ele>
        <time>2024-08-09T02:48:38.045Z</time>
      </trkpt>
      <trkpt lat="59.826453" lon="8.323425">
        <ele>908.955268</ele>
        <time>2024-08-09T02:48:46.147Z</time>
      </trkpt>
      <trkpt lat="59.826379" lon="8.323206">
        <ele>909.410947</ele>
        <time>2024-08-09T02:48:50.440Z</time>
      </trkpt>
      <trkpt lat="59.825907" lon="8.322382">
        <ele>911.568289</ele>
        <time>2024-08-09T02:49:13.971Z</time>
      </trkpt>
      <trkpt lat="59.825589" lon="8.321641">
        <ele>913.250811</ele>
        <time>2024-08-09T02:49:34.138Z</time>
      </trkpt>
      <trkpt lat="59.825419" lon="8.321340">
        <ele>914.032652</ele>
        <time>2024-08-09T02:49:44.284Z</time>
      </trkpt>
      <trkpt lat="59.825219" lon="8.321134">
        <ele>914.806387</ele>
        <time>2024-08-09T02:49:54.814Z</time>
      </trkpt>
      <trkpt lat="59.824887" lon="8.320945">
        <ele>916.044200</ele>
        <time>2024-08-09T02:50:10.576Z</time>
      </trkpt>
      <trkpt lat="59.824165" lon="8.320626">
        <ele>918.707200</ele>
        <time>2024-08-09T02:50:42.471Z</time>
      </trkpt>
      <trkpt lat="59.823787" lon="8.320374">
        <ele>920.142628</ele>
        <time>2024-08-09T02:50:58.374Z</time>
      </trkpt>
      <trkpt lat="59.823318" lon="8.319972">
        <ele>921.534109</ele>
        <time>2024-08-09T02:51:15.861Z</time>
      </trkpt>
      <trkpt lat="59.822525" lon="8.319185">
        <ele>922.275658</ele>
        <time>2024-08-09T02:51:39.541Z</time>
      </trkpt>
      <trkpt lat="59.822357" lon="8.319076">
        <ele>922.423524</ele>
        <time>2024-08-09T02:51:43.200Z</time>
      </trkpt>
      <trkpt lat="59.822015" lon="8.318945">
        <ele>922.714957</ele>
        <time>2024-08-09T02:51:50.792Z</time>
      </trkpt>
      <trkpt lat="59.820973" lon="8.318922">
        <ele>923.116961</ele>
        <time>2024-08-09T02:52:16.254Z</time>
      </trkpt>
      <trkpt lat="59.820157" lon="8.319086">
        <ele>923.331145</ele>
        <time>2024-08-09T02:52:35.501Z</time>
      </trkpt>
      <trkpt lat="59.819636" lon="8.319256">
        <ele>923.263477</ele>
        <time>2024-08-09T02:52:47.419Z</time>
      </trkpt>
      <trkpt lat="59.818880" lon="8.319512">
        <ele>923.032978</ele>
        <time>2024-08-09T02:53:04.571Z</time>
      </trkpt>
      <trkpt lat="59.818586" lon="8.319542">
        <ele>922.944495</ele>
        <time>2024-08-09T02:53:10.884Z</time>
      </trkpt>
      <trkpt lat="59.818209" lon="8.319450">
        <ele>922.827361</ele>
        <time>2024-08-09T02:53:18.445Z</time>
      </trkpt>
      <trkpt lat="59.817554" lon="8.319074">
        <ele>922.380495</ele>
        <time>2024-08-09T02:53:31.392Z</time>
      </trkpt>
      <trkpt lat="59.817210" lon="8.318742">
        <ele>922.129866</ele>
        <time>2024-08-09T02:53:38.995Z</time>
      </trkpt>
      <trkpt lat="59.817021" lon="8.318451">
        <ele>921.973198</ele>
        <time>2024-08-09T02:53:43.974Z</time>
      </trkpt>
      <trkpt lat="59.816825" lon="8.318075">
        <ele>921.794704</ele>
        <time>2024-08-09T02:53:50.088Z</time>
      </trkpt>
      <trkpt lat="59.816620" lon="8.317580">
        <ele>921.777015</ele>
        <time>2024-08-09T02:53:57.783Z</time>
      </trkpt>
      <trkpt lat="59.816380" lon="8.316689">
        <ele>922.358872</ele>
        <time>2024-08-09T02:54:10.680Z</time>
      </trkpt>
      <trkpt lat="59.816271" lon="8.316027">
        <ele>922.759857</ele>
        <time>2024-08-09T02:54:19.880Z</time>
      </trkpt>
      <trkpt lat="59.816173" lon="8.315233">
        <ele>923.230484</ele>
        <time>2024-08-09T02:54:31.217Z</time>
      </trkpt>
      <trkpt lat="59.816046" lon="8.313743">
        <ele>924.508098</ele>
        <time>2024-08-09T02:54:56.778Z</time>
      </trkpt>
      <trkpt lat="59.816061" lon="8.313071">
        <ele>925.302931</ele>
        <time>2024-08-09T02:55:09.923Z</time>
      </trkpt>
      <trkpt lat="59.816171" lon="8.312383">
        <ele>926.156002</ele>
        <time>2024-08-09T02:55:23.865Z</time>
      </trkpt>
      <trkpt lat="59.816213" lon="8.312192">
        <ele>926.402333</ele>
        <time>2024-08-09T02:55:27.516Z</time>
      </trkpt>
      <trkpt lat="59.816594" lon="8.310650">
        <ele>927.913910</ele>
        <time>2024-08-09T02:55:55.131Z</time>
      </trkpt>
      <trkpt lat="59.816679" lon="8.310090">
        <ele>927.876822</ele>
        <time>2024-08-09T02:56:02.350Z</time>
      </trkpt>
      <trkpt lat="59.816700" lon="8.309662">
        <ele>927.849558</ele>
        <time>2024-08-09T02:56:07.180Z</time>
      </trkpt>
      <trkpt lat="59.816690" lon="8.309115">
        <ele>927.814855</ele>
        <time>2024-08-09T02:56:13.290Z</time>
      </trkpt>
      <trkpt lat="59.816628" lon="8.308372">
        <ele>927.767103</ele>
        <time>2024-08-09T02:56:20.928Z</time>
      </trkpt>
      <trkpt lat="59.816370" lon="8.306942">
        <ele>927.199728</ele>
        <time>2024-08-09T02:56:35.413Z</time>
      </trkpt>
      <trkpt lat="59.816313" lon="8.306279">
        <ele>926.686910</ele>
        <time>2024-08-09T02:56:42.048Z</time>
      </trkpt>
      <trkpt lat="59.816326" lon="8.305679">
        <ele>926.229036</ele>
        <time>2024-08-09T02:56:47.867Z</time>
      </trkpt>
      <trkpt lat="59.816358" lon="8.305295">
        <ele>925.932275</ele>
        <time>2024-08-09T02:56:51.463Z</time>
      </trkpt>
      <trkpt lat="59.816466" lon="8.304549">
        <ele>925.340405</ele>
        <time>2024-08-09T02:56:58.794Z</time>
      </trkpt>
      <trkpt lat="59.816634" lon="8.303599">
        <ele>924.629986</ele>
        <time>2024-08-09T02:57:08.283Z</time>
      </trkpt>
      <trkpt lat="59.816663" lon="8.303149">
        <ele>924.332096</ele>
        <time>2024-08-09T02:57:12.470Z</time>
      </trkpt>
      <trkpt lat="59.816631" lon="8.302723">
        <ele>924.049278</ele>
        <time>2024-08-09T02:57:16.646Z</time>
      </trkpt>
      <trkpt lat="59.816507" lon="8.302233">
        <ele>923.689084</ele>
        <time>2024-08-09T02:57:22.202Z</time>
      </trkpt>
      <trkpt lat="59.816379" lon="8.301960">
        <ele>923.443979</ele>
        <time>2024-08-09T02:57:25.887Z</time>
      </trkpt>
      <trkpt lat="59.816182" lon="8.301661">
        <ele>923.120349</ele>
        <time>2024-08-09T02:57:30.825Z</time>
      </trkpt>
      <trkpt lat="59.815863" lon="8.301333">
        <ele>922.651365</ele>
        <time>2024-08-09T02:57:37.838Z</time>
      </trkpt>
      <trkpt lat="59.815608" lon="8.301179">
        <ele>922.710486</ele>
        <time>2024-08-09T02:57:42.901Z</time>
      </trkpt>
      <trkpt lat="59.814792" lon="8.300922">
        <ele>922.948031</ele>
        <time>2024-08-09T02:58:00.247Z</time>
      </trkpt>
      <trkpt lat="59.814668" lon="8.300826">
        <ele>922.986290</ele>
        <time>2024-08-09T02:58:03.935Z</time>
      </trkpt>
      <trkpt lat="59.814467" lon="8.300574">
        <ele>923.054607</ele>
        <time>2024-08-09T02:58:10.815Z</time>
      </trkpt>
      <trkpt lat="59.814300" lon="8.300183">
        <ele>923.128775</ele>
        <time>2024-08-09T02:58:19.254Z</time>
      </trkpt>
      <trkpt lat="59.814224" lon="8.299899">
        <ele>923.288707</ele>
        <time>2024-08-09T02:58:24.833Z</time>
      </trkpt>
      <trkpt lat="59.814156" lon="8.299536">
        <ele>923.645620</ele>
        <time>2024-08-09T02:58:31.554Z</time>
      </trkpt>
      <trkpt lat="59.813701" lon="8.297123">
        <ele>926.020084</ele>
        <time>2024-08-09T02:59:12.791Z</time>
      </trkpt>
      <trkpt lat="59.813549" lon="8.296300">
        <ele>926.665772</ele>
        <time>2024-08-09T02:59:25.737Z</time>
      </trkpt>
      <trkpt lat="59.813282" lon="8.294943">
        <ele>927.432222</ele>
        <time>2024-08-09T02:59:46.730Z</time>
      </trkpt>
      <trkpt lat="59.812846" lon="8.292983">
        <ele>928.193538</ele>
        <time>2024-08-09T03:00:15.290Z</time>
      </trkpt>
      <trkpt lat="59.812274" lon="8.290624">
        <ele>927.359384</ele>
        <time>2024-08-09T03:00:42.523Z</time>
      </trkpt>
      <trkpt lat="59.811846" lon="8.288995">
        <ele>926.036959</ele>
        <time>2024-08-09T03:00:59.379Z</time>
      </trkpt>
      <trkpt lat="59.811414" lon="8.287533">
        <ele>924.545180</ele>
        <time>2024-08-09T03:01:14.857Z</time>
      </trkpt>
      <trkpt lat="59.810844" lon="8.285782">
        <ele>924.396424</ele>
        <time>2024-08-09T03:01:36.161Z</time>
      </trkpt>
      <trkpt lat="59.810390" lon="8.284539">
        <ele>924.751548</ele>
        <time>2024-08-09T03:01:57.568Z</time>
      </trkpt>
      <trkpt lat="59.809959" lon="8.283543">
        <ele>925.996115</ele>
        <time>2024-08-09T03:02:18.947Z</time>
      </trkpt>
      <trkpt lat="59.804556" lon="8.272257">
        <ele>947.721271</ele>
        <time>2024-08-09T03:07:06.909Z</time>
      </trkpt>
      <trkpt lat="59.800331" lon="8.263451">
        <ele>958.734061</ele>
        <time>2024-08-09T03:10:18.679Z</time>
      </trkpt>
      <trkpt lat="59.798271" lon="8.259163">
        <ele>956.554623</ele>
        <time>2024-08-09T03:11:20.429Z</time>
      </trkpt>
      <trkpt lat="59.797010" lon="8.256559">
        <ele>953.878186</ele>
        <time>2024-08-09T03:11:51.802Z</time>
      </trkpt>
      <trkpt lat="59.796868" lon="8.256269">
        <ele>953.579274</ele>
        <time>2024-08-09T03:11:55.730Z</time>
      </trkpt>
      <trkpt lat="59.794255" lon="8.250834">
        <ele>959.675838</ele>
        <time>2024-08-09T03:13:59.828Z</time>
      </trkpt>
      <trkpt lat="59.791238" lon="8.244565">
        <ele>967.525146</ele>
        <time>2024-08-09T03:16:14.116Z</time>
      </trkpt>
      <trkpt lat="59.786619" lon="8.235135">
        <ele>981.371614</ele>
        <time>2024-08-09T03:19:52.993Z</time>
      </trkpt>
      <trkpt lat="59.786060" lon="8.234186">
        <ele>982.206896</ele>
        <time>2024-08-09T03:20:14.078Z</time>
      </trkpt>
      <trkpt lat="59.785419" lon="8.233350">
        <ele>983.032828</ele>
        <time>2024-08-09T03:20:34.902Z</time>
      </trkpt>
      <trkpt lat="59.784811" lon="8.232766">
        <ele>983.378239</ele>
        <time>2024-08-09T03:20:51.803Z</time>
      </trkpt>
      <trkpt lat="59.783929" lon="8.232157">
        <ele>983.313260</ele>
        <time>2024-08-09T03:21:12.550Z</time>
      </trkpt>
      <trkpt lat="59.782591" lon="8.231414">
        <ele>982.868706</ele>
        <time>2024-08-09T03:21:41.280Z</time>
      </trkpt>
      <trkpt lat="59.781413" lon="8.230841">
        <ele>982.216697</ele>
        <time>2024-08-09T03:22:06.898Z</time>
      </trkpt>
      <trkpt lat="59.780518" lon="8.230424">
        <ele>981.523943</ele>
        <time>2024-08-09T03:22:26.518Z</time>
      </trkpt>
      <trkpt lat="59.779486" lon="8.230025">
        <ele>979.755808</ele>
        <time>2024-08-09T03:22:46.753Z</time>
      </trkpt>
      <trkpt lat="59.778651" lon="8.229784">
        <ele>977.263934</ele>
        <time>2024-08-09T03:23:01.248Z</time>
      </trkpt>
      <trkpt lat="59.777745" lon="8.229636">
        <ele>974.007287</ele>
        <time>2024-08-09T03:23:16.095Z</time>
      </trkpt>
      <trkpt lat="59.777328" lon="8.229656">
        <ele>972.175697</ele>
        <time>2024-08-09T03:23:22.863Z</time>
      </trkpt>
      <trkpt lat="59.776408" lon="8.229861">
        <ele>968.110624</ele>
        <time>2024-08-09T03:23:37.875Z</time>
      </trkpt>
      <trkpt lat="59.776212" lon="8.229858">
        <ele>967.197623</ele>
        <time>2024-08-09T03:23:41.016Z</time>
      </trkpt>
      <trkpt lat="59.775993" lon="8.229797">
        <ele>966.142755</ele>
        <time>2024-08-09T03:23:44.564Z</time>
      </trkpt>
      <trkpt lat="59.775551" lon="8.229539">
        <ele>963.945244</ele>
        <time>2024-08-09T03:23:51.903Z</time>
      </trkpt>
      <trkpt lat="59.774894" lon="8.229074">
        <ele>960.618328</ele>
        <time>2024-08-09T03:24:03.045Z</time>
      </trkpt>
      <trkpt lat="59.774568" lon="8.228969">
        <ele>959.047351</ele>
        <time>2024-08-09T03:24:08.328Z</time>
      </trkpt>
      <trkpt lat="59.774285" lon="8.228939">
        <ele>957.720853</ele>
        <time>2024-08-09T03:24:12.836Z</time>
      </trkpt>
      <trkpt lat="59.773458" lon="8.229008">
        <ele>953.846573</ele>
        <time>2024-08-09T03:24:26.026Z</time>
      </trkpt>
      <trkpt lat="59.772561" lon="8.229188">
        <ele>949.698277</ele>
        <time>2024-08-09T03:24:40.649Z</time>
      </trkpt>
      <trkpt lat="59.772006" lon="8.229394">
        <ele>947.209242</ele>
        <time>2024-08-09T03:24:49.865Z</time>
      </trkpt>
      <trkpt lat="59.770961" lon="8.229909">
        <ele>942.448851</ele>
        <time>2024-08-09T03:25:07.286Z</time>
      </trkpt>
      <trkpt lat="59.769583" lon="8.230632">
        <ele>935.978265</ele>
        <time>2024-08-09T03:25:30.174Z</time>
      </trkpt>
      <trkpt lat="59.769155" lon="8.230912">
        <ele>934.148650</ele>
        <time>2024-08-09T03:25:37.511Z</time>
      </trkpt>
      <trkpt lat="59.768891" lon="8.231149">
        <ele>933.175762</ele>
        <time>2024-08-09T03:25:42.285Z</time>
      </trkpt>
      <trkpt lat="59.768640" lon="8.231471">
        <ele>932.172344</ele>
        <time>2024-08-09T03:25:47.281Z</time>
      </trkpt>
      <trkpt lat="59.767156" lon="8.234025">
        <ele>925.944775</ele>
        <time>2024-08-09T03:26:21.547Z</time>
      </trkpt>
      <trkpt lat="59.765755" lon="8.236404">
        <ele>920.969731</ele>
        <time>2024-08-09T03:26:53.130Z</time>
      </trkpt>
      <trkpt lat="59.764775" lon="8.237712">
        <ele>919.296476</ele>
        <time>2024-08-09T03:27:14.828Z</time>
      </trkpt>
      <trkpt lat="59.763094" lon="8.240984">
        <ele>923.873869</ele>
        <time>2024-08-09T03:28:29.313Z</time>
      </trkpt>
      <trkpt lat="59.762519" lon="8.242197">
        <ele>926.823954</ele>
        <time>2024-08-09T03:29:08.569Z</time>
      </trkpt>
      <trkpt lat="59.761561" lon="8.244883">
        <ele>935.944218</ele>
        <time>2024-08-09T03:30:35.162Z</time>
      </trkpt>
      <trkpt lat="59.761217" lon="8.245762">
        <ele>937.867649</ele>
        <time>2024-08-09T03:31:00.392Z</time>
      </trkpt>
      <trkpt lat="59.761007" lon="8.246227">
        <ele>938.624767</ele>
        <time>2024-08-09T03:31:12.651Z</time>
      </trkpt>
      <trkpt lat="59.760960" lon="8.246326">
        <ele>938.789692</ele>
        <time>2024-08-09T03:31:15.949Z</time>
      </trkpt>
      <trkpt lat="59.760764" lon="8.246716">
        <ele>939.457579</ele>
        <time>2024-08-09T03:31:25.073Z</time>
      </trkpt>
      <trkpt lat="59.760716" lon="8.246782">
        <ele>939.598113</ele>
        <time>2024-08-09T03:31:27.401Z</time>
      </trkpt>
      <trkpt lat="59.760630" lon="8.246883">
        <ele>939.838613</ele>
        <time>2024-08-09T03:31:31.173Z</time>
      </trkpt>
      <trkpt lat="59.760502" lon="8.247020">
        <ele>940.188621</ele>
        <time>2024-08-09T03:31:35.116Z</time>
      </trkpt>
      <trkpt lat="59.760149" lon="8.247264">
        <ele>941.088310</ele>
        <time>2024-08-09T03:31:45.507Z</time>
      </trkpt>
      <trkpt lat="59.756680" lon="8.249336">
        <ele>934.875958</ele>
        <time>2024-08-09T03:32:52.813Z</time>
      </trkpt>
      <trkpt lat="59.754404" lon="8.250548">
        <ele>926.395349</ele>
        <time>2024-08-09T03:33:31.170Z</time>
      </trkpt>
      <trkpt lat="59.753556" lon="8.250861">
        <ele>924.413667</ele>
        <time>2024-08-09T03:33:46.480Z</time>
      </trkpt>
      <trkpt lat="59.750807" lon="8.251624">
        <ele>924.414510</ele>
        <time>2024-08-09T03:34:52.660Z</time>
      </trkpt>
      <trkpt lat="59.750267" lon="8.251716">
        <ele>924.950908</ele>
        <time>2024-08-09T03:35:09.551Z</time>
      </trkpt>
      <trkpt lat="59.749777" lon="8.251724">
        <ele>925.435872</ele>
        <time>2024-08-09T03:35:23.909Z</time>
      </trkpt>
      <trkpt lat="59.749415" lon="8.251630">
        <ele>925.491305</ele>
        <time>2024-08-09T03:35:33.664Z</time>
      </trkpt>
      <trkpt lat="59.749031" lon="8.251428">
        <ele>925.016846</ele>
        <time>2024-08-09T03:35:43.075Z</time>
      </trkpt>
      <trkpt lat="59.748505" lon="8.251022">
        <ele>924.342796</ele>
        <time>2024-08-09T03:35:54.021Z</time>
      </trkpt>
      <trkpt lat="59.748042" lon="8.250577">
        <ele>923.728399</ele>
        <time>2024-08-09T03:36:03.178Z</time>
      </trkpt>
      <trkpt lat="59.747280" lon="8.249787">
        <ele>922.845060</ele>
        <time>2024-08-09T03:36:18.061Z</time>
      </trkpt>
      <trkpt lat="59.747043" lon="8.249499">
        <ele>922.572021</ele>
        <time>2024-08-09T03:36:23.085Z</time>
      </trkpt>
      <trkpt lat="59.746879" lon="8.249184">
        <ele>922.347788</ele>
        <time>2024-08-09T03:36:27.592Z</time>
      </trkpt>
      <trkpt lat="59.746770" lon="8.248777">
        <ele>922.119616</ele>
        <time>2024-08-09T03:36:32.583Z</time>
      </trkpt>
      <trkpt lat="59.746729" lon="8.248382">
        <ele>921.919973</ele>
        <time>2024-08-09T03:36:37.780Z</time>
      </trkpt>
      <trkpt lat="59.746696" lon="8.247513">
        <ele>923.255113</ele>
        <time>2024-08-09T03:36:52.353Z</time>
      </trkpt>
      <trkpt lat="59.746652" lon="8.247015">
        <ele>924.741685</ele>
        <time>2024-08-09T03:37:02.867Z</time>
      </trkpt>
      <trkpt lat="59.746543" lon="8.246352">
        <ele>926.792212</ele>
        <time>2024-08-09T03:37:19.539Z</time>
      </trkpt>
      <trkpt lat="59.745858" lon="8.242977">
        <ele>938.952619</ele>
        <time>2024-08-09T03:39:16.520Z</time>
      </trkpt>
      <trkpt lat="59.745760" lon="8.242624">
        <ele>940.467660</ele>
        <time>2024-08-09T03:39:29.387Z</time>
      </trkpt>
      <trkpt lat="59.745664" lon="8.242391">
        <ele>941.599082</ele>
        <time>2024-08-09T03:39:38.245Z</time>
      </trkpt>
      <trkpt lat="59.745482" lon="8.242134">
        <ele>943.265545</ele>
        <time>2024-08-09T03:39:51.247Z</time>
      </trkpt>
      <trkpt lat="59.745193" lon="8.241953">
        <ele>945.526518</ele>
        <time>2024-08-09T03:40:07.676Z</time>
      </trkpt>
      <trkpt lat="59.744909" lon="8.241897">
        <ele>946.355801</ele>
        <time>2024-08-09T03:40:21.946Z</time>
      </trkpt>
      <trkpt lat="59.744421" lon="8.241952">
        <ele>947.628396</ele>
        <time>2024-08-09T03:40:42.329Z</time>
      </trkpt>
      <trkpt lat="59.744079" lon="8.241828">
        <ele>948.533558</ele>
        <time>2024-08-09T03:40:54.500Z</time>
      </trkpt>
      <trkpt lat="59.743790" lon="8.241547">
        <ele>949.371441</ele>
        <time>2024-08-09T03:41:03.550Z</time>
      </trkpt>
      <trkpt lat="59.743634" lon="8.241289">
        <ele>949.900138</ele>
        <time>2024-08-09T03:41:08.115Z</time>
      </trkpt>
      <trkpt lat="59.743534" lon="8.241040">
        <ele>950.317858</ele>
        <time>2024-08-09T03:41:11.582Z</time>
      </trkpt>
      <trkpt lat="59.743459" lon="8.240777">
        <ele>949.955471</ele>
        <time>2024-08-09T03:41:14.590Z</time>
      </trkpt>
      <trkpt lat="59.743370" lon="8.240274">
        <ele>949.229843</ele>
        <time>2024-08-09T03:41:19.821Z</time>
      </trkpt>
      <trkpt lat="59.743339" lon="8.239566">
        <ele>948.262538</ele>
        <time>2024-08-09T03:41:26.389Z</time>
      </trkpt>
      <trkpt lat="59.743385" lon="8.238791">
        <ele>947.200376</ele>
        <time>2024-08-09T03:41:33.200Z</time>
      </trkpt>
      <trkpt lat="59.743572" lon="8.236475">
        <ele>943.657477</ele>
        <time>2024-08-09T03:41:52.263Z</time>
      </trkpt>
      <trkpt lat="59.743727" lon="8.235149">
        <ele>941.364762</ele>
        <time>2024-08-09T03:42:03.589Z</time>
      </trkpt>
      <trkpt lat="59.743850" lon="8.234436">
        <ele>940.095415</ele>
        <time>2024-08-09T03:42:10.402Z</time>
      </trkpt>
      <trkpt lat="59.743979" lon="8.233926">
        <ele>939.378824</ele>
        <time>2024-08-09T03:42:15.927Z</time>
      </trkpt>
      <trkpt lat="59.744479" lon="8.232521">
        <ele>938.587339</ele>
        <time>2024-08-09T03:42:33.822Z</time>
      </trkpt>
      <trkpt lat="59.744726" lon="8.231660">
        <ele>938.131452</ele>
        <time>2024-08-09T03:42:44.658Z</time>
      </trkpt>
      <trkpt lat="59.744932" lon="8.230847">
        <ele>937.338111</ele>
        <time>2024-08-09T03:42:54.070Z</time>
      </trkpt>
      <trkpt lat="59.745154" lon="8.229769">
        <ele>935.063701</ele>
        <time>2024-08-09T03:43:04.601Z</time>
      </trkpt>
      <trkpt lat="59.745491" lon="8.227890">
        <ele>931.168472</ele>
        <time>2024-08-09T03:43:20.438Z</time>
      </trkpt>
      <trkpt lat="59.745563" lon="8.227311">
        <ele>929.725613</ele>
        <time>2024-08-09T03:43:25.031Z</time>
      </trkpt>
      <trkpt lat="59.745570" lon="8.226949">
        <ele>928.787291</ele>
        <time>2024-08-09T03:43:27.854Z</time>
      </trkpt>
      <trkpt lat="59.745549" lon="8.226699">
        <ele>928.130817</ele>
        <time>2024-08-09T03:43:29.834Z</time>
      </trkpt>
      <trkpt lat="59.745345" lon="8.225707">
        <ele>925.355605</ele>
        <time>2024-08-09T03:43:38.294Z</time>
      </trkpt>
      <trkpt lat="59.745293" lon="8.225338">
        <ele>924.363155</ele>
        <time>2024-08-09T03:43:41.364Z</time>
      </trkpt>
      <trkpt lat="59.745289" lon="8.224503">
        <ele>922.200269</ele>
        <time>2024-08-09T03:43:48.102Z</time>
      </trkpt>
      <trkpt lat="59.745346" lon="8.223857">
        <ele>920.969759</ele>
        <time>2024-08-09T03:43:53.469Z</time>
      </trkpt>
      <trkpt lat="59.745495" lon="8.223228">
        <ele>919.929993</ele>
        <time>2024-08-09T03:43:59.289Z</time>
      </trkpt>
      <trkpt lat="59.745762" lon="8.222461">
        <ele>918.535375</ele>
        <time>2024-08-09T03:44:07.409Z</time>
      </trkpt>
      <trkpt lat="59.746034" lon="8.221811">
        <ele>917.271379</ele>
        <time>2024-08-09T03:44:15.086Z</time>
      </trkpt>
      <trkpt lat="59.746473" lon="8.220884">
        <ele>915.920001</ele>
        <time>2024-08-09T03:44:26.996Z</time>
      </trkpt>
      <trkpt lat="59.746799" lon="8.220043">
        <ele>915.304423</ele>
        <time>2024-08-09T03:44:37.350Z</time>
      </trkpt>
      <trkpt lat="59.747772" lon="8.216765">
        <ele>913.775209</ele>
        <time>2024-08-09T03:45:16.413Z</time>
      </trkpt>
      <trkpt lat="59.748020" lon="8.215853">
        <ele>913.544115</ele>
        <time>2024-08-09T03:45:26.858Z</time>
      </trkpt>
      <trkpt lat="59.748109" lon="8.215424">
        <ele>913.440661</ele>
        <time>2024-08-09T03:45:32.379Z</time>
      </trkpt>
      <trkpt lat="59.748243" lon="8.214113">
        <ele>914.265737</ele>
        <time>2024-08-09T03:45:50.627Z</time>
      </trkpt>
      <trkpt lat="59.748326" lon="8.213533">
        <ele>914.712110</ele>
        <time>2024-08-09T03:45:59.200Z</time>
      </trkpt>
      <trkpt lat="59.748439" lon="8.213135">
        <ele>915.050326</ele>
        <time>2024-08-09T03:46:06.060Z</time>
      </trkpt>
      <trkpt lat="59.748625" lon="8.212713">
        <ele>915.465426</ele>
        <time>2024-08-09T03:46:14.973Z</time>
      </trkpt>
      <trkpt lat="59.748946" lon="8.212149">
        <ele>916.144515</ele>
        <time>2024-08-09T03:46:29.156Z</time>
      </trkpt>
      <trkpt lat="59.750349" lon="8.210069">
        <ele>921.251425</ele>
        <time>2024-08-09T03:47:34.388Z</time>
      </trkpt>
      <trkpt lat="59.750529" lon="8.209719">
        <ele>922.267303</ele>
        <time>2024-08-09T03:47:43.796Z</time>
      </trkpt>
      <trkpt lat="59.750676" lon="8.209246">
        <ele>923.413866</ele>
        <time>2024-08-09T03:47:54.802Z</time>
      </trkpt>
      <trkpt lat="59.750752" lon="8.208804">
        <ele>924.377373</ele>
        <time>2024-08-09T03:48:04.426Z</time>
      </trkpt>
      <trkpt lat="59.750785" lon="8.208209">
        <ele>925.612283</ele>
        <time>2024-08-09T03:48:17.280Z</time>
      </trkpt>
      <trkpt lat="59.750802" lon="8.202792">
        <ele>937.595807</ele>
        <time>2024-08-09T03:50:25.164Z</time>
      </trkpt>
      <trkpt lat="59.750811" lon="8.201637">
        <ele>938.691049</ele>
        <time>2024-08-09T03:50:47.424Z</time>
      </trkpt>
      <trkpt lat="59.750833" lon="8.201132">
        <ele>939.171650</ele>
        <time>2024-08-09T03:50:55.548Z</time>
      </trkpt>
      <trkpt lat="59.750952" lon="8.199636">
        <ele>940.607649</ele>
        <time>2024-08-09T03:51:14.182Z</time>
      </trkpt>
      <trkpt lat="59.751228" lon="8.196902">
        <ele>938.637780</ele>
        <time>2024-08-09T03:51:40.665Z</time>
      </trkpt>
      <trkpt lat="59.751268" lon="8.195981">
        <ele>938.022041</ele>
        <time>2024-08-09T03:51:49.106Z</time>
      </trkpt>
      <trkpt lat="59.751277" lon="8.195389">
        <ele>937.843675</ele>
        <time>2024-08-09T03:51:54.746Z</time>
      </trkpt>
      <trkpt lat="59.751259" lon="8.194407">
        <ele>937.547742</ele>
        <time>2024-08-09T03:52:04.699Z</time>
      </trkpt>
      <trkpt lat="59.751235" lon="8.193012">
        <ele>937.127382</ele>
        <time>2024-08-09T03:52:20.958Z</time>
      </trkpt>
      <trkpt lat="59.751178" lon="8.192220">
        <ele>936.959909</ele>
        <time>2024-08-09T03:52:30.202Z</time>
      </trkpt>
      <trkpt lat="59.751127" lon="8.191867">
        <ele>936.933713</ele>
        <time>2024-08-09T03:52:34.097Z</time>
      </trkpt>
      <trkpt lat="59.751060" lon="8.191526">
        <ele>936.907603</ele>
        <time>2024-08-09T03:52:38.151Z</time>
      </trkpt>
      <trkpt lat="59.750955" lon="8.191161">
        <ele>936.877619</ele>
        <time>2024-08-09T03:52:42.637Z</time>
      </trkpt>
      <trkpt lat="59.750503" lon="8.190064">
        <ele>936.776520</ele>
        <time>2024-08-09T03:52:57.870Z</time>
      </trkpt>
      <trkpt lat="59.750437" lon="8.189806">
        <ele>936.755878</ele>
        <time>2024-08-09T03:53:01.172Z</time>
      </trkpt>
      <trkpt lat="59.750390" lon="8.189434">
        <ele>936.728519</ele>
        <time>2024-08-09T03:53:05.336Z</time>
      </trkpt>
      <trkpt lat="59.750365" lon="8.187877">
        <ele>937.605125</ele>
        <time>2024-08-09T03:53:23.593Z</time>
      </trkpt>
      <trkpt lat="59.750316" lon="8.187310">
        <ele>937.930523</ele>
        <time>2024-08-09T03:53:31.120Z</time>
      </trkpt>
      <trkpt lat="59.750169" lon="8.186123">
        <ele>938.621918</ele>
        <time>2024-08-09T03:53:49.822Z</time>
      </trkpt>
      <trkpt lat="59.750084" lon="8.185629">
        <ele>939.377690</ele>
        <time>2024-08-09T03:53:59.090Z</time>
      </trkpt>
      <trkpt lat="59.749468" lon="8.182879">
        <ele>945.700490</ele>
        <time>2024-08-09T03:55:05.848Z</time>
      </trkpt>
      <trkpt lat="59.749386" lon="8.182431">
        <ele>946.865152</ele>
        <time>2024-08-09T03:55:17.667Z</time>
      </trkpt>
      <trkpt lat="59.749344" lon="8.182027">
        <ele>948.043758</ele>
        <time>2024-08-09T03:55:28.101Z</time>
      </trkpt>
      <trkpt lat="59.749336" lon="8.181567">
        <ele>949.358827</ele>
        <time>2024-08-09T03:55:39.900Z</time>
      </trkpt>
      <trkpt lat="59.749388" lon="8.180627">
        <ele>952.060685</ele>
        <time>2024-08-09T03:56:05.020Z</time>
      </trkpt>
      <trkpt lat="59.749389" lon="8.179969">
        <ele>953.940691</ele>
        <time>2024-08-09T03:56:22.618Z</time>
      </trkpt>
      <trkpt lat="59.749341" lon="8.179573">
        <ele>955.104408</ele>
        <time>2024-08-09T03:56:33.189Z</time>
      </trkpt>
      <trkpt lat="59.749226" lon="8.179110">
        <ele>956.558730</ele>
        <time>2024-08-09T03:56:46.212Z</time>
      </trkpt>
      <trkpt lat="59.748993" lon="8.178584">
        <ele>958.243640</ele>
        <time>2024-08-09T03:57:03.598Z</time>
      </trkpt>
      <trkpt lat="59.748578" lon="8.177781">
        <ele>961.011016</ele>
        <time>2024-08-09T03:57:31.708Z</time>
      </trkpt>
      <trkpt lat="59.748042" lon="8.176969">
        <ele>964.230689</ele>
        <time>2024-08-09T03:58:01.708Z</time>
      </trkpt>
      <trkpt lat="59.747643" lon="8.176382">
        <ele>966.109322</ele>
        <time>2024-08-09T03:58:21.561Z</time>
      </trkpt>
      <trkpt lat="59.747293" lon="8.175793">
        <ele>967.610161</ele>
        <time>2024-08-09T03:58:38.936Z</time>
      </trkpt>
      <trkpt lat="59.746915" lon="8.175007">
        <ele>969.400734</ele>
        <time>2024-08-09T03:58:59.591Z</time>
      </trkpt>
      <trkpt lat="59.746675" lon="8.174395">
        <ele>970.678731</ele>
        <time>2024-08-09T03:59:15.032Z</time>
      </trkpt>
      <trkpt lat="59.746570" lon="8.174015">
        <ele>971.213989</ele>
        <time>2024-08-09T03:59:23.447Z</time>
      </trkpt>
      <trkpt lat="59.746505" lon="8.173662">
        <ele>971.598711</ele>
        <time>2024-08-09T03:59:29.874Z</time>
      </trkpt>
      <trkpt lat="59.746358" lon="8.172024">
        <ele>973.301831</ele>
        <time>2024-08-09T03:59:57.550Z</time>
      </trkpt>
      <trkpt lat="59.746310" lon="8.171497">
        <ele>973.850037</ele>
        <time>2024-08-09T04:00:05.947Z</time>
      </trkpt>
      <trkpt lat="59.746282" lon="8.171217">
        <ele>974.142249</ele>
        <time>2024-08-09T04:00:10.616Z</time>
      </trkpt>
      <trkpt lat="59.746145" lon="8.170323">
        <ele>974.647602</ele>
        <time>2024-08-09T04:00:23.105Z</time>
      </trkpt>
      <trkpt lat="59.745952" lon="8.169405">
        <ele>974.788839</ele>
        <time>2024-08-09T04:00:35.542Z</time>
      </trkpt>
      <trkpt lat="59.745889" lon="8.169105">
        <ele>974.834987</ele>
        <time>2024-08-09T04:00:38.880Z</time>
      </trkpt>
      <trkpt lat="59.745662" lon="8.168253">
        <ele>974.971834</ele>
        <time>2024-08-09T04:00:49.092Z</time>
      </trkpt>
      <trkpt lat="59.745631" lon="8.168145">
        <ele>974.989482</ele>
        <time>2024-08-09T04:00:50.800Z</time>
      </trkpt>
      <trkpt lat="59.745781" lon="8.167787">
        <ele>975.055594</ele>
        <time>2024-08-09T04:00:57.033Z</time>
      </trkpt>
      <trkpt lat="59.745301" lon="8.166221">
        <ele>975.864604</ele>
        <time>2024-08-09T04:01:28.565Z</time>
      </trkpt>
      <trkpt lat="59.744918" lon="8.165298">
        <ele>976.432465</ele>
        <time>2024-08-09T04:01:50.210Z</time>
      </trkpt>
      <trkpt lat="59.744873" lon="8.165225">
        <ele>976.487246</ele>
        <time>2024-08-09T04:01:52.076Z</time>
      </trkpt>
      <trkpt lat="59.744811" lon="8.165214">
        <ele>976.545918</ele>
        <time>2024-08-09T04:01:54.188Z</time>
      </trkpt>
      <trkpt lat="59.744653" lon="8.165423">
        <ele>976.724889</ele>
        <time>2024-08-09T04:02:02.080Z</time>
      </trkpt>
      <trkpt lat="59.744180" lon="8.164415">
        <ele>976.631401</ele>
        <time>2024-08-09T04:02:19.670Z</time>
      </trkpt>
      <trkpt lat="59.743528" lon="8.163346">
        <ele>976.438360</ele>
        <time>2024-08-09T04:02:36.881Z</time>
      </trkpt>
      <trkpt lat="59.743322" lon="8.162930">
        <ele>976.371276</ele>
        <time>2024-08-09T04:02:42.349Z</time>
      </trkpt>
      <trkpt lat="59.743030" lon="8.162211">
        <ele>976.183281</ele>
        <time>2024-08-09T04:02:51.748Z</time>
      </trkpt>
      <trkpt lat="59.742740" lon="8.161246">
        <ele>975.949964</ele>
        <time>2024-08-09T04:03:03.691Z</time>
      </trkpt>
      <trkpt lat="59.742516" lon="8.160312">
        <ele>975.735168</ele>
        <time>2024-08-09T04:03:14.785Z</time>
      </trkpt>
      <trkpt lat="59.742281" lon="8.159192">
        <ele>975.857871</ele>
        <time>2024-08-09T04:03:29.025Z</time>
      </trkpt>
      <trkpt lat="59.742044" lon="8.157903">
        <ele>976.323932</ele>
        <time>2024-08-09T04:03:47.914Z</time>
      </trkpt>
      <trkpt lat="59.741956" lon="8.157227">
        <ele>976.561084</ele>
        <time>2024-08-09T04:03:57.554Z</time>
      </trkpt>
      <trkpt lat="59.741898" lon="8.156284">
        <ele>976.954546</ele>
        <time>2024-08-09T04:04:09.548Z</time>
      </trkpt>
      <trkpt lat="59.741917" lon="8.155317">
        <ele>977.789436</ele>
        <time>2024-08-09T04:04:21.491Z</time>
      </trkpt>
      <trkpt lat="59.741991" lon="8.154315">
        <ele>978.663121</ele>
        <time>2024-08-09T04:04:36.562Z</time>
      </trkpt>
      <trkpt lat="59.742247" lon="8.151885">
        <ele>981.077915</ele>
        <time>2024-08-09T04:05:21.782Z</time>
      </trkpt>
      <trkpt lat="59.742343" lon="8.150767">
        <ele>982.357336</ele>
        <time>2024-08-09T04:05:43.467Z</time>
      </trkpt>
      <trkpt lat="59.742415" lon="8.149448">
        <ele>983.854030</ele>
        <time>2024-08-09T04:06:04.359Z</time>
      </trkpt>
      <trkpt lat="59.742455" lon="8.147890">
        <ele>983.449283</ele>
        <time>2024-08-09T04:06:22.210Z</time>
      </trkpt>
      <trkpt lat="59.742455" lon="8.147288">
        <ele>983.248025</ele>
        <time>2024-08-09T04:06:28.510Z</time>
      </trkpt>
      <trkpt lat="59.742448" lon="8.147005">
        <ele>983.153300</ele>
        <time>2024-08-09T04:06:31.353Z</time>
      </trkpt>
      <trkpt lat="59.742435" lon="8.146376">
        <ele>982.942839</ele>
        <time>2024-08-09T04:06:37.425Z</time>
      </trkpt>
      <trkpt lat="59.742379" lon="8.145512">
        <ele>982.243165</ele>
        <time>2024-08-09T04:06:45.369Z</time>
      </trkpt>
      <trkpt lat="59.742328" lon="8.145015">
        <ele>981.375180</ele>
        <time>2024-08-09T04:06:49.804Z</time>
      </trkpt>
      <trkpt lat="59.742203" lon="8.144168">
        <ele>979.864795</ele>
        <time>2024-08-09T04:06:57.277Z</time>
      </trkpt>
      <trkpt lat="59.741989" lon="8.143152">
        <ele>977.980287</ele>
        <time>2024-08-09T04:07:06.529Z</time>
      </trkpt>
      <trkpt lat="59.741775" lon="8.142392">
        <ele>976.442818</ele>
        <time>2024-08-09T04:07:13.802Z</time>
      </trkpt>
      <trkpt lat="59.740850" lon="8.139684">
        <ele>969.090121</ele>
        <time>2024-08-09T04:07:40.480Z</time>
      </trkpt>
      <trkpt lat="59.740760" lon="8.139447">
        <ele>968.398510</ele>
        <time>2024-08-09T04:07:42.868Z</time>
      </trkpt>
      <trkpt lat="59.740283" lon="8.138299">
        <ele>964.635855</ele>
        <time>2024-08-09T04:07:54.759Z</time>
      </trkpt>
      <trkpt lat="59.739742" lon="8.137230">
        <ele>960.804599</ele>
        <time>2024-08-09T04:08:06.755Z</time>
      </trkpt>
      <trkpt lat="59.739831" lon="8.137010">
        <ele>960.091160</ele>
        <time>2024-08-09T04:08:09.096Z</time>
      </trkpt>
      <trkpt lat="59.739757" lon="8.136770">
        <ele>959.387036</ele>
        <time>2024-08-09T04:08:11.484Z</time>
      </trkpt>
      <trkpt lat="59.738928" lon="8.135771">
        <ele>954.687823</ele>
        <time>2024-08-09T04:08:27.785Z</time>
      </trkpt>
      <trkpt lat="59.738871" lon="8.135695">
        <ele>954.355100</ele>
        <time>2024-08-09T04:08:28.989Z</time>
      </trkpt>
      <trkpt lat="59.738836" lon="8.135543">
        <ele>953.947062</ele>
        <time>2024-08-09T04:08:30.414Z</time>
      </trkpt>
      <trkpt lat="59.738775" lon="8.135529">
        <ele>953.649540</ele>
        <time>2024-08-09T04:08:31.438Z</time>
      </trkpt>
      <trkpt lat="59.738431" lon="8.135375">
        <ele>951.940934</ele>
        <time>2024-08-09T04:08:37.344Z</time>
      </trkpt>
      <trkpt lat="59.738382" lon="8.135417">
        <ele>951.682322</ele>
        <time>2024-08-09T04:08:38.210Z</time>
      </trkpt>
      <trkpt lat="59.738582" lon="8.135645">
        <ele>950.537183</ele>
        <time>2024-08-09T04:08:41.900Z</time>
      </trkpt>
      <trkpt lat="59.738382" lon="8.135417">
        <ele>949.321613</ele>
        <time>2024-08-09T04:08:45.470Z</time>
      </trkpt>
      <trkpt lat="59.738218" lon="8.135257">
        <ele>948.358509</ele>
        <time>2024-08-09T04:08:48.410Z</time>
      </trkpt>
      <trkpt lat="59.737635" lon="8.134738">
        <ele>944.991028</ele>
        <time>2024-08-09T04:08:58.668Z</time>
      </trkpt>
      <trkpt lat="59.737030" lon="8.134232">
        <ele>941.530985</ele>
        <time>2024-08-09T04:09:08.841Z</time>
      </trkpt>
      <trkpt lat="59.736620" lon="8.133866">
        <ele>938.615847</ele>
        <time>2024-08-09T04:09:15.704Z</time>
      </trkpt>
      <trkpt lat="59.736285" lon="8.133448">
        <ele>936.021836</ele>
        <time>2024-08-09T04:09:21.678Z</time>
      </trkpt>
      <trkpt lat="59.736061" lon="8.132989">
        <ele>933.911089</ele>
        <time>2024-08-09T04:09:26.533Z</time>
      </trkpt>
      <trkpt lat="59.735764" lon="8.132157">
        <ele>930.542858</ele>
        <time>2024-08-09T04:09:34.370Z</time>
      </trkpt>
      <trkpt lat="59.735641" lon="8.131759">
        <ele>928.908981</ele>
        <time>2024-08-09T04:09:37.929Z</time>
      </trkpt>
      <trkpt lat="59.735272" lon="8.130619">
        <ele>923.761237</ele>
        <time>2024-08-09T04:09:48.092Z</time>
      </trkpt>
      <trkpt lat="59.735090" lon="8.130251">
        <ele>921.802279</ele>
        <time>2024-08-09T04:09:51.938Z</time>
      </trkpt>
      <trkpt lat="59.734884" lon="8.129985">
        <ele>919.949392</ele>
        <time>2024-08-09T04:09:55.561Z</time>
      </trkpt>
      <trkpt lat="59.734681" lon="8.129865">
        <ele>918.352555</ele>
        <time>2024-08-09T04:09:58.663Z</time>
      </trkpt>
      <trkpt lat="59.734387" lon="8.129834">
        <ele>916.133044</ele>
        <time>2024-08-09T04:10:02.979Z</time>
      </trkpt>
      <trkpt lat="59.734140" lon="8.129895">
        <ele>914.228002</ele>
        <time>2024-08-09T04:10:06.627Z</time>
      </trkpt>
      <trkpt lat="59.733920" lon="8.130024">
        <ele>912.470996</ele>
        <time>2024-08-09T04:10:09.988Z</time>
      </trkpt>
      <trkpt lat="59.733189" lon="8.130702">
        <ele>906.290771</ele>
        <time>2024-08-09T04:10:21.895Z</time>
      </trkpt>
      <trkpt lat="59.732415" lon="8.131401">
        <ele>899.955567</ele>
        <time>2024-08-09T04:10:34.602Z</time>
      </trkpt>
      <trkpt lat="59.732091" lon="8.131599">
        <ele>897.544128</ele>
        <time>2024-08-09T04:10:39.686Z</time>
      </trkpt>
      <trkpt lat="59.731631" lon="8.131708">
        <ele>894.248928</ele>
        <time>2024-08-09T04:10:46.661Z</time>
      </trkpt>
      <trkpt lat="59.731291" lon="8.131695">
        <ele>891.830086</ele>
        <time>2024-08-09T04:10:51.761Z</time>
      </trkpt>
      <trkpt lat="59.731034" lon="8.131636">
        <ele>889.989866</ele>
        <time>2024-08-09T04:10:55.605Z</time>
      </trkpt>
      <trkpt lat="59.730765" lon="8.131501">
        <ele>887.846355</ele>
        <time>2024-08-09T04:10:59.771Z</time>
      </trkpt>
      <trkpt lat="59.730446" lon="8.131231">
        <ele>885.093488</ele>
        <time>2024-08-09T04:11:04.921Z</time>
      </trkpt>
      <trkpt lat="59.727872" lon="8.128722">
        <ele>861.638633</ele>
        <time>2024-08-09T04:11:46.826Z</time>
      </trkpt>
      <trkpt lat="59.727564" lon="8.128552">
        <ele>858.963462</ele>
        <time>2024-08-09T04:11:51.441Z</time>
      </trkpt>
      <trkpt lat="59.727048" lon="8.128512">
        <ele>854.639544</ele>
        <time>2024-08-09T04:11:58.902Z</time>
      </trkpt>
      <trkpt lat="59.726703" lon="8.128574">
        <ele>851.738926</ele>
        <time>2024-08-09T04:12:03.928Z</time>
      </trkpt>
      <trkpt lat="59.726357" lon="8.128714">
        <ele>848.782106</ele>
        <time>2024-08-09T04:12:09.067Z</time>
      </trkpt>
      <trkpt lat="59.725427" lon="8.129292">
        <ele>841.322463</ele>
        <time>2024-08-09T04:12:23.450Z</time>
      </trkpt>
      <trkpt lat="59.724441" lon="8.129977">
        <ele>833.943031</ele>
        <time>2024-08-09T04:12:39.254Z</time>
      </trkpt>
      <trkpt lat="59.724233" lon="8.130042">
        <ele>832.455702</ele>
        <time>2024-08-09T04:12:42.411Z</time>
      </trkpt>
      <trkpt lat="59.724111" lon="8.130030">
        <ele>831.657359</ele>
        <time>2024-08-09T04:12:44.260Z</time>
      </trkpt>
      <trkpt lat="59.723829" lon="8.129842">
        <ele>829.724391</ele>
        <time>2024-08-09T04:12:48.748Z</time>
      </trkpt>
      <trkpt lat="59.723412" lon="8.129348">
        <ele>826.568541</ele>
        <time>2024-08-09T04:12:56.118Z</time>
      </trkpt>
      <trkpt lat="59.723170" lon="8.128977">
        <ele>824.581261</ele>
        <time>2024-08-09T04:13:00.789Z</time>
      </trkpt>
      <trkpt lat="59.723079" lon="8.128835">
        <ele>823.828957</ele>
        <time>2024-08-09T04:13:02.533Z</time>
      </trkpt>
      <trkpt lat="59.722766" lon="8.128335">
        <ele>821.217725</ele>
        <time>2024-08-09T04:13:08.659Z</time>
      </trkpt>
      <trkpt lat="59.722547" lon="8.127986">
        <ele>819.593055</ele>
        <time>2024-08-09T04:13:12.945Z</time>
      </trkpt>
      <trkpt lat="59.721995" lon="8.127202">
        <ele>815.853140</ele>
        <time>2024-08-09T04:13:23.355Z</time>
      </trkpt>
      <trkpt lat="59.721716" lon="8.126927">
        <ele>814.136947</ele>
        <time>2024-08-09T04:13:28.274Z</time>
      </trkpt>
      <trkpt lat="59.721477" lon="8.126775">
        <ele>812.754389</ele>
        <time>2024-08-09T04:13:32.291Z</time>
      </trkpt>
      <trkpt lat="59.720526" lon="8.126497">
        <ele>808.155837</ele>
        <time>2024-08-09T04:13:47.757Z</time>
      </trkpt>
      <trkpt lat="59.720105" lon="8.126292">
        <ele>806.265381</ele>
        <time>2024-08-09T04:13:54.722Z</time>
      </trkpt>
      <trkpt lat="59.719725" lon="8.125956">
        <ele>804.451008</ele>
        <time>2024-08-09T04:14:01.644Z</time>
      </trkpt>
      <trkpt lat="59.718948" lon="8.125113">
        <ele>800.668061</ele>
        <time>2024-08-09T04:14:16.180Z</time>
      </trkpt>
      <trkpt lat="59.718851" lon="8.125008">
        <ele>800.202278</ele>
        <time>2024-08-09T04:14:17.927Z</time>
      </trkpt>
      <trkpt lat="59.718803" lon="8.124955">
        <ele>799.970719</ele>
        <time>2024-08-09T04:14:18.812Z</time>
      </trkpt>
      <trkpt lat="59.718669" lon="8.124755">
        <ele>799.263841</ele>
        <time>2024-08-09T04:14:21.523Z</time>
      </trkpt>
      <trkpt lat="59.718484" lon="8.124337">
        <ele>798.081782</ele>
        <time>2024-08-09T04:14:26.028Z</time>
      </trkpt>
      <trkpt lat="59.718084" lon="8.123041">
        <ele>794.954203</ele>
        <time>2024-08-09T04:14:38.612Z</time>
      </trkpt>
      <trkpt lat="59.717982" lon="8.122709">
        <ele>794.288033</ele>
        <time>2024-08-09T04:14:41.859Z</time>
      </trkpt>
      <trkpt lat="59.717940" lon="8.122565">
        <ele>794.002979</ele>
        <time>2024-08-09T04:14:43.338Z</time>
      </trkpt>
      <trkpt lat="59.717847" lon="8.122252">
        <ele>793.380456</ele>
        <time>2024-08-09T04:14:46.429Z</time>
      </trkpt>
      <trkpt lat="59.717456" lon="8.120942">
        <ele>790.771939</ele>
        <time>2024-08-09T04:14:59.322Z</time>
      </trkpt>
      <trkpt lat="59.717272" lon="8.120406">
        <ele>789.660836</ele>
        <time>2024-08-09T04:15:04.974Z</time>
      </trkpt>
      <trkpt lat="59.717030" lon="8.119878">
        <ele>788.608671</ele>
        <time>2024-08-09T04:15:11.363Z</time>
      </trkpt>
      <trkpt lat="59.716662" lon="8.119185">
        <ele>787.239245</ele>
        <time>2024-08-09T04:15:20.493Z</time>
      </trkpt>
      <trkpt lat="59.716296" lon="8.118583">
        <ele>785.956105</ele>
        <time>2024-08-09T04:15:28.777Z</time>
      </trkpt>
      <trkpt lat="59.716024" lon="8.118232">
        <ele>785.080408</ele>
        <time>2024-08-09T04:15:34.406Z</time>
      </trkpt>
      <trkpt lat="59.714971" lon="8.117164">
        <ele>782.055671</ele>
        <time>2024-08-09T04:15:55.082Z</time>
      </trkpt>
      <trkpt lat="59.714542" lon="8.116765">
        <ele>780.861545</ele>
        <time>2024-08-09T04:16:03.484Z</time>
      </trkpt>
      <trkpt lat="59.714078" lon="8.116342">
        <ele>779.701780</ele>
        <time>2024-08-09T04:16:12.782Z</time>
      </trkpt>
      <trkpt lat="59.714055" lon="8.116325">
        <ele>779.665692</ele>
        <time>2024-08-09T04:16:13.230Z</time>
      </trkpt>
      <trkpt lat="59.713999" lon="8.116281">
        <ele>779.577132</ele>
        <time>2024-08-09T04:16:14.327Z</time>
      </trkpt>
      <trkpt lat="59.713972" lon="8.116262">
        <ele>779.535010</ele>
        <time>2024-08-09T04:16:14.834Z</time>
      </trkpt>
      <trkpt lat="59.713209" lon="8.115688">
        <ele>778.335208</ele>
        <time>2024-08-09T04:16:30.603Z</time>
      </trkpt>
      <trkpt lat="59.712682" lon="8.115390">
        <ele>777.529510</ele>
        <time>2024-08-09T04:16:41.105Z</time>
      </trkpt>
      <trkpt lat="59.712014" lon="8.115130">
        <ele>776.929504</ele>
        <time>2024-08-09T04:16:54.512Z</time>
      </trkpt>
      <trkpt lat="59.711608" lon="8.115066">
        <ele>776.670273</ele>
        <time>2024-08-09T04:17:02.869Z</time>
      </trkpt>
      <trkpt lat="59.711322" lon="8.115069">
        <ele>776.488233</ele>
        <time>2024-08-09T04:17:08.814Z</time>
      </trkpt>
      <trkpt lat="59.709762" lon="8.115232">
        <ele>776.500539</ele>
        <time>2024-08-09T04:17:42.706Z</time>
      </trkpt>
      <trkpt lat="59.708975" lon="8.115326">
        <ele>776.845176</ele>
        <time>2024-08-09T04:18:04.499Z</time>
      </trkpt>
      <trkpt lat="59.708811" lon="8.115345">
        <ele>776.962387</ele>
        <time>2024-08-09T04:18:09.051Z</time>
      </trkpt>
      <trkpt lat="59.708529" lon="8.115452">
        <ele>777.230115</ele>
        <time>2024-08-09T04:18:17.394Z</time>
      </trkpt>
      <trkpt lat="59.708011" lon="8.115811">
        <ele>777.741795</ele>
        <time>2024-08-09T04:18:33.018Z</time>
      </trkpt>
      <trkpt lat="59.707800" lon="8.115913">
        <ele>777.944310</ele>
        <time>2024-08-09T04:18:39.052Z</time>
      </trkpt>
      <trkpt lat="59.707513" lon="8.115920">
        <ele>778.211948</ele>
        <time>2024-08-09T04:18:46.915Z</time>
      </trkpt>
      <trkpt lat="59.707220" lon="8.115747">
        <ele>778.497020</ele>
        <time>2024-08-09T04:18:54.761Z</time>
      </trkpt>
      <trkpt lat="59.706856" lon="8.115283">
        <ele>778.217254</ele>
        <time>2024-08-09T04:19:04.382Z</time>
      </trkpt>
      <trkpt lat="59.706661" lon="8.114939">
        <ele>777.980608</ele>
        <time>2024-08-09T04:19:09.745Z</time>
      </trkpt>
      <trkpt lat="59.706535" lon="8.114654">
        <ele>777.807301</ele>
        <time>2024-08-09T04:19:13.538Z</time>
      </trkpt>
      <trkpt lat="59.706410" lon="8.114269">
        <ele>777.597917</ele>
        <time>2024-08-09T04:19:18.023Z</time>
      </trkpt>
      <trkpt lat="59.706043" lon="8.112906">
        <ele>776.894786</ele>
        <time>2024-08-09T04:19:32.726Z</time>
      </trkpt>
      <trkpt lat="59.705694" lon="8.111994">
        <ele>776.427251</ele>
        <time>2024-08-09T04:19:43.735Z</time>
      </trkpt>
      <trkpt lat="59.705284" lon="8.111165">
        <ele>775.953080</ele>
        <time>2024-08-09T04:19:55.447Z</time>
      </trkpt>
      <trkpt lat="59.704886" lon="8.110496">
        <ele>775.530585</ele>
        <time>2024-08-09T04:20:06.693Z</time>
      </trkpt>
      <trkpt lat="59.704289" lon="8.109620">
        <ele>775.664886</ele>
        <time>2024-08-09T04:20:24.659Z</time>
      </trkpt>
      <trkpt lat="59.704012" lon="8.109281">
        <ele>775.761755</ele>
        <time>2024-08-09T04:20:33.102Z</time>
      </trkpt>
      <trkpt lat="59.703767" lon="8.109061">
        <ele>775.841790</ele>
        <time>2024-08-09T04:20:40.004Z</time>
      </trkpt>
      <trkpt lat="59.703511" lon="8.108918">
        <ele>775.920934</ele>
        <time>2024-08-09T04:20:46.558Z</time>
      </trkpt>
      <trkpt lat="59.703208" lon="8.108836">
        <ele>775.985432</ele>
        <time>2024-08-09T04:20:53.512Z</time>
      </trkpt>
      <trkpt lat="59.702733" lon="8.108833">
        <ele>775.734340</ele>
        <time>2024-08-09T04:21:03.614Z</time>
      </trkpt>
      <trkpt lat="59.702032" lon="8.108893">
        <ele>775.363437</ele>
        <time>2024-08-09T04:21:17.838Z</time>
      </trkpt>
      <trkpt lat="59.701018" lon="8.109269">
        <ele>774.880385</ele>
        <time>2024-08-09T04:21:38.864Z</time>
      </trkpt>
      <trkpt lat="59.700343" lon="8.109375">
        <ele>774.617899</ele>
        <time>2024-08-09T04:21:52.939Z</time>
      </trkpt>
      <trkpt lat="59.699737" lon="8.109279">
        <ele>774.382232</ele>
        <time>2024-08-09T04:22:06.412Z</time>
      </trkpt>
      <trkpt lat="59.698630" lon="8.108838">
        <ele>773.934026</ele>
        <time>2024-08-09T04:22:32.446Z</time>
      </trkpt>
      <trkpt lat="59.698017" lon="8.108576">
        <ele>773.684709</ele>
        <time>2024-08-09T04:22:45.112Z</time>
      </trkpt>
      <trkpt lat="59.697049" lon="8.108166">
        <ele>771.580861</ele>
        <time>2024-08-09T04:23:03.761Z</time>
      </trkpt>
      <trkpt lat="59.696893" lon="8.108119">
        <ele>771.209888</ele>
        <time>2024-08-09T04:23:06.638Z</time>
      </trkpt>
      <trkpt lat="59.696462" lon="8.107990">
        <ele>770.185107</ele>
        <time>2024-08-09T04:23:14.292Z</time>
      </trkpt>
      <trkpt lat="59.695885" lon="8.107916">
        <ele>768.206528</ele>
        <time>2024-08-09T04:23:23.957Z</time>
      </trkpt>
      <trkpt lat="59.695271" lon="8.107948">
        <ele>765.233721</ele>
        <time>2024-08-09T04:23:33.826Z</time>
      </trkpt>
      <trkpt lat="59.694878" lon="8.107969">
        <ele>763.330898</ele>
        <time>2024-08-09T04:23:40.047Z</time>
      </trkpt>
      <trkpt lat="59.694598" lon="8.107915">
        <ele>761.969287</ele>
        <time>2024-08-09T04:23:44.510Z</time>
      </trkpt>
      <trkpt lat="59.694317" lon="8.107710">
        <ele>760.439450</ele>
        <time>2024-08-09T04:23:49.166Z</time>
      </trkpt>
      <trkpt lat="59.694102" lon="8.107429">
        <ele>758.650420</ele>
        <time>2024-08-09T04:23:53.118Z</time>
      </trkpt>
      <trkpt lat="59.693823" lon="8.106967">
        <ele>756.124838</ele>
        <time>2024-08-09T04:23:58.600Z</time>
      </trkpt>
      <trkpt lat="59.693422" lon="8.106177">
        <ele>752.197063</ele>
        <time>2024-08-09T04:24:06.996Z</time>
      </trkpt>
      <trkpt lat="59.693404" lon="8.106494">
        <ele>751.078862</ele>
        <time>2024-08-09T04:24:09.333Z</time>
      </trkpt>
      <trkpt lat="59.693439" lon="8.107282">
        <ele>748.305985</ele>
        <time>2024-08-09T04:24:15.263Z</time>
      </trkpt>
      <trkpt lat="59.693471" lon="8.107552">
        <ele>747.333095</ele>
        <time>2024-08-09T04:24:17.395Z</time>
      </trkpt>
      <trkpt lat="59.693516" lon="8.107762">
        <ele>746.532720</ele>
        <time>2024-08-09T04:24:19.099Z</time>
      </trkpt>
      <trkpt lat="59.693748" lon="8.108482">
        <ele>743.535872</ele>
        <time>2024-08-09T04:24:25.585Z</time>
      </trkpt>
      <trkpt lat="59.693778" lon="8.108743">
        <ele>742.596809</ele>
        <time>2024-08-09T04:24:27.664Z</time>
      </trkpt>
      <trkpt lat="59.693772" lon="8.109007">
        <ele>741.669735</ele>
        <time>2024-08-09T04:24:29.608Z</time>
      </trkpt>
      <trkpt lat="59.693725" lon="8.109291">
        <ele>740.621228</ele>
        <time>2024-08-09T04:24:31.806Z</time>
      </trkpt>
      <trkpt lat="59.693516" lon="8.109839">
        <ele>738.211489</ele>
        <time>2024-08-09T04:24:36.957Z</time>
      </trkpt>
      <trkpt lat="59.693312" lon="8.110575">
        <ele>735.515562</ele>
        <time>2024-08-09T04:24:43.413Z</time>
      </trkpt>
      <trkpt lat="59.693099" lon="8.111441">
        <ele>734.049360</ele>
        <time>2024-08-09T04:24:51.131Z</time>
      </trkpt>
      <trkpt lat="59.692994" lon="8.111765">
        <ele>733.463328</ele>
        <time>2024-08-09T04:24:54.260Z</time>
      </trkpt>
      <trkpt lat="59.692806" lon="8.112226">
        <ele>732.561252</ele>
        <time>2024-08-09T04:24:59.438Z</time>
      </trkpt>
      <trkpt lat="59.692386" lon="8.113249">
        <ele>730.554114</ele>
        <time>2024-08-09T04:25:12.422Z</time>
      </trkpt>
      <trkpt lat="59.692160" lon="8.113714">
        <ele>730.598454</ele>
        <time>2024-08-09T04:25:19.671Z</time>
      </trkpt>
      <trkpt lat="59.691823" lon="8.114237">
        <ele>731.172214</ele>
        <time>2024-08-09T04:25:31.361Z</time>
      </trkpt>
      <trkpt lat="59.691636" lon="8.114460">
        <ele>731.464758</ele>
        <time>2024-08-09T04:25:38.603Z</time>
      </trkpt>
      <trkpt lat="59.691211" lon="8.114814">
        <ele>732.082710</ele>
        <time>2024-08-09T04:25:53.879Z</time>
      </trkpt>
      <trkpt lat="59.690728" lon="8.115108">
        <ele>732.652148</ele>
        <time>2024-08-09T04:26:11.168Z</time>
      </trkpt>
      <trkpt lat="59.690408" lon="8.115314">
        <ele>732.372899</ele>
        <time>2024-08-09T04:26:21.450Z</time>
      </trkpt>
      <trkpt lat="59.689909" lon="8.115831">
        <ele>731.905555</ele>
        <time>2024-08-09T04:26:34.805Z</time>
      </trkpt>
      <trkpt lat="59.689651" lon="8.116239">
        <ele>731.631592</ele>
        <time>2024-08-09T04:26:41.078Z</time>
      </trkpt>
      <trkpt lat="59.689428" lon="8.116693">
        <ele>731.366230</ele>
        <time>2024-08-09T04:26:46.799Z</time>
      </trkpt>
      <trkpt lat="59.687871" lon="8.119901">
        <ele>721.609702</ele>
        <time>2024-08-09T04:27:22.713Z</time>
      </trkpt>
      <trkpt lat="59.687842" lon="8.119955">
        <ele>721.400946</ele>
        <time>2024-08-09T04:27:23.345Z</time>
      </trkpt>
      <trkpt lat="59.686429" lon="8.122853">
        <ele>711.284847</ele>
        <time>2024-08-09T04:27:55.220Z</time>
      </trkpt>
      <trkpt lat="59.686098" lon="8.123890">
        <ele>708.689843</ele>
        <time>2024-08-09T04:28:05.345Z</time>
      </trkpt>
      <trkpt lat="59.685998" lon="8.124401">
        <ele>707.530688</ele>
        <time>2024-08-09T04:28:09.887Z</time>
      </trkpt>
      <trkpt lat="59.685952" lon="8.125205">
        <ele>705.928290</ele>
        <time>2024-08-09T04:28:16.877Z</time>
      </trkpt>
      <trkpt lat="59.685934" lon="8.126423">
        <ele>705.694747</ele>
        <time>2024-08-09T04:28:27.866Z</time>
      </trkpt>
      <trkpt lat="59.685904" lon="8.126862">
        <ele>705.609840</ele>
        <time>2024-08-09T04:28:32.358Z</time>
      </trkpt>
      <trkpt lat="59.685861" lon="8.127133">
        <ele>705.555394</ele>
        <time>2024-08-09T04:28:35.288Z</time>
      </trkpt>
      <trkpt lat="59.685782" lon="8.127417">
        <ele>705.493243</ele>
        <time>2024-08-09T04:28:39.495Z</time>
      </trkpt>
      <trkpt lat="59.685566" lon="8.128067">
        <ele>705.344087</ele>
        <time>2024-08-09T04:28:51.393Z</time>
      </trkpt>
      <trkpt lat="59.685392" lon="8.129106">
        <ele>706.089491</ele>
        <time>2024-08-09T04:29:10.135Z</time>
      </trkpt>
      <trkpt lat="59.685385" lon="8.129614">
        <ele>706.755408</ele>
        <time>2024-08-09T04:29:20.064Z</time>
      </trkpt>
      <trkpt lat="59.685412" lon="8.129911">
        <ele>707.150849</ele>
        <time>2024-08-09T04:29:25.465Z</time>
      </trkpt>
      <trkpt lat="59.685582" lon="8.130761">
        <ele>708.348911</ele>
        <time>2024-08-09T04:29:42.919Z</time>
      </trkpt>
      <trkpt lat="59.685598" lon="8.130843">
        <ele>708.464110</ele>
        <time>2024-08-09T04:29:44.610Z</time>
      </trkpt>
      <trkpt lat="59.685667" lon="8.131197">
        <ele>708.961364</ele>
        <time>2024-08-09T04:29:51.287Z</time>
      </trkpt>
      <trkpt lat="59.685743" lon="8.131545">
        <ele>709.458223</ele>
        <time>2024-08-09T04:29:58.645Z</time>
      </trkpt>
      <trkpt lat="59.685834" lon="8.132480">
        <ele>710.309069</ele>
        <time>2024-08-09T04:30:14.775Z</time>
      </trkpt>
      <trkpt lat="59.685705" lon="8.135863">
        <ele>712.395099</ele>
        <time>2024-08-09T04:31:01.466Z</time>
      </trkpt>
      <trkpt lat="59.685694" lon="8.136154">
        <ele>712.515332</ele>
        <time>2024-08-09T04:31:04.690Z</time>
      </trkpt>
      <trkpt lat="59.685672" lon="8.136870">
        <ele>712.810882</ele>
        <time>2024-08-09T04:31:12.670Z</time>
      </trkpt>
      <trkpt lat="59.685613" lon="8.137577">
        <ele>713.106134</ele>
        <time>2024-08-09T04:31:21.130Z</time>
      </trkpt>
      <trkpt lat="59.685479" lon="8.138287">
        <ele>713.418449</ele>
        <time>2024-08-09T04:31:31.230Z</time>
      </trkpt>
      <trkpt lat="59.685406" lon="8.138560">
        <ele>713.545740</ele>
        <time>2024-08-09T04:31:35.804Z</time>
      </trkpt>
      <trkpt lat="59.685027" lon="8.139665">
        <ele>714.854089</ele>
        <time>2024-08-09T04:31:57.951Z</time>
      </trkpt>
      <trkpt lat="59.684667" lon="8.140625">
        <ele>716.262521</ele>
        <time>2024-08-09T04:32:17.559Z</time>
      </trkpt>
      <trkpt lat="59.684292" lon="8.141857">
        <ele>717.961592</ele>
        <time>2024-08-09T04:32:43.780Z</time>
      </trkpt>
      <trkpt lat="59.684157" lon="8.142153">
        <ele>718.462548</ele>
        <time>2024-08-09T04:32:51.618Z</time>
      </trkpt>
      <trkpt lat="59.683777" lon="8.142697">
        <ele>719.628896</ele>
        <time>2024-08-09T04:33:10.279Z</time>
      </trkpt>
      <trkpt lat="59.683614" lon="8.143245">
        <ele>720.427645</ele>
        <time>2024-08-09T04:33:22.044Z</time>
      </trkpt>
      <trkpt lat="59.683444" lon="8.144011">
        <ele>721.478433</ele>
        <time>2024-08-09T04:33:37.855Z</time>
      </trkpt>
      <trkpt lat="59.683001" lon="8.145708">
        <ele>721.796283</ele>
        <time>2024-08-09T04:34:02.207Z</time>
      </trkpt>
      <trkpt lat="59.682920" lon="8.145945">
        <ele>721.662941</ele>
        <time>2024-08-09T04:34:05.941Z</time>
      </trkpt>
      <trkpt lat="59.682820" lon="8.146088">
        <ele>721.549114</ele>
        <time>2024-08-09T04:34:08.094Z</time>
      </trkpt>
      <trkpt lat="59.682780" lon="8.146147">
        <ele>721.503087</ele>
        <time>2024-08-09T04:34:09.134Z</time>
      </trkpt>
      <trkpt lat="59.682700" lon="8.146197">
        <ele>721.425665</ele>
        <time>2024-08-09T04:34:11.264Z</time>
      </trkpt>
      <trkpt lat="59.682654" lon="8.146220">
        <ele>721.381879</ele>
        <time>2024-08-09T04:34:12.384Z</time>
      </trkpt>
      <trkpt lat="59.682559" lon="8.146226">
        <ele>721.294155</ele>
        <time>2024-08-09T04:34:14.033Z</time>
      </trkpt>
      <trkpt lat="59.682433" lon="8.146186">
        <ele>721.176381</ele>
        <time>2024-08-09T04:34:16.148Z</time>
      </trkpt>
      <trkpt lat="59.680735" lon="8.145463">
        <ele>717.632713</ele>
        <time>2024-08-09T04:34:46.974Z</time>
      </trkpt>
      <trkpt lat="59.680549" lon="8.145444">
        <ele>717.164552</ele>
        <time>2024-08-09T04:34:50.301Z</time>
      </trkpt>
      <trkpt lat="59.680273" lon="8.145643">
        <ele>716.426254</ele>
        <time>2024-08-09T04:34:55.538Z</time>
      </trkpt>
      <trkpt lat="59.679976" lon="8.146002">
        <ele>715.543538</ele>
        <time>2024-08-09T04:35:01.719Z</time>
      </trkpt>
      <trkpt lat="59.679687" lon="8.146420">
        <ele>714.632359</ele>
        <time>2024-08-09T04:35:08.088Z</time>
      </trkpt>
      <trkpt lat="59.679331" lon="8.147009">
        <ele>713.451261</ele>
        <time>2024-08-09T04:35:16.296Z</time>
      </trkpt>
      <trkpt lat="59.678176" lon="8.149110">
        <ele>710.450694</ele>
        <time>2024-08-09T04:35:44.009Z</time>
      </trkpt>
      <trkpt lat="59.678048" lon="8.149439">
        <ele>710.164352</ele>
        <time>2024-08-09T04:35:48.032Z</time>
      </trkpt>
      <trkpt lat="59.677507" lon="8.151302">
        <ele>709.632674</ele>
        <time>2024-08-09T04:36:11.693Z</time>
      </trkpt>
      <trkpt lat="59.677203" lon="8.152029">
        <ele>710.327059</ele>
        <time>2024-08-09T04:36:25.049Z</time>
      </trkpt>
      <trkpt lat="59.676303" lon="8.153840">
        <ele>712.733569</ele>
        <time>2024-08-09T04:37:07.398Z</time>
      </trkpt>
      <trkpt lat="59.676164" lon="8.154180">
        <ele>713.454292</ele>
        <time>2024-08-09T04:37:15.938Z</time>
      </trkpt>
      <trkpt lat="59.676059" lon="8.154542">
        <ele>714.142065</ele>
        <time>2024-08-09T04:37:24.328Z</time>
      </trkpt>
      <trkpt lat="59.676009" lon="8.154960">
        <ele>714.849749</ele>
        <time>2024-08-09T04:37:33.373Z</time>
      </trkpt>
      <trkpt lat="59.675981" lon="8.155655">
        <ele>715.998348</ele>
        <time>2024-08-09T04:37:48.954Z</time>
      </trkpt>
      <trkpt lat="59.676060" lon="8.156452">
        <ele>717.336407</ele>
        <time>2024-08-09T04:38:06.556Z</time>
      </trkpt>
      <trkpt lat="59.676286" lon="8.158114">
        <ele>719.231169</ele>
        <time>2024-08-09T04:38:35.126Z</time>
      </trkpt>
      <trkpt lat="59.676302" lon="8.158708">
        <ele>719.848178</ele>
        <time>2024-08-09T04:38:43.164Z</time>
      </trkpt>
      <trkpt lat="59.676284" lon="8.158945">
        <ele>720.096775</ele>
        <time>2024-08-09T04:38:46.701Z</time>
      </trkpt>
      <trkpt lat="59.676230" lon="8.159186">
        <ele>720.370267</ele>
        <time>2024-08-09T04:38:50.632Z</time>
      </trkpt>
      <trkpt lat="59.675937" lon="8.160204">
        <ele>721.732800</ele>
        <time>2024-08-09T04:39:09.195Z</time>
      </trkpt>
      <trkpt lat="59.675834" lon="8.160649">
        <ele>722.529218</ele>
        <time>2024-08-09T04:39:17.590Z</time>
      </trkpt>
      <trkpt lat="59.675709" lon="8.161379">
        <ele>723.783297</ele>
        <time>2024-08-09T04:39:31.854Z</time>
      </trkpt>
      <trkpt lat="59.675651" lon="8.162741">
        <ele>726.007005</ele>
        <time>2024-08-09T04:39:58.177Z</time>
      </trkpt>
      <trkpt lat="59.675660" lon="8.163033">
        <ele>726.482945</ele>
        <time>2024-08-09T04:40:05.196Z</time>
      </trkpt>
      <trkpt lat="59.675772" lon="8.164019">
        <ele>727.905297</ele>
        <time>2024-08-09T04:40:31.282Z</time>
      </trkpt>
      <trkpt lat="59.676213" lon="8.166920">
        <ele>731.528828</ele>
        <time>2024-08-09T04:41:23.827Z</time>
      </trkpt>
      <trkpt lat="59.676363" lon="8.167474">
        <ele>730.715857</ele>
        <time>2024-08-09T04:41:29.664Z</time>
      </trkpt>
      <trkpt lat="59.676674" lon="8.168389">
        <ele>729.289402</ele>
        <time>2024-08-09T04:41:39.363Z</time>
      </trkpt>
      <trkpt lat="59.676947" lon="8.169089">
        <ele>728.145526</ele>
        <time>2024-08-09T04:41:46.748Z</time>
      </trkpt>
      <trkpt lat="59.677343" lon="8.169724">
        <ele>726.864640</ele>
        <time>2024-08-09T04:41:55.034Z</time>
      </trkpt>
      <trkpt lat="59.677663" lon="8.170157">
        <ele>725.997864</ele>
        <time>2024-08-09T04:42:01.559Z</time>
      </trkpt>
      <trkpt lat="59.677789" lon="8.170384">
        <ele>725.616920</ele>
        <time>2024-08-09T04:42:04.550Z</time>
      </trkpt>
      <trkpt lat="59.677844" lon="8.170519">
        <ele>725.421038</ele>
        <time>2024-08-09T04:42:06.164Z</time>
      </trkpt>
      <trkpt lat="59.677900" lon="8.170668">
        <ele>725.211290</ele>
        <time>2024-08-09T04:42:07.894Z</time>
      </trkpt>
      <trkpt lat="59.677965" lon="8.170992">
        <ele>724.817613</ele>
        <time>2024-08-09T04:42:11.188Z</time>
      </trkpt>
      <trkpt lat="59.678002" lon="8.171438">
        <ele>724.307251</ele>
        <time>2024-08-09T04:42:15.536Z</time>
      </trkpt>
      <trkpt lat="59.677947" lon="8.172066">
        <ele>723.587544</ele>
        <time>2024-08-09T04:42:21.675Z</time>
      </trkpt>
      <trkpt lat="59.677867" lon="8.172427">
        <ele>723.142373</ele>
        <time>2024-08-09T04:42:25.476Z</time>
      </trkpt>
      <trkpt lat="59.677575" lon="8.173220">
        <ele>722.907353</ele>
        <time>2024-08-09T04:42:35.245Z</time>
      </trkpt>
      <trkpt lat="59.677521" lon="8.173329">
        <ele>722.889487</ele>
        <time>2024-08-09T04:42:36.843Z</time>
      </trkpt>
      <trkpt lat="59.677255" lon="8.173774">
        <ele>722.808801</ele>
        <time>2024-08-09T04:42:44.725Z</time>
      </trkpt>
      <trkpt lat="59.676733" lon="8.174378">
        <ele>722.668706</ele>
        <time>2024-08-09T04:42:58.711Z</time>
      </trkpt>
      <trkpt lat="59.676591" lon="8.174590">
        <ele>722.627499</ele>
        <time>2024-08-09T04:43:02.800Z</time>
      </trkpt>
      <trkpt lat="59.676149" lon="8.175475">
        <ele>722.737288</ele>
        <time>2024-08-09T04:43:17.755Z</time>
      </trkpt>
      <trkpt lat="59.675744" lon="8.176442">
        <ele>722.932791</ele>
        <time>2024-08-09T04:43:33.147Z</time>
      </trkpt>
      <trkpt lat="59.675620" lon="8.176818">
        <ele>723.002674</ele>
        <time>2024-08-09T04:43:38.833Z</time>
      </trkpt>
      <trkpt lat="59.675444" lon="8.177524">
        <ele>723.125194</ele>
        <time>2024-08-09T04:43:48.529Z</time>
      </trkpt>
      <trkpt lat="59.675191" lon="8.179184">
        <ele>722.462603</ele>
        <time>2024-08-09T04:44:07.592Z</time>
      </trkpt>
      <trkpt lat="59.675080" lon="8.179800">
        <ele>722.183564</ele>
        <time>2024-08-09T04:44:14.280Z</time>
      </trkpt>
      <trkpt lat="59.674966" lon="8.180037">
        <ele>722.043912</ele>
        <time>2024-08-09T04:44:17.449Z</time>
      </trkpt>
      <trkpt lat="59.674377" lon="8.180796">
        <ele>720.784669</ele>
        <time>2024-08-09T04:44:31.042Z</time>
      </trkpt>
      <trkpt lat="59.674261" lon="8.181015">
        <ele>720.136818</ele>
        <time>2024-08-09T04:44:33.815Z</time>
      </trkpt>
      <trkpt lat="59.673891" lon="8.181923">
        <ele>717.755198</ele>
        <time>2024-08-09T04:44:43.353Z</time>
      </trkpt>
      <trkpt lat="59.673665" lon="8.182309">
        <ele>716.548781</ele>
        <time>2024-08-09T04:44:48.062Z</time>
      </trkpt>
      <trkpt lat="59.673323" lon="8.182756">
        <ele>714.892312</ele>
        <time>2024-08-09T04:44:54.564Z</time>
      </trkpt>
      <trkpt lat="59.673250" lon="8.182844">
        <ele>714.546840</ele>
        <time>2024-08-09T04:44:55.905Z</time>
      </trkpt>
      <trkpt lat="59.673029" lon="8.183150">
        <ele>713.373612</ele>
        <time>2024-08-09T04:45:00.169Z</time>
      </trkpt>
      <trkpt lat="59.672874" lon="8.183450">
        <ele>712.416386</ele>
        <time>2024-08-09T04:45:03.581Z</time>
      </trkpt>
      <trkpt lat="59.672581" lon="8.184169">
        <ele>710.355842</ele>
        <time>2024-08-09T04:45:11.091Z</time>
      </trkpt>
      <trkpt lat="59.671926" lon="8.185538">
        <ele>706.272479</ele>
        <time>2024-08-09T04:45:26.623Z</time>
      </trkpt>
      <trkpt lat="59.671755" lon="8.186076">
        <ele>705.520797</ele>
        <time>2024-08-09T04:45:32.237Z</time>
      </trkpt>
      <trkpt lat="59.671663" lon="8.186580">
        <ele>704.887105</ele>
        <time>2024-08-09T04:45:37.051Z</time>
      </trkpt>
      <trkpt lat="59.671594" lon="8.186813">
        <ele>704.567713</ele>
        <time>2024-08-09T04:45:39.546Z</time>
      </trkpt>
      <trkpt lat="59.671486" lon="8.187038">
        <ele>704.200642</ele>
        <time>2024-08-09T04:45:42.400Z</time>
      </trkpt>
      <trkpt lat="59.671329" lon="8.187218">
        <ele>703.775833</ele>
        <time>2024-08-09T04:45:45.780Z</time>
      </trkpt>
      <trkpt lat="59.670935" lon="8.187512">
        <ele>702.789892</ele>
        <time>2024-08-09T04:45:53.661Z</time>
      </trkpt>
      <trkpt lat="59.670793" lon="8.187665">
        <ele>702.411343</ele>
        <time>2024-08-09T04:45:56.676Z</time>
      </trkpt>
      <trkpt lat="59.670664" lon="8.187866">
        <ele>702.098932</ele>
        <time>2024-08-09T04:45:59.768Z</time>
      </trkpt>
      <trkpt lat="59.670375" lon="8.188644">
        <ele>701.434365</ele>
        <time>2024-08-09T04:46:08.890Z</time>
      </trkpt>
      <trkpt lat="59.670002" lon="8.189391">
        <ele>700.711509</ele>
        <time>2024-08-09T04:46:18.953Z</time>
      </trkpt>
      <trkpt lat="59.669902" lon="8.189643">
        <ele>700.490976</ele>
        <time>2024-08-09T04:46:22.069Z</time>
      </trkpt>
      <trkpt lat="59.669655" lon="8.190308">
        <ele>699.922945</ele>
        <time>2024-08-09T04:46:30.306Z</time>
      </trkpt>
      <trkpt lat="59.669333" lon="8.191339">
        <ele>699.589509</ele>
        <time>2024-08-09T04:46:42.828Z</time>
      </trkpt>
      <trkpt lat="59.669239" lon="8.191559">
        <ele>699.541781</ele>
        <time>2024-08-09T04:46:45.852Z</time>
      </trkpt>
      <trkpt lat="59.669126" lon="8.191712">
        <ele>699.496886</ele>
        <time>2024-08-09T04:46:48.740Z</time>
      </trkpt>
      <trkpt lat="59.668979" lon="8.191799">
        <ele>699.446569</ele>
        <time>2024-08-09T04:46:51.939Z</time>
      </trkpt>
      <trkpt lat="59.668477" lon="8.191861">
        <ele>699.281612</ele>
        <time>2024-08-09T04:47:02.839Z</time>
      </trkpt>
      <trkpt lat="59.668337" lon="8.191992">
        <ele>699.230829</ele>
        <time>2024-08-09T04:47:06.397Z</time>
      </trkpt>
      <trkpt lat="59.667845" lon="8.192673">
        <ele>699.486358</ele>
        <time>2024-08-09T04:47:20.533Z</time>
      </trkpt>
      <trkpt lat="59.667654" lon="8.192839">
        <ele>699.666770</ele>
        <time>2024-08-09T04:47:25.553Z</time>
      </trkpt>
      <trkpt lat="59.666323" lon="8.193721">
        <ele>701.138335</ele>
        <time>2024-08-09T04:48:04.318Z</time>
      </trkpt>
      <trkpt lat="59.666295" lon="8.193739">
        <ele>701.203140</ele>
        <time>2024-08-09T04:48:05.238Z</time>
      </trkpt>
      <trkpt lat="59.665955" lon="8.193948">
        <ele>701.986840</ele>
        <time>2024-08-09T04:48:16.501Z</time>
      </trkpt>
      <trkpt lat="59.664480" lon="8.194876">
        <ele>705.519531</ele>
        <time>2024-08-09T04:49:10.816Z</time>
      </trkpt>
      <trkpt lat="59.664136" lon="8.195047">
        <ele>706.436553</ele>
        <time>2024-08-09T04:49:23.867Z</time>
      </trkpt>
      <trkpt lat="59.663949" lon="8.195103">
        <ele>706.925544</ele>
        <time>2024-08-09T04:49:30.766Z</time>
      </trkpt>
      <trkpt lat="59.663858" lon="8.195122">
        <ele>707.162131</ele>
        <time>2024-08-09T04:49:34.071Z</time>
      </trkpt>
      <trkpt lat="59.663423" lon="8.195170">
        <ele>708.288577</ele>
        <time>2024-08-09T04:49:49.097Z</time>
      </trkpt>
      <trkpt lat="59.662899" lon="8.195087">
        <ele>709.687043</ele>
        <time>2024-08-09T04:50:06.981Z</time>
      </trkpt>
      <trkpt lat="59.662627" lon="8.194954">
        <ele>710.499407</ele>
        <time>2024-08-09T04:50:16.808Z</time>
      </trkpt>
      <trkpt lat="59.662348" lon="8.194756">
        <ele>711.358772</ele>
        <time>2024-08-09T04:50:27.446Z</time>
      </trkpt>
      <trkpt lat="59.661824" lon="8.194279">
        <ele>713.031025</ele>
        <time>2024-08-09T04:50:49.423Z</time>
      </trkpt>
      <trkpt lat="59.661086" lon="8.193207">
        <ele>715.634081</ele>
        <time>2024-08-09T04:51:24.161Z</time>
      </trkpt>
      <trkpt lat="59.660972" lon="8.193111">
        <ele>715.977308</ele>
        <time>2024-08-09T04:51:28.669Z</time>
      </trkpt>
      <trkpt lat="59.660697" lon="8.193021">
        <ele>716.749548</ele>
        <time>2024-08-09T04:51:39.033Z</time>
      </trkpt>
      <trkpt lat="59.659740" lon="8.193242">
        <ele>719.418934</ele>
        <time>2024-08-09T04:52:13.454Z</time>
      </trkpt>
      <trkpt lat="59.658982" lon="8.193178">
        <ele>721.239376</ele>
        <time>2024-08-09T04:52:37.680Z</time>
      </trkpt>
      <trkpt lat="59.658808" lon="8.193236">
        <ele>721.659372</ele>
        <time>2024-08-09T04:52:43.213Z</time>
      </trkpt>
      <trkpt lat="59.658238" lon="8.193549">
        <ele>723.067352</ele>
        <time>2024-08-09T04:53:03.856Z</time>
      </trkpt>
      <trkpt lat="59.657798" lon="8.193662">
        <ele>724.027288</ele>
        <time>2024-08-09T04:53:20.313Z</time>
      </trkpt>
      <trkpt lat="59.657441" lon="8.193621">
        <ele>724.622609</ele>
        <time>2024-08-09T04:53:33.166Z</time>
      </trkpt>
      <trkpt lat="59.656965" lon="8.193295">
        <ele>725.461126</ele>
        <time>2024-08-09T04:53:50.279Z</time>
      </trkpt>
      <trkpt lat="59.656701" lon="8.193254">
        <ele>725.901976</ele>
        <time>2024-08-09T04:53:57.981Z</time>
      </trkpt>
      <trkpt lat="59.656537" lon="8.193287">
        <ele>726.176405</ele>
        <time>2024-08-09T04:54:02.641Z</time>
      </trkpt>
      <trkpt lat="59.655648" lon="8.193591">
        <ele>726.040558</ele>
        <time>2024-08-09T04:54:23.112Z</time>
      </trkpt>
      <trkpt lat="59.655330" lon="8.193893">
        <ele>725.535484</ele>
        <time>2024-08-09T04:54:29.896Z</time>
      </trkpt>
      <trkpt lat="59.655048" lon="8.194292">
        <ele>725.039100</ele>
        <time>2024-08-09T04:54:36.120Z</time>
      </trkpt>
      <trkpt lat="59.654722" lon="8.194569">
        <ele>724.531074</ele>
        <time>2024-08-09T04:54:42.340Z</time>
      </trkpt>
      <trkpt lat="59.653576" lon="8.194789">
        <ele>722.163831</ele>
        <time>2024-08-09T04:55:02.684Z</time>
      </trkpt>
      <trkpt lat="59.653369" lon="8.194796">
        <ele>721.708397</ele>
        <time>2024-08-09T04:55:06.510Z</time>
      </trkpt>
      <trkpt lat="59.653178" lon="8.194728">
        <ele>721.281484</ele>
        <time>2024-08-09T04:55:10.120Z</time>
      </trkpt>
      <trkpt lat="59.653078" lon="8.194662">
        <ele>721.049592</ele>
        <time>2024-08-09T04:55:12.051Z</time>
      </trkpt>
      <trkpt lat="59.652871" lon="8.194436">
        <ele>720.529541</ele>
        <time>2024-08-09T04:55:16.409Z</time>
      </trkpt>
      <trkpt lat="59.652541" lon="8.193985">
        <ele>719.937315</ele>
        <time>2024-08-09T04:55:24.032Z</time>
      </trkpt>
      <trkpt lat="59.652399" lon="8.193729">
        <ele>719.712986</ele>
        <time>2024-08-09T04:55:27.728Z</time>
      </trkpt>
      <trkpt lat="59.652157" lon="8.193160">
        <ele>719.274105</ele>
        <time>2024-08-09T04:55:35.061Z</time>
      </trkpt>
      <trkpt lat="59.652022" lon="8.192930">
        <ele>719.066068</ele>
        <time>2024-08-09T04:55:38.561Z</time>
      </trkpt>
      <trkpt lat="59.651772" lon="8.192727">
        <ele>718.750473</ele>
        <time>2024-08-09T04:55:43.821Z</time>
      </trkpt>
      <trkpt lat="59.651709" lon="8.192685">
        <ele>718.672832</ele>
        <time>2024-08-09T04:55:45.195Z</time>
      </trkpt>
      <trkpt lat="59.651357" lon="8.192451">
        <ele>718.239156</ele>
        <time>2024-08-09T04:55:52.717Z</time>
      </trkpt>
      <trkpt lat="59.651186" lon="8.192277">
        <ele>718.111030</ele>
        <time>2024-08-09T04:55:56.646Z</time>
      </trkpt>
      <trkpt lat="59.650757" lon="8.191704">
        <ele>717.894564</ele>
        <time>2024-08-09T04:56:07.304Z</time>
      </trkpt>
      <trkpt lat="59.650618" lon="8.191597">
        <ele>717.832184</ele>
        <time>2024-08-09T04:56:10.415Z</time>
      </trkpt>
      <trkpt lat="59.650248" lon="8.191477">
        <ele>717.675368</ele>
        <time>2024-08-09T04:56:18.370Z</time>
      </trkpt>
      <trkpt lat="59.649863" lon="8.191539">
        <ele>717.513809</ele>
        <time>2024-08-09T04:56:26.674Z</time>
      </trkpt>
      <trkpt lat="59.647963" lon="8.192292">
        <ele>717.249738</ele>
        <time>2024-08-09T04:57:09.699Z</time>
      </trkpt>
      <trkpt lat="59.646385" lon="8.192956">
        <ele>716.613062</ele>
        <time>2024-08-09T04:57:44.311Z</time>
      </trkpt>
      <trkpt lat="59.645755" lon="8.193265">
        <ele>716.123941</ele>
        <time>2024-08-09T04:57:57.193Z</time>
      </trkpt>
      <trkpt lat="59.645437" lon="8.193458">
        <ele>715.783244</ele>
        <time>2024-08-09T04:58:03.695Z</time>
      </trkpt>
      <trkpt lat="59.644338" lon="8.194477">
        <ele>714.624756</ele>
        <time>2024-08-09T04:58:27.475Z</time>
      </trkpt>
      <trkpt lat="59.644159" lon="8.194578">
        <ele>714.579551</ele>
        <time>2024-08-09T04:58:31.296Z</time>
      </trkpt>
      <trkpt lat="59.643593" lon="8.194653">
        <ele>714.441787</ele>
        <time>2024-08-09T04:58:43.301Z</time>
      </trkpt>
      <trkpt lat="59.643449" lon="8.194731">
        <ele>714.405529</ele>
        <time>2024-08-09T04:58:46.572Z</time>
      </trkpt>
      <trkpt lat="59.642993" lon="8.195169">
        <ele>714.282428</ele>
        <time>2024-08-09T04:58:57.967Z</time>
      </trkpt>
      <trkpt lat="59.642583" lon="8.195754">
        <ele>714.204913</ele>
        <time>2024-08-09T04:59:10.254Z</time>
      </trkpt>
      <trkpt lat="59.641542" lon="8.196651">
        <ele>714.157738</ele>
        <time>2024-08-09T04:59:36.215Z</time>
      </trkpt>
      <trkpt lat="59.641048" lon="8.197193">
        <ele>714.052180</ele>
        <time>2024-08-09T04:59:48.100Z</time>
      </trkpt>
      <trkpt lat="59.639447" lon="8.199313">
        <ele>712.930305</ele>
        <time>2024-08-09T05:00:26.999Z</time>
      </trkpt>
      <trkpt lat="59.639412" lon="8.199356">
        <ele>712.935748</ele>
        <time>2024-08-09T05:00:27.874Z</time>
      </trkpt>
      <trkpt lat="59.639179" lon="8.199652">
        <ele>712.972335</ele>
        <time>2024-08-09T05:00:33.891Z</time>
      </trkpt>
      <trkpt lat="59.638048" lon="8.201126">
        <ele>713.184189</ele>
        <time>2024-08-09T05:01:07.446Z</time>
      </trkpt>
      <trkpt lat="59.637880" lon="8.201279">
        <ele>713.256152</ele>
        <time>2024-08-09T05:01:12.112Z</time>
      </trkpt>
      <trkpt lat="59.637670" lon="8.201386">
        <ele>713.340530</ele>
        <time>2024-08-09T05:01:17.647Z</time>
      </trkpt>
      <trkpt lat="59.637322" lon="8.201446">
        <ele>713.476451</ele>
        <time>2024-08-09T05:01:26.224Z</time>
      </trkpt>
      <trkpt lat="59.636838" lon="8.201469">
        <ele>713.664831</ele>
        <time>2024-08-09T05:01:37.730Z</time>
      </trkpt>
      <trkpt lat="59.636402" lon="8.201375">
        <ele>713.835316</ele>
        <time>2024-08-09T05:01:47.916Z</time>
      </trkpt>
      <trkpt lat="59.636247" lon="8.201408">
        <ele>713.887858</ele>
        <time>2024-08-09T05:01:51.548Z</time>
      </trkpt>
      <trkpt lat="59.635144" lon="8.201904">
        <ele>714.269083</ele>
        <time>2024-08-09T05:02:17.464Z</time>
      </trkpt>
      <trkpt lat="59.634432" lon="8.202140">
        <ele>714.563569</ele>
        <time>2024-08-09T05:02:36.302Z</time>
      </trkpt>
      <trkpt lat="59.633765" lon="8.202474">
        <ele>714.960344</ele>
        <time>2024-08-09T05:02:54.285Z</time>
      </trkpt>
      <trkpt lat="59.633346" lon="8.202716">
        <ele>715.212060</ele>
        <time>2024-08-09T05:03:05.326Z</time>
      </trkpt>
      <trkpt lat="59.633009" lon="8.202817">
        <ele>715.408617</ele>
        <time>2024-08-09T05:03:13.539Z</time>
      </trkpt>
      <trkpt lat="59.632842" lon="8.202792">
        <ele>715.464602</ele>
        <time>2024-08-09T05:03:17.515Z</time>
      </trkpt>
      <trkpt lat="59.632208" lon="8.202558">
        <ele>715.288334</ele>
        <time>2024-08-09T05:03:31.847Z</time>
      </trkpt>
      <trkpt lat="59.632156" lon="8.202535">
        <ele>715.273771</ele>
        <time>2024-08-09T05:03:33.072Z</time>
      </trkpt>
      <trkpt lat="59.631278" lon="8.202314">
        <ele>715.031872</ele>
        <time>2024-08-09T05:03:51.517Z</time>
      </trkpt>
      <trkpt lat="59.630686" lon="8.202196">
        <ele>714.784904</ele>
        <time>2024-08-09T05:04:03.754Z</time>
      </trkpt>
      <trkpt lat="59.629774" lon="8.201952">
        <ele>714.351758</ele>
        <time>2024-08-09T05:04:23.053Z</time>
      </trkpt>
      <trkpt lat="59.629052" lon="8.201529">
        <ele>714.080640</ele>
        <time>2024-08-09T05:04:39.116Z</time>
      </trkpt>
      <trkpt lat="59.628647" lon="8.201400">
        <ele>714.000670</ele>
        <time>2024-08-09T05:04:47.865Z</time>
      </trkpt>
      <trkpt lat="59.628525" lon="8.201316">
        <ele>713.975486</ele>
        <time>2024-08-09T05:04:50.641Z</time>
      </trkpt>
      <trkpt lat="59.628379" lon="8.201143">
        <ele>713.942307</ele>
        <time>2024-08-09T05:04:54.335Z</time>
      </trkpt>
      <trkpt lat="59.627918" lon="8.200470">
        <ele>713.830606</ele>
        <time>2024-08-09T05:05:07.047Z</time>
      </trkpt>
      <trkpt lat="59.627770" lon="8.200342">
        <ele>713.799116</ele>
        <time>2024-08-09T05:05:10.668Z</time>
      </trkpt>
      <trkpt lat="59.627548" lon="8.200307">
        <ele>713.766345</ele>
        <time>2024-08-09T05:05:15.580Z</time>
      </trkpt>
      <trkpt lat="59.627231" lon="8.200490">
        <ele>713.722614</ele>
        <time>2024-08-09T05:05:22.824Z</time>
      </trkpt>
      <trkpt lat="59.626900" lon="8.200532">
        <ele>713.678690</ele>
        <time>2024-08-09T05:05:29.993Z</time>
      </trkpt>
      <trkpt lat="59.626314" lon="8.200420">
        <ele>713.600726</ele>
        <time>2024-08-09T05:05:42.710Z</time>
      </trkpt>
      <trkpt lat="59.624867" lon="8.200048">
        <ele>713.365301</ele>
        <time>2024-08-09T05:06:14.648Z</time>
      </trkpt>
      <trkpt lat="59.624797" lon="8.200035">
        <ele>713.353248</ele>
        <time>2024-08-09T05:06:16.182Z</time>
      </trkpt>
      <trkpt lat="59.624755" lon="8.200024">
        <ele>713.345984</ele>
        <time>2024-08-09T05:06:17.130Z</time>
      </trkpt>
      <trkpt lat="59.624199" lon="8.199902">
        <ele>713.250079</ele>
        <time>2024-08-09T05:06:29.047Z</time>
      </trkpt>
      <trkpt lat="59.623433" lon="8.200161">
        <ele>713.239777</ele>
        <time>2024-08-09T05:06:46.167Z</time>
      </trkpt>
      <trkpt lat="59.623379" lon="8.200164">
        <ele>713.239588</ele>
        <time>2024-08-09T05:06:47.500Z</time>
      </trkpt>
      <trkpt lat="59.622214" lon="8.200262">
        <ele>713.212813</ele>
        <time>2024-08-09T05:07:13.995Z</time>
      </trkpt>
      <trkpt lat="59.621939" lon="8.200242">
        <ele>713.171157</ele>
        <time>2024-08-09T05:07:20.045Z</time>
      </trkpt>
      <trkpt lat="59.621743" lon="8.200155">
        <ele>713.140749</ele>
        <time>2024-08-09T05:07:24.473Z</time>
      </trkpt>
      <trkpt lat="59.620690" lon="8.199606">
        <ele>712.975903</ele>
        <time>2024-08-09T05:07:48.097Z</time>
      </trkpt>
      <trkpt lat="59.620348" lon="8.199380">
        <ele>712.893565</ele>
        <time>2024-08-09T05:07:55.905Z</time>
      </trkpt>
      <trkpt lat="59.619209" lon="8.198483">
        <ele>712.586643</ele>
        <time>2024-08-09T05:08:22.169Z</time>
      </trkpt>
      <trkpt lat="59.618857" lon="8.198078">
        <ele>712.460775</ele>
        <time>2024-08-09T05:08:30.886Z</time>
      </trkpt>
      <trkpt lat="59.618640" lon="8.197634">
        <ele>712.317691</ele>
        <time>2024-08-09T05:08:37.598Z</time>
      </trkpt>
      <trkpt lat="59.618321" lon="8.196700">
        <ele>712.056515</ele>
        <time>2024-08-09T05:08:49.691Z</time>
      </trkpt>
      <trkpt lat="59.618238" lon="8.196522">
        <ele>712.000409</ele>
        <time>2024-08-09T05:08:52.252Z</time>
      </trkpt>
      <trkpt lat="59.618102" lon="8.196345">
        <ele>711.925806</ele>
        <time>2024-08-09T05:08:55.688Z</time>
      </trkpt>
      <trkpt lat="59.618032" lon="8.196308">
        <ele>711.892605</ele>
        <time>2024-08-09T05:08:57.186Z</time>
      </trkpt>
      <trkpt lat="59.617896" lon="8.196322">
        <ele>711.830205</ele>
        <time>2024-08-09T05:09:00.036Z</time>
      </trkpt>
      <trkpt lat="59.617366" lon="8.196734">
        <ele>711.600728</ele>
        <time>2024-08-09T05:09:11.664Z</time>
      </trkpt>
      <trkpt lat="59.617226" lon="8.196778">
        <ele>711.552793</ele>
        <time>2024-08-09T05:09:14.531Z</time>
      </trkpt>
      <trkpt lat="59.617187" lon="8.197172">
        <ele>711.484131</ele>
        <time>2024-08-09T05:09:18.696Z</time>
      </trkpt>
      <trkpt lat="59.616776" lon="8.199405">
        <ele>711.084990</ele>
        <time>2024-08-09T05:09:44.440Z</time>
      </trkpt>
      <trkpt lat="59.615919" lon="8.202737">
        <ele>711.803182</ele>
        <time>2024-08-09T05:10:30.840Z</time>
      </trkpt>
      <trkpt lat="59.615615" lon="8.204033">
        <ele>712.075732</ele>
        <time>2024-08-09T05:10:49.021Z</time>
      </trkpt>
      <trkpt lat="59.615499" lon="8.204697">
        <ele>712.209756</ele>
        <time>2024-08-09T05:10:57.614Z</time>
      </trkpt>
      <trkpt lat="59.615475" lon="8.205071">
        <ele>712.281682</ele>
        <time>2024-08-09T05:11:02.183Z</time>
      </trkpt>
      <trkpt lat="59.615546" lon="8.205744">
        <ele>712.412843</ele>
        <time>2024-08-09T05:11:10.293Z</time>
      </trkpt>
      <trkpt lat="59.615793" lon="8.207236">
        <ele>712.754966</ele>
        <time>2024-08-09T05:11:27.980Z</time>
      </trkpt>
      <trkpt lat="59.616291" lon="8.210206">
        <ele>713.863607</ele>
        <time>2024-08-09T05:12:08.271Z</time>
      </trkpt>
      <trkpt lat="59.616391" lon="8.210920">
        <ele>714.341382</ele>
        <time>2024-08-09T05:12:19.658Z</time>
      </trkpt>
      <trkpt lat="59.616473" lon="8.211734">
        <ele>714.876627</ele>
        <time>2024-08-09T05:12:32.461Z</time>
      </trkpt>
      <trkpt lat="59.616483" lon="8.212250">
        <ele>715.209630</ele>
        <time>2024-08-09T05:12:40.314Z</time>
      </trkpt>
      <trkpt lat="59.616460" lon="8.212487">
        <ele>715.365255</ele>
        <time>2024-08-09T05:12:43.967Z</time>
      </trkpt>
      <trkpt lat="59.616388" lon="8.212855">
        <ele>715.559644</ele>
        <time>2024-08-09T05:12:49.874Z</time>
      </trkpt>
      <trkpt lat="59.616256" lon="8.213229">
        <ele>715.672598</ele>
        <time>2024-08-09T05:12:56.723Z</time>
      </trkpt>
      <trkpt lat="59.615829" lon="8.214001">
        <ele>715.955937</ele>
        <time>2024-08-09T05:13:12.945Z</time>
      </trkpt>
      <trkpt lat="59.615173" lon="8.215031">
        <ele>716.366147</ele>
        <time>2024-08-09T05:13:31.222Z</time>
      </trkpt>
      <trkpt lat="59.614934" lon="8.215510">
        <ele>716.273654</ele>
        <time>2024-08-09T05:13:38.047Z</time>
      </trkpt>
      <trkpt lat="59.614826" lon="8.215838">
        <ele>716.177117</ele>
        <time>2024-08-09T05:13:42.066Z</time>
      </trkpt>
      <trkpt lat="59.614730" lon="8.216240">
        <ele>716.067465</ele>
        <time>2024-08-09T05:13:46.632Z</time>
      </trkpt>
      <trkpt lat="59.614420" lon="8.217665">
        <ele>715.684843</ele>
        <time>2024-08-09T05:14:02.981Z</time>
      </trkpt>
      <trkpt lat="59.614257" lon="8.218138">
        <ele>715.543667</ele>
        <time>2024-08-09T05:14:09.242Z</time>
      </trkpt>
      <trkpt lat="59.614118" lon="8.218380">
        <ele>715.587128</ele>
        <time>2024-08-09T05:14:13.244Z</time>
      </trkpt>
      <trkpt lat="59.613816" lon="8.218720">
        <ele>715.730382</ele>
        <time>2024-08-09T05:14:20.818Z</time>
      </trkpt>
      <trkpt lat="59.613236" lon="8.219167">
        <ele>715.986983</ele>
        <time>2024-08-09T05:14:35.651Z</time>
      </trkpt>
      <trkpt lat="59.612916" lon="8.219486">
        <ele>716.134708</ele>
        <time>2024-08-09T05:14:45.260Z</time>
      </trkpt>
      <trkpt lat="59.612441" lon="8.220381">
        <ele>716.545898</ele>
        <time>2024-08-09T05:15:03.160Z</time>
      </trkpt>
      <trkpt lat="59.611610" lon="8.222021">
        <ele>717.523623</ele>
        <time>2024-08-09T05:15:35.473Z</time>
      </trkpt>
      <trkpt lat="59.611354" lon="8.222337">
        <ele>717.766173</ele>
        <time>2024-08-09T05:15:42.784Z</time>
      </trkpt>
      <trkpt lat="59.611173" lon="8.222456">
        <ele>717.786296</ele>
        <time>2024-08-09T05:15:47.173Z</time>
      </trkpt>
      <trkpt lat="59.610907" lon="8.222513">
        <ele>717.814522</ele>
        <time>2024-08-09T05:15:52.891Z</time>
      </trkpt>
      <trkpt lat="59.609836" lon="8.222403">
        <ele>717.927659</ele>
        <time>2024-08-09T05:16:17.036Z</time>
      </trkpt>
      <trkpt lat="59.609497" lon="8.222522">
        <ele>717.957916</ele>
        <time>2024-08-09T05:16:25.053Z</time>
      </trkpt>
      <trkpt lat="59.609188" lon="8.222828">
        <ele>717.970675</ele>
        <time>2024-08-09T05:16:32.655Z</time>
      </trkpt>
      <trkpt lat="59.608925" lon="8.223289">
        <ele>717.983652</ele>
        <time>2024-08-09T05:16:40.553Z</time>
      </trkpt>
      <trkpt lat="59.608733" lon="8.223918">
        <ele>717.997373</ele>
        <time>2024-08-09T05:16:49.091Z</time>
      </trkpt>
      <trkpt lat="59.608654" lon="8.224383">
        <ele>718.006535</ele>
        <time>2024-08-09T05:16:55.211Z</time>
      </trkpt>
      <trkpt lat="59.608163" lon="8.228991">
        <ele>717.437886</ele>
        <time>2024-08-09T05:17:46.253Z</time>
      </trkpt>
      <trkpt lat="59.608050" lon="8.229569">
        <ele>717.319114</ele>
        <time>2024-08-09T05:17:52.685Z</time>
      </trkpt>
      <trkpt lat="59.607974" lon="8.229840">
        <ele>717.259722</ele>
        <time>2024-08-09T05:17:55.964Z</time>
      </trkpt>
      <trkpt lat="59.607608" lon="8.230775">
        <ele>717.033122</ele>
        <time>2024-08-09T05:18:08.514Z</time>
      </trkpt>
      <trkpt lat="59.607082" lon="8.232034">
        <ele>716.880581</ele>
        <time>2024-08-09T05:18:26.403Z</time>
      </trkpt>
      <trkpt lat="59.606300" lon="8.234013">
        <ele>717.111357</ele>
        <time>2024-08-09T05:18:55.840Z</time>
      </trkpt>
      <trkpt lat="59.605466" lon="8.236186">
        <ele>717.742758</ele>
        <time>2024-08-09T05:19:30.028Z</time>
      </trkpt>
      <trkpt lat="59.604835" lon="8.237820">
        <ele>718.324442</ele>
        <time>2024-08-09T05:19:56.442Z</time>
      </trkpt>
      <trkpt lat="59.604136" lon="8.239244">
        <ele>718.961210</ele>
        <time>2024-08-09T05:20:21.471Z</time>
      </trkpt>
      <trkpt lat="59.604039" lon="8.239475">
        <ele>719.057556</ele>
        <time>2024-08-09T05:20:25.336Z</time>
      </trkpt>
      <trkpt lat="59.603883" lon="8.239972">
        <ele>719.267549</ele>
        <time>2024-08-09T05:20:33.013Z</time>
      </trkpt>
      <trkpt lat="59.603742" lon="8.240800">
        <ele>719.852166</ele>
        <time>2024-08-09T05:20:44.757Z</time>
      </trkpt>
      <trkpt lat="59.603714" lon="8.241380">
        <ele>720.242051</ele>
        <time>2024-08-09T05:20:52.789Z</time>
      </trkpt>
      <trkpt lat="59.603744" lon="8.242005">
        <ele>720.662165</ele>
        <time>2024-08-09T05:21:02.078Z</time>
      </trkpt>
      <trkpt lat="59.603826" lon="8.242941">
        <ele>721.297834</ele>
        <time>2024-08-09T05:21:17.006Z</time>
      </trkpt>
      <trkpt lat="59.603865" lon="8.244412">
        <ele>722.486516</ele>
        <time>2024-08-09T05:21:40.771Z</time>
      </trkpt>
      <trkpt lat="59.603889" lon="8.245149">
        <ele>723.128228</ele>
        <time>2024-08-09T05:21:52.713Z</time>
      </trkpt>
      <trkpt lat="59.603952" lon="8.245691">
        <ele>723.611445</ele>
        <time>2024-08-09T05:22:01.583Z</time>
      </trkpt>
      <trkpt lat="59.604068" lon="8.246189">
        <ele>724.087813</ele>
        <time>2024-08-09T05:22:10.180Z</time>
      </trkpt>
      <trkpt lat="59.604158" lon="8.246438">
        <ele>724.353705</ele>
        <time>2024-08-09T05:22:14.959Z</time>
      </trkpt>
      <trkpt lat="59.605093" lon="8.248368">
        <ele>725.650656</ele>
        <time>2024-08-09T05:22:52.063Z</time>
      </trkpt>
      <trkpt lat="59.607568" lon="8.253463">
        <ele>727.595257</ele>
        <time>2024-08-09T05:24:17.117Z</time>
      </trkpt>
      <trkpt lat="59.607756" lon="8.253821">
        <ele>727.789920</ele>
        <time>2024-08-09T05:24:24.653Z</time>
      </trkpt>
      <trkpt lat="59.608081" lon="8.254167">
        <ele>728.065184</ele>
        <time>2024-08-09T05:24:35.497Z</time>
      </trkpt>
      <trkpt lat="59.608382" lon="8.254308">
        <ele>728.450174</ele>
        <time>2024-08-09T05:24:44.772Z</time>
      </trkpt>
      <trkpt lat="59.609104" lon="8.254343">
        <ele>729.398547</ele>
        <time>2024-08-09T05:25:06.577Z</time>
      </trkpt>
      <trkpt lat="59.609584" lon="8.254549">
        <ele>730.043539</ele>
        <time>2024-08-09T05:25:20.040Z</time>
      </trkpt>
      <trkpt lat="59.609907" lon="8.254745">
        <ele>730.528839</ele>
        <time>2024-08-09T05:25:28.443Z</time>
      </trkpt>
      <trkpt lat="59.610545" lon="8.255363">
        <ele>732.664493</ele>
        <time>2024-08-09T05:25:49.734Z</time>
      </trkpt>
      <trkpt lat="59.610862" lon="8.255785">
        <ele>733.813299</ele>
        <time>2024-08-09T05:26:03.467Z</time>
      </trkpt>
      <trkpt lat="59.611054" lon="8.256154">
        <ele>734.618237</ele>
        <time>2024-08-09T05:26:14.303Z</time>
      </trkpt>
      <trkpt lat="59.611214" lon="8.256557">
        <ele>735.397233</ele>
        <time>2024-08-09T05:26:25.886Z</time>
      </trkpt>
      <trkpt lat="59.611570" lon="8.257744">
        <ele>740.090923</ele>
        <time>2024-08-09T05:27:02.458Z</time>
      </trkpt>
      <trkpt lat="59.611694" lon="8.258085">
        <ele>741.743791</ele>
        <time>2024-08-09T05:27:14.902Z</time>
      </trkpt>
      <trkpt lat="59.611965" lon="8.258603">
        <ele>744.676702</ele>
        <time>2024-08-09T05:27:39.441Z</time>
      </trkpt>
      <trkpt lat="59.612241" lon="8.258934">
        <ele>747.188329</ele>
        <time>2024-08-09T05:28:02.025Z</time>
      </trkpt>
      <trkpt lat="59.613127" lon="8.259607">
        <ele>754.623599</ele>
        <time>2024-08-09T05:29:08.851Z</time>
      </trkpt>
      <trkpt lat="59.613970" lon="8.260503">
        <ele>762.150030</ele>
        <time>2024-08-09T05:30:06.251Z</time>
      </trkpt>
      <trkpt lat="59.614150" lon="8.260613">
        <ele>763.631578</ele>
        <time>2024-08-09T05:30:16.075Z</time>
      </trkpt>
      <trkpt lat="59.614519" lon="8.260695">
        <ele>765.778904</ele>
        <time>2024-08-09T05:30:34.325Z</time>
      </trkpt>
      <trkpt lat="59.614898" lon="8.260581">
        <ele>767.880822</ele>
        <time>2024-08-09T05:30:52.480Z</time>
      </trkpt>
      <trkpt lat="59.615414" lon="8.260356">
        <ele>770.777972</ele>
        <time>2024-08-09T05:31:16.954Z</time>
      </trkpt>
      <trkpt lat="59.615826" lon="8.260297">
        <ele>773.042828</ele>
        <time>2024-08-09T05:31:36.772Z</time>
      </trkpt>
      <trkpt lat="59.616184" lon="8.260385">
        <ele>775.574222</ele>
        <time>2024-08-09T05:31:55.429Z</time>
      </trkpt>
      <trkpt lat="59.616767" lon="8.260785">
        <ele>780.572587</ele>
        <time>2024-08-09T05:32:31.897Z</time>
      </trkpt>
      <trkpt lat="59.617304" lon="8.261057">
        <ele>785.062581</ele>
        <time>2024-08-09T05:33:09.410Z</time>
      </trkpt>
      <trkpt lat="59.617450" lon="8.261090">
        <ele>786.252837</ele>
        <time>2024-08-09T05:33:20.033Z</time>
      </trkpt>
      <trkpt lat="59.617990" lon="8.261038">
        <ele>790.472036</ele>
        <time>2024-08-09T05:33:58.624Z</time>
      </trkpt>
      <trkpt lat="59.618197" lon="8.261057">
        <ele>792.028669</ele>
        <time>2024-08-09T05:34:13.398Z</time>
      </trkpt>
      <trkpt lat="59.618977" lon="8.261290">
        <ele>797.954421</ele>
        <time>2024-08-09T05:35:03.585Z</time>
      </trkpt>
      <trkpt lat="59.619345" lon="8.261356">
        <ele>800.730139</ele>
        <time>2024-08-09T05:35:22.624Z</time>
      </trkpt>
      <trkpt lat="59.619616" lon="8.261257">
        <ele>802.075139</ele>
        <time>2024-08-09T05:35:34.988Z</time>
      </trkpt>
      <trkpt lat="59.619982" lon="8.260916">
        <ele>802.549909</ele>
        <time>2024-08-09T05:35:49.669Z</time>
      </trkpt>
      <trkpt lat="59.620177" lon="8.260584">
        <ele>802.851866</ele>
        <time>2024-08-09T05:35:56.991Z</time>
      </trkpt>
      <trkpt lat="59.620392" lon="8.260000">
        <ele>803.280542</ele>
        <time>2024-08-09T05:36:05.912Z</time>
      </trkpt>
      <trkpt lat="59.620683" lon="8.259020">
        <ele>803.954952</ele>
        <time>2024-08-09T05:36:17.789Z</time>
      </trkpt>
      <trkpt lat="59.621086" lon="8.258084">
        <ele>803.256231</ele>
        <time>2024-08-09T05:36:29.533Z</time>
      </trkpt>
      <trkpt lat="59.621937" lon="8.256379">
        <ele>801.470085</ele>
        <time>2024-08-09T05:36:52.425Z</time>
      </trkpt>
      <trkpt lat="59.622645" lon="8.255059">
        <ele>800.462945</ele>
        <time>2024-08-09T05:37:11.181Z</time>
      </trkpt>
      <trkpt lat="59.623063" lon="8.254416">
        <ele>799.926836</ele>
        <time>2024-08-09T05:37:21.817Z</time>
      </trkpt>
      <trkpt lat="59.623195" lon="8.254274">
        <ele>799.774716</ele>
        <time>2024-08-09T05:37:24.895Z</time>
      </trkpt>
      <trkpt lat="59.623482" lon="8.254095">
        <ele>799.602560</ele>
        <time>2024-08-09T05:37:31.300Z</time>
      </trkpt>
      <trkpt lat="59.623863" lon="8.254043">
        <ele>799.687002</ele>
        <time>2024-08-09T05:37:39.724Z</time>
      </trkpt>
      <trkpt lat="59.624170" lon="8.254117">
        <ele>799.755383</ele>
        <time>2024-08-09T05:37:46.749Z</time>
      </trkpt>
      <trkpt lat="59.624799" lon="8.254421">
        <ele>799.898552</ele>
        <time>2024-08-09T05:38:02.537Z</time>
      </trkpt>
      <trkpt lat="59.625106" lon="8.254444">
        <ele>799.966480</ele>
        <time>2024-08-09T05:38:10.639Z</time>
      </trkpt>
      <trkpt lat="59.625621" lon="8.254349">
        <ele>799.784305</ele>
        <time>2024-08-09T05:38:24.147Z</time>
      </trkpt>
      <trkpt lat="59.626820" lon="8.254025">
        <ele>799.291463</ele>
        <time>2024-08-09T05:38:49.041Z</time>
      </trkpt>
      <trkpt lat="59.626969" lon="8.253992">
        <ele>799.205506</ele>
        <time>2024-08-09T05:38:51.871Z</time>
      </trkpt>
      <trkpt lat="59.627283" lon="8.253986">
        <ele>798.843191</ele>
        <time>2024-08-09T05:38:57.688Z</time>
      </trkpt>
      <trkpt lat="59.627660" lon="8.254086">
        <ele>798.404309</ele>
        <time>2024-08-09T05:39:04.878Z</time>
      </trkpt>
      <trkpt lat="59.628124" lon="8.254341">
        <ele>797.848656</ele>
        <time>2024-08-09T05:39:14.595Z</time>
      </trkpt>
      <trkpt lat="59.628560" lon="8.254814">
        <ele>797.274885</ele>
        <time>2024-08-09T05:39:24.545Z</time>
      </trkpt>
      <trkpt lat="59.628717" lon="8.255031">
        <ele>797.064563</ele>
        <time>2024-08-09T05:39:28.283Z</time>
      </trkpt>
      <trkpt lat="59.629004" lon="8.255537">
        <ele>796.662210</ele>
        <time>2024-08-09T05:39:35.830Z</time>
      </trkpt>
      <trkpt lat="59.629257" lon="8.256040">
        <ele>796.286800</ele>
        <time>2024-08-09T05:39:43.001Z</time>
      </trkpt>
      <trkpt lat="59.630564" lon="8.258730">
        <ele>794.406766</ele>
        <time>2024-08-09T05:40:20.285Z</time>
      </trkpt>
      <trkpt lat="59.630921" lon="8.259544">
        <ele>793.891633</ele>
        <time>2024-08-09T05:40:30.698Z</time>
      </trkpt>
      <trkpt lat="59.631014" lon="8.259806">
        <ele>793.738600</ele>
        <time>2024-08-09T05:40:33.954Z</time>
      </trkpt>
      <trkpt lat="59.631171" lon="8.260406">
        <ele>793.833513</ele>
        <time>2024-08-09T05:40:41.234Z</time>
      </trkpt>
      <trkpt lat="59.631229" lon="8.260715">
        <ele>794.063108</ele>
        <time>2024-08-09T05:40:45.291Z</time>
      </trkpt>
      <trkpt lat="59.631306" lon="8.261422">
        <ele>794.566879</ele>
        <time>2024-08-09T05:40:55.044Z</time>
      </trkpt>
      <trkpt lat="59.631333" lon="8.262026">
        <ele>794.989247</ele>
        <time>2024-08-09T05:41:04.292Z</time>
      </trkpt>
      <trkpt lat="59.631343" lon="8.263204">
        <ele>795.809917</ele>
        <time>2024-08-09T05:41:24.226Z</time>
      </trkpt>
      <trkpt lat="59.631389" lon="8.263633">
        <ele>796.148425</ele>
        <time>2024-08-09T05:41:32.306Z</time>
      </trkpt>
      <trkpt lat="59.631398" lon="8.263702">
        <ele>796.229896</ele>
        <time>2024-08-09T05:41:33.514Z</time>
      </trkpt>
      <trkpt lat="59.631538" lon="8.264410">
        <ele>797.099068</ele>
        <time>2024-08-09T05:41:47.433Z</time>
      </trkpt>
      <trkpt lat="59.631618" lon="8.264672">
        <ele>797.449007</ele>
        <time>2024-08-09T05:41:53.122Z</time>
      </trkpt>
      <trkpt lat="59.631738" lon="8.264971">
        <ele>797.885473</ele>
        <time>2024-08-09T05:42:00.294Z</time>
      </trkpt>
      <trkpt lat="59.631982" lon="8.265428">
        <ele>798.645386</ele>
        <time>2024-08-09T05:42:12.637Z</time>
      </trkpt>
      <trkpt lat="59.632304" lon="8.265833">
        <ele>799.508319</ele>
        <time>2024-08-09T05:42:25.892Z</time>
      </trkpt>
      <trkpt lat="59.633576" lon="8.267091">
        <ele>800.245344</ele>
        <time>2024-08-09T05:43:01.722Z</time>
      </trkpt>
      <trkpt lat="59.634331" lon="8.267912">
        <ele>799.963601</ele>
        <time>2024-08-09T05:43:18.954Z</time>
      </trkpt>
      <trkpt lat="59.634602" lon="8.268294">
        <ele>799.413195</ele>
        <time>2024-08-09T05:43:25.384Z</time>
      </trkpt>
      <trkpt lat="59.634886" lon="8.268790">
        <ele>798.786567</ele>
        <time>2024-08-09T05:43:32.481Z</time>
      </trkpt>
      <trkpt lat="59.635266" lon="8.269580">
        <ele>797.874767</ele>
        <time>2024-08-09T05:43:42.607Z</time>
      </trkpt>
      <trkpt lat="59.635493" lon="8.270148">
        <ele>797.239544</ele>
        <time>2024-08-09T05:43:49.307Z</time>
      </trkpt>
      <trkpt lat="59.636350" lon="8.272467">
        <ele>793.748278</ele>
        <time>2024-08-09T05:44:15.464Z</time>
      </trkpt>
      <trkpt lat="59.636668" lon="8.273546">
        <ele>792.085385</ele>
        <time>2024-08-09T05:44:26.391Z</time>
      </trkpt>
      <trkpt lat="59.636743" lon="8.273903">
        <ele>791.528259</ele>
        <time>2024-08-09T05:44:29.749Z</time>
      </trkpt>
      <trkpt lat="59.636789" lon="8.274258">
        <ele>791.000137</ele>
        <time>2024-08-09T05:44:32.937Z</time>
      </trkpt>
      <trkpt lat="59.636849" lon="8.275100">
        <ele>789.774760</ele>
        <time>2024-08-09T05:44:40.361Z</time>
      </trkpt>
      <trkpt lat="59.636835" lon="8.275994">
        <ele>788.485828</ele>
        <time>2024-08-09T05:44:48.267Z</time>
      </trkpt>
      <trkpt lat="59.636781" lon="8.276933">
        <ele>787.268089</ele>
        <time>2024-08-09T05:44:56.661Z</time>
      </trkpt>
      <trkpt lat="59.636678" lon="8.277814">
        <ele>786.212501</ele>
        <time>2024-08-09T05:45:04.768Z</time>
      </trkpt>
      <trkpt lat="59.636534" lon="8.278710">
        <ele>785.114954</ele>
        <time>2024-08-09T05:45:13.293Z</time>
      </trkpt>
      <trkpt lat="59.635806" lon="8.281814">
        <ele>781.875167</ele>
        <time>2024-08-09T05:45:45.203Z</time>
      </trkpt>
      <trkpt lat="59.635706" lon="8.282542">
        <ele>781.249294</ele>
        <time>2024-08-09T05:45:52.499Z</time>
      </trkpt>
      <trkpt lat="59.635706" lon="8.282990">
        <ele>780.877619</ele>
        <time>2024-08-09T05:45:56.940Z</time>
      </trkpt>
      <trkpt lat="59.635743" lon="8.283565">
        <ele>780.680798</ele>
        <time>2024-08-09T05:46:02.787Z</time>
      </trkpt>
      <trkpt lat="59.635839" lon="8.284239">
        <ele>780.533680</ele>
        <time>2024-08-09T05:46:10.023Z</time>
      </trkpt>
      <trkpt lat="59.635989" lon="8.284784">
        <ele>780.403307</ele>
        <time>2024-08-09T05:46:16.503Z</time>
      </trkpt>
      <trkpt lat="59.636231" lon="8.285333">
        <ele>780.250271</ele>
        <time>2024-08-09T05:46:24.249Z</time>
      </trkpt>
      <trkpt lat="59.636744" lon="8.286136">
        <ele>780.127393</ele>
        <time>2024-08-09T05:46:38.527Z</time>
      </trkpt>
      <trkpt lat="59.637921" lon="8.287783">
        <ele>781.272458</ele>
        <time>2024-08-09T05:47:19.675Z</time>
      </trkpt>
      <trkpt lat="59.638322" lon="8.288512">
        <ele>780.887763</ele>
        <time>2024-08-09T05:47:32.907Z</time>
      </trkpt>
      <trkpt lat="59.638707" lon="8.289643">
        <ele>779.622725</ele>
        <time>2024-08-09T05:47:46.843Z</time>
      </trkpt>
      <trkpt lat="59.639299" lon="8.292009">
        <ele>775.258214</ele>
        <time>2024-08-09T05:48:09.097Z</time>
      </trkpt>
      <trkpt lat="59.639514" lon="8.292608">
        <ele>773.249138</ele>
        <time>2024-08-09T05:48:14.782Z</time>
      </trkpt>
      <trkpt lat="59.639989" lon="8.293723">
        <ele>769.261432</ele>
        <time>2024-08-09T05:48:26.122Z</time>
      </trkpt>
      <trkpt lat="59.640234" lon="8.294645">
        <ele>765.885130</ele>
        <time>2024-08-09T05:48:34.146Z</time>
      </trkpt>
      <trkpt lat="59.640329" lon="8.295724">
        <ele>762.104609</ele>
        <time>2024-08-09T05:48:42.459Z</time>
      </trkpt>
      <trkpt lat="59.640317" lon="8.296869">
        <ele>758.151514</ele>
        <time>2024-08-09T05:48:51.122Z</time>
      </trkpt>
      <trkpt lat="59.640166" lon="8.299019">
        <ele>750.606785</ele>
        <time>2024-08-09T05:49:07.588Z</time>
      </trkpt>
      <trkpt lat="59.640032" lon="8.300153">
        <ele>746.548689</ele>
        <time>2024-08-09T05:49:16.429Z</time>
      </trkpt>
      <trkpt lat="59.640019" lon="8.300986">
        <ele>743.643382</ele>
        <time>2024-08-09T05:49:22.775Z</time>
      </trkpt>
      <trkpt lat="59.640121" lon="8.302849">
        <ele>737.029639</ele>
        <time>2024-08-09T05:49:37.094Z</time>
      </trkpt>
      <trkpt lat="59.640265" lon="8.304527">
        <ele>731.050025</ele>
        <time>2024-08-09T05:49:49.890Z</time>
      </trkpt>
      <trkpt lat="59.640314" lon="8.304946">
        <ele>729.794443</ele>
        <time>2024-08-09T05:49:53.121Z</time>
      </trkpt>
      <trkpt lat="59.640632" lon="8.306833">
        <ele>723.987243</ele>
        <time>2024-08-09T05:50:08.370Z</time>
      </trkpt>
      <trkpt lat="59.640761" lon="8.307889">
        <ele>720.815532</ele>
        <time>2024-08-09T05:50:17.298Z</time>
      </trkpt>
      <trkpt lat="59.640947" lon="8.311348">
        <ele>715.295221</ele>
        <time>2024-08-09T05:50:48.608Z</time>
      </trkpt>
      <trkpt lat="59.640885" lon="8.313610">
        <ele>709.246311</ele>
        <time>2024-08-09T05:51:06.536Z</time>
      </trkpt>
      <trkpt lat="59.640912" lon="8.315589">
        <ele>704.231043</ele>
        <time>2024-08-09T05:51:21.802Z</time>
      </trkpt>
      <trkpt lat="59.640933" lon="8.316679">
        <ele>701.923664</ele>
        <time>2024-08-09T05:51:30.469Z</time>
      </trkpt>
      <trkpt lat="59.640936" lon="8.316958">
        <ele>701.333355</ele>
        <time>2024-08-09T05:51:32.706Z</time>
      </trkpt>
      <trkpt lat="59.640929" lon="8.317673">
        <ele>699.820613</ele>
        <time>2024-08-09T05:51:38.697Z</time>
      </trkpt>
      <trkpt lat="59.640840" lon="8.318324">
        <ele>698.394046</ele>
        <time>2024-08-09T05:51:44.731Z</time>
      </trkpt>
      <trkpt lat="59.639611" lon="8.323521">
        <ele>696.073320</ele>
        <time>2024-08-09T05:52:44.710Z</time>
      </trkpt>
      <trkpt lat="59.639528" lon="8.323962">
        <ele>695.990723</ele>
        <time>2024-08-09T05:52:50.084Z</time>
      </trkpt>
      <trkpt lat="59.639470" lon="8.324415">
        <ele>695.908700</ele>
        <time>2024-08-09T05:52:55.406Z</time>
      </trkpt>
      <trkpt lat="59.639350" lon="8.326382">
        <ele>695.412045</ele>
        <time>2024-08-09T05:53:17.304Z</time>
      </trkpt>
      <trkpt lat="59.639303" lon="8.326771">
        <ele>695.297346</ele>
        <time>2024-08-09T05:53:21.615Z</time>
      </trkpt>
      <trkpt lat="59.639221" lon="8.327159">
        <ele>695.176742</ele>
        <time>2024-08-09T05:53:26.128Z</time>
      </trkpt>
      <trkpt lat="59.638166" lon="8.331090">
        <ele>692.920968</ele>
        <time>2024-08-09T05:54:10.321Z</time>
      </trkpt>
      <trkpt lat="59.638036" lon="8.331737">
        <ele>692.425911</ele>
        <time>2024-08-09T05:54:17.050Z</time>
      </trkpt>
      <trkpt lat="59.637960" lon="8.332441">
        <ele>691.714359</ele>
        <time>2024-08-09T05:54:24.003Z</time>
      </trkpt>
      <trkpt lat="59.638001" lon="8.332908">
        <ele>691.245847</ele>
        <time>2024-08-09T05:54:28.579Z</time>
      </trkpt>
      <trkpt lat="59.638296" lon="8.333875">
        <ele>690.129440</ele>
        <time>2024-08-09T05:54:39.205Z</time>
      </trkpt>
      <trkpt lat="59.638535" lon="8.334650">
        <ele>689.232093</ele>
        <time>2024-08-09T05:54:47.320Z</time>
      </trkpt>
      <trkpt lat="59.638890" lon="8.335647">
        <ele>687.407912</ele>
        <time>2024-08-09T05:54:57.870Z</time>
      </trkpt>
      <trkpt lat="59.638964" lon="8.335930">
        <ele>686.910626</ele>
        <time>2024-08-09T05:55:00.618Z</time>
      </trkpt>
      <trkpt lat="59.639037" lon="8.336501">
        <ele>685.991397</ele>
        <time>2024-08-09T05:55:05.707Z</time>
      </trkpt>
      <trkpt lat="59.639085" lon="8.337660">
        <ele>684.176478</ele>
        <time>2024-08-09T05:55:15.830Z</time>
      </trkpt>
      <trkpt lat="59.639114" lon="8.337868">
        <ele>683.839728</ele>
        <time>2024-08-09T05:55:17.686Z</time>
      </trkpt>
      <trkpt lat="59.639512" lon="8.339919">
        <ele>679.854609</ele>
        <time>2024-08-09T05:55:36.668Z</time>
      </trkpt>
      <trkpt lat="59.639608" lon="8.340312">
        <ele>679.052326</ele>
        <time>2024-08-09T05:55:40.429Z</time>
      </trkpt>
      <trkpt lat="59.639783" lon="8.340630">
        <ele>678.188253</ele>
        <time>2024-08-09T05:55:44.417Z</time>
      </trkpt>
      <trkpt lat="59.640400" lon="8.341566">
        <ele>674.137776</ele>
        <time>2024-08-09T05:55:56.914Z</time>
      </trkpt>
      <trkpt lat="59.640683" lon="8.342330">
        <ele>671.098277</ele>
        <time>2024-08-09T05:56:04.233Z</time>
      </trkpt>
      <trkpt lat="59.641208" lon="8.343240">
        <ele>666.666943</ele>
        <time>2024-08-09T05:56:14.636Z</time>
      </trkpt>
      <trkpt lat="59.641385" lon="8.343620">
        <ele>664.902548</ele>
        <time>2024-08-09T05:56:18.474Z</time>
      </trkpt>
      <trkpt lat="59.641654" lon="8.344333">
        <ele>661.518033</ele>
        <time>2024-08-09T05:56:25.079Z</time>
      </trkpt>
      <trkpt lat="59.642247" lon="8.345516">
        <ele>655.180102</ele>
        <time>2024-08-09T05:56:37.504Z</time>
      </trkpt>
      <trkpt lat="59.642757" lon="8.346607">
        <ele>649.675557</ele>
        <time>2024-08-09T05:56:48.786Z</time>
      </trkpt>
      <trkpt lat="59.642881" lon="8.347000">
        <ele>648.017177</ele>
        <time>2024-08-09T05:56:52.380Z</time>
      </trkpt>
      <trkpt lat="59.642942" lon="8.347447">
        <ele>646.359849</ele>
        <time>2024-08-09T05:56:55.939Z</time>
      </trkpt>
      <trkpt lat="59.642937" lon="8.348639">
        <ele>642.092974</ele>
        <time>2024-08-09T05:57:05.029Z</time>
      </trkpt>
      <trkpt lat="59.642941" lon="8.349136">
        <ele>640.313752</ele>
        <time>2024-08-09T05:57:08.781Z</time>
      </trkpt>
      <trkpt lat="59.642909" lon="8.349778">
        <ele>637.532785</ele>
        <time>2024-08-09T05:57:13.545Z</time>
      </trkpt>
      <trkpt lat="59.642945" lon="8.350172">
        <ele>635.579607</ele>
        <time>2024-08-09T05:57:16.448Z</time>
      </trkpt>
      <trkpt lat="59.643054" lon="8.350552">
        <ele>633.448122</ele>
        <time>2024-08-09T05:57:19.646Z</time>
      </trkpt>
      <trkpt lat="59.643469" lon="8.351449">
        <ele>627.515748</ele>
        <time>2024-08-09T05:57:28.419Z</time>
      </trkpt>
      <trkpt lat="59.643655" lon="8.351790">
        <ele>625.068232</ele>
        <time>2024-08-09T05:57:31.993Z</time>
      </trkpt>
      <trkpt lat="59.643958" lon="8.352210">
        <ele>621.432118</ele>
        <time>2024-08-09T05:57:37.169Z</time>
      </trkpt>
      <trkpt lat="59.644090" lon="8.352336">
        <ele>619.810801</ele>
        <time>2024-08-09T05:57:39.210Z</time>
      </trkpt>
      <trkpt lat="59.644758" lon="8.352847">
        <ele>611.887877</ele>
        <time>2024-08-09T05:57:49.137Z</time>
      </trkpt>
      <trkpt lat="59.644952" lon="8.353033">
        <ele>609.503052</ele>
        <time>2024-08-09T05:57:52.129Z</time>
      </trkpt>
      <trkpt lat="59.645148" lon="8.353320">
        <ele>606.805648</ele>
        <time>2024-08-09T05:57:55.543Z</time>
      </trkpt>
      <trkpt lat="59.645322" lon="8.353677">
        <ele>604.032795</ele>
        <time>2024-08-09T05:57:59.076Z</time>
      </trkpt>
      <trkpt lat="59.645389" lon="8.353874">
        <ele>602.705262</ele>
        <time>2024-08-09T05:58:00.785Z</time>
      </trkpt>
      <trkpt lat="59.645592" lon="8.354846">
        <ele>597.993097</ele>
        <time>2024-08-09T05:58:08.301Z</time>
      </trkpt>
      <trkpt lat="59.645873" lon="8.356575">
        <ele>590.110630</ele>
        <time>2024-08-09T05:58:21.644Z</time>
      </trkpt>
      <trkpt lat="59.645924" lon="8.356897">
        <ele>588.646108</ele>
        <time>2024-08-09T05:58:24.130Z</time>
      </trkpt>
      <trkpt lat="59.646036" lon="8.357465">
        <ele>586.271278</ele>
        <time>2024-08-09T05:58:28.756Z</time>
      </trkpt>
      <trkpt lat="59.646102" lon="8.357861">
        <ele>585.282098</ele>
        <time>2024-08-09T05:58:32.008Z</time>
      </trkpt>
      <trkpt lat="59.646341" lon="8.359350">
        <ele>581.575948</ele>
        <time>2024-08-09T05:58:44.454Z</time>
      </trkpt>
      <trkpt lat="59.646386" lon="8.359716">
        <ele>580.682387</ele>
        <time>2024-08-09T05:58:47.555Z</time>
      </trkpt>
      <trkpt lat="59.646397" lon="8.360227">
        <ele>579.469085</ele>
        <time>2024-08-09T05:58:51.958Z</time>
      </trkpt>
      <trkpt lat="59.646331" lon="8.361380">
        <ele>577.698783</ele>
        <time>2024-08-09T05:59:02.415Z</time>
      </trkpt>
      <trkpt lat="59.646331" lon="8.362174">
        <ele>577.101526</ele>
        <time>2024-08-09T05:59:09.805Z</time>
      </trkpt>
      <trkpt lat="59.646425" lon="8.364423">
        <ele>575.430568</ele>
        <time>2024-08-09T05:59:32.420Z</time>
      </trkpt>
      <trkpt lat="59.646400" lon="8.364999">
        <ele>575.152646</ele>
        <time>2024-08-09T05:59:38.752Z</time>
      </trkpt>
      <trkpt lat="59.646152" lon="8.366298">
        <ele>574.485091</ele>
        <time>2024-08-09T05:59:53.730Z</time>
      </trkpt>
      <trkpt lat="59.646047" lon="8.367001">
        <ele>574.132680</ele>
        <time>2024-08-09T06:00:01.401Z</time>
      </trkpt>
      <trkpt lat="59.645951" lon="8.367874">
        <ele>573.515551</ele>
        <time>2024-08-09T06:00:09.987Z</time>
      </trkpt>
      <trkpt lat="59.645820" lon="8.370114">
        <ele>569.219228</ele>
        <time>2024-08-09T06:00:29.254Z</time>
      </trkpt>
      <trkpt lat="59.645710" lon="8.371008">
        <ele>567.466134</ele>
        <time>2024-08-09T06:00:36.609Z</time>
      </trkpt>
      <trkpt lat="59.645654" lon="8.371286">
        <ele>566.887902</ele>
        <time>2024-08-09T06:00:38.954Z</time>
      </trkpt>
      <trkpt lat="59.645617" lon="8.371663">
        <ele>566.090288</ele>
        <time>2024-08-09T06:00:41.980Z</time>
      </trkpt>
      <trkpt lat="59.645602" lon="8.372170">
        <ele>565.035506</ele>
        <time>2024-08-09T06:00:45.985Z</time>
      </trkpt>
      <trkpt lat="59.645551" lon="8.372461">
        <ele>564.395820</ele>
        <time>2024-08-09T06:00:48.402Z</time>
      </trkpt>
      <trkpt lat="59.645394" lon="8.373001">
        <ele>563.101933</ele>
        <time>2024-08-09T06:00:53.367Z</time>
      </trkpt>
      <trkpt lat="59.645006" lon="8.373813">
        <ele>560.780967</ele>
        <time>2024-08-09T06:01:02.729Z</time>
      </trkpt>
      <trkpt lat="59.644717" lon="8.374500">
        <ele>559.249157</ele>
        <time>2024-08-09T06:01:11.709Z</time>
      </trkpt>
      <trkpt lat="59.644489" lon="8.375206">
        <ele>558.354145</ele>
        <time>2024-08-09T06:01:19.713Z</time>
      </trkpt>
      <trkpt lat="59.644386" lon="8.375529">
        <ele>557.946156</ele>
        <time>2024-08-09T06:01:22.925Z</time>
      </trkpt>
      <trkpt lat="59.644194" lon="8.376177">
        <ele>557.143733</ele>
        <time>2024-08-09T06:01:29.874Z</time>
      </trkpt>
      <trkpt lat="59.644135" lon="8.376385">
        <ele>556.888931</ele>
        <time>2024-08-09T06:01:32.788Z</time>
      </trkpt>
      <trkpt lat="59.643613" lon="8.378200">
        <ele>553.513083</ele>
        <time>2024-08-09T06:01:51.582Z</time>
      </trkpt>
      <trkpt lat="59.643413" lon="8.378793">
        <ele>551.981831</ele>
        <time>2024-08-09T06:01:57.561Z</time>
      </trkpt>
      <trkpt lat="59.643312" lon="8.379018">
        <ele>551.335455</ele>
        <time>2024-08-09T06:01:59.928Z</time>
      </trkpt>
      <trkpt lat="59.642742" lon="8.379945">
        <ele>548.199718</ele>
        <time>2024-08-09T06:02:11.347Z</time>
      </trkpt>
      <trkpt lat="59.642532" lon="8.380298">
        <ele>546.951317</ele>
        <time>2024-08-09T06:02:15.667Z</time>
      </trkpt>
      <trkpt lat="59.642353" lon="8.380733">
        <ele>545.663126</ele>
        <time>2024-08-09T06:02:20.191Z</time>
      </trkpt>
      <trkpt lat="59.642272" lon="8.381005">
        <ele>544.938124</ele>
        <time>2024-08-09T06:02:22.732Z</time>
      </trkpt>
      <trkpt lat="59.642117" lon="8.381767">
        <ele>543.051812</ele>
        <time>2024-08-09T06:02:29.407Z</time>
      </trkpt>
      <trkpt lat="59.641957" lon="8.382388">
        <ele>541.451086</ele>
        <time>2024-08-09T06:02:35.170Z</time>
      </trkpt>
      <trkpt lat="59.641781" lon="8.382791">
        <ele>540.227951</ele>
        <time>2024-08-09T06:02:39.638Z</time>
      </trkpt>
      <trkpt lat="59.641272" lon="8.383244">
        <ele>537.683336</ele>
        <time>2024-08-09T06:02:49.242Z</time>
      </trkpt>
      <trkpt lat="59.641108" lon="8.383297">
        <ele>536.925425</ele>
        <time>2024-08-09T06:02:52.017Z</time>
      </trkpt>
      <trkpt lat="59.640252" lon="8.383358">
        <ele>533.018706</ele>
        <time>2024-08-09T06:03:05.719Z</time>
      </trkpt>
      <trkpt lat="59.640075" lon="8.383304">
        <ele>532.201874</ele>
        <time>2024-08-09T06:03:08.541Z</time>
      </trkpt>
      <trkpt lat="59.639784" lon="8.383114">
        <ele>530.433869</ele>
        <time>2024-08-09T06:03:13.206Z</time>
      </trkpt>
      <trkpt lat="59.639544" lon="8.382927">
        <ele>528.806514</ele>
        <time>2024-08-09T06:03:17.119Z</time>
      </trkpt>
      <trkpt lat="59.639296" lon="8.382758">
        <ele>527.151665</ele>
        <time>2024-08-09T06:03:21.105Z</time>
      </trkpt>
      <trkpt lat="59.639083" lon="8.382672">
        <ele>525.780143</ele>
        <time>2024-08-09T06:03:24.399Z</time>
      </trkpt>
      <trkpt lat="59.638813" lon="8.382634">
        <ele>524.072400</ele>
        <time>2024-08-09T06:03:28.475Z</time>
      </trkpt>
      <trkpt lat="59.638356" lon="8.382769">
        <ele>521.157210</ele>
        <time>2024-08-09T06:03:35.456Z</time>
      </trkpt>
      <trkpt lat="59.638048" lon="8.382997">
        <ele>519.593928</ele>
        <time>2024-08-09T06:03:40.461Z</time>
      </trkpt>
      <trkpt lat="59.637690" lon="8.383494">
        <ele>517.887561</ele>
        <time>2024-08-09T06:03:47.372Z</time>
      </trkpt>
      <trkpt lat="59.637148" lon="8.384441">
        <ele>515.066229</ele>
        <time>2024-08-09T06:03:59.520Z</time>
      </trkpt>
      <trkpt lat="59.636681" lon="8.385288">
        <ele>513.105258</ele>
        <time>2024-08-09T06:04:11.352Z</time>
      </trkpt>
      <trkpt lat="59.636570" lon="8.385559">
        <ele>512.850785</ele>
        <time>2024-08-09T06:04:14.705Z</time>
      </trkpt>
      <trkpt lat="59.636489" lon="8.385849">
        <ele>512.609059</ele>
        <time>2024-08-09T06:04:17.890Z</time>
      </trkpt>
      <trkpt lat="59.636421" lon="8.386176">
        <ele>512.351090</ele>
        <time>2024-08-09T06:04:21.343Z</time>
      </trkpt>
      <trkpt lat="59.636392" lon="8.386466">
        <ele>512.135414</ele>
        <time>2024-08-09T06:04:24.176Z</time>
      </trkpt>
      <trkpt lat="59.636422" lon="8.386983">
        <ele>511.755749</ele>
        <time>2024-08-09T06:04:29.236Z</time>
      </trkpt>
      <trkpt lat="59.636496" lon="8.387241">
        <ele>511.539329</ele>
        <time>2024-08-09T06:04:32.057Z</time>
      </trkpt>
      <trkpt lat="59.636891" lon="8.388309">
        <ele>510.583903</ele>
        <time>2024-08-09T06:04:45.271Z</time>
      </trkpt>
      <trkpt lat="59.636942" lon="8.388542">
        <ele>510.406568</ele>
        <time>2024-08-09T06:04:47.828Z</time>
      </trkpt>
      <trkpt lat="59.636957" lon="8.388812">
        <ele>510.216859</ele>
        <time>2024-08-09T06:04:50.695Z</time>
      </trkpt>
      <trkpt lat="59.636896" lon="8.389285">
        <ele>509.875922</ele>
        <time>2024-08-09T06:04:55.637Z</time>
      </trkpt>
      <trkpt lat="59.636845" lon="8.389512">
        <ele>509.702425</ele>
        <time>2024-08-09T06:04:58.287Z</time>
      </trkpt>
      <trkpt lat="59.636774" lon="8.389753">
        <ele>509.507602</ele>
        <time>2024-08-09T06:05:01.098Z</time>
      </trkpt>
      <trkpt lat="59.636380" lon="8.390797">
        <ele>508.597635</ele>
        <time>2024-08-09T06:05:13.531Z</time>
      </trkpt>
      <trkpt lat="59.635939" lon="8.392302">
        <ele>506.593261</ele>
        <time>2024-08-09T06:05:29.243Z</time>
      </trkpt>
      <trkpt lat="59.635731" lon="8.393152">
        <ele>505.380596</ele>
        <time>2024-08-09T06:05:37.635Z</time>
      </trkpt>
      <trkpt lat="59.635484" lon="8.394257">
        <ele>503.829101</ele>
        <time>2024-08-09T06:05:48.425Z</time>
      </trkpt>
      <trkpt lat="59.635393" lon="8.394555">
        <ele>503.389726</ele>
        <time>2024-08-09T06:05:51.479Z</time>
      </trkpt>
      <trkpt lat="59.635288" lon="8.394835">
        <ele>502.951278</ele>
        <time>2024-08-09T06:05:54.567Z</time>
      </trkpt>
      <trkpt lat="59.634987" lon="8.395522">
        <ele>501.807928</ele>
        <time>2024-08-09T06:06:02.448Z</time>
      </trkpt>
      <trkpt lat="59.634669" lon="8.396015">
        <ele>500.802780</ele>
        <time>2024-08-09T06:06:09.602Z</time>
      </trkpt>
      <trkpt lat="59.634476" lon="8.396244">
        <ele>500.242873</ele>
        <time>2024-08-09T06:06:13.694Z</time>
      </trkpt>
      <trkpt lat="59.634336" lon="8.396396">
        <ele>499.845561</ele>
        <time>2024-08-09T06:06:16.676Z</time>
      </trkpt>
      <trkpt lat="59.634175" lon="8.396551">
        <ele>499.400097</ele>
        <time>2024-08-09T06:06:20.032Z</time>
      </trkpt>
      <trkpt lat="59.633874" lon="8.396944">
        <ele>498.670883</ele>
        <time>2024-08-09T06:06:26.656Z</time>
      </trkpt>
      <trkpt lat="59.633605" lon="8.397478">
        <ele>497.927740</ele>
        <time>2024-08-09T06:06:33.685Z</time>
      </trkpt>
      <trkpt lat="59.633222" lon="8.398350">
        <ele>496.789001</ele>
        <time>2024-08-09T06:06:44.506Z</time>
      </trkpt>
      <trkpt lat="59.632748" lon="8.399458">
        <ele>495.384066</ele>
        <time>2024-08-09T06:06:57.901Z</time>
      </trkpt>
      <trkpt lat="59.632556" lon="8.399914">
        <ele>494.835638</ele>
        <time>2024-08-09T06:07:03.475Z</time>
      </trkpt>
      <trkpt lat="59.632241" lon="8.400543">
        <ele>494.017423</ele>
        <time>2024-08-09T06:07:11.776Z</time>
      </trkpt>
      <trkpt lat="59.631829" lon="8.401364">
        <ele>492.948355</ele>
        <time>2024-08-09T06:07:22.712Z</time>
      </trkpt>
      <trkpt lat="59.631365" lon="8.402550">
        <ele>491.607239</ele>
        <time>2024-08-09T06:07:36.859Z</time>
      </trkpt>
      <trkpt lat="59.631094" lon="8.403308">
        <ele>490.790933</ele>
        <time>2024-08-09T06:07:45.690Z</time>
      </trkpt>
      <trkpt lat="59.630907" lon="8.403825">
        <ele>490.231983</ele>
        <time>2024-08-09T06:07:51.792Z</time>
      </trkpt>
      <trkpt lat="59.630770" lon="8.404181">
        <ele>489.838590</ele>
        <time>2024-08-09T06:07:55.989Z</time>
      </trkpt>
      <trkpt lat="59.630355" lon="8.404980">
        <ele>488.768781</ele>
        <time>2024-08-09T06:08:06.704Z</time>
      </trkpt>
      <trkpt lat="59.629994" lon="8.405478">
        <ele>487.912124</ele>
        <time>2024-08-09T06:08:14.771Z</time>
      </trkpt>
      <trkpt lat="59.629814" lon="8.405597">
        <ele>487.542724</ele>
        <time>2024-08-09T06:08:18.237Z</time>
      </trkpt>
      <trkpt lat="59.629317" lon="8.405750">
        <ele>486.563727</ele>
        <time>2024-08-09T06:08:27.382Z</time>
      </trkpt>
      <trkpt lat="59.629010" lon="8.405844">
        <ele>485.959071</ele>
        <time>2024-08-09T06:08:33.102Z</time>
      </trkpt>
      <trkpt lat="59.628408" lon="8.406041">
        <ele>485.031339</ele>
        <time>2024-08-09T06:08:44.501Z</time>
      </trkpt>
      <trkpt lat="59.628169" lon="8.406109">
        <ele>484.674019</ele>
        <time>2024-08-09T06:08:49.057Z</time>
      </trkpt>
      <trkpt lat="59.628099" lon="8.406128">
        <ele>484.569460</ele>
        <time>2024-08-09T06:08:50.426Z</time>
      </trkpt>
      <trkpt lat="59.627782" lon="8.406239">
        <ele>484.093060</ele>
        <time>2024-08-09T06:08:56.678Z</time>
      </trkpt>
      <trkpt lat="59.627617" lon="8.406296">
        <ele>483.845192</ele>
        <time>2024-08-09T06:08:59.985Z</time>
      </trkpt>
      <trkpt lat="59.627279" lon="8.406478">
        <ele>483.326804</ele>
        <time>2024-08-09T06:09:06.857Z</time>
      </trkpt>
      <trkpt lat="59.626959" lon="8.406808">
        <ele>482.774040</ele>
        <time>2024-08-09T06:09:13.867Z</time>
      </trkpt>
      <trkpt lat="59.626691" lon="8.407270">
        <ele>482.223406</ele>
        <time>2024-08-09T06:09:20.655Z</time>
      </trkpt>
      <trkpt lat="59.626566" lon="8.407556">
        <ele>481.927353</ele>
        <time>2024-08-09T06:09:24.300Z</time>
      </trkpt>
      <trkpt lat="59.626446" lon="8.407909">
        <ele>481.594237</ele>
        <time>2024-08-09T06:09:28.359Z</time>
      </trkpt>
      <trkpt lat="59.626365" lon="8.408241">
        <ele>481.305551</ele>
        <time>2024-08-09T06:09:31.917Z</time>
      </trkpt>
      <trkpt lat="59.626099" lon="8.410008">
        <ele>479.795139</ele>
        <time>2024-08-09T06:09:49.225Z</time>
      </trkpt>
      <trkpt lat="59.625958" lon="8.410935">
        <ele>478.944690</ele>
        <time>2024-08-09T06:09:58.181Z</time>
      </trkpt>
      <trkpt lat="59.625090" lon="8.415217">
        <ele>475.055758</ele>
        <time>2024-08-09T06:10:42.318Z</time>
      </trkpt>
      <trkpt lat="59.624842" lon="8.416235">
        <ele>474.142012</ele>
        <time>2024-08-09T06:10:53.072Z</time>
      </trkpt>
      <trkpt lat="59.624620" lon="8.416857">
        <ele>473.547188</ele>
        <time>2024-08-09T06:11:00.268Z</time>
      </trkpt>
      <trkpt lat="59.624513" lon="8.417090">
        <ele>473.301279</ele>
        <time>2024-08-09T06:11:03.236Z</time>
      </trkpt>
      <trkpt lat="59.623745" lon="8.418251">
        <ele>471.807658</ele>
        <time>2024-08-09T06:11:21.610Z</time>
      </trkpt>
      <trkpt lat="59.623467" lon="8.418810">
        <ele>471.492280</ele>
        <time>2024-08-09T06:11:29.212Z</time>
      </trkpt>
      <trkpt lat="59.623231" lon="8.419449">
        <ele>471.335270</ele>
        <time>2024-08-09T06:11:37.001Z</time>
      </trkpt>
      <trkpt lat="59.622451" lon="8.421985">
        <ele>472.169172</ele>
        <time>2024-08-09T06:12:10.387Z</time>
      </trkpt>
      <trkpt lat="59.621926" lon="8.423111">
        <ele>474.923623</ele>
        <time>2024-08-09T06:12:36.642Z</time>
      </trkpt>
      <trkpt lat="59.621657" lon="8.423534">
        <ele>476.145905</ele>
        <time>2024-08-09T06:12:54.249Z</time>
      </trkpt>
      <trkpt lat="59.621509" lon="8.423696">
        <ele>476.747510</ele>
        <time>2024-08-09T06:13:04.059Z</time>
      </trkpt>
      <trkpt lat="59.621179" lon="8.423901">
        <ele>478.503610</ele>
        <time>2024-08-09T06:13:26.937Z</time>
      </trkpt>
      <trkpt lat="59.620937" lon="8.423964">
        <ele>480.030197</ele>
        <time>2024-08-09T06:13:41.633Z</time>
      </trkpt>
      <trkpt lat="59.620554" lon="8.424095">
        <ele>482.461144</ele>
        <time>2024-08-09T06:14:04.826Z</time>
      </trkpt>
      <trkpt lat="59.620227" lon="8.424284">
        <ele>484.591859</ele>
        <time>2024-08-09T06:14:23.019Z</time>
      </trkpt>
      <trkpt lat="59.620069" lon="8.424406">
        <ele>485.652701</ele>
        <time>2024-08-09T06:14:32.133Z</time>
      </trkpt>
      <trkpt lat="59.619791" lon="8.424752">
        <ele>487.707136</ele>
        <time>2024-08-09T06:14:48.293Z</time>
      </trkpt>
      <trkpt lat="59.619073" lon="8.426006">
        <ele>489.088969</ele>
        <time>2024-08-09T06:15:26.351Z</time>
      </trkpt>
      <trkpt lat="59.618778" lon="8.426396">
        <ele>489.327646</ele>
        <time>2024-08-09T06:15:34.145Z</time>
      </trkpt>
      <trkpt lat="59.618615" lon="8.426523">
        <ele>489.445481</ele>
        <time>2024-08-09T06:15:37.481Z</time>
      </trkpt>
      <trkpt lat="59.618384" lon="8.426623">
        <ele>489.604528</ele>
        <time>2024-08-09T06:15:41.451Z</time>
      </trkpt>
      <trkpt lat="59.617771" lon="8.426745">
        <ele>487.803035</ele>
        <time>2024-08-09T06:15:51.826Z</time>
      </trkpt>
      <trkpt lat="59.617440" lon="8.427008">
        <ele>486.114270</ele>
        <time>2024-08-09T06:15:57.776Z</time>
      </trkpt>
      <trkpt lat="59.617175" lon="8.427367">
        <ele>484.593515</ele>
        <time>2024-08-09T06:16:03.081Z</time>
      </trkpt>
      <trkpt lat="59.616797" lon="8.427770">
        <ele>482.560463</ele>
        <time>2024-08-09T06:16:09.859Z</time>
      </trkpt>
      <trkpt lat="59.615909" lon="8.428499">
        <ele>475.565304</ele>
        <time>2024-08-09T06:16:24.099Z</time>
      </trkpt>
      <trkpt lat="59.615476" lon="8.428806">
        <ele>471.735098</ele>
        <time>2024-08-09T06:16:30.708Z</time>
      </trkpt>
      <trkpt lat="59.615330" lon="8.428837">
        <ele>470.512435</ele>
        <time>2024-08-09T06:16:32.802Z</time>
      </trkpt>
      <trkpt lat="59.615162" lon="8.428811">
        <ele>469.109301</ele>
        <time>2024-08-09T06:16:35.222Z</time>
      </trkpt>
      <trkpt lat="59.614912" lon="8.428643">
        <ele>466.910708</ele>
        <time>2024-08-09T06:16:39.033Z</time>
      </trkpt>
      <trkpt lat="59.614803" lon="8.428519">
        <ele>465.901687</ele>
        <time>2024-08-09T06:16:40.846Z</time>
      </trkpt>
      <trkpt lat="59.614197" lon="8.427638">
        <ele>460.252842</ele>
        <time>2024-08-09T06:16:51.810Z</time>
      </trkpt>
      <trkpt lat="59.613922" lon="8.427399">
        <ele>457.996937</ele>
        <time>2024-08-09T06:16:56.236Z</time>
      </trkpt>
      <trkpt lat="59.613488" lon="8.427127">
        <ele>454.577878</ele>
        <time>2024-08-09T06:17:03.028Z</time>
      </trkpt>
      <trkpt lat="59.613357" lon="8.426978">
        <ele>453.442909</ele>
        <time>2024-08-09T06:17:05.327Z</time>
      </trkpt>
      <trkpt lat="59.613134" lon="8.426623">
        <ele>452.116174</ele>
        <time>2024-08-09T06:17:09.797Z</time>
      </trkpt>
      <trkpt lat="59.612924" lon="8.426211">
        <ele>451.154360</ele>
        <time>2024-08-09T06:17:14.652Z</time>
      </trkpt>
      <trkpt lat="59.612649" lon="8.425496">
        <ele>449.677301</ele>
        <time>2024-08-09T06:17:22.434Z</time>
      </trkpt>
      <trkpt lat="59.612438" lon="8.425009">
        <ele>448.622842</ele>
        <time>2024-08-09T06:17:28.504Z</time>
      </trkpt>
      <trkpt lat="59.612268" lon="8.424753">
        <ele>447.928107</ele>
        <time>2024-08-09T06:17:32.857Z</time>
      </trkpt>
      <trkpt lat="59.612115" lon="8.424567">
        <ele>447.344192</ele>
        <time>2024-08-09T06:17:36.066Z</time>
      </trkpt>
      <trkpt lat="59.611491" lon="8.424004">
        <ele>445.764284</ele>
        <time>2024-08-09T06:17:48.186Z</time>
      </trkpt>
      <trkpt lat="59.610990" lon="8.423393">
        <ele>444.548123</ele>
        <time>2024-08-09T06:17:58.991Z</time>
      </trkpt>
      <trkpt lat="59.610840" lon="8.423296">
        <ele>444.222072</ele>
        <time>2024-08-09T06:18:01.731Z</time>
      </trkpt>
      <trkpt lat="59.610234" lon="8.422977">
        <ele>443.312641</ele>
        <time>2024-08-09T06:18:12.677Z</time>
      </trkpt>
      <trkpt lat="59.609067" lon="8.421914">
        <ele>444.676783</ele>
        <time>2024-08-09T06:18:47.843Z</time>
      </trkpt>
      <trkpt lat="59.608904" lon="8.421834">
        <ele>444.855084</ele>
        <time>2024-08-09T06:18:53.761Z</time>
      </trkpt>
      <trkpt lat="59.608783" lon="8.421836">
        <ele>444.983547</ele>
        <time>2024-08-09T06:18:58.231Z</time>
      </trkpt>
      <trkpt lat="59.608655" lon="8.421917">
        <ele>445.211935</ele>
        <time>2024-08-09T06:19:04.071Z</time>
      </trkpt>
      <trkpt lat="59.608477" lon="8.422172">
        <ele>446.014173</ele>
        <time>2024-08-09T06:19:12.929Z</time>
      </trkpt>
      <trkpt lat="59.608314" lon="8.422622">
        <ele>447.035961</ele>
        <time>2024-08-09T06:19:25.246Z</time>
      </trkpt>
      <trkpt lat="59.608119" lon="8.423279">
        <ele>448.442263</ele>
        <time>2024-08-09T06:19:43.112Z</time>
      </trkpt>
      <trkpt lat="59.607934" lon="8.424088">
        <ele>450.081359</ele>
        <time>2024-08-09T06:20:05.337Z</time>
      </trkpt>
      <trkpt lat="59.607751" lon="8.425253">
        <ele>451.788055</ele>
        <time>2024-08-09T06:20:25.815Z</time>
      </trkpt>
      <trkpt lat="59.607731" lon="8.425826">
        <ele>451.996161</ele>
        <time>2024-08-09T06:20:32.811Z</time>
      </trkpt>
      <trkpt lat="59.607745" lon="8.426655">
        <ele>452.296696</ele>
        <time>2024-08-09T06:20:43.065Z</time>
      </trkpt>
      <trkpt lat="59.607707" lon="8.426968">
        <ele>452.413324</ele>
        <time>2024-08-09T06:20:46.991Z</time>
      </trkpt>
      <trkpt lat="59.607652" lon="8.427200">
        <ele>452.506155</ele>
        <time>2024-08-09T06:20:50.285Z</time>
      </trkpt>
      <trkpt lat="59.607368" lon="8.427810">
        <ele>452.806519</ele>
        <time>2024-08-09T06:21:00.679Z</time>
      </trkpt>
      <trkpt lat="59.607221" lon="8.428332">
        <ele>452.698128</ele>
        <time>2024-08-09T06:21:07.563Z</time>
      </trkpt>
      <trkpt lat="59.606938" lon="8.429538">
        <ele>451.223048</ele>
        <time>2024-08-09T06:21:20.849Z</time>
      </trkpt>
      <trkpt lat="59.606766" lon="8.430089">
        <ele>450.504660</ele>
        <time>2024-08-09T06:21:26.648Z</time>
      </trkpt>
      <trkpt lat="59.606447" lon="8.430900">
        <ele>449.364817</ele>
        <time>2024-08-09T06:21:35.477Z</time>
      </trkpt>
      <trkpt lat="59.606387" lon="8.431044">
        <ele>449.157825</ele>
        <time>2024-08-09T06:21:37.029Z</time>
      </trkpt>
      <trkpt lat="59.605724" lon="8.432590">
        <ele>444.480748</ele>
        <time>2024-08-09T06:21:53.563Z</time>
      </trkpt>
      <trkpt lat="59.605628" lon="8.432963">
        <ele>443.476679</ele>
        <time>2024-08-09T06:21:56.915Z</time>
      </trkpt>
      <trkpt lat="59.605597" lon="8.433212">
        <ele>442.861436</ele>
        <time>2024-08-09T06:21:58.960Z</time>
      </trkpt>
      <trkpt lat="59.605592" lon="8.433523">
        <ele>442.114880</ele>
        <time>2024-08-09T06:22:01.421Z</time>
      </trkpt>
      <trkpt lat="59.605643" lon="8.434410">
        <ele>439.960673</ele>
        <time>2024-08-09T06:22:08.522Z</time>
      </trkpt>
      <trkpt lat="59.605613" lon="8.434988">
        <ele>438.531911</ele>
        <time>2024-08-09T06:22:13.160Z</time>
      </trkpt>
      <trkpt lat="59.605390" lon="8.436411">
        <ele>434.868733</ele>
        <time>2024-08-09T06:22:25.198Z</time>
      </trkpt>
      <trkpt lat="59.605187" lon="8.437317">
        <ele>432.432168</ele>
        <time>2024-08-09T06:22:33.361Z</time>
      </trkpt>
      <trkpt lat="59.604762" lon="8.438527">
        <ele>428.605899</ele>
        <time>2024-08-09T06:22:45.196Z</time>
      </trkpt>
      <trkpt lat="59.604531" lon="8.439384">
        <ele>426.050985</ele>
        <time>2024-08-09T06:22:52.914Z</time>
      </trkpt>
      <trkpt lat="59.604316" lon="8.440214">
        <ele>423.597552</ele>
        <time>2024-08-09T06:23:00.322Z</time>
      </trkpt>
      <trkpt lat="59.603970" lon="8.440997">
        <ele>420.774382</ele>
        <time>2024-08-09T06:23:08.532Z</time>
      </trkpt>
      <trkpt lat="59.603828" lon="8.441494">
        <ele>419.185296</ele>
        <time>2024-08-09T06:23:13.019Z</time>
      </trkpt>
      <trkpt lat="59.603649" lon="8.442435">
        <ele>416.386378</ele>
        <time>2024-08-09T06:23:20.804Z</time>
      </trkpt>
      <trkpt lat="59.603524" lon="8.443035">
        <ele>414.579819</ele>
        <time>2024-08-09T06:23:25.856Z</time>
      </trkpt>
      <trkpt lat="59.603309" lon="8.443588">
        <ele>412.638141</ele>
        <time>2024-08-09T06:23:31.357Z</time>
      </trkpt>
      <trkpt lat="59.603087" lon="8.443914">
        <ele>411.526813</ele>
        <time>2024-08-09T06:23:35.956Z</time>
      </trkpt>
      <trkpt lat="59.602301" lon="8.444865">
        <ele>407.986026</ele>
        <time>2024-08-09T06:23:51.930Z</time>
      </trkpt>
      <trkpt lat="59.602199" lon="8.444991">
        <ele>407.523887</ele>
        <time>2024-08-09T06:23:53.865Z</time>
      </trkpt>
      <trkpt lat="59.601888" lon="8.445429">
        <ele>406.056665</ele>
        <time>2024-08-09T06:24:00.245Z</time>
      </trkpt>
      <trkpt lat="59.601665" lon="8.445885">
        <ele>404.756660</ele>
        <time>2024-08-09T06:24:05.288Z</time>
      </trkpt>
      <trkpt lat="59.601073" lon="8.447277">
        <ele>400.901874</ele>
        <time>2024-08-09T06:24:20.185Z</time>
      </trkpt>
      <trkpt lat="59.600963" lon="8.447597">
        <ele>400.081762</ele>
        <time>2024-08-09T06:24:23.591Z</time>
      </trkpt>
      <trkpt lat="59.600851" lon="8.448063">
        <ele>398.988088</ele>
        <time>2024-08-09T06:24:27.922Z</time>
      </trkpt>
      <trkpt lat="59.600701" lon="8.448852">
        <ele>397.503397</ele>
        <time>2024-08-09T06:24:34.859Z</time>
      </trkpt>
      <trkpt lat="59.600597" lon="8.449398">
        <ele>396.717009</ele>
        <time>2024-08-09T06:24:39.757Z</time>
      </trkpt>
      <trkpt lat="59.600505" lon="8.449801">
        <ele>396.121067</ele>
        <time>2024-08-09T06:24:43.563Z</time>
      </trkpt>
      <trkpt lat="59.600297" lon="8.450298">
        <ele>395.251702</ele>
        <time>2024-08-09T06:24:49.124Z</time>
      </trkpt>
      <trkpt lat="59.599154" lon="8.451837">
        <ele>391.436317</ele>
        <time>2024-08-09T06:25:15.911Z</time>
      </trkpt>
      <trkpt lat="59.598936" lon="8.452230">
        <ele>390.588644</ele>
        <time>2024-08-09T06:25:20.986Z</time>
      </trkpt>
      <trkpt lat="59.598164" lon="8.453558">
        <ele>387.523935</ele>
        <time>2024-08-09T06:25:37.998Z</time>
      </trkpt>
      <trkpt lat="59.597460" lon="8.454842">
        <ele>383.964738</ele>
        <time>2024-08-09T06:25:53.518Z</time>
      </trkpt>
      <trkpt lat="59.597237" lon="8.455355">
        <ele>382.693284</ele>
        <time>2024-08-09T06:25:59.244Z</time>
      </trkpt>
      <trkpt lat="59.596751" lon="8.456688">
        <ele>380.425339</ele>
        <time>2024-08-09T06:26:13.959Z</time>
      </trkpt>
      <trkpt lat="59.596645" lon="8.456922">
        <ele>380.106227</ele>
        <time>2024-08-09T06:26:16.869Z</time>
      </trkpt>
      <trkpt lat="59.596290" lon="8.457517">
        <ele>379.171567</ele>
        <time>2024-08-09T06:26:25.471Z</time>
      </trkpt>
      <trkpt lat="59.595895" lon="8.458019">
        <ele>378.228595</ele>
        <time>2024-08-09T06:26:34.434Z</time>
      </trkpt>
      <trkpt lat="59.594569" lon="8.459076">
        <ele>375.568431</ele>
        <time>2024-08-09T06:27:01.668Z</time>
      </trkpt>
      <trkpt lat="59.594230" lon="8.459575">
        <ele>374.793507</ele>
        <time>2024-08-09T06:27:09.120Z</time>
      </trkpt>
      <trkpt lat="59.594141" lon="8.459801">
        <ele>374.527833</ele>
        <time>2024-08-09T06:27:11.676Z</time>
      </trkpt>
      <trkpt lat="59.594093" lon="8.460027">
        <ele>374.277815</ele>
        <time>2024-08-09T06:27:13.884Z</time>
      </trkpt>
      <trkpt lat="59.594045" lon="8.460527">
        <ele>373.746899</ele>
        <time>2024-08-09T06:27:18.494Z</time>
      </trkpt>
      <trkpt lat="59.594046" lon="8.460796">
        <ele>373.466262</ele>
        <time>2024-08-09T06:27:20.948Z</time>
      </trkpt>
      <trkpt lat="59.594008" lon="8.461301">
        <ele>372.933638</ele>
        <time>2024-08-09T06:27:25.642Z</time>
      </trkpt>
      <trkpt lat="59.593845" lon="8.462246">
        <ele>371.892102</ele>
        <time>2024-08-09T06:27:34.849Z</time>
      </trkpt>
      <trkpt lat="59.593728" lon="8.462794">
        <ele>371.271622</ele>
        <time>2024-08-09T06:27:40.357Z</time>
      </trkpt>
      <trkpt lat="59.593649" lon="8.463049">
        <ele>370.959715</ele>
        <time>2024-08-09T06:27:43.130Z</time>
      </trkpt>
      <trkpt lat="59.593551" lon="8.463261">
        <ele>370.717545</ele>
        <time>2024-08-09T06:27:45.847Z</time>
      </trkpt>
      <trkpt lat="59.593321" lon="8.463560">
        <ele>370.433877</ele>
        <time>2024-08-09T06:27:51.149Z</time>
      </trkpt>
      <trkpt lat="59.592875" lon="8.463891">
        <ele>369.943007</ele>
        <time>2024-08-09T06:28:00.979Z</time>
      </trkpt>
      <trkpt lat="59.592253" lon="8.464278">
        <ele>369.271124</ele>
        <time>2024-08-09T06:28:14.475Z</time>
      </trkpt>
      <trkpt lat="59.591501" lon="8.464608">
        <ele>368.623462</ele>
        <time>2024-08-09T06:28:29.405Z</time>
      </trkpt>
      <trkpt lat="59.591210" lon="8.464789">
        <ele>368.412445</ele>
        <time>2024-08-09T06:28:35.446Z</time>
      </trkpt>
      <trkpt lat="59.591072" lon="8.464930">
        <ele>368.304985</ele>
        <time>2024-08-09T06:28:38.567Z</time>
      </trkpt>
      <trkpt lat="59.590532" lon="8.465689">
        <ele>367.846598</ele>
        <time>2024-08-09T06:28:52.834Z</time>
      </trkpt>
      <trkpt lat="59.589668" lon="8.467182">
        <ele>366.739266</ele>
        <time>2024-08-09T06:29:16.923Z</time>
      </trkpt>
      <trkpt lat="59.589586" lon="8.467465">
        <ele>366.567853</ele>
        <time>2024-08-09T06:29:20.360Z</time>
      </trkpt>
      <trkpt lat="59.589484" lon="8.468034">
        <ele>366.250543</ele>
        <time>2024-08-09T06:29:26.604Z</time>
      </trkpt>
      <trkpt lat="59.589001" lon="8.470277">
        <ele>361.623292</ele>
        <time>2024-08-09T06:29:48.580Z</time>
      </trkpt>
      <trkpt lat="59.588965" lon="8.470549">
        <ele>360.887210</ele>
        <time>2024-08-09T06:29:50.790Z</time>
      </trkpt>
      <trkpt lat="59.588892" lon="8.472070">
        <ele>356.887107</ele>
        <time>2024-08-09T06:30:02.225Z</time>
      </trkpt>
      <trkpt lat="59.588847" lon="8.472288">
        <ele>356.159887</ele>
        <time>2024-08-09T06:30:03.973Z</time>
      </trkpt>
      <trkpt lat="59.588442" lon="8.473612">
        <ele>350.208398</ele>
        <time>2024-08-09T06:30:15.453Z</time>
      </trkpt>
      <trkpt lat="59.588318" lon="8.474212">
        <ele>347.715086</ele>
        <time>2024-08-09T06:30:20.247Z</time>
      </trkpt>
      <trkpt lat="59.588318" lon="8.474649">
        <ele>346.033838</ele>
        <time>2024-08-09T06:30:23.486Z</time>
      </trkpt>
      <trkpt lat="59.588343" lon="8.474905">
        <ele>345.030783</ele>
        <time>2024-08-09T06:30:25.413Z</time>
      </trkpt>
      <trkpt lat="59.588587" lon="8.476315">
        <ele>341.393454</ele>
        <time>2024-08-09T06:30:36.929Z</time>
      </trkpt>
      <trkpt lat="59.588640" lon="8.476887">
        <ele>340.480960</ele>
        <time>2024-08-09T06:30:41.952Z</time>
      </trkpt>
      <trkpt lat="59.588643" lon="8.477835">
        <ele>338.993333</ele>
        <time>2024-08-09T06:30:51.045Z</time>
      </trkpt>
      <trkpt lat="59.588551" lon="8.478622">
        <ele>337.725872</ele>
        <time>2024-08-09T06:30:59.305Z</time>
      </trkpt>
      <trkpt lat="59.588476" lon="8.478859">
        <ele>337.287279</ele>
        <time>2024-08-09T06:31:02.127Z</time>
      </trkpt>
      <trkpt lat="59.588265" lon="8.479314">
        <ele>336.675520</ele>
        <time>2024-08-09T06:31:08.207Z</time>
      </trkpt>
      <trkpt lat="59.587736" lon="8.480125">
        <ele>335.385195</ele>
        <time>2024-08-09T06:31:20.858Z</time>
      </trkpt>
      <trkpt lat="59.587477" lon="8.480524">
        <ele>334.752288</ele>
        <time>2024-08-09T06:31:26.880Z</time>
      </trkpt>
      <trkpt lat="59.586474" lon="8.481684">
        <ele>332.366729</ele>
        <time>2024-08-09T06:31:47.036Z</time>
      </trkpt>
      <trkpt lat="59.586124" lon="8.482158">
        <ele>331.455975</ele>
        <time>2024-08-09T06:31:54.363Z</time>
      </trkpt>
      <trkpt lat="59.585161" lon="8.483717">
        <ele>330.661334</ele>
        <time>2024-08-09T06:32:18.920Z</time>
      </trkpt>
      <trkpt lat="59.584527" lon="8.484586">
        <ele>331.706009</ele>
        <time>2024-08-09T06:32:43.271Z</time>
      </trkpt>
      <trkpt lat="59.584087" lon="8.485277">
        <ele>332.595377</ele>
        <time>2024-08-09T06:33:04.359Z</time>
      </trkpt>
      <trkpt lat="59.583133" lon="8.486892">
        <ele>336.548389</ele>
        <time>2024-08-09T06:33:55.887Z</time>
      </trkpt>
      <trkpt lat="59.582988" lon="8.487096">
        <ele>337.108484</ele>
        <time>2024-08-09T06:34:02.186Z</time>
      </trkpt>
      <trkpt lat="59.582660" lon="8.487471">
        <ele>338.058589</ele>
        <time>2024-08-09T06:34:15.593Z</time>
      </trkpt>
      <trkpt lat="59.582494" lon="8.487601">
        <ele>338.119966</ele>
        <time>2024-08-09T06:34:21.881Z</time>
      </trkpt>
      <trkpt lat="59.582339" lon="8.487687">
        <ele>338.175302</ele>
        <time>2024-08-09T06:34:26.528Z</time>
      </trkpt>
      <trkpt lat="59.581563" lon="8.487950">
        <ele>338.445917</ele>
        <time>2024-08-09T06:34:43.351Z</time>
      </trkpt>
      <trkpt lat="59.581116" lon="8.488277">
        <ele>338.609755</ele>
        <time>2024-08-09T06:34:52.733Z</time>
      </trkpt>
      <trkpt lat="59.580239" lon="8.489271">
        <ele>339.250146</ele>
        <time>2024-08-09T06:35:15.832Z</time>
      </trkpt>
      <trkpt lat="59.580125" lon="8.489458">
        <ele>339.349166</ele>
        <time>2024-08-09T06:35:19.969Z</time>
      </trkpt>
      <trkpt lat="59.579895" lon="8.490107">
        <ele>339.617177</ele>
        <time>2024-08-09T06:35:32.018Z</time>
      </trkpt>
      <trkpt lat="59.579770" lon="8.490593">
        <ele>339.801600</ele>
        <time>2024-08-09T06:35:40.349Z</time>
      </trkpt>
      <trkpt lat="59.579129" lon="8.493971">
        <ele>340.825154</ele>
        <time>2024-08-09T06:36:32.974Z</time>
      </trkpt>
      <trkpt lat="59.579012" lon="8.494482">
        <ele>339.316879</ele>
        <time>2024-08-09T06:36:37.759Z</time>
      </trkpt>
      <trkpt lat="59.578780" lon="8.495136">
        <ele>336.747714</ele>
        <time>2024-08-09T06:36:44.188Z</time>
      </trkpt>
      <trkpt lat="59.578273" lon="8.496119">
        <ele>332.233195</ele>
        <time>2024-08-09T06:36:54.762Z</time>
      </trkpt>
      <trkpt lat="59.578157" lon="8.496392">
        <ele>331.086551</ele>
        <time>2024-08-09T06:36:57.354Z</time>
      </trkpt>
      <trkpt lat="59.577792" lon="8.497363">
        <ele>325.943963</ele>
        <time>2024-08-09T06:37:06.028Z</time>
      </trkpt>
      <trkpt lat="59.577684" lon="8.497721">
        <ele>323.848806</ele>
        <time>2024-08-09T06:37:09.006Z</time>
      </trkpt>
      <trkpt lat="59.577324" lon="8.498567">
        <ele>318.292807</ele>
        <time>2024-08-09T06:37:16.902Z</time>
      </trkpt>
      <trkpt lat="59.576779" lon="8.499319">
        <ele>311.691436</ele>
        <time>2024-08-09T06:37:26.335Z</time>
      </trkpt>
      <trkpt lat="59.576251" lon="8.500149">
        <ele>306.863722</ele>
        <time>2024-08-09T06:37:36.074Z</time>
      </trkpt>
      <trkpt lat="59.575945" lon="8.500542">
        <ele>304.272509</ele>
        <time>2024-08-09T06:37:41.450Z</time>
      </trkpt>
      <trkpt lat="59.574900" lon="8.501561">
        <ele>297.666582</ele>
        <time>2024-08-09T06:37:59.866Z</time>
      </trkpt>
      <trkpt lat="59.574032" lon="8.502664">
        <ele>294.711789</ele>
        <time>2024-08-09T06:38:18.396Z</time>
      </trkpt>
      <trkpt lat="59.572945" lon="8.503927">
        <ele>291.709054</ele>
        <time>2024-08-09T06:38:42.448Z</time>
      </trkpt>
      <trkpt lat="59.572653" lon="8.504207">
        <ele>291.001853</ele>
        <time>2024-08-09T06:38:48.262Z</time>
      </trkpt>
      <trkpt lat="59.572172" lon="8.504588">
        <ele>289.872766</ele>
        <time>2024-08-09T06:38:57.247Z</time>
      </trkpt>
      <trkpt lat="59.571890" lon="8.505012">
        <ele>288.903393</ele>
        <time>2024-08-09T06:39:03.329Z</time>
      </trkpt>
      <trkpt lat="59.571604" lon="8.505458">
        <ele>287.859123</ele>
        <time>2024-08-09T06:39:09.516Z</time>
      </trkpt>
      <trkpt lat="59.570831" lon="8.506218">
        <ele>285.384763</ele>
        <time>2024-08-09T06:39:24.540Z</time>
      </trkpt>
      <trkpt lat="59.570722" lon="8.506365">
        <ele>285.006530</ele>
        <time>2024-08-09T06:39:26.960Z</time>
      </trkpt>
      <trkpt lat="59.570505" lon="8.506778">
        <ele>284.318827</ele>
        <time>2024-08-09T06:39:32.201Z</time>
      </trkpt>
      <trkpt lat="59.569954" lon="8.508188">
        <ele>282.793509</ele>
        <time>2024-08-09T06:39:48.558Z</time>
      </trkpt>
      <trkpt lat="59.568815" lon="8.511278">
        <ele>280.922681</ele>
        <time>2024-08-09T06:40:27.966Z</time>
      </trkpt>
      <trkpt lat="59.568518" lon="8.512155">
        <ele>280.649446</ele>
        <time>2024-08-09T06:40:40.656Z</time>
      </trkpt>
      <trkpt lat="59.568445" lon="8.512537">
        <ele>280.397997</ele>
        <time>2024-08-09T06:40:45.134Z</time>
      </trkpt>
      <trkpt lat="59.568433" lon="8.512939">
        <ele>280.067392</ele>
        <time>2024-08-09T06:40:49.359Z</time>
      </trkpt>
      <trkpt lat="59.568444" lon="8.513128">
        <ele>279.911206</ele>
        <time>2024-08-09T06:40:51.315Z</time>
      </trkpt>
      <trkpt lat="59.568529" lon="8.513641">
        <ele>279.468084</ele>
        <time>2024-08-09T06:40:56.700Z</time>
      </trkpt>
      <trkpt lat="59.568650" lon="8.514241">
        <ele>278.937893</ele>
        <time>2024-08-09T06:41:02.909Z</time>
      </trkpt>
      <trkpt lat="59.568689" lon="8.514558">
        <ele>278.670078</ele>
        <time>2024-08-09T06:41:05.941Z</time>
      </trkpt>
      <trkpt lat="59.568686" lon="8.514898">
        <ele>278.390906</ele>
        <time>2024-08-09T06:41:09.011Z</time>
      </trkpt>
      <trkpt lat="59.568652" lon="8.515281">
        <ele>278.071681</ele>
        <time>2024-08-09T06:41:12.466Z</time>
      </trkpt>
      <trkpt lat="59.568136" lon="8.518297">
        <ele>274.268228</ele>
        <time>2024-08-09T06:41:40.183Z</time>
      </trkpt>
      <trkpt lat="59.568099" lon="8.518571">
        <ele>273.911602</ele>
        <time>2024-08-09T06:41:42.924Z</time>
      </trkpt>
      <trkpt lat="59.568089" lon="8.519079">
        <ele>273.272242</ele>
        <time>2024-08-09T06:41:47.862Z</time>
      </trkpt>
      <trkpt lat="59.568163" lon="8.519652">
        <ele>273.494614</ele>
        <time>2024-08-09T06:41:53.741Z</time>
      </trkpt>
      <trkpt lat="59.568356" lon="8.520536">
        <ele>273.952184</ele>
        <time>2024-08-09T06:42:05.182Z</time>
      </trkpt>
      <trkpt lat="59.568608" lon="8.521526">
        <ele>274.478845</ele>
        <time>2024-08-09T06:42:22.872Z</time>
      </trkpt>
      <trkpt lat="59.568734" lon="8.522239">
        <ele>274.837791</ele>
        <time>2024-08-09T06:42:36.280Z</time>
      </trkpt>
      <trkpt lat="59.568906" lon="8.523974">
        <ele>275.894227</ele>
        <time>2024-08-09T06:43:06.966Z</time>
      </trkpt>
      <trkpt lat="59.568976" lon="8.525095">
        <ele>276.583642</ele>
        <time>2024-08-09T06:43:19.886Z</time>
      </trkpt>
      <trkpt lat="59.568968" lon="8.525647">
        <ele>276.920709</ele>
        <time>2024-08-09T06:43:27.066Z</time>
      </trkpt>
      <trkpt lat="59.568895" lon="8.526247">
        <ele>277.093591</ele>
        <time>2024-08-09T06:43:34.613Z</time>
      </trkpt>
      <trkpt lat="59.568774" lon="8.527325">
        <ele>277.120563</ele>
        <time>2024-08-09T06:43:46.938Z</time>
      </trkpt>
      <trkpt lat="59.568767" lon="8.527564">
        <ele>277.126411</ele>
        <time>2024-08-09T06:43:49.943Z</time>
      </trkpt>
      <trkpt lat="59.568794" lon="8.527946">
        <ele>277.135832</ele>
        <time>2024-08-09T06:43:54.020Z</time>
      </trkpt>
      <trkpt lat="59.568913" lon="8.528519">
        <ele>277.150960</ele>
        <time>2024-08-09T06:44:00.911Z</time>
      </trkpt>
      <trkpt lat="59.569311" lon="8.530019">
        <ele>277.772544</ele>
        <time>2024-08-09T06:44:19.691Z</time>
      </trkpt>
      <trkpt lat="59.569435" lon="8.530838">
        <ele>278.384891</ele>
        <time>2024-08-09T06:44:32.853Z</time>
      </trkpt>
      <trkpt lat="59.569544" lon="8.532481">
        <ele>279.571913</ele>
        <time>2024-08-09T06:45:00.752Z</time>
      </trkpt>
      <trkpt lat="59.569555" lon="8.533470">
        <ele>280.406195</ele>
        <time>2024-08-09T06:45:16.509Z</time>
      </trkpt>
      <trkpt lat="59.569529" lon="8.534144">
        <ele>280.998125</ele>
        <time>2024-08-09T06:45:27.422Z</time>
      </trkpt>
      <trkpt lat="59.569484" lon="8.534785">
        <ele>281.564814</ele>
        <time>2024-08-09T06:45:37.941Z</time>
      </trkpt>
      <trkpt lat="59.569373" lon="8.535797">
        <ele>282.471565</ele>
        <time>2024-08-09T06:45:54.572Z</time>
      </trkpt>
      <trkpt lat="59.569454" lon="8.537198">
        <ele>282.493950</ele>
        <time>2024-08-09T06:46:13.936Z</time>
      </trkpt>
      <trkpt lat="59.569473" lon="8.538026">
        <ele>282.220771</ele>
        <time>2024-08-09T06:46:22.937Z</time>
      </trkpt>
      <trkpt lat="59.569485" lon="8.538479">
        <ele>282.071264</ele>
        <time>2024-08-09T06:46:27.575Z</time>
      </trkpt>
      <trkpt lat="59.569432" lon="8.540364">
        <ele>280.793738</ele>
        <time>2024-08-09T06:46:44.972Z</time>
      </trkpt>
      <trkpt lat="59.569454" lon="8.541461">
        <ele>279.281071</ele>
        <time>2024-08-09T06:46:54.320Z</time>
      </trkpt>
      <trkpt lat="59.569490" lon="8.541992">
        <ele>278.542917</ele>
        <time>2024-08-09T06:46:58.906Z</time>
      </trkpt>
      <trkpt lat="59.569522" lon="8.542259">
        <ele>278.164877</ele>
        <time>2024-08-09T06:47:01.283Z</time>
      </trkpt>
      <trkpt lat="59.569633" lon="8.542781">
        <ele>277.384836</ele>
        <time>2024-08-09T06:47:06.252Z</time>
      </trkpt>
      <trkpt lat="59.570029" lon="8.544050">
        <ele>277.620603</ele>
        <time>2024-08-09T06:47:19.904Z</time>
      </trkpt>
      <trkpt lat="59.570271" lon="8.545020">
        <ele>278.514335</ele>
        <time>2024-08-09T06:47:39.534Z</time>
      </trkpt>
      <trkpt lat="59.570325" lon="8.545409">
        <ele>278.847716</ele>
        <time>2024-08-09T06:47:46.695Z</time>
      </trkpt>
      <trkpt lat="59.570313" lon="8.545819">
        <ele>279.187160</ele>
        <time>2024-08-09T06:47:55.945Z</time>
      </trkpt>
      <trkpt lat="59.570262" lon="8.546312">
        <ele>279.603055</ele>
        <time>2024-08-09T06:48:07.127Z</time>
      </trkpt>
      <trkpt lat="59.570269" lon="8.546735">
        <ele>280.582949</ele>
        <time>2024-08-09T06:48:15.123Z</time>
      </trkpt>
      <trkpt lat="59.570300" lon="8.546728">
        <ele>280.759454</ele>
        <time>2024-08-09T06:48:16.942Z</time>
      </trkpt>
      <trkpt lat="59.570392" lon="8.546781">
        <ele>281.301584</ele>
        <time>2024-08-09T06:48:22.514Z</time>
      </trkpt>
      <trkpt lat="59.570434" lon="8.546848">
        <ele>281.607029</ele>
        <time>2024-08-09T06:48:25.105Z</time>
      </trkpt>
      <trkpt lat="59.570508" lon="8.547134">
        <ele>282.527171</ele>
        <time>2024-08-09T06:48:31.885Z</time>
      </trkpt>
      <trkpt lat="59.570540" lon="8.547306">
        <ele>283.052158</ele>
        <time>2024-08-09T06:48:36.858Z</time>
      </trkpt>
      <trkpt lat="59.570622" lon="8.547800">
        <ele>284.541571</ele>
        <time>2024-08-09T06:48:49.558Z</time>
      </trkpt>
      <trkpt lat="59.570883" lon="8.549297">
        <ele>289.077552</ele>
        <time>2024-08-09T06:49:33.809Z</time>
      </trkpt>
      <trkpt lat="59.571167" lon="8.550578">
        <ele>293.880368</ele>
        <time>2024-08-09T06:50:11.841Z</time>
      </trkpt>
      <trkpt lat="59.571630" lon="8.552662">
        <ele>302.017064</ele>
        <time>2024-08-09T06:51:18.187Z</time>
      </trkpt>
      <trkpt lat="59.571713" lon="8.552861">
        <ele>302.976738</ele>
        <time>2024-08-09T06:51:27.150Z</time>
      </trkpt>
      <trkpt lat="59.572044" lon="8.553394">
        <ele>306.302163</ele>
        <time>2024-08-09T06:51:55.238Z</time>
      </trkpt>
      <trkpt lat="59.572364" lon="8.554211">
        <ele>310.374681</ele>
        <time>2024-08-09T06:52:27.072Z</time>
      </trkpt>
      <trkpt lat="59.572731" lon="8.555318">
        <ele>315.591719</ele>
        <time>2024-08-09T06:53:06.944Z</time>
      </trkpt>
      <trkpt lat="59.573088" lon="8.556665">
        <ele>321.542395</ele>
        <time>2024-08-09T06:53:54.654Z</time>
      </trkpt>
      <trkpt lat="59.573392" lon="8.557970">
        <ele>327.156630</ele>
        <time>2024-08-09T06:54:39.279Z</time>
      </trkpt>
      <trkpt lat="59.573512" lon="8.558235">
        <ele>328.546022</ele>
        <time>2024-08-09T06:54:49.638Z</time>
      </trkpt>
      <trkpt lat="59.573808" lon="8.558673">
        <ele>331.514243</ele>
        <time>2024-08-09T06:55:10.899Z</time>
      </trkpt>
      <trkpt lat="59.573958" lon="8.558979">
        <ele>333.378568</ele>
        <time>2024-08-09T06:55:23.897Z</time>
      </trkpt>
      <trkpt lat="59.574032" lon="8.559233">
        <ele>334.661363</ele>
        <time>2024-08-09T06:55:33.354Z</time>
      </trkpt>
      <trkpt lat="59.574402" lon="8.561107">
        <ele>343.466471</ele>
        <time>2024-08-09T06:56:40.433Z</time>
      </trkpt>
      <trkpt lat="59.574609" lon="8.562163">
        <ele>349.394441</ele>
        <time>2024-08-09T06:57:20.725Z</time>
      </trkpt>
      <trkpt lat="59.574807" lon="8.563112">
        <ele>355.689744</ele>
        <time>2024-08-09T06:58:01.742Z</time>
      </trkpt>
      <trkpt lat="59.574960" lon="8.563524">
        <ele>358.823344</ele>
        <time>2024-08-09T06:58:23.830Z</time>
      </trkpt>
      <trkpt lat="59.575109" lon="8.563814">
        <ele>361.357191</ele>
        <time>2024-08-09T06:58:42.810Z</time>
      </trkpt>
      <trkpt lat="59.575302" lon="8.564036">
        <ele>364.062374</ele>
        <time>2024-08-09T06:59:03.442Z</time>
      </trkpt>
      <trkpt lat="59.575531" lon="8.564168">
        <ele>366.951664</ele>
        <time>2024-08-09T06:59:24.932Z</time>
      </trkpt>
      <trkpt lat="59.575733" lon="8.564153">
        <ele>369.445190</ele>
        <time>2024-08-09T06:59:43.353Z</time>
      </trkpt>
      <trkpt lat="59.576083" lon="8.563966">
        <ele>373.959885</ele>
        <time>2024-08-09T07:00:16.457Z</time>
      </trkpt>
      <trkpt lat="59.576351" lon="8.563867">
        <ele>377.354754</ele>
        <time>2024-08-09T07:00:41.871Z</time>
      </trkpt>
      <trkpt lat="59.576688" lon="8.563852">
        <ele>381.551954</ele>
        <time>2024-08-09T07:01:12.597Z</time>
      </trkpt>
      <trkpt lat="59.576892" lon="8.563767">
        <ele>384.147972</ele>
        <time>2024-08-09T07:01:29.959Z</time>
      </trkpt>
      <trkpt lat="59.577306" lon="8.563435">
        <ele>389.711683</ele>
        <time>2024-08-09T07:02:04.261Z</time>
      </trkpt>
      <trkpt lat="59.577567" lon="8.563128">
        <ele>392.180374</ele>
        <time>2024-08-09T07:02:24.174Z</time>
      </trkpt>
      <trkpt lat="59.577660" lon="8.562919">
        <ele>393.238603</ele>
        <time>2024-08-09T07:02:33.311Z</time>
      </trkpt>
      <trkpt lat="59.577708" lon="8.562715">
        <ele>394.094175</ele>
        <time>2024-08-09T07:02:40.386Z</time>
      </trkpt>
      <trkpt lat="59.577756" lon="8.562124">
        <ele>396.370726</ele>
        <time>2024-08-09T07:02:58.417Z</time>
      </trkpt>
      <trkpt lat="59.577791" lon="8.561936">
        <ele>397.132563</ele>
        <time>2024-08-09T07:03:04.007Z</time>
      </trkpt>
      <trkpt lat="59.577850" lon="8.561778">
        <ele>397.879233</ele>
        <time>2024-08-09T07:03:09.254Z</time>
      </trkpt>
      <trkpt lat="59.577914" lon="8.561708">
        <ele>398.428751</ele>
        <time>2024-08-09T07:03:13.418Z</time>
      </trkpt>
      <trkpt lat="59.578006" lon="8.561705">
        <ele>399.119872</ele>
        <time>2024-08-09T07:03:18.638Z</time>
      </trkpt>
      <trkpt lat="59.578097" lon="8.561788">
        <ele>399.872765</ele>
        <time>2024-08-09T07:03:24.315Z</time>
      </trkpt>
      <trkpt lat="59.578404" lon="8.562454">
        <ele>403.298195</ele>
        <time>2024-08-09T07:03:49.084Z</time>
      </trkpt>
      <trkpt lat="59.578534" lon="8.562610">
        <ele>404.327447</ele>
        <time>2024-08-09T07:03:57.324Z</time>
      </trkpt>
      <trkpt lat="59.578701" lon="8.562696">
        <ele>405.427401</ele>
        <time>2024-08-09T07:04:06.386Z</time>
      </trkpt>
      <trkpt lat="59.578889" lon="8.562696">
        <ele>406.625607</ele>
        <time>2024-08-09T07:04:16.021Z</time>
      </trkpt>
      <trkpt lat="59.579101" lon="8.562630">
        <ele>407.993461</ele>
        <time>2024-08-09T07:04:26.904Z</time>
      </trkpt>
      <trkpt lat="59.579469" lon="8.562388">
        <ele>410.465491</ele>
        <time>2024-08-09T07:04:47.103Z</time>
      </trkpt>
      <trkpt lat="59.580102" lon="8.561714">
        <ele>415.048854</ele>
        <time>2024-08-09T07:05:28.598Z</time>
      </trkpt>
      <trkpt lat="59.580794" lon="8.560853">
        <ele>419.114080</ele>
        <time>2024-08-09T07:06:12.651Z</time>
      </trkpt>
      <trkpt lat="59.581069" lon="8.560570">
        <ele>420.646245</ele>
        <time>2024-08-09T07:06:29.140Z</time>
      </trkpt>
      <trkpt lat="59.581514" lon="8.560204">
        <ele>423.028023</ele>
        <time>2024-08-09T07:06:50.305Z</time>
      </trkpt>
      <trkpt lat="59.581781" lon="8.559911">
        <ele>423.780612</ele>
        <time>2024-08-09T07:07:00.300Z</time>
      </trkpt>
      <trkpt lat="59.582076" lon="8.559444">
        <ele>422.787433</ele>
        <time>2024-08-09T07:07:08.659Z</time>
      </trkpt>
      <trkpt lat="59.582278" lon="8.558957">
        <ele>421.950074</ele>
        <time>2024-08-09T07:07:14.788Z</time>
      </trkpt>
      <trkpt lat="59.582493" lon="8.558231">
        <ele>420.831397</ele>
        <time>2024-08-09T07:07:21.911Z</time>
      </trkpt>
      <trkpt lat="59.582871" lon="8.557308">
        <ele>419.143137</ele>
        <time>2024-08-09T07:07:31.262Z</time>
      </trkpt>
      <trkpt lat="59.583086" lon="8.556759">
        <ele>416.685590</ele>
        <time>2024-08-09T07:07:36.509Z</time>
      </trkpt>
      <trkpt lat="59.583600" lon="8.555329">
        <ele>410.476063</ele>
        <time>2024-08-09T07:07:49.581Z</time>
      </trkpt>
      <trkpt lat="59.583817" lon="8.554755">
        <ele>407.939611</ele>
        <time>2024-08-09T07:07:55.056Z</time>
      </trkpt>
      <trkpt lat="59.583947" lon="8.554621">
        <ele>406.914096</ele>
        <time>2024-08-09T07:07:57.302Z</time>
      </trkpt>
      <trkpt lat="59.584079" lon="8.554598">
        <ele>406.147060</ele>
        <time>2024-08-09T07:07:59.322Z</time>
      </trkpt>
      <trkpt lat="59.584192" lon="8.554668">
        <ele>405.494746</ele>
        <time>2024-08-09T07:08:01.127Z</time>
      </trkpt>
      <trkpt lat="59.584278" lon="8.554785">
        <ele>404.919555</ele>
        <time>2024-08-09T07:08:02.733Z</time>
      </trkpt>
      <trkpt lat="59.584606" lon="8.555599">
        <ele>402.018412</ele>
        <time>2024-08-09T07:08:10.917Z</time>
      </trkpt>
      <trkpt lat="59.585096" lon="8.556333">
        <ele>398.631079</ele>
        <time>2024-08-09T07:08:20.698Z</time>
      </trkpt>
      <trkpt lat="59.585242" lon="8.556665">
        <ele>397.404774</ele>
        <time>2024-08-09T07:08:24.283Z</time>
      </trkpt>
      <trkpt lat="59.585308" lon="8.556919">
        <ele>396.619368</ele>
        <time>2024-08-09T07:08:26.562Z</time>
      </trkpt>
      <trkpt lat="59.585351" lon="8.557253">
        <ele>395.704509</ele>
        <time>2024-08-09T07:08:29.315Z</time>
      </trkpt>
      <trkpt lat="59.585364" lon="8.558700">
        <ele>391.862694</ele>
        <time>2024-08-09T07:08:40.826Z</time>
      </trkpt>
      <trkpt lat="59.585380" lon="8.559925">
        <ele>388.609724</ele>
        <time>2024-08-09T07:08:50.565Z</time>
      </trkpt>
      <trkpt lat="59.585464" lon="8.561599">
        <ele>384.411521</ele>
        <time>2024-08-09T07:09:03.926Z</time>
      </trkpt>
      <trkpt lat="59.585650" lon="8.564796">
        <ele>377.133693</ele>
        <time>2024-08-09T07:09:30.201Z</time>
      </trkpt>
      <trkpt lat="59.585779" lon="8.566674">
        <ele>373.712867</ele>
        <time>2024-08-09T07:09:46.339Z</time>
      </trkpt>
      <trkpt lat="59.585932" lon="8.568089">
        <ele>372.122937</ele>
        <time>2024-08-09T07:09:59.063Z</time>
      </trkpt>
      <trkpt lat="59.586096" lon="8.568848">
        <ele>371.871240</ele>
        <time>2024-08-09T07:10:07.119Z</time>
      </trkpt>
      <trkpt lat="59.586624" lon="8.570482">
        <ele>371.280009</ele>
        <time>2024-08-09T07:10:31.798Z</time>
      </trkpt>
      <trkpt lat="59.586690" lon="8.570678">
        <ele>371.218433</ele>
        <time>2024-08-09T07:10:35.040Z</time>
      </trkpt>
      <trkpt lat="59.586875" lon="8.571296">
        <ele>371.057070</ele>
        <time>2024-08-09T07:10:44.681Z</time>
      </trkpt>
      <trkpt lat="59.587054" lon="8.572147">
        <ele>370.849955</ele>
        <time>2024-08-09T07:10:56.652Z</time>
      </trkpt>
      <trkpt lat="59.587228" lon="8.573502">
        <ele>370.535775</ele>
        <time>2024-08-09T07:11:11.334Z</time>
      </trkpt>
      <trkpt lat="59.587348" lon="8.574910">
        <ele>367.579353</ele>
        <time>2024-08-09T07:11:23.836Z</time>
      </trkpt>
      <trkpt lat="59.587373" lon="8.576234">
        <ele>363.922664</ele>
        <time>2024-08-09T07:11:34.138Z</time>
      </trkpt>
      <trkpt lat="59.587542" lon="8.577287">
        <ele>360.873902</ele>
        <time>2024-08-09T07:11:42.424Z</time>
      </trkpt>
      <trkpt lat="59.587562" lon="8.577605">
        <ele>359.897392</ele>
        <time>2024-08-09T07:11:44.804Z</time>
      </trkpt>
      <trkpt lat="59.587521" lon="8.578014">
        <ele>358.584307</ele>
        <time>2024-08-09T07:11:47.891Z</time>
      </trkpt>
      <trkpt lat="59.587448" lon="8.578324">
        <ele>357.507554</ele>
        <time>2024-08-09T07:11:50.449Z</time>
      </trkpt>
      <trkpt lat="59.586941" lon="8.579665">
        <ele>352.236415</ele>
        <time>2024-08-09T07:12:03.356Z</time>
      </trkpt>
      <trkpt lat="59.586891" lon="8.579797">
        <ele>351.717203</ele>
        <time>2024-08-09T07:12:04.702Z</time>
      </trkpt>
      <trkpt lat="59.586779" lon="8.580358">
        <ele>349.817964</ele>
        <time>2024-08-09T07:12:09.605Z</time>
      </trkpt>
      <trkpt lat="59.586752" lon="8.580822">
        <ele>348.911536</ele>
        <time>2024-08-09T07:12:13.486Z</time>
      </trkpt>
      <trkpt lat="59.586773" lon="8.581373">
        <ele>348.059926</ele>
        <time>2024-08-09T07:12:18.089Z</time>
      </trkpt>
      <trkpt lat="59.586838" lon="8.581991">
        <ele>347.087120</ele>
        <time>2024-08-09T07:12:23.453Z</time>
      </trkpt>
      <trkpt lat="59.586972" lon="8.582935">
        <ele>345.576110</ele>
        <time>2024-08-09T07:12:32.106Z</time>
      </trkpt>
      <trkpt lat="59.587359" lon="8.585230">
        <ele>342.382692</ele>
        <time>2024-08-09T07:12:55.173Z</time>
      </trkpt>
      <trkpt lat="59.587770" lon="8.587618">
        <ele>339.325258</ele>
        <time>2024-08-09T07:13:17.640Z</time>
      </trkpt>
      <trkpt lat="59.587959" lon="8.589301">
        <ele>336.614201</ele>
        <time>2024-08-09T07:13:33.027Z</time>
      </trkpt>
      <trkpt lat="59.588063" lon="8.590362">
        <ele>334.914671</ele>
        <time>2024-08-09T07:13:42.156Z</time>
      </trkpt>
      <trkpt lat="59.588135" lon="8.590857">
        <ele>334.075257</ele>
        <time>2024-08-09T07:13:46.404Z</time>
      </trkpt>
      <trkpt lat="59.588240" lon="8.591350">
        <ele>333.099249</ele>
        <time>2024-08-09T07:13:50.872Z</time>
      </trkpt>
      <trkpt lat="59.588535" lon="8.592432">
        <ele>330.856662</ele>
        <time>2024-08-09T07:14:01.583Z</time>
      </trkpt>
      <trkpt lat="59.588609" lon="8.592845">
        <ele>330.057211</ele>
        <time>2024-08-09T07:14:05.361Z</time>
      </trkpt>
      <trkpt lat="59.588649" lon="8.593326">
        <ele>329.167729</ele>
        <time>2024-08-09T07:14:09.464Z</time>
      </trkpt>
      <trkpt lat="59.588651" lon="8.594538">
        <ele>326.908713</ele>
        <time>2024-08-09T07:14:19.559Z</time>
      </trkpt>
      <trkpt lat="59.588717" lon="8.595047">
        <ele>325.896389</ele>
        <time>2024-08-09T07:14:23.989Z</time>
      </trkpt>
      <trkpt lat="59.590081" lon="8.601734">
        <ele>311.655696</ele>
        <time>2024-08-09T07:15:24.624Z</time>
      </trkpt>
      <trkpt lat="59.590994" lon="8.605621">
        <ele>302.060750</ele>
        <time>2024-08-09T07:15:59.486Z</time>
      </trkpt>
      <trkpt lat="59.591132" lon="8.606438">
        <ele>300.106577</ele>
        <time>2024-08-09T07:16:06.491Z</time>
      </trkpt>
      <trkpt lat="59.591316" lon="8.607819">
        <ele>297.164953</ele>
        <time>2024-08-09T07:16:18.317Z</time>
      </trkpt>
      <trkpt lat="59.591516" lon="8.609324">
        <ele>294.462092</ele>
        <time>2024-08-09T07:16:31.661Z</time>
      </trkpt>
      <trkpt lat="59.591765" lon="8.610888">
        <ele>291.732040</ele>
        <time>2024-08-09T07:16:45.953Z</time>
      </trkpt>
      <trkpt lat="59.591975" lon="8.611945">
        <ele>290.418415</ele>
        <time>2024-08-09T07:16:55.906Z</time>
      </trkpt>
      <trkpt lat="59.592357" lon="8.613627">
        <ele>288.285693</ele>
        <time>2024-08-09T07:17:12.871Z</time>
      </trkpt>
      <trkpt lat="59.592470" lon="8.614247">
        <ele>287.679190</ele>
        <time>2024-08-09T07:17:19.391Z</time>
      </trkpt>
      <trkpt lat="59.592634" lon="8.615444">
        <ele>286.916255</ele>
        <time>2024-08-09T07:17:31.473Z</time>
      </trkpt>
      <trkpt lat="59.592826" lon="8.617159">
        <ele>285.835637</ele>
        <time>2024-08-09T07:17:48.812Z</time>
      </trkpt>
      <trkpt lat="59.593123" lon="8.619807">
        <ele>284.137838</ele>
        <time>2024-08-09T07:18:17.726Z</time>
      </trkpt>
      <trkpt lat="59.593527" lon="8.622377">
        <ele>280.864951</ele>
        <time>2024-08-09T07:18:41.682Z</time>
      </trkpt>
      <trkpt lat="59.594012" lon="8.624971">
        <ele>276.319468</ele>
        <time>2024-08-09T07:19:04.989Z</time>
      </trkpt>
      <trkpt lat="59.594591" lon="8.627495">
        <ele>271.674814</ele>
        <time>2024-08-09T07:19:28.746Z</time>
      </trkpt>
      <trkpt lat="59.594704" lon="8.628096">
        <ele>270.858290</ele>
        <time>2024-08-09T07:19:34.744Z</time>
      </trkpt>
      <trkpt lat="59.594762" lon="8.628712">
        <ele>270.060314</ele>
        <time>2024-08-09T07:19:40.451Z</time>
      </trkpt>
      <trkpt lat="59.594788" lon="8.629677">
        <ele>268.829586</ele>
        <time>2024-08-09T07:19:48.984Z</time>
      </trkpt>
      <trkpt lat="59.594832" lon="8.630095">
        <ele>268.285846</ele>
        <time>2024-08-09T07:19:52.739Z</time>
      </trkpt>
      <trkpt lat="59.594934" lon="8.630507">
        <ele>267.701727</ele>
        <time>2024-08-09T07:19:56.869Z</time>
      </trkpt>
      <trkpt lat="59.595462" lon="8.632026">
        <ele>265.010810</ele>
        <time>2024-08-09T07:20:14.118Z</time>
      </trkpt>
      <trkpt lat="59.595626" lon="8.632712">
        <ele>263.860488</ele>
        <time>2024-08-09T07:20:20.897Z</time>
      </trkpt>
      <trkpt lat="59.595666" lon="8.633203">
        <ele>263.106451</ele>
        <time>2024-08-09T07:20:25.151Z</time>
      </trkpt>
      <trkpt lat="59.595648" lon="8.634203">
        <ele>261.388697</ele>
        <time>2024-08-09T07:20:33.473Z</time>
      </trkpt>
      <trkpt lat="59.595709" lon="8.634726">
        <ele>259.682177</ele>
        <time>2024-08-09T07:20:37.848Z</time>
      </trkpt>
      <trkpt lat="59.595795" lon="8.635036">
        <ele>258.558132</ele>
        <time>2024-08-09T07:20:40.732Z</time>
      </trkpt>
      <trkpt lat="59.596557" lon="8.637272">
        <ele>249.882074</ele>
        <time>2024-08-09T07:21:01.246Z</time>
      </trkpt>
      <trkpt lat="59.596766" lon="8.637553">
        <ele>247.950040</ele>
        <time>2024-08-09T07:21:04.895Z</time>
      </trkpt>
      <trkpt lat="59.597176" lon="8.637833">
        <ele>244.634647</ele>
        <time>2024-08-09T07:21:11.190Z</time>
      </trkpt>
      <trkpt lat="59.597268" lon="8.637972">
        <ele>243.749529</ele>
        <time>2024-08-09T07:21:12.893Z</time>
      </trkpt>
      <trkpt lat="59.597353" lon="8.638194">
        <ele>242.672820</ele>
        <time>2024-08-09T07:21:14.954Z</time>
      </trkpt>
      <trkpt lat="59.597456" lon="8.638710">
        <ele>240.527406</ele>
        <time>2024-08-09T07:21:19.090Z</time>
      </trkpt>
      <trkpt lat="59.597547" lon="8.639427">
        <ele>237.668334</ele>
        <time>2024-08-09T07:21:24.651Z</time>
      </trkpt>
      <trkpt lat="59.597622" lon="8.640990">
        <ele>232.893075</ele>
        <time>2024-08-09T07:21:36.818Z</time>
      </trkpt>
      <trkpt lat="59.597668" lon="8.641519">
        <ele>231.342034</ele>
        <time>2024-08-09T07:21:41.064Z</time>
      </trkpt>
      <trkpt lat="59.597861" lon="8.642693">
        <ele>227.775057</ele>
        <time>2024-08-09T07:21:50.850Z</time>
      </trkpt>
      <trkpt lat="59.597975" lon="8.643240">
        <ele>226.158133</ele>
        <time>2024-08-09T07:21:55.590Z</time>
      </trkpt>
      <trkpt lat="59.598370" lon="8.644964">
        <ele>221.988302</ele>
        <time>2024-08-09T07:22:10.995Z</time>
      </trkpt>
      <trkpt lat="59.598882" lon="8.646733">
        <ele>217.740217</ele>
        <time>2024-08-09T07:22:28.132Z</time>
      </trkpt>
      <trkpt lat="59.599591" lon="8.648860">
        <ele>213.335336</ele>
        <time>2024-08-09T07:22:49.932Z</time>
      </trkpt>
      <trkpt lat="59.599814" lon="8.649413">
        <ele>212.179854</ele>
        <time>2024-08-09T07:22:56.040Z</time>
      </trkpt>
      <trkpt lat="59.600372" lon="8.650117">
        <ele>210.335897</ele>
        <time>2024-08-09T07:23:07.479Z</time>
      </trkpt>
      <trkpt lat="59.600587" lon="8.650532">
        <ele>209.498788</ele>
        <time>2024-08-09T07:23:12.743Z</time>
      </trkpt>
      <trkpt lat="59.600682" lon="8.650809">
        <ele>209.027150</ele>
        <time>2024-08-09T07:23:15.740Z</time>
      </trkpt>
      <trkpt lat="59.600773" lon="8.651207">
        <ele>208.411587</ele>
        <time>2024-08-09T07:23:19.632Z</time>
      </trkpt>
      <trkpt lat="59.600828" lon="8.651601">
        <ele>207.835525</ele>
        <time>2024-08-09T07:23:23.336Z</time>
      </trkpt>
      <trkpt lat="59.600841" lon="8.651983">
        <ele>207.349182</ele>
        <time>2024-08-09T07:23:26.776Z</time>
      </trkpt>
      <trkpt lat="59.600819" lon="8.652323">
        <ele>207.016482</ele>
        <time>2024-08-09T07:23:29.919Z</time>
      </trkpt>
      <trkpt lat="59.600727" lon="8.652902">
        <ele>206.427434</ele>
        <time>2024-08-09T07:23:35.493Z</time>
      </trkpt>
      <trkpt lat="59.600680" lon="8.653084">
        <ele>206.229105</ele>
        <time>2024-08-09T07:23:37.374Z</time>
      </trkpt>
      <trkpt lat="59.600291" lon="8.654267">
        <ele>204.859703</ele>
        <time>2024-08-09T07:23:50.798Z</time>
      </trkpt>
      <trkpt lat="59.600176" lon="8.654725">
        <ele>204.363429</ele>
        <time>2024-08-09T07:23:55.632Z</time>
      </trkpt>
      <trkpt lat="59.600069" lon="8.655625">
        <ele>203.478564</ele>
        <time>2024-08-09T07:24:04.376Z</time>
      </trkpt>
      <trkpt lat="59.600038" lon="8.656168">
        <ele>202.960196</ele>
        <time>2024-08-09T07:24:09.510Z</time>
      </trkpt>
      <trkpt lat="59.600037" lon="8.656704">
        <ele>202.451732</ele>
        <time>2024-08-09T07:24:14.517Z</time>
      </trkpt>
      <trkpt lat="59.600072" lon="8.657789">
        <ele>201.420391</ele>
        <time>2024-08-09T07:24:24.646Z</time>
      </trkpt>
      <trkpt lat="59.600089" lon="8.658346">
        <ele>200.891051</ele>
        <time>2024-08-09T07:24:29.850Z</time>
      </trkpt>
      <trkpt lat="59.600122" lon="8.660096">
        <ele>199.487101</ele>
        <time>2024-08-09T07:24:46.261Z</time>
      </trkpt>
      <trkpt lat="59.600122" lon="8.660149">
        <ele>199.445963</ele>
        <time>2024-08-09T07:24:46.771Z</time>
      </trkpt>
      <trkpt lat="59.600125" lon="8.661934">
        <ele>198.060475</ele>
        <time>2024-08-09T07:25:04.187Z</time>
      </trkpt>
      <trkpt lat="59.600123" lon="8.662077">
        <ele>197.949439</ele>
        <time>2024-08-09T07:25:05.606Z</time>
      </trkpt>
      <trkpt lat="59.600086" lon="8.663041">
        <ele>197.464862</ele>
        <time>2024-08-09T07:25:15.078Z</time>
      </trkpt>
      <trkpt lat="59.599992" lon="8.664241">
        <ele>196.886873</ele>
        <time>2024-08-09T07:25:27.416Z</time>
      </trkpt>
      <trkpt lat="59.599865" lon="8.665781">
        <ele>196.161150</ele>
        <time>2024-08-09T07:25:43.679Z</time>
      </trkpt>
      <trkpt lat="59.599749" lon="8.667404">
        <ele>195.644179</ele>
        <time>2024-08-09T07:26:00.406Z</time>
      </trkpt>
      <trkpt lat="59.599756" lon="8.667934">
        <ele>195.476961</ele>
        <time>2024-08-09T07:26:05.734Z</time>
      </trkpt>
      <trkpt lat="59.599818" lon="8.668720">
        <ele>195.226065</ele>
        <time>2024-08-09T07:26:13.965Z</time>
      </trkpt>
      <trkpt lat="59.600020" lon="8.670726">
        <ele>195.615109</ele>
        <time>2024-08-09T07:26:37.138Z</time>
      </trkpt>
      <trkpt lat="59.600037" lon="8.670920">
        <ele>195.683410</ele>
        <time>2024-08-09T07:26:39.771Z</time>
      </trkpt>
      <trkpt lat="59.600116" lon="8.672171">
        <ele>196.120758</ele>
        <time>2024-08-09T07:26:57.803Z</time>
      </trkpt>
      <trkpt lat="59.600062" lon="8.674448">
        <ele>196.595807</ele>
        <time>2024-08-09T07:27:32.609Z</time>
      </trkpt>
      <trkpt lat="59.600112" lon="8.676022">
        <ele>196.857422</ele>
        <time>2024-08-09T07:27:50.666Z</time>
      </trkpt>
      <trkpt lat="59.600183" lon="8.676812">
        <ele>195.610271</ele>
        <time>2024-08-09T07:27:58.100Z</time>
      </trkpt>
      <trkpt lat="59.600280" lon="8.677568">
        <ele>193.848315</ele>
        <time>2024-08-09T07:28:04.614Z</time>
      </trkpt>
      <trkpt lat="59.600589" lon="8.679176">
        <ele>189.962524</ele>
        <time>2024-08-09T07:28:18.118Z</time>
      </trkpt>
      <trkpt lat="59.600654" lon="8.679725">
        <ele>188.675163</ele>
        <time>2024-08-09T07:28:22.489Z</time>
      </trkpt>
      <trkpt lat="59.600638" lon="8.680246">
        <ele>187.405521</ele>
        <time>2024-08-09T07:28:26.546Z</time>
      </trkpt>
      <trkpt lat="59.600489" lon="8.681060">
        <ele>185.299934</ele>
        <time>2024-08-09T07:28:33.330Z</time>
      </trkpt>
      <trkpt lat="59.599973" lon="8.683559">
        <ele>179.520906</ele>
        <time>2024-08-09T07:28:55.607Z</time>
      </trkpt>
      <trkpt lat="59.599732" lon="8.685183">
        <ele>177.583262</ele>
        <time>2024-08-09T07:29:11.312Z</time>
      </trkpt>
      <trkpt lat="59.599697" lon="8.686082">
        <ele>176.550938</ele>
        <time>2024-08-09T07:29:19.953Z</time>
      </trkpt>
      <trkpt lat="59.599736" lon="8.686956">
        <ele>175.990375</ele>
        <time>2024-08-09T07:29:28.554Z</time>
      </trkpt>
      <trkpt lat="59.600165" lon="8.692670">
        <ele>174.676683</ele>
        <time>2024-08-09T07:30:30.474Z</time>
      </trkpt>
      <trkpt lat="59.600184" lon="8.693539">
        <ele>174.539605</ele>
        <time>2024-08-09T07:30:40.904Z</time>
      </trkpt>
      <trkpt lat="59.600153" lon="8.695125">
        <ele>174.013767</ele>
        <time>2024-08-09T07:30:58.232Z</time>
      </trkpt>
      <trkpt lat="59.600199" lon="8.696036">
        <ele>173.710451</ele>
        <time>2024-08-09T07:31:07.567Z</time>
      </trkpt>
      <trkpt lat="59.600202" lon="8.696071">
        <ele>173.698690</ele>
        <time>2024-08-09T07:31:07.919Z</time>
      </trkpt>
      <trkpt lat="59.600341" lon="8.697386">
        <ele>173.076066</ele>
        <time>2024-08-09T07:31:21.172Z</time>
      </trkpt>
      <trkpt lat="59.600488" lon="8.698371">
        <ele>172.271297</ele>
        <time>2024-08-09T07:31:30.963Z</time>
      </trkpt>
      <trkpt lat="59.600700" lon="8.699350">
        <ele>171.436808</ele>
        <time>2024-08-09T07:31:40.868Z</time>
      </trkpt>
      <trkpt lat="59.600895" lon="8.699958">
        <ele>170.872711</ele>
        <time>2024-08-09T07:31:47.555Z</time>
      </trkpt>
      <trkpt lat="59.601198" lon="8.700764">
        <ele>170.490637</ele>
        <time>2024-08-09T07:31:57.503Z</time>
      </trkpt>
      <trkpt lat="59.601742" lon="8.702135">
        <ele>170.203956</ele>
        <time>2024-08-09T07:32:16.773Z</time>
      </trkpt>
      <trkpt lat="59.602026" lon="8.702924">
        <ele>170.044633</ele>
        <time>2024-08-09T07:32:28.323Z</time>
      </trkpt>
      <trkpt lat="59.602296" lon="8.703771">
        <ele>169.774698</ele>
        <time>2024-08-09T07:32:39.923Z</time>
      </trkpt>
      <trkpt lat="59.602618" lon="8.704822">
        <ele>169.413103</ele>
        <time>2024-08-09T07:32:53.732Z</time>
      </trkpt>
      <trkpt lat="59.602664" lon="8.704971">
        <ele>169.361734</ele>
        <time>2024-08-09T07:32:55.629Z</time>
      </trkpt>
      <trkpt lat="59.602689" lon="8.705049">
        <ele>169.334561</ele>
        <time>2024-08-09T07:32:56.633Z</time>
      </trkpt>
      <trkpt lat="59.602750" lon="8.705248">
        <ele>169.266086</ele>
        <time>2024-08-09T07:32:59.038Z</time>
      </trkpt>
      <trkpt lat="59.602866" lon="8.705678">
        <ele>169.122674</ele>
        <time>2024-08-09T07:33:03.894Z</time>
      </trkpt>
      <trkpt lat="59.602934" lon="8.706044">
        <ele>169.007928</ele>
        <time>2024-08-09T07:33:07.603Z</time>
      </trkpt>
      <trkpt lat="59.603021" lon="8.706939">
        <ele>167.917163</ele>
        <time>2024-08-09T07:33:15.994Z</time>
      </trkpt>
      <trkpt lat="59.603096" lon="8.707740">
        <ele>166.810510</ele>
        <time>2024-08-09T07:33:23.191Z</time>
      </trkpt>
      <trkpt lat="59.603155" lon="8.708198">
        <ele>166.168459</ele>
        <time>2024-08-09T07:33:27.279Z</time>
      </trkpt>
      <trkpt lat="59.603618" lon="8.710651">
        <ele>162.869041</ele>
        <time>2024-08-09T07:33:50.072Z</time>
      </trkpt>
      <trkpt lat="59.603894" lon="8.712047">
        <ele>161.176213</ele>
        <time>2024-08-09T07:34:03.700Z</time>
      </trkpt>
      <trkpt lat="59.603943" lon="8.712489">
        <ele>160.665149</ele>
        <time>2024-08-09T07:34:08.041Z</time>
      </trkpt>
      <trkpt lat="59.603909" lon="8.712996">
        <ele>160.114853</ele>
        <time>2024-08-09T07:34:13.070Z</time>
      </trkpt>
      <trkpt lat="59.603843" lon="8.713287">
        <ele>160.032192</ele>
        <time>2024-08-09T07:34:16.238Z</time>
      </trkpt>
      <trkpt lat="59.603757" lon="8.713516">
        <ele>159.958270</ele>
        <time>2024-08-09T07:34:19.166Z</time>
      </trkpt>
      <trkpt lat="59.603560" lon="8.713816">
        <ele>159.830863</ele>
        <time>2024-08-09T07:34:24.288Z</time>
      </trkpt>
      <trkpt lat="59.603414" lon="8.713930">
        <ele>159.750442</ele>
        <time>2024-08-09T07:34:27.554Z</time>
      </trkpt>
      <trkpt lat="59.603313" lon="8.713969">
        <ele>159.697722</ele>
        <time>2024-08-09T07:34:29.715Z</time>
      </trkpt>
      <trkpt lat="59.603013" lon="8.713977">
        <ele>159.544020</ele>
        <time>2024-08-09T07:34:36.191Z</time>
      </trkpt>
      <trkpt lat="59.602852" lon="8.714051">
        <ele>159.459339</ele>
        <time>2024-08-09T07:34:39.759Z</time>
      </trkpt>
      <trkpt lat="59.602711" lon="8.714186">
        <ele>159.379075</ele>
        <time>2024-08-09T07:34:43.164Z</time>
      </trkpt>
      <trkpt lat="59.602557" lon="8.714443">
        <ele>159.275817</ele>
        <time>2024-08-09T07:34:47.547Z</time>
      </trkpt>
      <trkpt lat="59.602436" lon="8.714819">
        <ele>159.200515</ele>
        <time>2024-08-09T07:34:52.557Z</time>
      </trkpt>
      <trkpt lat="59.602388" lon="8.714936">
        <ele>159.199523</ele>
        <time>2024-08-09T07:34:54.283Z</time>
      </trkpt>
      <trkpt lat="59.602301" lon="8.715323">
        <ele>159.196735</ele>
        <time>2024-08-09T07:34:59.053Z</time>
      </trkpt>
      <trkpt lat="59.602318" lon="8.715492">
        <ele>159.195600</ele>
        <time>2024-08-09T07:35:00.952Z</time>
      </trkpt>
      <trkpt lat="59.602615" lon="8.715678">
        <ele>159.191546</ele>
        <time>2024-08-09T07:35:07.803Z</time>
      </trkpt>
      <trkpt lat="59.602686" lon="8.715729">
        <ele>159.190563</ele>
        <time>2024-08-09T07:35:09.455Z</time>
      </trkpt>
      <trkpt lat="59.603382" lon="8.716371">
        <ele>159.180568</ele>
        <time>2024-08-09T07:35:26.439Z</time>
      </trkpt>
      <trkpt lat="59.603855" lon="8.716911">
        <ele>159.398532</ele>
        <time>2024-08-09T07:35:39.183Z</time>
      </trkpt>
      <trkpt lat="59.604236" lon="8.717522">
        <ele>159.698062</ele>
        <time>2024-08-09T07:35:50.853Z</time>
      </trkpt>
      <trkpt lat="59.604529" lon="8.718085">
        <ele>159.947535</ele>
        <time>2024-08-09T07:36:01.381Z</time>
      </trkpt>
      <trkpt lat="59.604824" lon="8.718821">
        <ele>160.237560</ele>
        <time>2024-08-09T07:36:14.519Z</time>
      </trkpt>
      <trkpt lat="59.605033" lon="8.719554">
        <ele>160.422278</ele>
        <time>2024-08-09T07:36:26.485Z</time>
      </trkpt>
      <trkpt lat="59.605212" lon="8.720535">
        <ele>160.634957</ele>
        <time>2024-08-09T07:36:40.547Z</time>
      </trkpt>
      <trkpt lat="59.605299" lon="8.721627">
        <ele>160.860403</ele>
        <time>2024-08-09T07:36:53.894Z</time>
      </trkpt>
      <trkpt lat="59.605264" lon="8.724176">
        <ele>160.400289</ele>
        <time>2024-08-09T07:37:20.552Z</time>
      </trkpt>
      <trkpt lat="59.605264" lon="8.724176">
        <ele>160.400289</ele>
        <time>2024-08-09T07:37:20.556Z</time>
      </trkpt>
      <trkpt lat="59.605332" lon="8.725353">
        <ele>160.017488</ele>
        <time>2024-08-09T07:37:32.421Z</time>
      </trkpt>
      <trkpt lat="59.605441" lon="8.726484">
        <ele>159.851584</ele>
        <time>2024-08-09T07:37:44.499Z</time>
      </trkpt>
      <trkpt lat="59.605508" lon="8.727182">
        <ele>159.850609</ele>
        <time>2024-08-09T07:37:52.216Z</time>
      </trkpt>
      <trkpt lat="59.605632" lon="8.729281">
        <ele>159.847709</ele>
        <time>2024-08-09T07:38:17.972Z</time>
      </trkpt>
      <trkpt lat="59.605631" lon="8.731384">
        <ele>159.928359</ele>
        <time>2024-08-09T07:38:42.089Z</time>
      </trkpt>
      <trkpt lat="59.605696" lon="8.733001">
        <ele>159.983673</ele>
        <time>2024-08-09T07:39:00.720Z</time>
      </trkpt>
      <trkpt lat="59.605699" lon="8.733841">
        <ele>159.913866</ele>
        <time>2024-08-09T07:39:10.118Z</time>
      </trkpt>
      <trkpt lat="59.605619" lon="8.736050">
        <ele>159.729824</ele>
        <time>2024-08-09T07:39:34.340Z</time>
      </trkpt>
      <trkpt lat="59.605622" lon="8.736540">
        <ele>159.681406</ele>
        <time>2024-08-09T07:39:39.710Z</time>
      </trkpt>
      <trkpt lat="59.605657" lon="8.737064">
        <ele>159.578692</ele>
        <time>2024-08-09T07:39:45.460Z</time>
      </trkpt>
      <trkpt lat="59.605819" lon="8.738208">
        <ele>159.347833</ele>
        <time>2024-08-09T07:39:58.146Z</time>
      </trkpt>
      <trkpt lat="59.606251" lon="8.740588">
        <ele>158.962425</ele>
        <time>2024-08-09T07:40:24.930Z</time>
      </trkpt>
      <trkpt lat="59.606384" lon="8.741918">
        <ele>158.888184</ele>
        <time>2024-08-09T07:40:39.943Z</time>
      </trkpt>
      <trkpt lat="59.606503" lon="8.742590">
        <ele>158.849196</ele>
        <time>2024-08-09T07:40:48.026Z</time>
      </trkpt>
      <trkpt lat="59.606707" lon="8.743308">
        <ele>158.813289</ele>
        <time>2024-08-09T07:40:57.648Z</time>
      </trkpt>
      <trkpt lat="59.607176" lon="8.744629">
        <ele>158.880462</ele>
        <time>2024-08-09T07:41:16.917Z</time>
      </trkpt>
      <trkpt lat="59.607305" lon="8.745051">
        <ele>158.900984</ele>
        <time>2024-08-09T07:41:22.721Z</time>
      </trkpt>
      <trkpt lat="59.607967" lon="8.748002">
        <ele>158.983018</ele>
        <time>2024-08-09T07:41:58.576Z</time>
      </trkpt>
      <trkpt lat="59.608181" lon="8.748725">
        <ele>158.994507</ele>
        <time>2024-08-09T07:42:08.060Z</time>
      </trkpt>
      <trkpt lat="59.608409" lon="8.749283">
        <ele>159.004344</ele>
        <time>2024-08-09T07:42:16.444Z</time>
      </trkpt>
      <trkpt lat="59.608632" lon="8.749722">
        <ele>159.095821</ele>
        <time>2024-08-09T07:42:23.827Z</time>
      </trkpt>
      <trkpt lat="59.609669" lon="8.751509">
        <ele>159.587027</ele>
        <time>2024-08-09T07:42:56.698Z</time>
      </trkpt>
      <trkpt lat="59.609996" lon="8.752128">
        <ele>159.796684</ele>
        <time>2024-08-09T07:43:08.202Z</time>
      </trkpt>
      <trkpt lat="59.610095" lon="8.752375">
        <ele>159.880813</ele>
        <time>2024-08-09T07:43:12.316Z</time>
      </trkpt>
      <trkpt lat="59.610180" lon="8.752696">
        <ele>159.977539</ele>
        <time>2024-08-09T07:43:16.752Z</time>
      </trkpt>
      <trkpt lat="59.610230" lon="8.753016">
        <ele>160.066950</ele>
        <time>2024-08-09T07:43:21.046Z</time>
      </trkpt>
      <trkpt lat="59.610245" lon="8.753329">
        <ele>160.150885</ele>
        <time>2024-08-09T07:43:24.832Z</time>
      </trkpt>
      <trkpt lat="59.610222" lon="8.753744">
        <ele>160.262338</ele>
        <time>2024-08-09T07:43:29.976Z</time>
      </trkpt>
      <trkpt lat="59.610114" lon="8.754383">
        <ele>160.442198</ele>
        <time>2024-08-09T07:43:38.042Z</time>
      </trkpt>
      <trkpt lat="59.609487" lon="8.757202">
        <ele>161.823767</ele>
        <time>2024-08-09T07:44:19.083Z</time>
      </trkpt>
      <trkpt lat="59.609393" lon="8.757715">
        <ele>162.091634</ele>
        <time>2024-08-09T07:44:27.101Z</time>
      </trkpt>
      <trkpt lat="59.609096" lon="8.760540">
        <ele>163.799765</ele>
        <time>2024-08-09T07:45:09.198Z</time>
      </trkpt>
      <trkpt lat="59.608910" lon="8.762493">
        <ele>164.825809</ele>
        <time>2024-08-09T07:45:37.006Z</time>
      </trkpt>
      <trkpt lat="59.608854" lon="8.763554">
        <ele>165.223938</ele>
        <time>2024-08-09T07:45:50.905Z</time>
      </trkpt>
      <trkpt lat="59.608885" lon="8.764301">
        <ele>165.503665</ele>
        <time>2024-08-09T07:46:00.292Z</time>
      </trkpt>
      <trkpt lat="59.609124" lon="8.766534">
        <ele>166.500093</ele>
        <time>2024-08-09T07:46:29.767Z</time>
      </trkpt>
      <trkpt lat="59.609201" lon="8.767558">
        <ele>166.997447</ele>
        <time>2024-08-09T07:46:43.976Z</time>
      </trkpt>
      <trkpt lat="59.609350" lon="8.769682">
        <ele>168.022540</ele>
        <time>2024-08-09T07:47:15.096Z</time>
      </trkpt>
      <trkpt lat="59.609451" lon="8.770235">
        <ele>168.301924</ele>
        <time>2024-08-09T07:47:23.255Z</time>
      </trkpt>
      <trkpt lat="59.609748" lon="8.771418">
        <ele>168.929494</ele>
        <time>2024-08-09T07:47:40.918Z</time>
      </trkpt>
      <trkpt lat="59.609835" lon="8.771908">
        <ele>169.176262</ele>
        <time>2024-08-09T07:47:47.654Z</time>
      </trkpt>
      <trkpt lat="59.609939" lon="8.772785">
        <ele>169.106412</ele>
        <time>2024-08-09T07:47:59.267Z</time>
      </trkpt>
      <trkpt lat="59.610057" lon="8.774206">
        <ele>168.829899</ele>
        <time>2024-08-09T07:48:15.136Z</time>
      </trkpt>
      <trkpt lat="59.610084" lon="8.774864">
        <ele>168.703135</ele>
        <time>2024-08-09T07:48:21.769Z</time>
      </trkpt>
      <trkpt lat="59.610080" lon="8.775640">
        <ele>168.519480</ele>
        <time>2024-08-09T07:48:29.419Z</time>
      </trkpt>
      <trkpt lat="59.609884" lon="8.780099">
        <ele>165.640788</ele>
        <time>2024-08-09T07:49:12.595Z</time>
      </trkpt>
      <trkpt lat="59.609903" lon="8.780845">
        <ele>165.334441</ele>
        <time>2024-08-09T07:49:20.090Z</time>
      </trkpt>
      <trkpt lat="59.609977" lon="8.781614">
        <ele>165.013393</ele>
        <time>2024-08-09T07:49:28.159Z</time>
      </trkpt>
      <trkpt lat="59.610085" lon="8.782183">
        <ele>164.764143</ele>
        <time>2024-08-09T07:49:34.523Z</time>
      </trkpt>
      <trkpt lat="59.610191" lon="8.782488">
        <ele>164.612378</ele>
        <time>2024-08-09T07:49:38.740Z</time>
      </trkpt>
      <trkpt lat="59.610299" lon="8.782699">
        <ele>164.720080</ele>
        <time>2024-08-09T07:49:42.041Z</time>
      </trkpt>
      <trkpt lat="59.610493" lon="8.782941">
        <ele>164.970997</ele>
        <time>2024-08-09T07:49:47.546Z</time>
      </trkpt>
      <trkpt lat="59.611106" lon="8.783474">
        <ele>165.703495</ele>
        <time>2024-08-09T07:50:05.106Z</time>
      </trkpt>
      <trkpt lat="59.611300" lon="8.783763">
        <ele>165.969200</ele>
        <time>2024-08-09T07:50:12.077Z</time>
      </trkpt>
      <trkpt lat="59.611425" lon="8.784073">
        <ele>166.188553</ele>
        <time>2024-08-09T07:50:18.659Z</time>
      </trkpt>
      <trkpt lat="59.611537" lon="8.784545">
        <ele>166.477022</ele>
        <time>2024-08-09T07:50:26.887Z</time>
      </trkpt>
      <trkpt lat="59.611810" lon="8.786252">
        <ele>169.032364</ele>
        <time>2024-08-09T07:50:58.845Z</time>
      </trkpt>
      <trkpt lat="59.611986" lon="8.786850">
        <ele>170.071454</ele>
        <time>2024-08-09T07:51:13.389Z</time>
      </trkpt>
      <trkpt lat="59.612310" lon="8.787506">
        <ele>171.448435</ele>
        <time>2024-08-09T07:51:32.387Z</time>
      </trkpt>
      <trkpt lat="59.612750" lon="8.788227">
        <ele>171.964107</ele>
        <time>2024-08-09T07:51:53.602Z</time>
      </trkpt>
      <trkpt lat="59.613010" lon="8.788580">
        <ele>172.015781</ele>
        <time>2024-08-09T07:52:03.021Z</time>
      </trkpt>
      <trkpt lat="59.613229" lon="8.788794">
        <ele>172.055804</ele>
        <time>2024-08-09T07:52:08.715Z</time>
      </trkpt>
      <trkpt lat="59.613753" lon="8.789155">
        <ele>172.146715</ele>
        <time>2024-08-09T07:52:19.447Z</time>
      </trkpt>
      <trkpt lat="59.614038" lon="8.789306">
        <ele>172.106155</ele>
        <time>2024-08-09T07:52:24.592Z</time>
      </trkpt>
      <trkpt lat="59.614319" lon="8.789387">
        <ele>171.365685</ele>
        <time>2024-08-09T07:52:29.488Z</time>
      </trkpt>
      <trkpt lat="59.614971" lon="8.789447">
        <ele>169.663720</ele>
        <time>2024-08-09T07:52:40.561Z</time>
      </trkpt>
      <trkpt lat="59.615130" lon="8.789515">
        <ele>169.239529</ele>
        <time>2024-08-09T07:52:43.349Z</time>
      </trkpt>
      <trkpt lat="59.615376" lon="8.789733">
        <ele>168.536580</ele>
        <time>2024-08-09T07:52:47.924Z</time>
      </trkpt>
      <trkpt lat="59.615628" lon="8.790103">
        <ele>167.718092</ele>
        <time>2024-08-09T07:52:53.514Z</time>
      </trkpt>
      <trkpt lat="59.616452" lon="8.791514">
        <ele>167.925759</ele>
        <time>2024-08-09T07:53:16.522Z</time>
      </trkpt>
      <trkpt lat="59.616544" lon="8.791683">
        <ele>167.978920</ele>
        <time>2024-08-09T07:53:20.572Z</time>
      </trkpt>
      <trkpt lat="59.616797" lon="8.792092">
        <ele>168.117265</ele>
        <time>2024-08-09T07:53:31.777Z</time>
      </trkpt>
      <trkpt lat="59.617382" lon="8.792993">
        <ele>168.533745</ele>
        <time>2024-08-09T07:53:55.324Z</time>
      </trkpt>
      <trkpt lat="59.617795" lon="8.793425">
        <ele>168.850849</ele>
        <time>2024-08-09T07:54:09.024Z</time>
      </trkpt>
      <trkpt lat="59.618237" lon="8.793793">
        <ele>169.176338</ele>
        <time>2024-08-09T07:54:20.483Z</time>
      </trkpt>
      <trkpt lat="59.618556" lon="8.793974">
        <ele>169.401576</ele>
        <time>2024-08-09T07:54:27.909Z</time>
      </trkpt>
      <trkpt lat="59.618969" lon="8.794052">
        <ele>168.514480</ele>
        <time>2024-08-09T07:54:36.198Z</time>
      </trkpt>
      <trkpt lat="59.619055" lon="8.794060">
        <ele>168.233656</ele>
        <time>2024-08-09T07:54:37.844Z</time>
      </trkpt>
      <trkpt lat="59.619314" lon="8.794134">
        <ele>167.380079</ele>
        <time>2024-08-09T07:54:42.509Z</time>
      </trkpt>
      <trkpt lat="59.619499" lon="8.794290">
        <ele>166.724066</ele>
        <time>2024-08-09T07:54:46.033Z</time>
      </trkpt>
      <trkpt lat="59.619624" lon="8.794449">
        <ele>166.239263</ele>
        <time>2024-08-09T07:54:48.482Z</time>
      </trkpt>
      <trkpt lat="59.619843" lon="8.794839">
        <ele>165.277928</ele>
        <time>2024-08-09T07:54:53.348Z</time>
      </trkpt>
      <trkpt lat="59.620002" lon="8.795286">
        <ele>164.376438</ele>
        <time>2024-08-09T07:54:57.793Z</time>
      </trkpt>
      <trkpt lat="59.620480" lon="8.797501">
        <ele>158.156514</ele>
        <time>2024-08-09T07:55:16.597Z</time>
      </trkpt>
      <trkpt lat="59.620629" lon="8.798077">
        <ele>156.342380</ele>
        <time>2024-08-09T07:55:21.606Z</time>
      </trkpt>
      <trkpt lat="59.621248" lon="8.799656">
        <ele>151.587860</ele>
        <time>2024-08-09T07:55:37.642Z</time>
      </trkpt>
      <trkpt lat="59.621453" lon="8.800393">
        <ele>149.918097</ele>
        <time>2024-08-09T07:55:44.679Z</time>
      </trkpt>
      <trkpt lat="59.621736" lon="8.801653">
        <ele>147.181225</ele>
        <time>2024-08-09T07:55:56.440Z</time>
      </trkpt>
      <trkpt lat="59.622110" lon="8.803293">
        <ele>145.119827</ele>
        <time>2024-08-09T07:56:12.527Z</time>
      </trkpt>
      <trkpt lat="59.622317" lon="8.804286">
        <ele>144.070923</ele>
        <time>2024-08-09T07:56:22.633Z</time>
      </trkpt>
      <trkpt lat="59.622446" lon="8.805401">
        <ele>143.116230</ele>
        <time>2024-08-09T07:56:33.770Z</time>
      </trkpt>
      <trkpt lat="59.622549" lon="8.807308">
        <ele>143.210193</ele>
        <time>2024-08-09T07:56:55.538Z</time>
      </trkpt>
      <trkpt lat="59.622540" lon="8.808407">
        <ele>143.264045</ele>
        <time>2024-08-09T07:57:10.213Z</time>
      </trkpt>
      <trkpt lat="59.622518" lon="8.808749">
        <ele>143.280936</ele>
        <time>2024-08-09T07:57:14.003Z</time>
      </trkpt>
      <trkpt lat="59.622603" lon="8.808893">
        <ele>143.333688</ele>
        <time>2024-08-09T07:57:17.852Z</time>
      </trkpt>
      <trkpt lat="59.622605" lon="8.809041">
        <ele>143.374557</ele>
        <time>2024-08-09T07:57:20.330Z</time>
      </trkpt>
      <trkpt lat="59.622566" lon="8.809660">
        <ele>143.546749</ele>
        <time>2024-08-09T07:57:30.614Z</time>
      </trkpt>
      <trkpt lat="59.622444" lon="8.810809">
        <ele>143.870838</ele>
        <time>2024-08-09T07:57:49.736Z</time>
      </trkpt>
      <trkpt lat="59.622375" lon="8.811300">
        <ele>144.011512</ele>
        <time>2024-08-09T07:57:58.266Z</time>
      </trkpt>
      <trkpt lat="59.622220" lon="8.811558">
        <ele>144.122106</ele>
        <time>2024-08-09T07:58:04.895Z</time>
      </trkpt>
      <trkpt lat="59.622099" lon="8.812401">
        <ele>144.302189</ele>
        <time>2024-08-09T07:58:15.231Z</time>
      </trkpt>
      <trkpt lat="59.621970" lon="8.813035">
        <ele>144.373572</ele>
        <time>2024-08-09T07:58:23.147Z</time>
      </trkpt>
      <trkpt lat="59.621452" lon="8.814907">
        <ele>144.596470</ele>
        <time>2024-08-09T07:58:48.545Z</time>
      </trkpt>
      <trkpt lat="59.621296" lon="8.815561">
        <ele>144.651815</ele>
        <time>2024-08-09T07:58:56.601Z</time>
      </trkpt>
      <trkpt lat="59.621163" lon="8.816379">
        <ele>144.691137</ele>
        <time>2024-08-09T07:59:06.107Z</time>
      </trkpt>
      <trkpt lat="59.620993" lon="8.817882">
        <ele>144.761620</ele>
        <time>2024-08-09T07:59:23.843Z</time>
      </trkpt>
      <trkpt lat="59.620883" lon="8.819230">
        <ele>144.796858</ele>
        <time>2024-08-09T07:59:40.107Z</time>
      </trkpt>
      <trkpt lat="59.620893" lon="8.819890">
        <ele>144.794488</ele>
        <time>2024-08-09T07:59:47.668Z</time>
      </trkpt>
      <trkpt lat="59.621110" lon="8.821107">
        <ele>144.789857</ele>
        <time>2024-08-09T08:00:02.100Z</time>
      </trkpt>
      <trkpt lat="59.621137" lon="8.821433">
        <ele>144.788672</ele>
        <time>2024-08-09T08:00:05.716Z</time>
      </trkpt>
      <trkpt lat="59.621123" lon="8.821870">
        <ele>144.787101</ele>
        <time>2024-08-09T08:00:10.517Z</time>
      </trkpt>
      <trkpt lat="59.621077" lon="8.822202">
        <ele>144.771732</ele>
        <time>2024-08-09T08:00:14.266Z</time>
      </trkpt>
      <trkpt lat="59.620669" lon="8.824179">
        <ele>144.249972</ele>
        <time>2024-08-09T08:00:37.964Z</time>
      </trkpt>
      <trkpt lat="59.620352" lon="8.825381">
        <ele>143.918719</ele>
        <time>2024-08-09T08:00:51.536Z</time>
      </trkpt>
      <trkpt lat="59.620082" lon="8.826074">
        <ele>143.441463</ele>
        <time>2024-08-09T08:01:00.288Z</time>
      </trkpt>
      <trkpt lat="59.619745" lon="8.826756">
        <ele>142.918957</ele>
        <time>2024-08-09T08:01:10.055Z</time>
      </trkpt>
      <trkpt lat="59.619580" lon="8.827189">
        <ele>142.621860</ele>
        <time>2024-08-09T08:01:15.606Z</time>
      </trkpt>
      <trkpt lat="59.619404" lon="8.827837">
        <ele>142.218790</ele>
        <time>2024-08-09T08:01:22.931Z</time>
      </trkpt>
      <trkpt lat="59.619305" lon="8.828402">
        <ele>141.887008</ele>
        <time>2024-08-09T08:01:28.694Z</time>
      </trkpt>
      <trkpt lat="59.619251" lon="8.828970">
        <ele>141.553399</ele>
        <time>2024-08-09T08:01:34.048Z</time>
      </trkpt>
      <trkpt lat="59.619237" lon="8.829580">
        <ele>141.200925</ele>
        <time>2024-08-09T08:01:39.845Z</time>
      </trkpt>
      <trkpt lat="59.619327" lon="8.831763">
        <ele>139.936650</ele>
        <time>2024-08-09T08:02:01.894Z</time>
      </trkpt>
      <trkpt lat="59.619368" lon="8.832598">
        <ele>139.742256</ele>
        <time>2024-08-09T08:02:10.731Z</time>
      </trkpt>
      <trkpt lat="59.619488" lon="8.835225">
        <ele>139.173288</ele>
        <time>2024-08-09T08:02:39.333Z</time>
      </trkpt>
      <trkpt lat="59.619510" lon="8.836147">
        <ele>139.075726</ele>
        <time>2024-08-09T08:02:49.198Z</time>
      </trkpt>
      <trkpt lat="59.619490" lon="8.837018">
        <ele>138.997488</ele>
        <time>2024-08-09T08:02:58.514Z</time>
      </trkpt>
      <trkpt lat="59.619367" lon="8.839359">
        <ele>138.865211</ele>
        <time>2024-08-09T08:03:24.873Z</time>
      </trkpt>
      <trkpt lat="59.619361" lon="8.841835">
        <ele>139.054332</ele>
        <time>2024-08-09T08:03:54.303Z</time>
      </trkpt>
      <trkpt lat="59.619424" lon="8.843635">
        <ele>138.610802</ele>
        <time>2024-08-09T08:04:15.180Z</time>
      </trkpt>
      <trkpt lat="59.619504" lon="8.844421">
        <ele>138.283296</ele>
        <time>2024-08-09T08:04:23.410Z</time>
      </trkpt>
      <trkpt lat="59.619576" lon="8.844839">
        <ele>138.102919</ele>
        <time>2024-08-09T08:04:27.827Z</time>
      </trkpt>
      <trkpt lat="59.619860" lon="8.845948">
        <ele>137.543587</ele>
        <time>2024-08-09T08:04:39.718Z</time>
      </trkpt>
      <trkpt lat="59.619962" lon="8.846526">
        <ele>137.048708</ele>
        <time>2024-08-09T08:04:45.409Z</time>
      </trkpt>
      <trkpt lat="59.619987" lon="8.847000">
        <ele>136.663454</ele>
        <time>2024-08-09T08:04:49.804Z</time>
      </trkpt>
      <trkpt lat="59.619954" lon="8.847863">
        <ele>135.963823</ele>
        <time>2024-08-09T08:04:57.934Z</time>
      </trkpt>
      <trkpt lat="59.619966" lon="8.848407">
        <ele>135.523641</ele>
        <time>2024-08-09T08:05:03.111Z</time>
      </trkpt>
      <trkpt lat="59.619996" lon="8.848665">
        <ele>135.309635</ele>
        <time>2024-08-09T08:05:05.692Z</time>
      </trkpt>
      <trkpt lat="59.620226" lon="8.849760">
        <ele>134.689173</ele>
        <time>2024-08-09T08:05:17.333Z</time>
      </trkpt>
      <trkpt lat="59.620266" lon="8.850253">
        <ele>134.609142</ele>
        <time>2024-08-09T08:05:22.500Z</time>
      </trkpt>
      <trkpt lat="59.620214" lon="8.850791">
        <ele>134.521348</ele>
        <time>2024-08-09T08:05:28.421Z</time>
      </trkpt>
      <trkpt lat="59.620108" lon="8.851151">
        <ele>134.454578</ele>
        <time>2024-08-09T08:05:32.983Z</time>
      </trkpt>
      <trkpt lat="59.619967" lon="8.851446">
        <ele>134.389518</ele>
        <time>2024-08-09T08:05:37.545Z</time>
      </trkpt>
      <trkpt lat="59.619481" lon="8.852227">
        <ele>134.209243</ele>
        <time>2024-08-09T08:05:52.341Z</time>
      </trkpt>
      <trkpt lat="59.619327" lon="8.852618">
        <ele>134.253625</ele>
        <time>2024-08-09T08:05:58.332Z</time>
      </trkpt>
      <trkpt lat="59.619249" lon="8.852894">
        <ele>134.281940</ele>
        <time>2024-08-09T08:06:02.172Z</time>
      </trkpt>
      <trkpt lat="59.618962" lon="8.854178">
        <ele>134.407661</ele>
        <time>2024-08-09T08:06:18.284Z</time>
      </trkpt>
      <trkpt lat="59.618811" lon="8.855064">
        <ele>134.491393</ele>
        <time>2024-08-09T08:06:29.294Z</time>
      </trkpt>
      <trkpt lat="59.618740" lon="8.855655">
        <ele>134.512007</ele>
        <time>2024-08-09T08:06:36.431Z</time>
      </trkpt>
      <trkpt lat="59.618676" lon="8.856736">
        <ele>134.475488</ele>
        <time>2024-08-09T08:06:48.807Z</time>
      </trkpt>
      <trkpt lat="59.618544" lon="8.860170">
        <ele>134.147236</ele>
        <time>2024-08-09T08:07:26.749Z</time>
      </trkpt>
      <trkpt lat="59.618536" lon="8.860920">
        <ele>133.994456</ele>
        <time>2024-08-09T08:07:34.608Z</time>
      </trkpt>
      <trkpt lat="59.618571" lon="8.861707">
        <ele>133.833556</ele>
        <time>2024-08-09T08:07:42.774Z</time>
      </trkpt>
      <trkpt lat="59.618630" lon="8.862258">
        <ele>133.718851</ele>
        <time>2024-08-09T08:07:48.436Z</time>
      </trkpt>
      <trkpt lat="59.618772" lon="8.863102">
        <ele>134.214523</ele>
        <time>2024-08-09T08:07:58.177Z</time>
      </trkpt>
      <trkpt lat="59.618942" lon="8.864213">
        <ele>135.121842</ele>
        <time>2024-08-09T08:08:13.173Z</time>
      </trkpt>
      <trkpt lat="59.618967" lon="8.864506">
        <ele>135.354109</ele>
        <time>2024-08-09T08:08:18.035Z</time>
      </trkpt>
      <trkpt lat="59.618975" lon="8.864931">
        <ele>135.686550</ele>
        <time>2024-08-09T08:08:24.965Z</time>
      </trkpt>
      <trkpt lat="59.619015" lon="8.864921">
        <ele>135.748866</ele>
        <time>2024-08-09T08:08:26.570Z</time>
      </trkpt>
      <trkpt lat="59.619146" lon="8.864858">
        <ele>135.957239</ele>
        <time>2024-08-09T08:08:31.696Z</time>
      </trkpt>
      <trkpt lat="59.619221" lon="8.864686">
        <ele>136.134758</ele>
        <time>2024-08-09T08:08:36.104Z</time>
      </trkpt>
      <trkpt lat="59.619261" lon="8.864488">
        <ele>136.301419</ele>
        <time>2024-08-09T08:08:40.471Z</time>
      </trkpt>
      <trkpt lat="59.619360" lon="8.863525">
        <ele>138.172196</ele>
        <time>2024-08-09T08:09:02.174Z</time>
      </trkpt>
      <trkpt lat="59.619399" lon="8.863338">
        <ele>138.615169</ele>
        <time>2024-08-09T08:09:06.678Z</time>
      </trkpt>
      <trkpt lat="59.619487" lon="8.863091">
        <ele>139.276825</ele>
        <time>2024-08-09T08:09:13.468Z</time>
      </trkpt>
      <trkpt lat="59.619687" lon="8.862693">
        <ele>140.505514</ele>
        <time>2024-08-09T08:09:26.169Z</time>
      </trkpt>
      <trkpt lat="59.620031" lon="8.862271">
        <ele>142.258471</ele>
        <time>2024-08-09T08:09:45.704Z</time>
      </trkpt>
      <trkpt lat="59.620203" lon="8.861971">
        <ele>143.251603</ele>
        <time>2024-08-09T08:09:56.706Z</time>
      </trkpt>
      <trkpt lat="59.620334" lon="8.861624">
        <ele>144.199866</ele>
        <time>2024-08-09T08:10:06.818Z</time>
      </trkpt>
      <trkpt lat="59.620483" lon="8.861396">
        <ele>144.713627</ele>
        <time>2024-08-09T08:10:15.465Z</time>
      </trkpt>
      <trkpt lat="59.620323" lon="8.862419">
        <ele>146.138382</ele>
        <time>2024-08-09T08:10:38.944Z</time>
      </trkpt>
      <trkpt lat="59.620210" lon="8.862939">
        <ele>146.891438</ele>
        <time>2024-08-09T08:10:49.895Z</time>
      </trkpt>
      <trkpt lat="59.620142" lon="8.864940">
        <ele>149.052998</ele>
        <time>2024-08-09T08:11:18.852Z</time>
      </trkpt>
      <trkpt lat="59.620175" lon="8.865375">
        <ele>149.128358</ele>
        <time>2024-08-09T08:11:24.220Z</time>
      </trkpt>
      <trkpt lat="59.620219" lon="8.865621">
        <ele>149.173063</ele>
        <time>2024-08-09T08:11:27.802Z</time>
      </trkpt>
      <trkpt lat="59.620361" lon="8.866216">
        <ele>149.285781</ele>
        <time>2024-08-09T08:11:36.124Z</time>
      </trkpt>
      <trkpt lat="59.620662" lon="8.867170">
        <ele>149.478424</ele>
        <time>2024-08-09T08:11:49.843Z</time>
      </trkpt>
      <trkpt lat="59.620793" lon="8.867916">
        <ele>149.598445</ele>
        <time>2024-08-09T08:11:58.920Z</time>
      </trkpt>
      <trkpt lat="59.620885" lon="8.868317">
        <ele>149.630092</ele>
        <time>2024-08-09T08:12:03.823Z</time>
      </trkpt>
      <trkpt lat="59.621399" lon="8.869798">
        <ele>149.759188</ele>
        <time>2024-08-09T08:12:24.783Z</time>
      </trkpt>
      <trkpt lat="59.621502" lon="8.870163">
        <ele>149.789228</ele>
        <time>2024-08-09T08:12:30.262Z</time>
      </trkpt>
      <trkpt lat="59.621716" lon="8.870724">
        <ele>149.839732</ele>
        <time>2024-08-09T08:12:39.554Z</time>
      </trkpt>
      <trkpt lat="59.621777" lon="8.870980">
        <ele>149.877089</ele>
        <time>2024-08-09T08:12:43.211Z</time>
      </trkpt>
      <trkpt lat="59.622058" lon="8.871807">
        <ele>150.020194</ele>
        <time>2024-08-09T08:12:56.461Z</time>
      </trkpt>
      <trkpt lat="59.622222" lon="8.872172">
        <ele>150.090322</ele>
        <time>2024-08-09T08:13:02.296Z</time>
      </trkpt>
      <trkpt lat="59.622874" lon="8.873071">
        <ele>150.316076</ele>
        <time>2024-08-09T08:13:21.291Z</time>
      </trkpt>
      <trkpt lat="59.622981" lon="8.873363">
        <ele>150.336904</ele>
        <time>2024-08-09T08:13:25.460Z</time>
      </trkpt>
      <trkpt lat="59.622969" lon="8.873699">
        <ele>150.278194</ele>
        <time>2024-08-09T08:13:29.504Z</time>
      </trkpt>
      <trkpt lat="59.622934" lon="8.873862">
        <ele>150.247328</ele>
        <time>2024-08-09T08:13:31.570Z</time>
      </trkpt>
      <trkpt lat="59.622738" lon="8.874372">
        <ele>150.135678</ele>
        <time>2024-08-09T08:13:38.838Z</time>
      </trkpt>
      <trkpt lat="59.622669" lon="8.874637">
        <ele>150.083725</ele>
        <time>2024-08-09T08:13:42.272Z</time>
      </trkpt>
      <trkpt lat="59.622608" lon="8.875032">
        <ele>150.011738</ele>
        <time>2024-08-09T08:13:47.054Z</time>
      </trkpt>
      <trkpt lat="59.622458" lon="8.876436">
        <ele>149.761618</ele>
        <time>2024-08-09T08:14:03.032Z</time>
      </trkpt>
      <trkpt lat="59.622290" lon="8.877727">
        <ele>149.358872</ele>
        <time>2024-08-09T08:14:17.039Z</time>
      </trkpt>
      <trkpt lat="59.622240" lon="8.878429">
        <ele>149.132430</ele>
        <time>2024-08-09T08:14:24.486Z</time>
      </trkpt>
      <trkpt lat="59.622166" lon="8.878930">
        <ele>148.965717</ele>
        <time>2024-08-09T08:14:30.045Z</time>
      </trkpt>
      <trkpt lat="59.622165" lon="8.879069">
        <ele>148.921314</ele>
        <time>2024-08-09T08:14:31.515Z</time>
      </trkpt>
      <trkpt lat="59.622184" lon="8.879685">
        <ele>148.724189</ele>
        <time>2024-08-09T08:14:38.323Z</time>
      </trkpt>
      <trkpt lat="59.622173" lon="8.880031">
        <ele>148.613453</ele>
        <time>2024-08-09T08:14:42.203Z</time>
      </trkpt>
      <trkpt lat="59.622269" lon="8.880594">
        <ele>148.737120</ele>
        <time>2024-08-09T08:14:49.446Z</time>
      </trkpt>
      <trkpt lat="59.622276" lon="8.880803">
        <ele>148.790612</ele>
        <time>2024-08-09T08:14:52.213Z</time>
      </trkpt>
      <trkpt lat="59.622304" lon="8.880988">
        <ele>148.839929</ele>
        <time>2024-08-09T08:14:54.846Z</time>
      </trkpt>
      <trkpt lat="59.622456" lon="8.881278">
        <ele>148.946594</ele>
        <time>2024-08-09T08:15:00.275Z</time>
      </trkpt>
      <trkpt lat="59.622641" lon="8.881789">
        <ele>149.107089</ele>
        <time>2024-08-09T08:15:08.930Z</time>
      </trkpt>
      <trkpt lat="59.622644" lon="8.882784">
        <ele>149.361197</ele>
        <time>2024-08-09T08:15:22.347Z</time>
      </trkpt>
      <trkpt lat="59.622668" lon="8.883000">
        <ele>149.417675</ele>
        <time>2024-08-09T08:15:25.342Z</time>
      </trkpt>
      <trkpt lat="59.622776" lon="8.883465">
        <ele>149.512270</ele>
        <time>2024-08-09T08:15:32.300Z</time>
      </trkpt>
      <trkpt lat="59.622967" lon="8.884555">
        <ele>149.554744</ele>
        <time>2024-08-09T08:15:47.758Z</time>
      </trkpt>
      <trkpt lat="59.623205" lon="8.885984">
        <ele>149.610140</ele>
        <time>2024-08-09T08:16:06.398Z</time>
      </trkpt>
      <trkpt lat="59.623282" lon="8.886564">
        <ele>149.632219</ele>
        <time>2024-08-09T08:16:13.018Z</time>
      </trkpt>
      <trkpt lat="59.623292" lon="8.887753">
        <ele>148.275550</ele>
        <time>2024-08-09T08:16:25.033Z</time>
      </trkpt>
      <trkpt lat="59.623320" lon="8.888034">
        <ele>147.905976</ele>
        <time>2024-08-09T08:16:27.794Z</time>
      </trkpt>
      <trkpt lat="59.623384" lon="8.889608">
        <ele>145.868338</ele>
        <time>2024-08-09T08:16:42.562Z</time>
      </trkpt>
      <trkpt lat="59.623425" lon="8.892070">
        <ele>139.947874</ele>
        <time>2024-08-09T08:17:03.605Z</time>
      </trkpt>
      <trkpt lat="59.623391" lon="8.894122">
        <ele>133.799651</ele>
        <time>2024-08-09T08:17:20.124Z</time>
      </trkpt>
      <trkpt lat="59.623411" lon="8.894700">
        <ele>131.433716</ele>
        <time>2024-08-09T08:17:24.700Z</time>
      </trkpt>
      <trkpt lat="59.623433" lon="8.895035">
        <ele>130.054168</ele>
        <time>2024-08-09T08:17:27.333Z</time>
      </trkpt>
      <trkpt lat="59.623493" lon="8.895375">
        <ele>128.583573</ele>
        <time>2024-08-09T08:17:30.119Z</time>
      </trkpt>
      <trkpt lat="59.623697" lon="8.895796">
        <ele>126.202409</ele>
        <time>2024-08-09T08:17:34.624Z</time>
      </trkpt>
      <trkpt lat="59.623837" lon="8.896176">
        <ele>124.282410</ele>
        <time>2024-08-09T08:17:38.230Z</time>
      </trkpt>
      <trkpt lat="59.623935" lon="8.897356">
        <ele>119.603364</ele>
        <time>2024-08-09T08:17:47.361Z</time>
      </trkpt>
      <trkpt lat="59.623938" lon="8.897581">
        <ele>118.841246</ele>
        <time>2024-08-09T08:17:49.087Z</time>
      </trkpt>
      <trkpt lat="59.623907" lon="8.897688">
        <ele>118.423692</ele>
        <time>2024-08-09T08:17:50.035Z</time>
      </trkpt>
      <trkpt lat="59.623814" lon="8.897739">
        <ele>117.777460</ele>
        <time>2024-08-09T08:17:51.503Z</time>
      </trkpt>
      <trkpt lat="59.623315" lon="8.897784">
        <ele>114.432662</ele>
        <time>2024-08-09T08:17:59.300Z</time>
      </trkpt>
      <trkpt lat="59.622750" lon="8.897915">
        <ele>110.623482</ele>
        <time>2024-08-09T08:18:08.350Z</time>
      </trkpt>
      <trkpt lat="59.622870" lon="8.898844">
        <ele>108.196229</ele>
        <time>2024-08-09T08:18:16.138Z</time>
      </trkpt>
      <trkpt lat="59.623329" lon="8.902381">
        <ele>104.782890</ele>
        <time>2024-08-09T08:18:51.384Z</time>
      </trkpt>
      <trkpt lat="59.623436" lon="8.903250">
        <ele>104.520878</ele>
        <time>2024-08-09T08:19:01.460Z</time>
      </trkpt>
      <trkpt lat="59.623471" lon="8.903892">
        <ele>104.331714</ele>
        <time>2024-08-09T08:19:08.844Z</time>
      </trkpt>
      <trkpt lat="59.623440" lon="8.904761">
        <ele>104.076507</ele>
        <time>2024-08-09T08:19:18.144Z</time>
      </trkpt>
      <trkpt lat="59.623323" lon="8.906049">
        <ele>103.354474</ele>
        <time>2024-08-09T08:19:31.525Z</time>
      </trkpt>
      <trkpt lat="59.623243" lon="8.906681">
        <ele>102.798650</ele>
        <time>2024-08-09T08:19:38.249Z</time>
      </trkpt>
      <trkpt lat="59.622964" lon="8.908348">
        <ele>101.300580</ele>
        <time>2024-08-09T08:19:54.653Z</time>
      </trkpt>
      <trkpt lat="59.622812" lon="8.909034">
        <ele>100.596041</ele>
        <time>2024-08-09T08:20:01.276Z</time>
      </trkpt>
      <trkpt lat="59.622689" lon="8.909440">
        <ele>100.040242</ele>
        <time>2024-08-09T08:20:05.433Z</time>
      </trkpt>
      <trkpt lat="59.622546" lon="8.909783">
        <ele>99.518199</ele>
        <time>2024-08-09T08:20:09.251Z</time>
      </trkpt>
      <trkpt lat="59.622259" lon="8.910294">
        <ele>98.621358</ele>
        <time>2024-08-09T08:20:16.012Z</time>
      </trkpt>
      <trkpt lat="59.621476" lon="8.911610">
        <ele>96.479674</ele>
        <time>2024-08-09T08:20:34.873Z</time>
      </trkpt>
      <trkpt lat="59.621294" lon="8.912049">
        <ele>96.197891</ele>
        <time>2024-08-09T08:20:40.408Z</time>
      </trkpt>
      <trkpt lat="59.621229" lon="8.912357">
        <ele>96.032223</ele>
        <time>2024-08-09T08:20:43.764Z</time>
      </trkpt>
      <trkpt lat="59.621183" lon="8.912747">
        <ele>95.833434</ele>
        <time>2024-08-09T08:20:48.066Z</time>
      </trkpt>
      <trkpt lat="59.621070" lon="8.914324">
        <ele>95.042800</ele>
        <time>2024-08-09T08:21:05.049Z</time>
      </trkpt>
      <trkpt lat="59.620839" lon="8.917460">
        <ele>93.138725</ele>
        <time>2024-08-09T08:21:36.428Z</time>
      </trkpt>
      <trkpt lat="59.620765" lon="8.918444">
        <ele>92.532739</ele>
        <time>2024-08-09T08:21:45.835Z</time>
      </trkpt>
      <trkpt lat="59.620548" lon="8.921389">
        <ele>90.737616</ele>
        <time>2024-08-09T08:22:15.119Z</time>
      </trkpt>
      <trkpt lat="59.620461" lon="8.922649">
        <ele>90.442884</ele>
        <time>2024-08-09T08:22:28.255Z</time>
      </trkpt>
      <trkpt lat="59.620427" lon="8.923463">
        <ele>90.337009</ele>
        <time>2024-08-09T08:22:36.826Z</time>
      </trkpt>
      <trkpt lat="59.620406" lon="8.925983">
        <ele>90.174351</ele>
        <time>2024-08-09T08:23:06.772Z</time>
      </trkpt>
      <trkpt lat="59.620377" lon="8.926527">
        <ele>90.218788</ele>
        <time>2024-08-09T08:23:13.319Z</time>
      </trkpt>
      <trkpt lat="59.620301" lon="8.927276">
        <ele>90.280847</ele>
        <time>2024-08-09T08:23:22.072Z</time>
      </trkpt>
      <trkpt lat="59.620198" lon="8.927869">
        <ele>90.331783</ele>
        <time>2024-08-09T08:23:29.310Z</time>
      </trkpt>
      <trkpt lat="59.620171" lon="8.928010">
        <ele>90.344031</ele>
        <time>2024-08-09T08:23:31.022Z</time>
      </trkpt>
      <trkpt lat="59.620228" lon="8.928219">
        <ele>90.363321</ele>
        <time>2024-08-09T08:23:34.742Z</time>
      </trkpt>
      <trkpt lat="59.619786" lon="8.929652">
        <ele>90.200085</ele>
        <time>2024-08-09T08:23:54.169Z</time>
      </trkpt>
      <trkpt lat="59.619547" lon="8.930346">
        <ele>90.063131</ele>
        <time>2024-08-09T08:24:03.460Z</time>
      </trkpt>
      <trkpt lat="59.619193" lon="8.931410">
        <ele>89.855388</ele>
        <time>2024-08-09T08:24:16.427Z</time>
      </trkpt>
      <trkpt lat="59.618839" lon="8.932450">
        <ele>89.540735</ele>
        <time>2024-08-09T08:24:29.301Z</time>
      </trkpt>
      <trkpt lat="59.618619" lon="8.933141">
        <ele>89.320752</ele>
        <time>2024-08-09T08:24:37.905Z</time>
      </trkpt>
      <trkpt lat="59.618233" lon="8.934303">
        <ele>88.946200</ele>
        <time>2024-08-09T08:24:52.913Z</time>
      </trkpt>
      <trkpt lat="59.617404" lon="8.936787">
        <ele>88.250269</ele>
        <time>2024-08-09T08:25:24.814Z</time>
      </trkpt>
      <trkpt lat="59.617399" lon="8.936799">
        <ele>88.246698</ele>
        <time>2024-08-09T08:25:24.973Z</time>
      </trkpt>
      <trkpt lat="59.617270" lon="8.937185">
        <ele>88.140443</ele>
        <time>2024-08-09T08:25:29.959Z</time>
      </trkpt>
      <trkpt lat="59.616225" lon="8.940335">
        <ele>86.504520</ele>
        <time>2024-08-09T08:26:08.194Z</time>
      </trkpt>
      <trkpt lat="59.615554" lon="8.942325">
        <ele>85.226993</ele>
        <time>2024-08-09T08:26:31.773Z</time>
      </trkpt>
      <trkpt lat="59.614825" lon="8.944491">
        <ele>84.486404</ele>
        <time>2024-08-09T08:26:58.270Z</time>
      </trkpt>
      <trkpt lat="59.614404" lon="8.945757">
        <ele>84.486404</ele>
        <time>2024-08-09T08:27:14.614Z</time>
      </trkpt>
    </trkseg>
  </trk>
</gpx>