<?xml version='1.0' encoding='UTF-8'?>
<gpx version="1.1" creator="https://www.komoot.de" xmlns="http://www.topografix.com/GPX/1/1" xmlns:xsi="http://www.w3.org/2001/XMLSchema-instance" xsi:schemaLocation="http://www.topografix.com/GPX/1/1 http://www.topografix.com/GPX/1/1/gpx.xsd">
  <metadata>
    <name>Holmenkollen &amp; Nordmarka 55km</name>
    <author>
      <link href="https://www.komoot.de">
        <text>komoot</text>
        <type>text/html</type>
      </link>
    </author>
  </metadata>
  <wpt lat="59.987143" lon="10.668169">
    <name>Tryvann Tower</name>
    <sym>Flag, Blue</sym>
  </wpt>
  <wpt lat="60.041825" lon="10.704384">
    <name>Liggerenveien Schotterstraße</name>
    <sym>Flag, Blue</sym>
  </wpt>
  <wpt lat="60.064006" lon="10.821756">
    <name>Ørfiske</name>
    <sym>Flag, Blue</sym>
  </wpt>
  <wpt lat="60.061989" lon="10.846173">
    <name>Ørfiske-See</name>
    <sym>Flag, Blue</sym>
  </wpt>
  <wpt lat="60.044604" lon="10.832335">
    <name>Felsiger Singletrail-Abstieg in Nordmarka</name>
    <sym>Flag, Blue</sym>
  </wpt>
  <wpt lat="60.025829" lon="10.810384">
    <name>Snippen-Eisenbahntunnel</name>
    <sym>Flag, Blue</sym>
  </wpt>
  <wpt lat="59.984660" lon="10.807794">
    <name>Traversen-Trail</name>
    <sym>Flag, Blue</sym>
  </wpt>
  <trk>
    <name>Holmenkollen &amp; Nordmarka 55km</name>
    <trkseg>
      <trkpt lat="59.952178" lon="10.727974">
        <ele>106.553983</ele>
        <time>2024-11-16T07:26:41.856Z</time>
      </trkpt>
      <trkpt lat="59.952157" lon="10.727880">
        <ele>106.553983</ele>
        <time>2024-11-16T07:26:45.438Z</time>
      </trkpt>
      <trkpt lat="59.952085" lon="10.727656">
        <ele>106.553983</ele>
        <time>2024-11-16T07:26:54.706Z</time>
      </trkpt>
      <trkpt lat="59.952145" lon="10.727611">
        <ele>106.553983</ele>
        <time>2024-11-16T07:26:59.173Z</time>
      </trkpt>
      <trkpt lat="59.952114" lon="10.727431">
        <ele>106.553983</ele>
        <time>2024-11-16T07:27:00.762Z</time>
      </trkpt>
      <trkpt lat="59.951994" lon="10.727491">
        <ele>106.553983</ele>
        <time>2024-11-16T07:27:02.818Z</time>
      </trkpt>
      <trkpt lat="59.951869" lon="10.727499">
        <ele>106.553983</ele>
        <time>2024-11-16T07:27:04.849Z</time>
      </trkpt>
      <trkpt lat="59.951706" lon="10.727426">
        <ele>106.553983</ele>
        <time>2024-11-16T07:27:07.489Z</time>
      </trkpt>
      <trkpt lat="59.951625" lon="10.727354">
        <ele>106.553983</ele>
        <time>2024-11-16T07:27:08.867Z</time>
      </trkpt>
      <trkpt lat="59.951576" lon="10.727611">
        <ele>106.211781</ele>
        <time>2024-11-16T07:27:10.979Z</time>
      </trkpt>
      <trkpt lat="59.951537" lon="10.727940">
        <ele>105.546528</ele>
        <time>2024-11-16T07:27:13.556Z</time>
      </trkpt>
      <trkpt lat="59.951353" lon="10.728458">
        <ele>104.296863</ele>
        <time>2024-11-16T07:27:18.324Z</time>
      </trkpt>
      <trkpt lat="59.950880" lon="10.729167">
        <ele>101.972861</ele>
        <time>2024-11-16T07:27:27.438Z</time>
      </trkpt>
      <trkpt lat="59.950778" lon="10.729315">
        <ele>101.477419</ele>
        <time>2024-11-16T07:27:29.497Z</time>
      </trkpt>
      <trkpt lat="59.950724" lon="10.729398">
        <ele>101.209649</ele>
        <time>2024-11-16T07:27:30.587Z</time>
      </trkpt>
      <trkpt lat="59.950697" lon="10.729312">
        <ele>101.009916</ele>
        <time>2024-11-16T07:27:34.130Z</time>
      </trkpt>
      <trkpt lat="59.950372" lon="10.729667">
        <ele>99.554248</ele>
        <time>2024-11-16T07:27:40.094Z</time>
      </trkpt>
      <trkpt lat="59.950177" lon="10.729923">
        <ele>99.224275</ele>
        <time>2024-11-16T07:27:44.010Z</time>
      </trkpt>
      <trkpt lat="59.949920" lon="10.730280">
        <ele>98.844841</ele>
        <time>2024-11-16T07:27:49.576Z</time>
      </trkpt>
      <trkpt lat="59.949760" lon="10.730405">
        <ele>98.636607</ele>
        <time>2024-11-16T07:27:52.796Z</time>
      </trkpt>
      <trkpt lat="59.949493" lon="10.730412">
        <ele>98.312972</ele>
        <time>2024-11-16T07:27:58.086Z</time>
      </trkpt>
      <trkpt lat="59.949254" lon="10.730585">
        <ele>98.004858</ele>
        <time>2024-11-16T07:28:03.342Z</time>
      </trkpt>
      <trkpt lat="59.949219" lon="10.730347">
        <ele>97.854308</ele>
        <time>2024-11-16T07:28:05.908Z</time>
      </trkpt>
      <trkpt lat="59.948965" lon="10.729330">
        <ele>97.231356</ele>
        <time>2024-11-16T07:28:18.025Z</time>
      </trkpt>
      <trkpt lat="59.948923" lon="10.729166">
        <ele>97.172320</ele>
        <time>2024-11-16T07:28:20.030Z</time>
      </trkpt>
      <trkpt lat="59.948903" lon="10.729090">
        <ele>97.144803</ele>
        <time>2024-11-16T07:28:20.939Z</time>
      </trkpt>
      <trkpt lat="59.948478" lon="10.727600">
        <ele>96.595223</ele>
        <time>2024-11-16T07:28:38.484Z</time>
      </trkpt>
      <trkpt lat="59.947895" lon="10.725340">
        <ele>95.779549</ele>
        <time>2024-11-16T07:29:03.147Z</time>
      </trkpt>
      <trkpt lat="59.947565" lon="10.724318">
        <ele>95.388891</ele>
        <time>2024-11-16T07:29:15.564Z</time>
      </trkpt>
      <trkpt lat="59.947207" lon="10.723388">
        <ele>95.012051</ele>
        <time>2024-11-16T07:29:27.885Z</time>
      </trkpt>
      <trkpt lat="59.947092" lon="10.723138">
        <ele>94.991906</ele>
        <time>2024-11-16T07:29:31.630Z</time>
      </trkpt>
      <trkpt lat="59.947020" lon="10.723045">
        <ele>94.986737</ele>
        <time>2024-11-16T07:29:33.515Z</time>
      </trkpt>
      <trkpt lat="59.946677" lon="10.722821">
        <ele>94.964982</ele>
        <time>2024-11-16T07:29:41.451Z</time>
      </trkpt>
      <trkpt lat="59.946559" lon="10.722691">
        <ele>94.956858</ele>
        <time>2024-11-16T07:29:44.360Z</time>
      </trkpt>
      <trkpt lat="59.946509" lon="10.722570">
        <ele>94.952122</ele>
        <time>2024-11-16T07:29:46.030Z</time>
      </trkpt>
      <trkpt lat="59.946463" lon="10.722303">
        <ele>94.943598</ele>
        <time>2024-11-16T07:29:49.046Z</time>
      </trkpt>
      <trkpt lat="59.946445" lon="10.722011">
        <ele>94.934716</ele>
        <time>2024-11-16T07:29:52.181Z</time>
      </trkpt>
      <trkpt lat="59.946387" lon="10.720954">
        <ele>94.902615</ele>
        <time>2024-11-16T07:30:03.870Z</time>
      </trkpt>
      <trkpt lat="59.946315" lon="10.720360">
        <ele>95.251015</ele>
        <time>2024-11-16T07:30:11.558Z</time>
      </trkpt>
      <trkpt lat="59.946190" lon="10.719848">
        <ele>95.972706</ele>
        <time>2024-11-16T07:30:19.531Z</time>
      </trkpt>
      <trkpt lat="59.945834" lon="10.718603">
        <ele>97.789167</ele>
        <time>2024-11-16T07:30:42.229Z</time>
      </trkpt>
      <trkpt lat="59.945827" lon="10.718570">
        <ele>97.834575</ele>
        <time>2024-11-16T07:30:42.908Z</time>
      </trkpt>
      <trkpt lat="59.945658" lon="10.717701">
        <ele>99.015732</ele>
        <time>2024-11-16T07:31:00.734Z</time>
      </trkpt>
      <trkpt lat="59.945552" lon="10.717082">
        <ele>99.849787</ele>
        <time>2024-11-16T07:31:13.489Z</time>
      </trkpt>
      <trkpt lat="59.945548" lon="10.717057">
        <ele>99.883469</ele>
        <time>2024-11-16T07:31:13.974Z</time>
      </trkpt>
      <trkpt lat="59.945493" lon="10.716525">
        <ele>100.580621</ele>
        <time>2024-11-16T07:31:24.454Z</time>
      </trkpt>
      <trkpt lat="59.945471" lon="10.715545">
        <ele>101.839596</ele>
        <time>2024-11-16T07:31:41.773Z</time>
      </trkpt>
      <trkpt lat="59.945491" lon="10.714853">
        <ele>102.729172</ele>
        <time>2024-11-16T07:31:53.254Z</time>
      </trkpt>
      <trkpt lat="59.945566" lon="10.714202">
        <ele>103.586471</ele>
        <time>2024-11-16T07:32:03.235Z</time>
      </trkpt>
      <trkpt lat="59.945685" lon="10.713644">
        <ele>103.938388</ele>
        <time>2024-11-16T07:32:10.553Z</time>
      </trkpt>
      <trkpt lat="59.945789" lon="10.713202">
        <ele>103.710133</ele>
        <time>2024-11-16T07:32:15.495Z</time>
      </trkpt>
      <trkpt lat="59.945844" lon="10.712782">
        <ele>103.507226</ele>
        <time>2024-11-16T07:32:19.744Z</time>
      </trkpt>
      <trkpt lat="59.945895" lon="10.712260">
        <ele>103.258645</ele>
        <time>2024-11-16T07:32:24.630Z</time>
      </trkpt>
      <trkpt lat="59.945959" lon="10.711641">
        <ele>102.963225</ele>
        <time>2024-11-16T07:32:30.316Z</time>
      </trkpt>
      <trkpt lat="59.945949" lon="10.711468">
        <ele>102.881828</ele>
        <time>2024-11-16T07:32:31.882Z</time>
      </trkpt>
      <trkpt lat="59.945739" lon="10.711103">
        <ele>102.621991</ele>
        <time>2024-11-16T07:32:36.846Z</time>
      </trkpt>
      <trkpt lat="59.945684" lon="10.710881">
        <ele>102.506227</ele>
        <time>2024-11-16T07:32:39.056Z</time>
      </trkpt>
      <trkpt lat="59.945689" lon="10.710689">
        <ele>102.416364</ele>
        <time>2024-11-16T07:32:40.757Z</time>
      </trkpt>
      <trkpt lat="59.945721" lon="10.710547">
        <ele>102.356350</ele>
        <time>2024-11-16T07:32:42.137Z</time>
      </trkpt>
      <trkpt lat="59.945808" lon="10.710279">
        <ele>102.270539</ele>
        <time>2024-11-16T07:32:45.125Z</time>
      </trkpt>
      <trkpt lat="59.945910" lon="10.710002">
        <ele>102.178161</ele>
        <time>2024-11-16T07:32:48.609Z</time>
      </trkpt>
      <trkpt lat="59.945963" lon="10.709851">
        <ele>102.128617</ele>
        <time>2024-11-16T07:32:50.615Z</time>
      </trkpt>
      <trkpt lat="59.946267" lon="10.708997">
        <ele>101.847105</ele>
        <time>2024-11-16T07:33:02.522Z</time>
      </trkpt>
      <trkpt lat="59.946310" lon="10.708906">
        <ele>101.813489</ele>
        <time>2024-11-16T07:33:03.921Z</time>
      </trkpt>
      <trkpt lat="59.946354" lon="10.708644">
        <ele>101.739242</ele>
        <time>2024-11-16T07:33:07.081Z</time>
      </trkpt>
      <trkpt lat="59.946352" lon="10.708013">
        <ele>101.569701</ele>
        <time>2024-11-16T07:33:14.084Z</time>
      </trkpt>
      <trkpt lat="59.946312" lon="10.707516">
        <ele>101.434453</ele>
        <time>2024-11-16T07:33:19.222Z</time>
      </trkpt>
      <trkpt lat="59.946220" lon="10.707054">
        <ele>100.993208</ele>
        <time>2024-11-16T07:33:24.114Z</time>
      </trkpt>
      <trkpt lat="59.946092" lon="10.706654">
        <ele>100.501620</ele>
        <time>2024-11-16T07:33:28.607Z</time>
      </trkpt>
      <trkpt lat="59.946010" lon="10.706487">
        <ele>100.259415</ele>
        <time>2024-11-16T07:33:30.694Z</time>
      </trkpt>
      <trkpt lat="59.945149" lon="10.705015">
        <ele>97.915510</ele>
        <time>2024-11-16T07:33:49.403Z</time>
      </trkpt>
      <trkpt lat="59.945042" lon="10.704831">
        <ele>97.727798</ele>
        <time>2024-11-16T07:33:51.796Z</time>
      </trkpt>
      <trkpt lat="59.944708" lon="10.704274">
        <ele>98.254237</ele>
        <time>2024-11-16T07:33:59.854Z</time>
      </trkpt>
      <trkpt lat="59.944651" lon="10.704388">
        <ele>98.351834</ele>
        <time>2024-11-16T07:34:01.522Z</time>
      </trkpt>
      <trkpt lat="59.944598" lon="10.704407">
        <ele>98.416974</ele>
        <time>2024-11-16T07:34:02.584Z</time>
      </trkpt>
      <trkpt lat="59.944409" lon="10.704128">
        <ele>98.701313</ele>
        <time>2024-11-16T07:34:08.109Z</time>
      </trkpt>
      <trkpt lat="59.944631" lon="10.704082">
        <ele>98.971313</ele>
        <time>2024-11-16T07:34:14.862Z</time>
      </trkpt>
      <trkpt lat="59.944856" lon="10.703821">
        <ele>99.286100</ele>
        <time>2024-11-16T07:34:23.719Z</time>
      </trkpt>
      <trkpt lat="59.945023" lon="10.704079">
        <ele>99.541535</ele>
        <time>2024-11-16T07:34:31.550Z</time>
      </trkpt>
      <trkpt lat="59.945065" lon="10.704053">
        <ele>99.594729</ele>
        <time>2024-11-16T07:34:33.206Z</time>
      </trkpt>
      <trkpt lat="59.945072" lon="10.703981">
        <ele>99.639166</ele>
        <time>2024-11-16T07:34:34.661Z</time>
      </trkpt>
      <trkpt lat="59.944985" lon="10.703875">
        <ele>99.762458</ele>
        <time>2024-11-16T07:34:38.625Z</time>
      </trkpt>
      <trkpt lat="59.944959" lon="10.703769">
        <ele>99.833968</ele>
        <time>2024-11-16T07:34:40.972Z</time>
      </trkpt>
      <trkpt lat="59.944976" lon="10.703635">
        <ele>100.031046</ele>
        <time>2024-11-16T07:34:43.765Z</time>
      </trkpt>
      <trkpt lat="59.945245" lon="10.703311">
        <ele>101.230434</ele>
        <time>2024-11-16T07:34:56.591Z</time>
      </trkpt>
      <trkpt lat="59.945490" lon="10.702936">
        <ele>102.409015</ele>
        <time>2024-11-16T07:35:08.405Z</time>
      </trkpt>
      <trkpt lat="59.945574" lon="10.702796">
        <ele>102.826753</ele>
        <time>2024-11-16T07:35:12.370Z</time>
      </trkpt>
      <trkpt lat="59.945758" lon="10.702428">
        <ele>103.821031</ele>
        <time>2024-11-16T07:35:22.048Z</time>
      </trkpt>
      <trkpt lat="59.945817" lon="10.702295">
        <ele>104.160750</ele>
        <time>2024-11-16T07:35:25.563Z</time>
      </trkpt>
      <trkpt lat="59.945883" lon="10.702137">
        <ele>104.554145</ele>
        <time>2024-11-16T07:35:29.517Z</time>
      </trkpt>
      <trkpt lat="59.946140" lon="10.701528">
        <ele>106.076849</ele>
        <time>2024-11-16T07:35:44.232Z</time>
      </trkpt>
      <trkpt lat="59.946219" lon="10.701380">
        <ele>106.490426</ele>
        <time>2024-11-16T07:35:48.219Z</time>
      </trkpt>
      <trkpt lat="59.946247" lon="10.701322">
        <ele>106.644458</ele>
        <time>2024-11-16T07:35:49.706Z</time>
      </trkpt>
      <trkpt lat="59.946632" lon="10.700518">
        <ele>108.996893</ele>
        <time>2024-11-16T07:36:08.826Z</time>
      </trkpt>
      <trkpt lat="59.946913" lon="10.699916">
        <ele>110.744376</ele>
        <time>2024-11-16T07:36:23.642Z</time>
      </trkpt>
      <trkpt lat="59.946986" lon="10.699776">
        <ele>111.173543</ele>
        <time>2024-11-16T07:36:27.592Z</time>
      </trkpt>
      <trkpt lat="59.947226" lon="10.699339">
        <ele>112.550726</ele>
        <time>2024-11-16T07:36:41.349Z</time>
      </trkpt>
      <trkpt lat="59.947422" lon="10.699002">
        <ele>113.647417</ele>
        <time>2024-11-16T07:36:52.176Z</time>
      </trkpt>
      <trkpt lat="59.947466" lon="10.698945">
        <ele>113.869803</ele>
        <time>2024-11-16T07:36:54.380Z</time>
      </trkpt>
      <trkpt lat="59.947659" lon="10.698669">
        <ele>115.333430</ele>
        <time>2024-11-16T07:37:04.620Z</time>
      </trkpt>
      <trkpt lat="59.947850" lon="10.698379">
        <ele>117.248814</ele>
        <time>2024-11-16T07:37:15.648Z</time>
      </trkpt>
      <trkpt lat="59.947872" lon="10.698346">
        <ele>117.468462</ele>
        <time>2024-11-16T07:37:16.969Z</time>
      </trkpt>
      <trkpt lat="59.948057" lon="10.698031">
        <ele>119.409243</ele>
        <time>2024-11-16T07:37:29.476Z</time>
      </trkpt>
      <trkpt lat="59.948090" lon="10.697953">
        <ele>119.817436</ele>
        <time>2024-11-16T07:37:32.300Z</time>
      </trkpt>
      <trkpt lat="59.948180" lon="10.697600">
        <ele>121.400946</ele>
        <time>2024-11-16T07:37:43.739Z</time>
      </trkpt>
      <trkpt lat="59.948204" lon="10.697491">
        <ele>121.876941</ele>
        <time>2024-11-16T07:37:47.313Z</time>
      </trkpt>
      <trkpt lat="59.948227" lon="10.697382">
        <ele>122.349779</ele>
        <time>2024-11-16T07:37:50.930Z</time>
      </trkpt>
      <trkpt lat="59.948297" lon="10.697057">
        <ele>123.764063</ele>
        <time>2024-11-16T07:38:01.824Z</time>
      </trkpt>
      <trkpt lat="59.948441" lon="10.696391">
        <ele>126.663998</ele>
        <time>2024-11-16T07:38:23.165Z</time>
      </trkpt>
      <trkpt lat="59.948610" lon="10.695947">
        <ele>128.880782</ele>
        <time>2024-11-16T07:38:39.387Z</time>
      </trkpt>
      <trkpt lat="59.948813" lon="10.695658">
        <ele>130.728808</ele>
        <time>2024-11-16T07:38:54.209Z</time>
      </trkpt>
      <trkpt lat="59.948897" lon="10.695580">
        <ele>131.415498</ele>
        <time>2024-11-16T07:38:59.821Z</time>
      </trkpt>
      <trkpt lat="59.948983" lon="10.695500">
        <ele>132.118760</ele>
        <time>2024-11-16T07:39:05.505Z</time>
      </trkpt>
      <trkpt lat="59.949254" lon="10.695245">
        <ele>134.339430</ele>
        <time>2024-11-16T07:39:22.658Z</time>
      </trkpt>
      <trkpt lat="59.949716" lon="10.694811">
        <ele>138.124071</ele>
        <time>2024-11-16T07:39:48.676Z</time>
      </trkpt>
      <trkpt lat="59.950026" lon="10.694551">
        <ele>140.616433</ele>
        <time>2024-11-16T07:40:03.606Z</time>
      </trkpt>
      <trkpt lat="59.950134" lon="10.694462">
        <ele>141.482484</ele>
        <time>2024-11-16T07:40:08.574Z</time>
      </trkpt>
      <trkpt lat="59.950184" lon="10.694420">
        <ele>141.884570</ele>
        <time>2024-11-16T07:40:10.979Z</time>
      </trkpt>
      <trkpt lat="59.950281" lon="10.694340">
        <ele>142.365193</ele>
        <time>2024-11-16T07:40:15.604Z</time>
      </trkpt>
      <trkpt lat="59.950355" lon="10.694279">
        <ele>142.670942</ele>
        <time>2024-11-16T07:40:19.295Z</time>
      </trkpt>
      <trkpt lat="59.950454" lon="10.694284">
        <ele>143.049159</ele>
        <time>2024-11-16T07:40:23.599Z</time>
      </trkpt>
      <trkpt lat="59.950509" lon="10.694264">
        <ele>143.262667</ele>
        <time>2024-11-16T07:40:26.101Z</time>
      </trkpt>
      <trkpt lat="59.950585" lon="10.694221">
        <ele>143.564347</ele>
        <time>2024-11-16T07:40:29.398Z</time>
      </trkpt>
      <trkpt lat="59.950689" lon="10.694101">
        <ele>144.023071</ele>
        <time>2024-11-16T07:40:34.522Z</time>
      </trkpt>
      <trkpt lat="59.950936" lon="10.693916">
        <ele>145.030567</ele>
        <time>2024-11-16T07:40:45.004Z</time>
      </trkpt>
      <trkpt lat="59.951014" lon="10.693826">
        <ele>145.374610</ele>
        <time>2024-11-16T07:40:48.285Z</time>
      </trkpt>
      <trkpt lat="59.951053" lon="10.693809">
        <ele>145.527064</ele>
        <time>2024-11-16T07:40:49.790Z</time>
      </trkpt>
      <trkpt lat="59.951684" lon="10.693381">
        <ele>148.072158</ele>
        <time>2024-11-16T07:41:11.671Z</time>
      </trkpt>
      <trkpt lat="59.951933" lon="10.693275">
        <ele>149.006814</ele>
        <time>2024-11-16T07:41:19.862Z</time>
      </trkpt>
      <trkpt lat="59.952217" lon="10.693216">
        <ele>149.771152</ele>
        <time>2024-11-16T07:41:29.563Z</time>
      </trkpt>
      <trkpt lat="59.952382" lon="10.693166">
        <ele>150.217893</ele>
        <time>2024-11-16T07:41:35.066Z</time>
      </trkpt>
      <trkpt lat="59.952524" lon="10.693097">
        <ele>150.609100</ele>
        <time>2024-11-16T07:41:39.849Z</time>
      </trkpt>
      <trkpt lat="59.952753" lon="10.692940">
        <ele>151.257221</ele>
        <time>2024-11-16T07:41:47.587Z</time>
      </trkpt>
      <trkpt lat="59.952980" lon="10.692712">
        <ele>151.937392</ele>
        <time>2024-11-16T07:41:55.637Z</time>
      </trkpt>
      <trkpt lat="59.953052" lon="10.692628">
        <ele>152.160604</ele>
        <time>2024-11-16T07:41:58.339Z</time>
      </trkpt>
      <trkpt lat="59.953145" lon="10.692507">
        <ele>152.457721</ele>
        <time>2024-11-16T07:42:01.777Z</time>
      </trkpt>
      <trkpt lat="59.953236" lon="10.692387">
        <ele>152.749627</ele>
        <time>2024-11-16T07:42:05.082Z</time>
      </trkpt>
      <trkpt lat="59.953700" lon="10.691598">
        <ele>154.988234</ele>
        <time>2024-11-16T07:42:25.227Z</time>
      </trkpt>
      <trkpt lat="59.953793" lon="10.691434">
        <ele>155.631769</ele>
        <time>2024-11-16T07:42:29.939Z</time>
      </trkpt>
      <trkpt lat="59.954063" lon="10.691065">
        <ele>157.328803</ele>
        <time>2024-11-16T07:42:43.344Z</time>
      </trkpt>
      <trkpt lat="59.954261" lon="10.690921">
        <ele>158.421830</ele>
        <time>2024-11-16T07:42:52.658Z</time>
      </trkpt>
      <trkpt lat="59.954518" lon="10.690867">
        <ele>159.762280</ele>
        <time>2024-11-16T07:43:04.630Z</time>
      </trkpt>
      <trkpt lat="59.954680" lon="10.690869">
        <ele>160.602612</ele>
        <time>2024-11-16T07:43:12.298Z</time>
      </trkpt>
      <trkpt lat="59.954738" lon="10.690872">
        <ele>160.903567</ele>
        <time>2024-11-16T07:43:15.087Z</time>
      </trkpt>
      <trkpt lat="59.955078" lon="10.690881">
        <ele>162.667347</ele>
        <time>2024-11-16T07:43:31.362Z</time>
      </trkpt>
      <trkpt lat="59.955269" lon="10.690820">
        <ele>163.758955</ele>
        <time>2024-11-16T07:43:40.832Z</time>
      </trkpt>
      <trkpt lat="59.955482" lon="10.690609">
        <ele>165.171428</ele>
        <time>2024-11-16T07:43:52.875Z</time>
      </trkpt>
      <trkpt lat="59.955578" lon="10.690460">
        <ele>165.893696</ele>
        <time>2024-11-16T07:43:59.104Z</time>
      </trkpt>
      <trkpt lat="59.955869" lon="10.690037">
        <ele>168.031824</ele>
        <time>2024-11-16T07:44:17.125Z</time>
      </trkpt>
      <trkpt lat="59.956096" lon="10.689897">
        <ele>169.443208</ele>
        <time>2024-11-16T07:44:27.849Z</time>
      </trkpt>
      <trkpt lat="59.956391" lon="10.689848">
        <ele>171.201788</ele>
        <time>2024-11-16T07:44:40.523Z</time>
      </trkpt>
      <trkpt lat="59.956409" lon="10.689846">
        <ele>171.308887</ele>
        <time>2024-11-16T07:44:41.267Z</time>
      </trkpt>
      <trkpt lat="59.956784" lon="10.689808">
        <ele>173.539545</ele>
        <time>2024-11-16T07:44:56.936Z</time>
      </trkpt>
      <trkpt lat="59.957331" lon="10.689753">
        <ele>176.438043</ele>
        <time>2024-11-16T07:45:19.964Z</time>
      </trkpt>
      <trkpt lat="59.957495" lon="10.689737">
        <ele>177.299692</ele>
        <time>2024-11-16T07:45:27.025Z</time>
      </trkpt>
      <trkpt lat="59.958689" lon="10.689628">
        <ele>183.728130</ele>
        <time>2024-11-16T07:46:17.446Z</time>
      </trkpt>
      <trkpt lat="59.958804" lon="10.689572">
        <ele>184.601322</ele>
        <time>2024-11-16T07:46:23.178Z</time>
      </trkpt>
      <trkpt lat="59.958910" lon="10.689521">
        <ele>185.405640</ele>
        <time>2024-11-16T07:46:28.614Z</time>
      </trkpt>
      <trkpt lat="59.959128" lon="10.689247">
        <ele>187.305678</ele>
        <time>2024-11-16T07:46:42.380Z</time>
      </trkpt>
      <trkpt lat="59.959278" lon="10.688833">
        <ele>189.193003</ele>
        <time>2024-11-16T07:46:57.023Z</time>
      </trkpt>
      <trkpt lat="59.959347" lon="10.688361">
        <ele>191.008899</ele>
        <time>2024-11-16T07:47:11.165Z</time>
      </trkpt>
      <trkpt lat="59.959371" lon="10.687574">
        <ele>193.920677</ele>
        <time>2024-11-16T07:47:33.744Z</time>
      </trkpt>
      <trkpt lat="59.959379" lon="10.686675">
        <ele>196.904110</ele>
        <time>2024-11-16T07:47:57.721Z</time>
      </trkpt>
      <trkpt lat="59.959398" lon="10.685321">
        <ele>199.759824</ele>
        <time>2024-11-16T07:48:24.839Z</time>
      </trkpt>
      <trkpt lat="59.959415" lon="10.684333">
        <ele>201.844020</ele>
        <time>2024-11-16T07:48:40.497Z</time>
      </trkpt>
      <trkpt lat="59.959422" lon="10.683991">
        <ele>202.565649</ele>
        <time>2024-11-16T07:48:45.900Z</time>
      </trkpt>
      <trkpt lat="59.959430" lon="10.683580">
        <ele>203.432800</ele>
        <time>2024-11-16T07:48:52.841Z</time>
      </trkpt>
      <trkpt lat="59.959451" lon="10.682560">
        <ele>206.328890</ele>
        <time>2024-11-16T07:49:12.247Z</time>
      </trkpt>
      <trkpt lat="59.959454" lon="10.682381">
        <ele>206.887143</ele>
        <time>2024-11-16T07:49:16.097Z</time>
      </trkpt>
      <trkpt lat="59.959449" lon="10.681756">
        <ele>208.835508</ele>
        <time>2024-11-16T07:49:30.622Z</time>
      </trkpt>
      <trkpt lat="59.959373" lon="10.680312">
        <ele>213.361247</ele>
        <time>2024-11-16T07:50:08.176Z</time>
      </trkpt>
      <trkpt lat="59.959290" lon="10.679529">
        <ele>215.917814</ele>
        <time>2024-11-16T07:50:29.788Z</time>
      </trkpt>
      <trkpt lat="59.959250" lon="10.679251">
        <ele>216.908407</ele>
        <time>2024-11-16T07:50:37.681Z</time>
      </trkpt>
      <trkpt lat="59.959076" lon="10.678219">
        <ele>220.637708</ele>
        <time>2024-11-16T07:51:06.895Z</time>
      </trkpt>
      <trkpt lat="59.958947" lon="10.677505">
        <ele>223.237288</ele>
        <time>2024-11-16T07:51:26.569Z</time>
      </trkpt>
      <trkpt lat="59.958846" lon="10.677098">
        <ele>224.792981</ele>
        <time>2024-11-16T07:51:38.183Z</time>
      </trkpt>
      <trkpt lat="59.958103" lon="10.675167">
        <ele>229.350908</ele>
        <time>2024-11-16T07:52:28.495Z</time>
      </trkpt>
      <trkpt lat="59.957816" lon="10.674442">
        <ele>230.378111</ele>
        <time>2024-11-16T07:52:39.421Z</time>
      </trkpt>
      <trkpt lat="59.957527" lon="10.673712">
        <ele>231.412433</ele>
        <time>2024-11-16T07:52:48.263Z</time>
      </trkpt>
      <trkpt lat="59.957477" lon="10.673533">
        <ele>231.747067</ele>
        <time>2024-11-16T07:52:50.102Z</time>
      </trkpt>
      <trkpt lat="59.957418" lon="10.673385">
        <ele>232.154761</ele>
        <time>2024-11-16T07:52:51.770Z</time>
      </trkpt>
      <trkpt lat="59.957442" lon="10.673223">
        <ele>232.518830</ele>
        <time>2024-11-16T07:52:53.971Z</time>
      </trkpt>
      <trkpt lat="59.957389" lon="10.672938">
        <ele>233.173997</ele>
        <time>2024-11-16T07:52:57.956Z</time>
      </trkpt>
      <trkpt lat="59.957346" lon="10.672666">
        <ele>233.788677</ele>
        <time>2024-11-16T07:53:02.303Z</time>
      </trkpt>
      <trkpt lat="59.957265" lon="10.672011">
        <ele>235.242607</ele>
        <time>2024-11-16T07:53:13.793Z</time>
      </trkpt>
      <trkpt lat="59.957274" lon="10.671616">
        <ele>236.094704</ele>
        <time>2024-11-16T07:53:21.520Z</time>
      </trkpt>
      <trkpt lat="59.957308" lon="10.671501">
        <ele>236.382512</ele>
        <time>2024-11-16T07:53:24.773Z</time>
      </trkpt>
      <trkpt lat="59.957367" lon="10.671420">
        <ele>236.690675</ele>
        <time>2024-11-16T07:53:27.821Z</time>
      </trkpt>
      <trkpt lat="59.957426" lon="10.671395">
        <ele>236.950285</ele>
        <time>2024-11-16T07:53:31.053Z</time>
      </trkpt>
      <trkpt lat="59.957478" lon="10.671417">
        <ele>237.179079</ele>
        <time>2024-11-16T07:53:33.841Z</time>
      </trkpt>
      <trkpt lat="59.957548" lon="10.671522">
        <ele>237.555888</ele>
        <time>2024-11-16T07:53:38.337Z</time>
      </trkpt>
      <trkpt lat="59.957634" lon="10.671798">
        <ele>238.256445</ele>
        <time>2024-11-16T07:53:47.005Z</time>
      </trkpt>
      <trkpt lat="59.957657" lon="10.671900">
        <ele>238.497516</ele>
        <time>2024-11-16T07:53:50.061Z</time>
      </trkpt>
      <trkpt lat="59.957693" lon="10.672054">
        <ele>238.863773</ele>
        <time>2024-11-16T07:53:54.933Z</time>
      </trkpt>
      <trkpt lat="59.957886" lon="10.672835">
        <ele>242.263170</ele>
        <time>2024-11-16T07:54:20.925Z</time>
      </trkpt>
      <trkpt lat="59.957936" lon="10.672932">
        <ele>242.873485</ele>
        <time>2024-11-16T07:54:25.426Z</time>
      </trkpt>
      <trkpt lat="59.958029" lon="10.672968">
        <ele>243.702960</ele>
        <time>2024-11-16T07:54:31.518Z</time>
      </trkpt>
      <trkpt lat="59.958088" lon="10.672919">
        <ele>244.262450</ele>
        <time>2024-11-16T07:54:35.734Z</time>
      </trkpt>
      <trkpt lat="59.958129" lon="10.672831">
        <ele>244.789416</ele>
        <time>2024-11-16T07:54:39.520Z</time>
      </trkpt>
      <trkpt lat="59.958151" lon="10.672509">
        <ele>246.214029</ele>
        <time>2024-11-16T07:54:49.104Z</time>
      </trkpt>
      <trkpt lat="59.958156" lon="10.672144">
        <ele>247.814652</ele>
        <time>2024-11-16T07:54:59.428Z</time>
      </trkpt>
      <trkpt lat="59.958225" lon="10.671724">
        <ele>249.752371</ele>
        <time>2024-11-16T07:55:12.375Z</time>
      </trkpt>
      <trkpt lat="59.958295" lon="10.671466">
        <ele>251.038755</ele>
        <time>2024-11-16T07:55:20.936Z</time>
      </trkpt>
      <trkpt lat="59.958568" lon="10.670774">
        <ele>254.900876</ele>
        <time>2024-11-16T07:55:45.285Z</time>
      </trkpt>
      <trkpt lat="59.958674" lon="10.670646">
        <ele>255.831086</ele>
        <time>2024-11-16T07:55:51.757Z</time>
      </trkpt>
      <trkpt lat="59.959066" lon="10.670447">
        <ele>258.807670</ele>
        <time>2024-11-16T07:56:13.142Z</time>
      </trkpt>
      <trkpt lat="59.959192" lon="10.670216">
        <ele>260.066302</ele>
        <time>2024-11-16T07:56:22.127Z</time>
      </trkpt>
      <trkpt lat="59.959351" lon="10.669652">
        <ele>262.451024</ele>
        <time>2024-11-16T07:56:39.267Z</time>
      </trkpt>
      <trkpt lat="59.959416" lon="10.669325">
        <ele>263.747256</ele>
        <time>2024-11-16T07:56:48.393Z</time>
      </trkpt>
      <trkpt lat="59.959437" lon="10.669219">
        <ele>264.167250</ele>
        <time>2024-11-16T07:56:51.423Z</time>
      </trkpt>
      <trkpt lat="59.959550" lon="10.668201">
        <ele>268.008852</ele>
        <time>2024-11-16T07:57:16.262Z</time>
      </trkpt>
      <trkpt lat="59.959557" lon="10.668040">
        <ele>268.590888</ele>
        <time>2024-11-16T07:57:20.235Z</time>
      </trkpt>
      <trkpt lat="59.959604" lon="10.667223">
        <ele>271.504949</ele>
        <time>2024-11-16T07:57:41.036Z</time>
      </trkpt>
      <trkpt lat="59.959672" lon="10.666684">
        <ele>273.474587</ele>
        <time>2024-11-16T07:57:54.913Z</time>
      </trkpt>
      <trkpt lat="59.959789" lon="10.666151">
        <ele>275.536836</ele>
        <time>2024-11-16T07:58:08.892Z</time>
      </trkpt>
      <trkpt lat="59.960030" lon="10.665378">
        <ele>278.763673</ele>
        <time>2024-11-16T07:58:31.936Z</time>
      </trkpt>
      <trkpt lat="59.960061" lon="10.665268">
        <ele>279.210968</ele>
        <time>2024-11-16T07:58:35.311Z</time>
      </trkpt>
      <trkpt lat="59.960244" lon="10.664337">
        <ele>283.199437</ele>
        <time>2024-11-16T07:59:01.803Z</time>
      </trkpt>
      <trkpt lat="59.960292" lon="10.664255">
        <ele>283.758787</ele>
        <time>2024-11-16T07:59:05.239Z</time>
      </trkpt>
      <trkpt lat="59.960399" lon="10.664245">
        <ele>284.707440</ele>
        <time>2024-11-16T07:59:11.226Z</time>
      </trkpt>
      <trkpt lat="59.960456" lon="10.664319">
        <ele>285.309486</ele>
        <time>2024-11-16T07:59:15.224Z</time>
      </trkpt>
      <trkpt lat="59.960484" lon="10.664419">
        <ele>285.817465</ele>
        <time>2024-11-16T07:59:18.523Z</time>
      </trkpt>
      <trkpt lat="59.960495" lon="10.664788">
        <ele>287.456289</ele>
        <time>2024-11-16T07:59:29.400Z</time>
      </trkpt>
      <trkpt lat="59.960505" lon="10.665639">
        <ele>291.230155</ele>
        <time>2024-11-16T07:59:55.173Z</time>
      </trkpt>
      <trkpt lat="59.960578" lon="10.665999">
        <ele>292.952147</ele>
        <time>2024-11-16T08:00:07.298Z</time>
      </trkpt>
      <trkpt lat="59.960664" lon="10.666201">
        <ele>294.127770</ele>
        <time>2024-11-16T08:00:15.604Z</time>
      </trkpt>
      <trkpt lat="59.960758" lon="10.666335">
        <ele>295.150489</ele>
        <time>2024-11-16T08:00:22.614Z</time>
      </trkpt>
      <trkpt lat="59.960998" lon="10.666529">
        <ele>297.431611</ele>
        <time>2024-11-16T08:00:37.380Z</time>
      </trkpt>
      <trkpt lat="59.961186" lon="10.666821">
        <ele>299.493541</ele>
        <time>2024-11-16T08:00:50.561Z</time>
      </trkpt>
      <trkpt lat="59.961245" lon="10.667009">
        <ele>300.455289</ele>
        <time>2024-11-16T08:00:56.836Z</time>
      </trkpt>
      <trkpt lat="59.961284" lon="10.667234">
        <ele>301.487321</ele>
        <time>2024-11-16T08:01:03.581Z</time>
      </trkpt>
      <trkpt lat="59.961286" lon="10.667873">
        <ele>304.257009</ele>
        <time>2024-11-16T08:01:21.693Z</time>
      </trkpt>
      <trkpt lat="59.961282" lon="10.667933">
        <ele>304.519365</ele>
        <time>2024-11-16T08:01:23.356Z</time>
      </trkpt>
      <trkpt lat="59.961305" lon="10.668342">
        <ele>306.303254</ele>
        <time>2024-11-16T08:01:34.903Z</time>
      </trkpt>
      <trkpt lat="59.961363" lon="10.668565">
        <ele>307.392485</ele>
        <time>2024-11-16T08:01:41.834Z</time>
      </trkpt>
      <trkpt lat="59.961535" lon="10.668956">
        <ele>309.648579</ele>
        <time>2024-11-16T08:01:56.502Z</time>
      </trkpt>
      <trkpt lat="59.961874" lon="10.669405">
        <ele>313.113126</ele>
        <time>2024-11-16T08:02:19.727Z</time>
      </trkpt>
      <trkpt lat="59.962580" lon="10.670219">
        <ele>319.578508</ele>
        <time>2024-11-16T08:03:07.091Z</time>
      </trkpt>
      <trkpt lat="59.962936" lon="10.670507">
        <ele>322.624875</ele>
        <time>2024-11-16T08:03:27.989Z</time>
      </trkpt>
      <trkpt lat="59.963331" lon="10.670825">
        <ele>326.002662</ele>
        <time>2024-11-16T08:03:49.842Z</time>
      </trkpt>
      <trkpt lat="59.963758" lon="10.671222">
        <ele>328.592802</ele>
        <time>2024-11-16T08:04:11.318Z</time>
      </trkpt>
      <trkpt lat="59.964047" lon="10.671545">
        <ele>330.210925</ele>
        <time>2024-11-16T08:04:24.994Z</time>
      </trkpt>
      <trkpt lat="59.964095" lon="10.671603">
        <ele>330.485034</ele>
        <time>2024-11-16T08:04:27.150Z</time>
      </trkpt>
      <trkpt lat="59.964385" lon="10.671977">
        <ele>332.171680</ele>
        <time>2024-11-16T08:04:40.505Z</time>
      </trkpt>
      <trkpt lat="59.964546" lon="10.672197">
        <ele>333.124799</ele>
        <time>2024-11-16T08:04:47.673Z</time>
      </trkpt>
      <trkpt lat="59.964681" lon="10.672379">
        <ele>333.920599</ele>
        <time>2024-11-16T08:04:53.749Z</time>
      </trkpt>
      <trkpt lat="59.964789" lon="10.672528">
        <ele>334.561927</ele>
        <time>2024-11-16T08:04:58.727Z</time>
      </trkpt>
      <trkpt lat="59.965465" lon="10.673449">
        <ele>339.798776</ele>
        <time>2024-11-16T08:05:32.923Z</time>
      </trkpt>
      <trkpt lat="59.965674" lon="10.673597">
        <ele>341.327232</ele>
        <time>2024-11-16T08:05:43.607Z</time>
      </trkpt>
      <trkpt lat="59.965899" lon="10.673632">
        <ele>342.882856</ele>
        <time>2024-11-16T08:05:55.120Z</time>
      </trkpt>
      <trkpt lat="59.966243" lon="10.673487">
        <ele>345.306252</ele>
        <time>2024-11-16T08:06:14.569Z</time>
      </trkpt>
      <trkpt lat="59.966782" lon="10.673083">
        <ele>349.418085</ele>
        <time>2024-11-16T08:06:49.484Z</time>
      </trkpt>
      <trkpt lat="59.967489" lon="10.672369">
        <ele>355.467223</ele>
        <time>2024-11-16T08:07:34.630Z</time>
      </trkpt>
      <trkpt lat="59.967711" lon="10.672199">
        <ele>357.282663</ele>
        <time>2024-11-16T08:07:46.512Z</time>
      </trkpt>
      <trkpt lat="59.967922" lon="10.672129">
        <ele>358.915929</ele>
        <time>2024-11-16T08:07:56.675Z</time>
      </trkpt>
      <trkpt lat="59.968085" lon="10.672132">
        <ele>360.160658</ele>
        <time>2024-11-16T08:08:04.214Z</time>
      </trkpt>
      <trkpt lat="59.968267" lon="10.672190">
        <ele>361.567985</ele>
        <time>2024-11-16T08:08:12.533Z</time>
      </trkpt>
      <trkpt lat="59.968582" lon="10.672415">
        <ele>363.702553</ele>
        <time>2024-11-16T08:08:27.010Z</time>
      </trkpt>
      <trkpt lat="59.969646" lon="10.673251">
        <ele>370.934374</ele>
        <time>2024-11-16T08:09:18.765Z</time>
      </trkpt>
      <trkpt lat="59.970047" lon="10.673479">
        <ele>373.644176</ele>
        <time>2024-11-16T08:09:41.522Z</time>
      </trkpt>
      <trkpt lat="59.970472" lon="10.673578">
        <ele>376.730083</ele>
        <time>2024-11-16T08:10:05.798Z</time>
      </trkpt>
      <trkpt lat="59.971103" lon="10.673558">
        <ele>381.281502</ele>
        <time>2024-11-16T08:10:40.375Z</time>
      </trkpt>
      <trkpt lat="59.971138" lon="10.673557">
        <ele>381.533952</ele>
        <time>2024-11-16T08:10:42.181Z</time>
      </trkpt>
      <trkpt lat="59.971442" lon="10.673598">
        <ele>383.731424</ele>
        <time>2024-11-16T08:10:57.051Z</time>
      </trkpt>
      <trkpt lat="59.971677" lon="10.673690">
        <ele>385.458492</ele>
        <time>2024-11-16T08:11:07.883Z</time>
      </trkpt>
      <trkpt lat="59.972095" lon="10.673944">
        <ele>388.363741</ele>
        <time>2024-11-16T08:11:26.418Z</time>
      </trkpt>
      <trkpt lat="59.972535" lon="10.674198">
        <ele>391.352742</ele>
        <time>2024-11-16T08:11:45.474Z</time>
      </trkpt>
      <trkpt lat="59.972927" lon="10.674309">
        <ele>393.936619</ele>
        <time>2024-11-16T08:12:03.747Z</time>
      </trkpt>
      <trkpt lat="59.973375" lon="10.674371">
        <ele>396.867417</ele>
        <time>2024-11-16T08:12:27.731Z</time>
      </trkpt>
      <trkpt lat="59.973986" lon="10.674319">
        <ele>401.223632</ele>
        <time>2024-11-16T08:13:04.819Z</time>
      </trkpt>
      <trkpt lat="59.974505" lon="10.674112">
        <ele>405.084985</ele>
        <time>2024-11-16T08:13:34.063Z</time>
      </trkpt>
      <trkpt lat="59.974619" lon="10.674048">
        <ele>405.948936</ele>
        <time>2024-11-16T08:13:39.880Z</time>
      </trkpt>
      <trkpt lat="59.974855" lon="10.673958">
        <ele>407.701885</ele>
        <time>2024-11-16T08:13:50.926Z</time>
      </trkpt>
      <trkpt lat="59.975088" lon="10.673965">
        <ele>409.402068</ele>
        <time>2024-11-16T08:14:01.388Z</time>
      </trkpt>
      <trkpt lat="59.975241" lon="10.674049">
        <ele>410.559728</ele>
        <time>2024-11-16T08:14:08.377Z</time>
      </trkpt>
      <trkpt lat="59.975466" lon="10.674299">
        <ele>412.380869</ele>
        <time>2024-11-16T08:14:19.441Z</time>
      </trkpt>
      <trkpt lat="59.975630" lon="10.674576">
        <ele>413.889807</ele>
        <time>2024-11-16T08:14:28.510Z</time>
      </trkpt>
      <trkpt lat="59.975772" lon="10.674896">
        <ele>415.393746</ele>
        <time>2024-11-16T08:14:37.392Z</time>
      </trkpt>
      <trkpt lat="59.976354" lon="10.674908">
        <ele>419.483864</ele>
        <time>2024-11-16T08:15:04.086Z</time>
      </trkpt>
      <trkpt lat="59.977005" lon="10.674710">
        <ele>424.245131</ele>
        <time>2024-11-16T08:15:44.665Z</time>
      </trkpt>
      <trkpt lat="59.977200" lon="10.674770">
        <ele>425.948914</ele>
        <time>2024-11-16T08:15:57.726Z</time>
      </trkpt>
      <trkpt lat="59.977705" lon="10.675063">
        <ele>430.489936</ele>
        <time>2024-11-16T08:16:30.148Z</time>
      </trkpt>
      <trkpt lat="59.977847" lon="10.675097">
        <ele>431.724961</ele>
        <time>2024-11-16T08:16:38.472Z</time>
      </trkpt>
      <trkpt lat="59.978054" lon="10.675029">
        <ele>433.536517</ele>
        <time>2024-11-16T08:16:50.301Z</time>
      </trkpt>
      <trkpt lat="59.978221" lon="10.674873">
        <ele>435.128401</ele>
        <time>2024-11-16T08:17:00.377Z</time>
      </trkpt>
      <trkpt lat="59.978379" lon="10.674626">
        <ele>436.860617</ele>
        <time>2024-11-16T08:17:10.814Z</time>
      </trkpt>
      <trkpt lat="59.978486" lon="10.674388">
        <ele>438.243083</ele>
        <time>2024-11-16T08:17:18.913Z</time>
      </trkpt>
      <trkpt lat="59.978580" lon="10.673977">
        <ele>440.091755</ele>
        <time>2024-11-16T08:17:30.030Z</time>
      </trkpt>
      <trkpt lat="59.978762" lon="10.672813">
        <ele>444.879404</ele>
        <time>2024-11-16T08:17:58.992Z</time>
      </trkpt>
      <trkpt lat="59.978837" lon="10.672517">
        <ele>446.181974</ele>
        <time>2024-11-16T08:18:07.410Z</time>
      </trkpt>
      <trkpt lat="59.978986" lon="10.672215">
        <ele>447.847076</ele>
        <time>2024-11-16T08:18:18.758Z</time>
      </trkpt>
      <trkpt lat="59.979075" lon="10.672132">
        <ele>448.617705</ele>
        <time>2024-11-16T08:18:24.158Z</time>
      </trkpt>
      <trkpt lat="59.979115" lon="10.672094">
        <ele>448.965221</ele>
        <time>2024-11-16T08:18:26.625Z</time>
      </trkpt>
      <trkpt lat="59.979354" lon="10.672000">
        <ele>450.876534</ele>
        <time>2024-11-16T08:18:40.683Z</time>
      </trkpt>
      <trkpt lat="59.979684" lon="10.671980">
        <ele>453.513325</ele>
        <time>2024-11-16T08:19:00.487Z</time>
      </trkpt>
      <trkpt lat="59.979915" lon="10.672034">
        <ele>455.624327</ele>
        <time>2024-11-16T08:19:15.188Z</time>
      </trkpt>
      <trkpt lat="59.980225" lon="10.672289">
        <ele>458.667054</ele>
        <time>2024-11-16T08:19:36.502Z</time>
      </trkpt>
      <trkpt lat="59.980651" lon="10.672921">
        <ele>463.482397</ele>
        <time>2024-11-16T08:20:08.428Z</time>
      </trkpt>
      <trkpt lat="59.980752" lon="10.672986">
        <ele>464.445486</ele>
        <time>2024-11-16T08:20:14.469Z</time>
      </trkpt>
      <trkpt lat="59.980845" lon="10.672990">
        <ele>465.289812</ele>
        <time>2024-11-16T08:20:19.752Z</time>
      </trkpt>
      <trkpt lat="59.980976" lon="10.672921">
        <ele>466.519445</ele>
        <time>2024-11-16T08:20:27.382Z</time>
      </trkpt>
      <trkpt lat="59.981111" lon="10.672707">
        <ele>468.083351</ele>
        <time>2024-11-16T08:20:37.031Z</time>
      </trkpt>
      <trkpt lat="59.981192" lon="10.672461">
        <ele>469.420651</ele>
        <time>2024-11-16T08:20:45.158Z</time>
      </trkpt>
      <trkpt lat="59.981245" lon="10.672170">
        <ele>470.511820</ele>
        <time>2024-11-16T08:20:53.527Z</time>
      </trkpt>
      <trkpt lat="59.981249" lon="10.672145">
        <ele>470.602747</ele>
        <time>2024-11-16T08:20:54.203Z</time>
      </trkpt>
      <trkpt lat="59.981285" lon="10.671686">
        <ele>472.212246</ele>
        <time>2024-11-16T08:21:06.403Z</time>
      </trkpt>
      <trkpt lat="59.981287" lon="10.671644">
        <ele>472.358400</ele>
        <time>2024-11-16T08:21:07.489Z</time>
      </trkpt>
      <trkpt lat="59.981291" lon="10.671573">
        <ele>472.605914</ele>
        <time>2024-11-16T08:21:09.352Z</time>
      </trkpt>
      <trkpt lat="59.981297" lon="10.671444">
        <ele>473.054726</ele>
        <time>2024-11-16T08:21:12.569Z</time>
      </trkpt>
      <trkpt lat="59.981299" lon="10.671363">
        <ele>473.335669</ele>
        <time>2024-11-16T08:21:14.587Z</time>
      </trkpt>
      <trkpt lat="59.981302" lon="10.671268">
        <ele>473.665424</ele>
        <time>2024-11-16T08:21:16.982Z</time>
      </trkpt>
      <trkpt lat="59.981318" lon="10.670727">
        <ele>475.542837</ele>
        <time>2024-11-16T08:21:29.770Z</time>
      </trkpt>
      <trkpt lat="59.981325" lon="10.670502">
        <ele>476.323791</ele>
        <time>2024-11-16T08:21:35.041Z</time>
      </trkpt>
      <trkpt lat="59.981387" lon="10.669629">
        <ele>479.378368</ele>
        <time>2024-11-16T08:21:56.165Z</time>
      </trkpt>
      <trkpt lat="59.981448" lon="10.669235">
        <ele>480.807130</ele>
        <time>2024-11-16T08:22:06.346Z</time>
      </trkpt>
      <trkpt lat="59.981560" lon="10.668797">
        <ele>482.548172</ele>
        <time>2024-11-16T08:22:18.569Z</time>
      </trkpt>
      <trkpt lat="59.981700" lon="10.668434">
        <ele>484.241214</ele>
        <time>2024-11-16T08:22:29.699Z</time>
      </trkpt>
      <trkpt lat="59.981774" lon="10.668335">
        <ele>484.898676</ele>
        <time>2024-11-16T08:22:34.056Z</time>
      </trkpt>
      <trkpt lat="59.981781" lon="10.668327">
        <ele>484.958212</ele>
        <time>2024-11-16T08:22:34.477Z</time>
      </trkpt>
      <trkpt lat="59.981877" lon="10.668278">
        <ele>485.689771</ele>
        <time>2024-11-16T08:22:39.280Z</time>
      </trkpt>
      <trkpt lat="59.982234" lon="10.668337">
        <ele>488.334675</ele>
        <time>2024-11-16T08:22:57.201Z</time>
      </trkpt>
      <trkpt lat="59.982950" lon="10.668479">
        <ele>493.647217</ele>
        <time>2024-11-16T08:23:35.472Z</time>
      </trkpt>
      <trkpt lat="59.983375" lon="10.668542">
        <ele>496.934301</ele>
        <time>2024-11-16T08:23:59.260Z</time>
      </trkpt>
      <trkpt lat="59.983951" lon="10.668626">
        <ele>501.582311</ele>
        <time>2024-11-16T08:24:31.207Z</time>
      </trkpt>
      <trkpt lat="59.984297" lon="10.668672">
        <ele>504.373097</ele>
        <time>2024-11-16T08:24:50.635Z</time>
      </trkpt>
      <trkpt lat="59.984639" lon="10.668717">
        <ele>507.131494</ele>
        <time>2024-11-16T08:25:09.360Z</time>
      </trkpt>
      <trkpt lat="59.985223" lon="10.668757">
        <ele>511.301333</ele>
        <time>2024-11-16T08:25:40.627Z</time>
      </trkpt>
      <trkpt lat="59.985402" lon="10.668669">
        <ele>512.412871</ele>
        <time>2024-11-16T08:25:49.719Z</time>
      </trkpt>
      <trkpt lat="59.985562" lon="10.668534">
        <ele>513.460093</ele>
        <time>2024-11-16T08:25:58.089Z</time>
      </trkpt>
      <trkpt lat="59.985641" lon="10.668441">
        <ele>514.012925</ele>
        <time>2024-11-16T08:26:02.576Z</time>
      </trkpt>
      <trkpt lat="59.985713" lon="10.668276">
        <ele>514.673377</ele>
        <time>2024-11-16T08:26:07.864Z</time>
      </trkpt>
      <trkpt lat="59.985794" lon="10.668281">
        <ele>515.162044</ele>
        <time>2024-11-16T08:26:11.689Z</time>
      </trkpt>
      <trkpt lat="59.985823" lon="10.668280">
        <ele>515.336942</ele>
        <time>2024-11-16T08:26:13.081Z</time>
      </trkpt>
      <trkpt lat="59.987143" lon="10.668169">
        <ele>521.111419</ele>
        <time>2024-11-16T08:27:09.382Z</time>
      </trkpt>
      <trkpt lat="59.987358" lon="10.668151">
        <ele>521.374246</ele>
        <time>2024-11-16T08:27:15.849Z</time>
      </trkpt>
      <trkpt lat="59.987517" lon="10.668142">
        <ele>521.568523</ele>
        <time>2024-11-16T08:27:19.808Z</time>
      </trkpt>
      <trkpt lat="59.987587" lon="10.668138">
        <ele>521.654055</ele>
        <time>2024-11-16T08:27:21.374Z</time>
      </trkpt>
      <trkpt lat="59.987936" lon="10.668225">
        <ele>522.083617</ele>
        <time>2024-11-16T08:27:28.642Z</time>
      </trkpt>
      <trkpt lat="59.987918" lon="10.669298">
        <ele>522.739496</ele>
        <time>2024-11-16T08:27:38.612Z</time>
      </trkpt>
      <trkpt lat="59.987988" lon="10.669557">
        <ele>522.604683</ele>
        <time>2024-11-16T08:27:41.356Z</time>
      </trkpt>
      <trkpt lat="59.988102" lon="10.669788">
        <ele>522.431425</ele>
        <time>2024-11-16T08:27:44.484Z</time>
      </trkpt>
      <trkpt lat="59.988296" lon="10.669973">
        <ele>522.201995</ele>
        <time>2024-11-16T08:27:48.775Z</time>
      </trkpt>
      <trkpt lat="59.988471" lon="10.669988">
        <ele>522.015024</ele>
        <time>2024-11-16T08:27:52.423Z</time>
      </trkpt>
      <trkpt lat="59.988510" lon="10.669985">
        <ele>521.973363</ele>
        <time>2024-11-16T08:27:53.344Z</time>
      </trkpt>
      <trkpt lat="59.988826" lon="10.669924">
        <ele>521.634488</ele>
        <time>2024-11-16T08:28:05.224Z</time>
      </trkpt>
      <trkpt lat="59.988911" lon="10.669856">
        <ele>521.536763</ele>
        <time>2024-11-16T08:28:08.635Z</time>
      </trkpt>
      <trkpt lat="59.988993" lon="10.669722">
        <ele>521.423717</ele>
        <time>2024-11-16T08:28:12.655Z</time>
      </trkpt>
      <trkpt lat="59.989063" lon="10.669441">
        <ele>521.256117</ele>
        <time>2024-11-16T08:28:18.696Z</time>
      </trkpt>
      <trkpt lat="59.989135" lon="10.668665">
        <ele>520.834751</ele>
        <time>2024-11-16T08:28:31.479Z</time>
      </trkpt>
      <trkpt lat="59.989206" lon="10.668379">
        <ele>519.767973</ele>
        <time>2024-11-16T08:28:36.206Z</time>
      </trkpt>
      <trkpt lat="59.989263" lon="10.668112">
        <ele>518.782268</ele>
        <time>2024-11-16T08:28:40.347Z</time>
      </trkpt>
      <trkpt lat="59.989632" lon="10.668014">
        <ele>516.255258</ele>
        <time>2024-11-16T08:28:50.454Z</time>
      </trkpt>
      <trkpt lat="59.989689" lon="10.667998">
        <ele>515.864511</ele>
        <time>2024-11-16T08:28:51.969Z</time>
      </trkpt>
      <trkpt lat="59.989874" lon="10.667677">
        <ele>514.201625</ele>
        <time>2024-11-16T08:28:58.291Z</time>
      </trkpt>
      <trkpt lat="59.990383" lon="10.667181">
        <ele>510.357665</ele>
        <time>2024-11-16T08:29:12.291Z</time>
      </trkpt>
      <trkpt lat="59.990586" lon="10.667001">
        <ele>508.850134</ele>
        <time>2024-11-16T08:29:17.767Z</time>
      </trkpt>
      <trkpt lat="59.990800" lon="10.666894">
        <ele>507.014703</ele>
        <time>2024-11-16T08:29:23.188Z</time>
      </trkpt>
      <trkpt lat="59.991361" lon="10.666479">
        <ele>501.872253</ele>
        <time>2024-11-16T08:29:38.150Z</time>
      </trkpt>
      <trkpt lat="59.992533" lon="10.665610">
        <ele>491.253451</ele>
        <time>2024-11-16T08:30:09.772Z</time>
      </trkpt>
      <trkpt lat="59.992702" lon="10.665544">
        <ele>489.865905</ele>
        <time>2024-11-16T08:30:14.188Z</time>
      </trkpt>
      <trkpt lat="59.992790" lon="10.665565">
        <ele>489.151762</ele>
        <time>2024-11-16T08:30:16.453Z</time>
      </trkpt>
      <trkpt lat="59.993046" lon="10.665359">
        <ele>486.928119</ele>
        <time>2024-11-16T08:30:23.403Z</time>
      </trkpt>
      <trkpt lat="59.993277" lon="10.665250">
        <ele>485.015577</ele>
        <time>2024-11-16T08:30:29.326Z</time>
      </trkpt>
      <trkpt lat="59.993713" lon="10.665169">
        <ele>481.487124</ele>
        <time>2024-11-16T08:30:40.443Z</time>
      </trkpt>
      <trkpt lat="59.993859" lon="10.665226">
        <ele>480.288431</ele>
        <time>2024-11-16T08:30:44.234Z</time>
      </trkpt>
      <trkpt lat="59.994055" lon="10.665508">
        <ele>478.254576</ele>
        <time>2024-11-16T08:30:50.451Z</time>
      </trkpt>
      <trkpt lat="59.994156" lon="10.665756">
        <ele>476.612792</ele>
        <time>2024-11-16T08:30:54.614Z</time>
      </trkpt>
      <trkpt lat="59.994196" lon="10.665957">
        <ele>475.502318</ele>
        <time>2024-11-16T08:30:57.443Z</time>
      </trkpt>
      <trkpt lat="59.994197" lon="10.666243">
        <ele>474.034178</ele>
        <time>2024-11-16T08:31:01.120Z</time>
      </trkpt>
      <trkpt lat="59.994146" lon="10.666572">
        <ele>472.266069</ele>
        <time>2024-11-16T08:31:05.482Z</time>
      </trkpt>
      <trkpt lat="59.994010" lon="10.667024">
        <ele>469.558254</ele>
        <time>2024-11-16T08:31:11.954Z</time>
      </trkpt>
      <trkpt lat="59.993704" lon="10.667608">
        <ele>465.216270</ele>
        <time>2024-11-16T08:31:22.041Z</time>
      </trkpt>
      <trkpt lat="59.993644" lon="10.667807">
        <ele>464.023446</ele>
        <time>2024-11-16T08:31:24.811Z</time>
      </trkpt>
      <trkpt lat="59.993619" lon="10.668056">
        <ele>462.719745</ele>
        <time>2024-11-16T08:31:27.831Z</time>
      </trkpt>
      <trkpt lat="59.993656" lon="10.668238">
        <ele>461.711235</ele>
        <time>2024-11-16T08:31:30.186Z</time>
      </trkpt>
      <trkpt lat="59.993744" lon="10.668401">
        <ele>460.479956</ele>
        <time>2024-11-16T08:31:33.061Z</time>
      </trkpt>
      <trkpt lat="59.993955" lon="10.668744">
        <ele>456.830523</ele>
        <time>2024-11-16T08:31:39.540Z</time>
      </trkpt>
      <trkpt lat="59.994056" lon="10.668888">
        <ele>455.122493</ele>
        <time>2024-11-16T08:31:42.469Z</time>
      </trkpt>
      <trkpt lat="59.994166" lon="10.669061">
        <ele>453.195496</ele>
        <time>2024-11-16T08:31:45.762Z</time>
      </trkpt>
      <trkpt lat="59.994299" lon="10.669358">
        <ele>450.450239</ele>
        <time>2024-11-16T08:31:50.392Z</time>
      </trkpt>
      <trkpt lat="59.994353" lon="10.669705">
        <ele>447.947790</ele>
        <time>2024-11-16T08:31:54.568Z</time>
      </trkpt>
      <trkpt lat="59.994363" lon="10.669803">
        <ele>447.259061</ele>
        <time>2024-11-16T08:31:55.714Z</time>
      </trkpt>
      <trkpt lat="59.994372" lon="10.670045">
        <ele>445.588058</ele>
        <time>2024-11-16T08:31:58.505Z</time>
      </trkpt>
      <trkpt lat="59.994340" lon="10.670609">
        <ele>441.679462</ele>
        <time>2024-11-16T08:32:05.038Z</time>
      </trkpt>
      <trkpt lat="59.994355" lon="10.670754">
        <ele>440.659859</ele>
        <time>2024-11-16T08:32:06.744Z</time>
      </trkpt>
      <trkpt lat="59.994412" lon="10.670916">
        <ele>439.295891</ele>
        <time>2024-11-16T08:32:09.064Z</time>
      </trkpt>
      <trkpt lat="59.994543" lon="10.671102">
        <ele>437.083619</ele>
        <time>2024-11-16T08:32:12.832Z</time>
      </trkpt>
      <trkpt lat="59.994948" lon="10.671539">
        <ele>432.272953</ele>
        <time>2024-11-16T08:32:23.813Z</time>
      </trkpt>
      <trkpt lat="59.995318" lon="10.671645">
        <ele>428.801363</ele>
        <time>2024-11-16T08:32:32.849Z</time>
      </trkpt>
      <trkpt lat="59.995424" lon="10.671789">
        <ele>427.611161</ele>
        <time>2024-11-16T08:32:35.974Z</time>
      </trkpt>
      <trkpt lat="59.995631" lon="10.672503">
        <ele>423.777942</ele>
        <time>2024-11-16T08:32:46.150Z</time>
      </trkpt>
      <trkpt lat="59.995655" lon="10.673319">
        <ele>419.981452</ele>
        <time>2024-11-16T08:32:56.734Z</time>
      </trkpt>
      <trkpt lat="59.995677" lon="10.673703">
        <ele>418.443404</ele>
        <time>2024-11-16T08:33:02.178Z</time>
      </trkpt>
      <trkpt lat="59.995666" lon="10.673947">
        <ele>417.843604</ele>
        <time>2024-11-16T08:33:05.844Z</time>
      </trkpt>
      <trkpt lat="59.995623" lon="10.674163">
        <ele>417.274415</ele>
        <time>2024-11-16T08:33:09.405Z</time>
      </trkpt>
      <trkpt lat="59.995490" lon="10.674583">
        <ele>416.057308</ele>
        <time>2024-11-16T08:33:16.847Z</time>
      </trkpt>
      <trkpt lat="59.995461" lon="10.674874">
        <ele>415.330849</ele>
        <time>2024-11-16T08:33:21.168Z</time>
      </trkpt>
      <trkpt lat="59.995475" lon="10.675337">
        <ele>414.195225</ele>
        <time>2024-11-16T08:33:27.770Z</time>
      </trkpt>
      <trkpt lat="59.995453" lon="10.675700">
        <ele>413.299996</ele>
        <time>2024-11-16T08:33:32.777Z</time>
      </trkpt>
      <trkpt lat="59.995465" lon="10.675826">
        <ele>412.985968</ele>
        <time>2024-11-16T08:33:34.497Z</time>
      </trkpt>
      <trkpt lat="59.996089" lon="10.675592">
        <ele>409.872372</ele>
        <time>2024-11-16T08:33:51.561Z</time>
      </trkpt>
      <trkpt lat="59.996280" lon="10.675472">
        <ele>408.780007</ele>
        <time>2024-11-16T08:33:56.938Z</time>
      </trkpt>
      <trkpt lat="59.996482" lon="10.675235">
        <ele>407.502157</ele>
        <time>2024-11-16T08:34:03.239Z</time>
      </trkpt>
      <trkpt lat="59.996835" lon="10.674852">
        <ele>405.310885</ele>
        <time>2024-11-16T08:34:13.882Z</time>
      </trkpt>
      <trkpt lat="59.997068" lon="10.674507">
        <ele>403.729036</ele>
        <time>2024-11-16T08:34:21.573Z</time>
      </trkpt>
      <trkpt lat="59.997160" lon="10.674265">
        <ele>402.899622</ele>
        <time>2024-11-16T08:34:25.620Z</time>
      </trkpt>
      <trkpt lat="59.997290" lon="10.673758">
        <ele>401.345088</ele>
        <time>2024-11-16T08:34:33.321Z</time>
      </trkpt>
      <trkpt lat="59.997512" lon="10.673267">
        <ele>399.881786</ele>
        <time>2024-11-16T08:34:42.665Z</time>
      </trkpt>
      <trkpt lat="59.997781" lon="10.672816">
        <ele>399.115796</ele>
        <time>2024-11-16T08:34:52.893Z</time>
      </trkpt>
      <trkpt lat="59.997888" lon="10.672584">
        <ele>398.771411</ele>
        <time>2024-11-16T08:34:57.619Z</time>
      </trkpt>
      <trkpt lat="59.998051" lon="10.672071">
        <ele>398.108204</ele>
        <time>2024-11-16T08:35:07.040Z</time>
      </trkpt>
      <trkpt lat="59.998168" lon="10.671469">
        <ele>397.403466</ele>
        <time>2024-11-16T08:35:17.620Z</time>
      </trkpt>
      <trkpt lat="59.998205" lon="10.671129">
        <ele>397.023795</ele>
        <time>2024-11-16T08:35:23.568Z</time>
      </trkpt>
      <trkpt lat="59.998177" lon="10.670597">
        <ele>396.440104</ele>
        <time>2024-11-16T08:35:33.030Z</time>
      </trkpt>
      <trkpt lat="59.998212" lon="10.670307">
        <ele>396.182393</ele>
        <time>2024-11-16T08:35:38.375Z</time>
      </trkpt>
      <trkpt lat="59.998341" lon="10.670098">
        <ele>396.167486</ele>
        <time>2024-11-16T08:35:44.239Z</time>
      </trkpt>
      <trkpt lat="59.998523" lon="10.669894">
        <ele>396.148752</ele>
        <time>2024-11-16T08:35:51.517Z</time>
      </trkpt>
      <trkpt lat="59.998578" lon="10.669756">
        <ele>396.140829</ele>
        <time>2024-11-16T08:35:54.579Z</time>
      </trkpt>
      <trkpt lat="59.998595" lon="10.669586">
        <ele>396.133045</ele>
        <time>2024-11-16T08:35:57.594Z</time>
      </trkpt>
      <trkpt lat="59.998540" lon="10.669152">
        <ele>396.112944</ele>
        <time>2024-11-16T08:36:05.902Z</time>
      </trkpt>
      <trkpt lat="59.998525" lon="10.669032">
        <ele>396.107390</ele>
        <time>2024-11-16T08:36:08.255Z</time>
      </trkpt>
      <trkpt lat="59.998522" lon="10.668774">
        <ele>396.095803</ele>
        <time>2024-11-16T08:36:13.165Z</time>
      </trkpt>
      <trkpt lat="59.998594" lon="10.668520">
        <ele>396.082694</ele>
        <time>2024-11-16T08:36:16.880Z</time>
      </trkpt>
      <trkpt lat="59.998796" lon="10.668203">
        <ele>396.059639</ele>
        <time>2024-11-16T08:36:23.334Z</time>
      </trkpt>
      <trkpt lat="59.999006" lon="10.667921">
        <ele>396.036926</ele>
        <time>2024-11-16T08:36:29.652Z</time>
      </trkpt>
      <trkpt lat="59.999223" lon="10.667591">
        <ele>396.111298</ele>
        <time>2024-11-16T08:36:36.563Z</time>
      </trkpt>
      <trkpt lat="59.999424" lon="10.667279">
        <ele>396.287397</ele>
        <time>2024-11-16T08:36:43.063Z</time>
      </trkpt>
      <trkpt lat="59.999620" lon="10.667074">
        <ele>396.440482</ele>
        <time>2024-11-16T08:36:49.058Z</time>
      </trkpt>
      <trkpt lat="59.999939" lon="10.666920">
        <ele>396.667607</ele>
        <time>2024-11-16T08:36:58.714Z</time>
      </trkpt>
      <trkpt lat="60.000115" lon="10.666842">
        <ele>396.792373</ele>
        <time>2024-11-16T08:37:04.275Z</time>
      </trkpt>
      <trkpt lat="60.000238" lon="10.666844">
        <ele>396.877506</ele>
        <time>2024-11-16T08:37:07.908Z</time>
      </trkpt>
      <trkpt lat="60.000992" lon="10.667021">
        <ele>397.076008</ele>
        <time>2024-11-16T08:37:28.844Z</time>
      </trkpt>
      <trkpt lat="60.001510" lon="10.667247">
        <ele>396.549525</ele>
        <time>2024-11-16T08:37:42.063Z</time>
      </trkpt>
      <trkpt lat="60.002468" lon="10.667416">
        <ele>395.594515</ele>
        <time>2024-11-16T08:38:01.841Z</time>
      </trkpt>
      <trkpt lat="60.002722" lon="10.667583">
        <ele>394.758579</ele>
        <time>2024-11-16T08:38:06.949Z</time>
      </trkpt>
      <trkpt lat="60.003003" lon="10.667849">
        <ele>393.303089</ele>
        <time>2024-11-16T08:38:12.673Z</time>
      </trkpt>
      <trkpt lat="60.003100" lon="10.667989">
        <ele>392.743065</ele>
        <time>2024-11-16T08:38:14.823Z</time>
      </trkpt>
      <trkpt lat="60.003340" lon="10.668238">
        <ele>391.477263</ele>
        <time>2024-11-16T08:38:19.569Z</time>
      </trkpt>
      <trkpt lat="60.003540" lon="10.668362">
        <ele>390.496947</ele>
        <time>2024-11-16T08:38:23.135Z</time>
      </trkpt>
      <trkpt lat="60.003712" lon="10.668369">
        <ele>389.691506</ele>
        <time>2024-11-16T08:38:26.015Z</time>
      </trkpt>
      <trkpt lat="60.004009" lon="10.668238">
        <ele>388.267598</ele>
        <time>2024-11-16T08:38:31.048Z</time>
      </trkpt>
      <trkpt lat="60.004109" lon="10.668148">
        <ele>387.754206</ele>
        <time>2024-11-16T08:38:32.870Z</time>
      </trkpt>
      <trkpt lat="60.004203" lon="10.668002">
        <ele>387.197016</ele>
        <time>2024-11-16T08:38:34.836Z</time>
      </trkpt>
      <trkpt lat="60.004368" lon="10.667673">
        <ele>385.471102</ele>
        <time>2024-11-16T08:38:38.629Z</time>
      </trkpt>
      <trkpt lat="60.004530" lon="10.667237">
        <ele>383.354301</ele>
        <time>2024-11-16T08:38:42.992Z</time>
      </trkpt>
      <trkpt lat="60.004657" lon="10.667030">
        <ele>382.077388</ele>
        <time>2024-11-16T08:38:45.632Z</time>
      </trkpt>
      <trkpt lat="60.004924" lon="10.666797">
        <ele>379.806852</ele>
        <time>2024-11-16T08:38:50.281Z</time>
      </trkpt>
      <trkpt lat="60.005395" lon="10.666601">
        <ele>376.057080</ele>
        <time>2024-11-16T08:38:57.755Z</time>
      </trkpt>
      <trkpt lat="60.005750" lon="10.666121">
        <ele>372.846691</ele>
        <time>2024-11-16T08:39:04.436Z</time>
      </trkpt>
      <trkpt lat="60.006161" lon="10.665603">
        <ele>370.568480</ele>
        <time>2024-11-16T08:39:12.142Z</time>
      </trkpt>
      <trkpt lat="60.006774" lon="10.665343">
        <ele>367.629695</ele>
        <time>2024-11-16T08:39:22.796Z</time>
      </trkpt>
      <trkpt lat="60.007039" lon="10.665164">
        <ele>366.317948</ele>
        <time>2024-11-16T08:39:28.007Z</time>
      </trkpt>
      <trkpt lat="60.007200" lon="10.665161">
        <ele>365.562850</ele>
        <time>2024-11-16T08:39:31.398Z</time>
      </trkpt>
      <trkpt lat="60.007273" lon="10.665230">
        <ele>365.184199</ele>
        <time>2024-11-16T08:39:33.344Z</time>
      </trkpt>
      <trkpt lat="60.007419" lon="10.665584">
        <ele>364.569064</ele>
        <time>2024-11-16T08:39:38.928Z</time>
      </trkpt>
      <trkpt lat="60.007524" lon="10.665748">
        <ele>364.521656</ele>
        <time>2024-11-16T08:39:42.232Z</time>
      </trkpt>
      <trkpt lat="60.007785" lon="10.665877">
        <ele>364.425978</ele>
        <time>2024-11-16T08:39:49.375Z</time>
      </trkpt>
      <trkpt lat="60.007976" lon="10.666024">
        <ele>364.353147</ele>
        <time>2024-11-16T08:39:55.125Z</time>
      </trkpt>
      <trkpt lat="60.008330" lon="10.666527">
        <ele>364.198620</ele>
        <time>2024-11-16T08:40:07.196Z</time>
      </trkpt>
      <trkpt lat="60.008462" lon="10.666676">
        <ele>364.144681</ele>
        <time>2024-11-16T08:40:10.816Z</time>
      </trkpt>
      <trkpt lat="60.008639" lon="10.666745">
        <ele>364.080505</ele>
        <time>2024-11-16T08:40:14.872Z</time>
      </trkpt>
      <trkpt lat="60.008758" lon="10.666706">
        <ele>364.037591</ele>
        <time>2024-11-16T08:40:17.449Z</time>
      </trkpt>
      <trkpt lat="60.008989" lon="10.666486">
        <ele>363.798713</ele>
        <time>2024-11-16T08:40:22.739Z</time>
      </trkpt>
      <trkpt lat="60.009117" lon="10.666333">
        <ele>363.358357</ele>
        <time>2024-11-16T08:40:25.745Z</time>
      </trkpt>
      <trkpt lat="60.009275" lon="10.666159">
        <ele>362.825712</ele>
        <time>2024-11-16T08:40:29.344Z</time>
      </trkpt>
      <trkpt lat="60.009576" lon="10.665928">
        <ele>361.873613</ele>
        <time>2024-11-16T08:40:35.717Z</time>
      </trkpt>
      <trkpt lat="60.010149" lon="10.665107">
        <ele>359.792152</ele>
        <time>2024-11-16T08:40:48.796Z</time>
      </trkpt>
      <trkpt lat="60.010235" lon="10.664822">
        <ele>359.300719</ele>
        <time>2024-11-16T08:40:51.750Z</time>
      </trkpt>
      <trkpt lat="60.010508" lon="10.663514">
        <ele>356.287686</ele>
        <time>2024-11-16T08:41:03.803Z</time>
      </trkpt>
      <trkpt lat="60.010649" lon="10.663203">
        <ele>355.273427</ele>
        <time>2024-11-16T08:41:07.309Z</time>
      </trkpt>
      <trkpt lat="60.010935" lon="10.662895">
        <ele>353.703730</ele>
        <time>2024-11-16T08:41:12.709Z</time>
      </trkpt>
      <trkpt lat="60.011350" lon="10.662291">
        <ele>351.223581</ele>
        <time>2024-11-16T08:41:21.411Z</time>
      </trkpt>
      <trkpt lat="60.011995" lon="10.661675">
        <ele>349.853589</ele>
        <time>2024-11-16T08:41:34.328Z</time>
      </trkpt>
      <trkpt lat="60.012122" lon="10.661630">
        <ele>349.822643</ele>
        <time>2024-11-16T08:41:36.933Z</time>
      </trkpt>
      <trkpt lat="60.012247" lon="10.661646">
        <ele>349.792590</ele>
        <time>2024-11-16T08:41:39.604Z</time>
      </trkpt>
      <trkpt lat="60.012670" lon="10.662010">
        <ele>349.682108</ele>
        <time>2024-11-16T08:41:51.357Z</time>
      </trkpt>
      <trkpt lat="60.013108" lon="10.661900">
        <ele>349.576192</ele>
        <time>2024-11-16T08:42:05.461Z</time>
      </trkpt>
      <trkpt lat="60.013193" lon="10.661841">
        <ele>349.554605</ele>
        <time>2024-11-16T08:42:08.803Z</time>
      </trkpt>
      <trkpt lat="60.013596" lon="10.661322">
        <ele>351.640319</ele>
        <time>2024-11-16T08:42:27.530Z</time>
      </trkpt>
      <trkpt lat="60.013874" lon="10.661127">
        <ele>353.273488</ele>
        <time>2024-11-16T08:42:40.421Z</time>
      </trkpt>
      <trkpt lat="60.014030" lon="10.661144">
        <ele>354.139618</ele>
        <time>2024-11-16T08:42:47.681Z</time>
      </trkpt>
      <trkpt lat="60.014494" lon="10.661620">
        <ele>357.030383</ele>
        <time>2024-11-16T08:43:13.515Z</time>
      </trkpt>
      <trkpt lat="60.014835" lon="10.661667">
        <ele>358.925333</ele>
        <time>2024-11-16T08:43:31.755Z</time>
      </trkpt>
      <trkpt lat="60.015157" lon="10.661619">
        <ele>361.305733</ele>
        <time>2024-11-16T08:43:50.020Z</time>
      </trkpt>
      <trkpt lat="60.015387" lon="10.661404">
        <ele>363.398024</ele>
        <time>2024-11-16T08:44:04.726Z</time>
      </trkpt>
      <trkpt lat="60.015497" lon="10.661345">
        <ele>364.336636</ele>
        <time>2024-11-16T08:44:11.466Z</time>
      </trkpt>
      <trkpt lat="60.015792" lon="10.661261">
        <ele>366.792480</ele>
        <time>2024-11-16T08:44:28.946Z</time>
      </trkpt>
      <trkpt lat="60.016263" lon="10.661127">
        <ele>370.713439</ele>
        <time>2024-11-16T08:44:57.341Z</time>
      </trkpt>
      <trkpt lat="60.016678" lon="10.660881">
        <ele>374.280738</ele>
        <time>2024-11-16T08:45:23.127Z</time>
      </trkpt>
      <trkpt lat="60.016810" lon="10.660880">
        <ele>375.102099</ele>
        <time>2024-11-16T08:45:30.698Z</time>
      </trkpt>
      <trkpt lat="60.016872" lon="10.660937">
        <ele>375.520596</ele>
        <time>2024-11-16T08:45:34.594Z</time>
      </trkpt>
      <trkpt lat="60.016990" lon="10.661161">
        <ele>376.518223</ele>
        <time>2024-11-16T08:45:43.852Z</time>
      </trkpt>
      <trkpt lat="60.017252" lon="10.661992">
        <ele>379.529958</ele>
        <time>2024-11-16T08:46:10.171Z</time>
      </trkpt>
      <trkpt lat="60.017353" lon="10.662173">
        <ele>380.361563</ele>
        <time>2024-11-16T08:46:16.803Z</time>
      </trkpt>
      <trkpt lat="60.017481" lon="10.662296">
        <ele>381.232492</ele>
        <time>2024-11-16T08:46:23.431Z</time>
      </trkpt>
      <trkpt lat="60.017561" lon="10.662273">
        <ele>381.728216</ele>
        <time>2024-11-16T08:46:28.051Z</time>
      </trkpt>
      <trkpt lat="60.017647" lon="10.662290">
        <ele>382.258270</ele>
        <time>2024-11-16T08:46:32.431Z</time>
      </trkpt>
      <trkpt lat="60.017738" lon="10.662313">
        <ele>382.820859</ele>
        <time>2024-11-16T08:46:37.140Z</time>
      </trkpt>
      <trkpt lat="60.018006" lon="10.662436">
        <ele>384.507335</ele>
        <time>2024-11-16T08:46:52.204Z</time>
      </trkpt>
      <trkpt lat="60.018386" lon="10.662771">
        <ele>385.883740</ele>
        <time>2024-11-16T08:47:13.370Z</time>
      </trkpt>
      <trkpt lat="60.018437" lon="10.662878">
        <ele>386.024090</ele>
        <time>2024-11-16T08:47:17.020Z</time>
      </trkpt>
      <trkpt lat="60.018438" lon="10.663079">
        <ele>386.214882</ele>
        <time>2024-11-16T08:47:21.903Z</time>
      </trkpt>
      <trkpt lat="60.018285" lon="10.663550">
        <ele>386.748091</ele>
        <time>2024-11-16T08:47:35.559Z</time>
      </trkpt>
      <trkpt lat="60.018264" lon="10.663808">
        <ele>386.996204</ele>
        <time>2024-11-16T08:47:41.423Z</time>
      </trkpt>
      <trkpt lat="60.018303" lon="10.664058">
        <ele>387.244789</ele>
        <time>2024-11-16T08:47:47.091Z</time>
      </trkpt>
      <trkpt lat="60.018412" lon="10.664436">
        <ele>387.659023</ele>
        <time>2024-11-16T08:47:56.260Z</time>
      </trkpt>
      <trkpt lat="60.018364" lon="10.664817">
        <ele>388.031970</ele>
        <time>2024-11-16T08:48:04.390Z</time>
      </trkpt>
      <trkpt lat="60.018353" lon="10.665067">
        <ele>388.270180</ele>
        <time>2024-11-16T08:48:09.586Z</time>
      </trkpt>
      <trkpt lat="60.018381" lon="10.665280">
        <ele>388.479230</ele>
        <time>2024-11-16T08:48:14.160Z</time>
      </trkpt>
      <trkpt lat="60.018659" lon="10.666302">
        <ele>387.582092</ele>
        <time>2024-11-16T08:48:35.617Z</time>
      </trkpt>
      <trkpt lat="60.019154" lon="10.667646">
        <ele>385.244494</ele>
        <time>2024-11-16T08:49:00.834Z</time>
      </trkpt>
      <trkpt lat="60.019582" lon="10.668377">
        <ele>383.586190</ele>
        <time>2024-11-16T08:49:16.092Z</time>
      </trkpt>
      <trkpt lat="60.019703" lon="10.668734">
        <ele>382.251747</ele>
        <time>2024-11-16T08:49:21.875Z</time>
      </trkpt>
      <trkpt lat="60.019700" lon="10.668908">
        <ele>381.713162</ele>
        <time>2024-11-16T08:49:24.214Z</time>
      </trkpt>
      <trkpt lat="60.019677" lon="10.669003">
        <ele>381.386606</ele>
        <time>2024-11-16T08:49:25.629Z</time>
      </trkpt>
      <trkpt lat="60.019533" lon="10.669233">
        <ele>380.246028</ele>
        <time>2024-11-16T08:49:30.546Z</time>
      </trkpt>
      <trkpt lat="60.019387" lon="10.669339">
        <ele>379.284551</ele>
        <time>2024-11-16T08:49:34.663Z</time>
      </trkpt>
      <trkpt lat="60.019113" lon="10.669401">
        <ele>377.577509</ele>
        <time>2024-11-16T08:49:41.966Z</time>
      </trkpt>
      <trkpt lat="60.018909" lon="10.669565">
        <ele>376.216523</ele>
        <time>2024-11-16T08:49:47.744Z</time>
      </trkpt>
      <trkpt lat="60.018626" lon="10.669733">
        <ele>374.389111</ele>
        <time>2024-11-16T08:49:55.459Z</time>
      </trkpt>
      <trkpt lat="60.018239" lon="10.669866">
        <ele>371.695625</ele>
        <time>2024-11-16T08:50:05.752Z</time>
      </trkpt>
      <trkpt lat="60.017913" lon="10.669859">
        <ele>368.852425</ele>
        <time>2024-11-16T08:50:14.285Z</time>
      </trkpt>
      <trkpt lat="60.017661" lon="10.669931">
        <ele>366.632451</ele>
        <time>2024-11-16T08:50:20.841Z</time>
      </trkpt>
      <trkpt lat="60.017544" lon="10.670012">
        <ele>365.552758</ele>
        <time>2024-11-16T08:50:23.979Z</time>
      </trkpt>
      <trkpt lat="60.017297" lon="10.670453">
        <ele>362.665891</ele>
        <time>2024-11-16T08:50:32.232Z</time>
      </trkpt>
      <trkpt lat="60.017249" lon="10.670484">
        <ele>362.226022</ele>
        <time>2024-11-16T08:50:33.502Z</time>
      </trkpt>
      <trkpt lat="60.017170" lon="10.670449">
        <ele>361.520381</ele>
        <time>2024-11-16T08:50:35.462Z</time>
      </trkpt>
      <trkpt lat="60.017050" lon="10.670149">
        <ele>359.845666</ele>
        <time>2024-11-16T08:50:40.158Z</time>
      </trkpt>
      <trkpt lat="60.016959" lon="10.670139">
        <ele>359.050861</ele>
        <time>2024-11-16T08:50:42.387Z</time>
      </trkpt>
      <trkpt lat="60.016918" lon="10.670218">
        <ele>358.554481</ele>
        <time>2024-11-16T08:50:43.752Z</time>
      </trkpt>
      <trkpt lat="60.016909" lon="10.670302">
        <ele>358.180069</ele>
        <time>2024-11-16T08:50:44.790Z</time>
      </trkpt>
      <trkpt lat="60.016939" lon="10.670810">
        <ele>355.819068</ele>
        <time>2024-11-16T08:50:50.953Z</time>
      </trkpt>
      <trkpt lat="60.016914" lon="10.671093">
        <ele>354.395613</ele>
        <time>2024-11-16T08:50:54.410Z</time>
      </trkpt>
      <trkpt lat="60.016678" lon="10.672180">
        <ele>348.525442</ele>
        <time>2024-11-16T08:51:08.716Z</time>
      </trkpt>
      <trkpt lat="60.016667" lon="10.672370">
        <ele>347.578054</ele>
        <time>2024-11-16T08:51:11.048Z</time>
      </trkpt>
      <trkpt lat="60.016768" lon="10.672845">
        <ele>345.021217</ele>
        <time>2024-11-16T08:51:17.360Z</time>
      </trkpt>
      <trkpt lat="60.017026" lon="10.673562">
        <ele>340.645035</ele>
        <time>2024-11-16T08:51:28.344Z</time>
      </trkpt>
      <trkpt lat="60.017121" lon="10.674284">
        <ele>337.383745</ele>
        <time>2024-11-16T08:51:37.801Z</time>
      </trkpt>
      <trkpt lat="60.017185" lon="10.675311">
        <ele>333.303121</ele>
        <time>2024-11-16T08:51:51.114Z</time>
      </trkpt>
      <trkpt lat="60.017237" lon="10.676022">
        <ele>330.469928</ele>
        <time>2024-11-16T08:52:00.405Z</time>
      </trkpt>
      <trkpt lat="60.017306" lon="10.676624">
        <ele>328.034737</ele>
        <time>2024-11-16T08:52:08.311Z</time>
      </trkpt>
      <trkpt lat="60.017435" lon="10.677059">
        <ele>326.040380</ele>
        <time>2024-11-16T08:52:14.716Z</time>
      </trkpt>
      <trkpt lat="60.017539" lon="10.677268">
        <ele>324.879417</ele>
        <time>2024-11-16T08:52:18.425Z</time>
      </trkpt>
      <trkpt lat="60.017687" lon="10.677474">
        <ele>323.594960</ele>
        <time>2024-11-16T08:52:22.933Z</time>
      </trkpt>
      <trkpt lat="60.018308" lon="10.678083">
        <ele>318.667775</ele>
        <time>2024-11-16T08:52:40.285Z</time>
      </trkpt>
      <trkpt lat="60.018461" lon="10.678277">
        <ele>317.377289</ele>
        <time>2024-11-16T08:52:44.885Z</time>
      </trkpt>
      <trkpt lat="60.019097" lon="10.679355">
        <ele>311.897349</ele>
        <time>2024-11-16T08:53:06.908Z</time>
      </trkpt>
      <trkpt lat="60.019864" lon="10.681220">
        <ele>309.422613</ele>
        <time>2024-11-16T08:53:44.972Z</time>
      </trkpt>
      <trkpt lat="60.020125" lon="10.682118">
        <ele>308.393181</ele>
        <time>2024-11-16T08:54:03.953Z</time>
      </trkpt>
      <trkpt lat="60.020226" lon="10.682372">
        <ele>308.379152</ele>
        <time>2024-11-16T08:54:09.915Z</time>
      </trkpt>
      <trkpt lat="60.020227" lon="10.683186">
        <ele>308.343971</ele>
        <time>2024-11-16T08:54:25.148Z</time>
      </trkpt>
      <trkpt lat="60.020191" lon="10.683941">
        <ele>308.311191</ele>
        <time>2024-11-16T08:54:39.362Z</time>
      </trkpt>
      <trkpt lat="60.020125" lon="10.684144">
        <ele>308.300724</ele>
        <time>2024-11-16T08:54:43.737Z</time>
      </trkpt>
      <trkpt lat="60.019995" lon="10.684282">
        <ele>308.287996</ele>
        <time>2024-11-16T08:54:48.943Z</time>
      </trkpt>
      <trkpt lat="60.019934" lon="10.684301">
        <ele>308.282656</ele>
        <time>2024-11-16T08:54:51.078Z</time>
      </trkpt>
      <trkpt lat="60.019808" lon="10.684338">
        <ele>308.271642</ele>
        <time>2024-11-16T08:54:55.522Z</time>
      </trkpt>
      <trkpt lat="60.019501" lon="10.684331">
        <ele>308.245087</ele>
        <time>2024-11-16T08:55:06.520Z</time>
      </trkpt>
      <trkpt lat="60.019422" lon="10.684426">
        <ele>308.236849</ele>
        <time>2024-11-16T08:55:09.972Z</time>
      </trkpt>
      <trkpt lat="60.019346" lon="10.684603">
        <ele>308.225448</ele>
        <time>2024-11-16T08:55:14.392Z</time>
      </trkpt>
      <trkpt lat="60.019309" lon="10.684797">
        <ele>308.215302</ele>
        <time>2024-11-16T08:55:18.423Z</time>
      </trkpt>
      <trkpt lat="60.019317" lon="10.684964">
        <ele>308.207106</ele>
        <time>2024-11-16T08:55:21.775Z</time>
      </trkpt>
      <trkpt lat="60.019457" lon="10.685436">
        <ele>308.180288</ele>
        <time>2024-11-16T08:55:32.875Z</time>
      </trkpt>
      <trkpt lat="60.019514" lon="10.685879">
        <ele>308.157938</ele>
        <time>2024-11-16T08:55:42.107Z</time>
      </trkpt>
      <trkpt lat="60.019468" lon="10.686264">
        <ele>308.138598</ele>
        <time>2024-11-16T08:55:49.915Z</time>
      </trkpt>
      <trkpt lat="60.019331" lon="10.686637">
        <ele>308.115980</ele>
        <time>2024-11-16T08:55:58.629Z</time>
      </trkpt>
      <trkpt lat="60.019102" lon="10.686885">
        <ele>308.090522</ele>
        <time>2024-11-16T08:56:07.944Z</time>
      </trkpt>
      <trkpt lat="60.018847" lon="10.687065">
        <ele>308.064084</ele>
        <time>2024-11-16T08:56:17.087Z</time>
      </trkpt>
      <trkpt lat="60.018649" lon="10.687214">
        <ele>307.410869</ele>
        <time>2024-11-16T08:56:23.972Z</time>
      </trkpt>
      <trkpt lat="60.018526" lon="10.687384">
        <ele>306.931434</ele>
        <time>2024-11-16T08:56:28.732Z</time>
      </trkpt>
      <trkpt lat="60.018231" lon="10.687887">
        <ele>305.688419</ele>
        <time>2024-11-16T08:56:40.502Z</time>
      </trkpt>
      <trkpt lat="60.017885" lon="10.688857">
        <ele>303.778338</ele>
        <time>2024-11-16T08:56:57.558Z</time>
      </trkpt>
      <trkpt lat="60.017551" lon="10.689513">
        <ele>302.271908</ele>
        <time>2024-11-16T08:57:10.604Z</time>
      </trkpt>
      <trkpt lat="60.017219" lon="10.690174">
        <ele>300.296615</ele>
        <time>2024-11-16T08:57:23.620Z</time>
      </trkpt>
      <trkpt lat="60.017033" lon="10.690741">
        <ele>298.867047</ele>
        <time>2024-11-16T08:57:33.038Z</time>
      </trkpt>
      <trkpt lat="60.016916" lon="10.691329">
        <ele>297.533059</ele>
        <time>2024-11-16T08:57:41.847Z</time>
      </trkpt>
      <trkpt lat="60.016643" lon="10.693332">
        <ele>294.241611</ele>
        <time>2024-11-16T08:58:11.538Z</time>
      </trkpt>
      <trkpt lat="60.016442" lon="10.694781">
        <ele>293.287743</ele>
        <time>2024-11-16T08:58:35.926Z</time>
      </trkpt>
      <trkpt lat="60.016384" lon="10.695052">
        <ele>293.100744</ele>
        <time>2024-11-16T08:58:41.109Z</time>
      </trkpt>
      <trkpt lat="60.016286" lon="10.695329">
        <ele>292.885466</ele>
        <time>2024-11-16T08:58:47.272Z</time>
      </trkpt>
      <trkpt lat="60.016117" lon="10.695652">
        <ele>292.588835</ele>
        <time>2024-11-16T08:58:56.211Z</time>
      </trkpt>
      <trkpt lat="60.015446" lon="10.696365">
        <ele>294.062747</ele>
        <time>2024-11-16T08:59:29.842Z</time>
      </trkpt>
      <trkpt lat="60.015272" lon="10.696623">
        <ele>294.624536</ele>
        <time>2024-11-16T08:59:40.260Z</time>
      </trkpt>
      <trkpt lat="60.015102" lon="10.696993">
        <ele>295.276122</ele>
        <time>2024-11-16T08:59:52.587Z</time>
      </trkpt>
      <trkpt lat="60.014482" lon="10.698840">
        <ele>299.465567</ele>
        <time>2024-11-16T09:00:49.170Z</time>
      </trkpt>
      <trkpt lat="60.014210" lon="10.699558">
        <ele>302.059072</ele>
        <time>2024-11-16T09:01:14.709Z</time>
      </trkpt>
      <trkpt lat="60.013611" lon="10.700157">
        <ele>305.916062</ele>
        <time>2024-11-16T09:01:56.734Z</time>
      </trkpt>
      <trkpt lat="60.013108" lon="10.700868">
        <ele>310.005065</ele>
        <time>2024-11-16T09:02:40.809Z</time>
      </trkpt>
      <trkpt lat="60.012970" lon="10.701091">
        <ele>311.301873</ele>
        <time>2024-11-16T09:02:53.837Z</time>
      </trkpt>
      <trkpt lat="60.012862" lon="10.701398">
        <ele>312.673612</ele>
        <time>2024-11-16T09:03:07.334Z</time>
      </trkpt>
      <trkpt lat="60.012797" lon="10.701907">
        <ele>314.593179</ele>
        <time>2024-11-16T09:03:25.675Z</time>
      </trkpt>
      <trkpt lat="60.012751" lon="10.702675">
        <ele>317.419435</ele>
        <time>2024-11-16T09:03:52.411Z</time>
      </trkpt>
      <trkpt lat="60.012667" lon="10.703060">
        <ele>318.954374</ele>
        <time>2024-11-16T09:04:06.686Z</time>
      </trkpt>
      <trkpt lat="60.011882" lon="10.705021">
        <ele>323.451170</ele>
        <time>2024-11-16T09:05:11.823Z</time>
      </trkpt>
      <trkpt lat="60.011605" lon="10.705574">
        <ele>324.533655</ele>
        <time>2024-11-16T09:05:28.286Z</time>
      </trkpt>
      <trkpt lat="60.011174" lon="10.706310">
        <ele>325.571667</ele>
        <time>2024-11-16T09:05:50.515Z</time>
      </trkpt>
      <trkpt lat="60.011109" lon="10.706517">
        <ele>325.569037</ele>
        <time>2024-11-16T09:05:55.438Z</time>
      </trkpt>
      <trkpt lat="60.011105" lon="10.706728">
        <ele>325.566766</ele>
        <time>2024-11-16T09:05:59.632Z</time>
      </trkpt>
      <trkpt lat="60.011256" lon="10.707392">
        <ele>325.558917</ele>
        <time>2024-11-16T09:06:14.499Z</time>
      </trkpt>
      <trkpt lat="60.011277" lon="10.707909">
        <ele>325.553337</ele>
        <time>2024-11-16T09:06:24.712Z</time>
      </trkpt>
      <trkpt lat="60.011234" lon="10.708239">
        <ele>325.549668</ele>
        <time>2024-11-16T09:06:31.073Z</time>
      </trkpt>
      <trkpt lat="60.011156" lon="10.708856">
        <ele>325.542821</ele>
        <time>2024-11-16T09:06:42.114Z</time>
      </trkpt>
      <trkpt lat="60.011097" lon="10.709577">
        <ele>325.247199</ele>
        <time>2024-11-16T09:06:54.097Z</time>
      </trkpt>
      <trkpt lat="60.011096" lon="10.710026">
        <ele>324.574149</ele>
        <time>2024-11-16T09:07:01.313Z</time>
      </trkpt>
      <trkpt lat="60.011177" lon="10.711195">
        <ele>322.805082</ele>
        <time>2024-11-16T09:07:18.768Z</time>
      </trkpt>
      <trkpt lat="60.011195" lon="10.711835">
        <ele>321.844218</ele>
        <time>2024-11-16T09:07:27.859Z</time>
      </trkpt>
      <trkpt lat="60.011162" lon="10.712254">
        <ele>321.208396</ele>
        <time>2024-11-16T09:07:33.905Z</time>
      </trkpt>
      <trkpt lat="60.011094" lon="10.712572">
        <ele>320.689929</ele>
        <time>2024-11-16T09:07:38.865Z</time>
      </trkpt>
      <trkpt lat="60.010643" lon="10.714087">
        <ele>317.536811</ele>
        <time>2024-11-16T09:08:04.806Z</time>
      </trkpt>
      <trkpt lat="60.010518" lon="10.714403">
        <ele>316.785804</ele>
        <time>2024-11-16T09:08:10.846Z</time>
      </trkpt>
      <trkpt lat="60.010295" lon="10.714753">
        <ele>315.729042</ele>
        <time>2024-11-16T09:08:19.295Z</time>
      </trkpt>
      <trkpt lat="60.009619" lon="10.715419">
        <ele>312.214262</ele>
        <time>2024-11-16T09:08:40.721Z</time>
      </trkpt>
      <trkpt lat="60.009523" lon="10.715551">
        <ele>311.187728</ele>
        <time>2024-11-16T09:08:43.844Z</time>
      </trkpt>
      <trkpt lat="60.009384" lon="10.715839">
        <ele>309.424265</ele>
        <time>2024-11-16T09:08:49.158Z</time>
      </trkpt>
      <trkpt lat="60.009222" lon="10.716293">
        <ele>306.967152</ele>
        <time>2024-11-16T09:08:56.316Z</time>
      </trkpt>
      <trkpt lat="60.009066" lon="10.717089">
        <ele>303.200943</ele>
        <time>2024-11-16T09:09:02.882Z</time>
      </trkpt>
      <trkpt lat="60.008961" lon="10.717865">
        <ele>299.659663</ele>
        <time>2024-11-16T09:09:08.944Z</time>
      </trkpt>
      <trkpt lat="60.008940" lon="10.718232">
        <ele>298.032477</ele>
        <time>2024-11-16T09:09:11.716Z</time>
      </trkpt>
      <trkpt lat="60.008952" lon="10.718435">
        <ele>297.065041</ele>
        <time>2024-11-16T09:09:13.240Z</time>
      </trkpt>
      <trkpt lat="60.008990" lon="10.718556">
        <ele>296.342799</ele>
        <time>2024-11-16T09:09:14.306Z</time>
      </trkpt>
      <trkpt lat="60.009205" lon="10.718962">
        <ele>293.353393</ele>
        <time>2024-11-16T09:09:18.742Z</time>
      </trkpt>
      <trkpt lat="60.009349" lon="10.719274">
        <ele>291.207102</ele>
        <time>2024-11-16T09:09:21.926Z</time>
      </trkpt>
      <trkpt lat="60.009450" lon="10.719467">
        <ele>289.794867</ele>
        <time>2024-11-16T09:09:24.025Z</time>
      </trkpt>
      <trkpt lat="60.009669" lon="10.719776">
        <ele>287.085199</ele>
        <time>2024-11-16T09:09:28.081Z</time>
      </trkpt>
      <trkpt lat="60.010126" lon="10.720268">
        <ele>281.837821</ele>
        <time>2024-11-16T09:09:36.188Z</time>
      </trkpt>
      <trkpt lat="60.010225" lon="10.720475">
        <ele>280.389887</ele>
        <time>2024-11-16T09:09:38.479Z</time>
      </trkpt>
      <trkpt lat="60.010417" lon="10.721137">
        <ele>277.257717</ele>
        <time>2024-11-16T09:09:44.661Z</time>
      </trkpt>
      <trkpt lat="60.010848" lon="10.722811">
        <ele>270.174340</ele>
        <time>2024-11-16T09:09:59.632Z</time>
      </trkpt>
      <trkpt lat="60.010944" lon="10.723273">
        <ele>268.292259</ele>
        <time>2024-11-16T09:10:03.614Z</time>
      </trkpt>
      <trkpt lat="60.011085" lon="10.723707">
        <ele>266.345144</ele>
        <time>2024-11-16T09:10:07.752Z</time>
      </trkpt>
      <trkpt lat="60.011178" lon="10.723887">
        <ele>265.662138</ele>
        <time>2024-11-16T09:10:09.834Z</time>
      </trkpt>
      <trkpt lat="60.011461" lon="10.724203">
        <ele>264.662873</ele>
        <time>2024-11-16T09:10:15.142Z</time>
      </trkpt>
      <trkpt lat="60.011728" lon="10.724469">
        <ele>263.743223</ele>
        <time>2024-11-16T09:10:20.142Z</time>
      </trkpt>
      <trkpt lat="60.012139" lon="10.724953">
        <ele>262.272781</ele>
        <time>2024-11-16T09:10:29.000Z</time>
      </trkpt>
      <trkpt lat="60.012296" lon="10.725063">
        <ele>261.759884</ele>
        <time>2024-11-16T09:10:32.620Z</time>
      </trkpt>
      <trkpt lat="60.012577" lon="10.725371">
        <ele>260.771990</ele>
        <time>2024-11-16T09:10:44.515Z</time>
      </trkpt>
      <trkpt lat="60.012609" lon="10.725405">
        <ele>260.660276</ele>
        <time>2024-11-16T09:10:45.959Z</time>
      </trkpt>
      <trkpt lat="60.012654" lon="10.725452">
        <ele>260.503761</ele>
        <time>2024-11-16T09:10:47.961Z</time>
      </trkpt>
      <trkpt lat="60.012743" lon="10.725426">
        <ele>260.389050</ele>
        <time>2024-11-16T09:10:50.742Z</time>
      </trkpt>
      <trkpt lat="60.012888" lon="10.725227">
        <ele>260.806970</ele>
        <time>2024-11-16T09:10:56.229Z</time>
      </trkpt>
      <trkpt lat="60.012996" lon="10.725157">
        <ele>261.076796</ele>
        <time>2024-11-16T09:10:59.936Z</time>
      </trkpt>
      <trkpt lat="60.013550" lon="10.725308">
        <ele>262.405698</ele>
        <time>2024-11-16T09:11:19.477Z</time>
      </trkpt>
      <trkpt lat="60.013633" lon="10.725367">
        <ele>262.615052</ele>
        <time>2024-11-16T09:11:22.821Z</time>
      </trkpt>
      <trkpt lat="60.013968" lon="10.725113">
        <ele>263.466528</ele>
        <time>2024-11-16T09:11:40.951Z</time>
      </trkpt>
      <trkpt lat="60.014305" lon="10.725009">
        <ele>264.276976</ele>
        <time>2024-11-16T09:11:58.744Z</time>
      </trkpt>
      <trkpt lat="60.014468" lon="10.725046">
        <ele>264.581037</ele>
        <time>2024-11-16T09:12:07.071Z</time>
      </trkpt>
      <trkpt lat="60.014754" lon="10.725224">
        <ele>264.462859</ele>
        <time>2024-11-16T09:12:20.870Z</time>
      </trkpt>
      <trkpt lat="60.014904" lon="10.725233">
        <ele>264.403648</ele>
        <time>2024-11-16T09:12:27.031Z</time>
      </trkpt>
      <trkpt lat="60.015136" lon="10.725012">
        <ele>264.302265</ele>
        <time>2024-11-16T09:12:36.387Z</time>
      </trkpt>
      <trkpt lat="60.015303" lon="10.724699">
        <ele>264.211981</ele>
        <time>2024-11-16T09:12:44.270Z</time>
      </trkpt>
      <trkpt lat="60.015736" lon="10.723315">
        <ele>263.890005</ele>
        <time>2024-11-16T09:13:09.974Z</time>
      </trkpt>
      <trkpt lat="60.015841" lon="10.723129">
        <ele>263.754592</ele>
        <time>2024-11-16T09:13:14.171Z</time>
      </trkpt>
      <trkpt lat="60.016037" lon="10.722923">
        <ele>263.524200</ele>
        <time>2024-11-16T09:13:20.660Z</time>
      </trkpt>
      <trkpt lat="60.016263" lon="10.722584">
        <ele>263.230268</ele>
        <time>2024-11-16T09:13:29.171Z</time>
      </trkpt>
      <trkpt lat="60.016417" lon="10.722259">
        <ele>262.997348</ele>
        <time>2024-11-16T09:13:36.372Z</time>
      </trkpt>
      <trkpt lat="60.016691" lon="10.721550">
        <ele>262.531235</ele>
        <time>2024-11-16T09:13:52.606Z</time>
      </trkpt>
      <trkpt lat="60.016835" lon="10.721291">
        <ele>262.329743</ele>
        <time>2024-11-16T09:14:00.140Z</time>
      </trkpt>
      <trkpt lat="60.017022" lon="10.721079">
        <ele>262.106079</ele>
        <time>2024-11-16T09:14:08.569Z</time>
      </trkpt>
      <trkpt lat="60.017918" lon="10.720335">
        <ele>262.864890</ele>
        <time>2024-11-16T09:14:46.686Z</time>
      </trkpt>
      <trkpt lat="60.018275" lon="10.719763">
        <ele>263.308478</ele>
        <time>2024-11-16T09:15:05.336Z</time>
      </trkpt>
      <trkpt lat="60.018613" lon="10.719295">
        <ele>263.707144</ele>
        <time>2024-11-16T09:15:23.104Z</time>
      </trkpt>
      <trkpt lat="60.019012" lon="10.719063">
        <ele>264.240301</ele>
        <time>2024-11-16T09:15:41.849Z</time>
      </trkpt>
      <trkpt lat="60.019074" lon="10.718986">
        <ele>264.337115</ele>
        <time>2024-11-16T09:15:45.127Z</time>
      </trkpt>
      <trkpt lat="60.019410" lon="10.718385">
        <ele>264.935034</ele>
        <time>2024-11-16T09:16:05.339Z</time>
      </trkpt>
      <trkpt lat="60.019749" lon="10.717932">
        <ele>265.475868</ele>
        <time>2024-11-16T09:16:23.309Z</time>
      </trkpt>
      <trkpt lat="60.020815" lon="10.716865">
        <ele>265.879212</ele>
        <time>2024-11-16T09:17:08.510Z</time>
      </trkpt>
      <trkpt lat="60.020916" lon="10.716662">
        <ele>265.824470</ele>
        <time>2024-11-16T09:17:13.356Z</time>
      </trkpt>
      <trkpt lat="60.021093" lon="10.715858">
        <ele>265.656582</ele>
        <time>2024-11-16T09:17:28.178Z</time>
      </trkpt>
      <trkpt lat="60.021228" lon="10.715544">
        <ele>265.577426</ele>
        <time>2024-11-16T09:17:35.247Z</time>
      </trkpt>
      <trkpt lat="60.021762" lon="10.714958">
        <ele>265.325385</ele>
        <time>2024-11-16T09:17:56.351Z</time>
      </trkpt>
      <trkpt lat="60.022223" lon="10.713896">
        <ele>265.009973</ele>
        <time>2024-11-16T09:18:21.551Z</time>
      </trkpt>
      <trkpt lat="60.022386" lon="10.713655">
        <ele>264.919038</ele>
        <time>2024-11-16T09:18:28.844Z</time>
      </trkpt>
      <trkpt lat="60.022689" lon="10.713361">
        <ele>264.767942</ele>
        <time>2024-11-16T09:18:40.974Z</time>
      </trkpt>
      <trkpt lat="60.022852" lon="10.713135">
        <ele>264.678965</ele>
        <time>2024-11-16T09:18:48.017Z</time>
      </trkpt>
      <trkpt lat="60.023565" lon="10.711722">
        <ele>264.421410</ele>
        <time>2024-11-16T09:19:23.227Z</time>
      </trkpt>
      <trkpt lat="60.024075" lon="10.711028">
        <ele>264.271896</ele>
        <time>2024-11-16T09:19:45.416Z</time>
      </trkpt>
      <trkpt lat="60.024185" lon="10.710807">
        <ele>264.234110</ele>
        <time>2024-11-16T09:19:51.283Z</time>
      </trkpt>
      <trkpt lat="60.024496" lon="10.710464">
        <ele>264.449524</ele>
        <time>2024-11-16T09:20:05.124Z</time>
      </trkpt>
      <trkpt lat="60.024901" lon="10.710171">
        <ele>264.838571</ele>
        <time>2024-11-16T09:20:22.390Z</time>
      </trkpt>
      <trkpt lat="60.025488" lon="10.709652">
        <ele>265.418306</ele>
        <time>2024-11-16T09:20:48.910Z</time>
      </trkpt>
      <trkpt lat="60.026149" lon="10.709243">
        <ele>266.131327</ele>
        <time>2024-11-16T09:21:18.272Z</time>
      </trkpt>
      <trkpt lat="60.026945" lon="10.708970">
        <ele>267.171602</ele>
        <time>2024-11-16T09:21:53.043Z</time>
      </trkpt>
      <trkpt lat="60.027588" lon="10.708644">
        <ele>268.026011</ele>
        <time>2024-11-16T09:22:21.166Z</time>
      </trkpt>
      <trkpt lat="60.028233" lon="10.708259">
        <ele>268.525557</ele>
        <time>2024-11-16T09:22:48.201Z</time>
      </trkpt>
      <trkpt lat="60.029139" lon="10.707443">
        <ele>269.169360</ele>
        <time>2024-11-16T09:23:26.344Z</time>
      </trkpt>
      <trkpt lat="60.029619" lon="10.707099">
        <ele>269.859047</ele>
        <time>2024-11-16T09:23:46.752Z</time>
      </trkpt>
      <trkpt lat="60.030311" lon="10.706951">
        <ele>271.207175</ele>
        <time>2024-11-16T09:24:15.377Z</time>
      </trkpt>
      <trkpt lat="60.030637" lon="10.706831">
        <ele>271.849270</ele>
        <time>2024-11-16T09:24:29.860Z</time>
      </trkpt>
      <trkpt lat="60.031086" lon="10.706762">
        <ele>272.721604</ele>
        <time>2024-11-16T09:24:52.638Z</time>
      </trkpt>
      <trkpt lat="60.031295" lon="10.706628">
        <ele>273.771145</ele>
        <time>2024-11-16T09:25:04.747Z</time>
      </trkpt>
      <trkpt lat="60.031511" lon="10.706420">
        <ele>275.079805</ele>
        <time>2024-11-16T09:25:18.244Z</time>
      </trkpt>
      <trkpt lat="60.031655" lon="10.706429">
        <ele>275.866398</ele>
        <time>2024-11-16T09:25:26.566Z</time>
      </trkpt>
      <trkpt lat="60.031785" lon="10.706568">
        <ele>276.671065</ele>
        <time>2024-11-16T09:25:35.245Z</time>
      </trkpt>
      <trkpt lat="60.031844" lon="10.706701">
        <ele>277.156181</ele>
        <time>2024-11-16T09:25:40.502Z</time>
      </trkpt>
      <trkpt lat="60.031969" lon="10.707152">
        <ele>278.562829</ele>
        <time>2024-11-16T09:25:55.949Z</time>
      </trkpt>
      <trkpt lat="60.032035" lon="10.707270">
        <ele>279.045960</ele>
        <time>2024-11-16T09:26:01.280Z</time>
      </trkpt>
      <trkpt lat="60.032201" lon="10.707399">
        <ele>280.018174</ele>
        <time>2024-11-16T09:26:12.125Z</time>
      </trkpt>
      <trkpt lat="60.032336" lon="10.707419">
        <ele>280.757262</ele>
        <time>2024-11-16T09:26:20.546Z</time>
      </trkpt>
      <trkpt lat="60.032547" lon="10.707321">
        <ele>281.939875</ele>
        <time>2024-11-16T09:26:34.283Z</time>
      </trkpt>
      <trkpt lat="60.033004" lon="10.706842">
        <ele>285.702510</ele>
        <time>2024-11-16T09:27:07.237Z</time>
      </trkpt>
      <trkpt lat="60.033286" lon="10.706668">
        <ele>288.028456</ele>
        <time>2024-11-16T09:27:26.086Z</time>
      </trkpt>
      <trkpt lat="60.033476" lon="10.706656">
        <ele>289.526813</ele>
        <time>2024-11-16T09:27:38.709Z</time>
      </trkpt>
      <trkpt lat="60.033689" lon="10.706870">
        <ele>291.405264</ele>
        <time>2024-11-16T09:27:55.046Z</time>
      </trkpt>
      <trkpt lat="60.033792" lon="10.706891">
        <ele>292.221327</ele>
        <time>2024-11-16T09:28:02.398Z</time>
      </trkpt>
      <trkpt lat="60.033911" lon="10.706842">
        <ele>293.178938</ele>
        <time>2024-11-16T09:28:11.140Z</time>
      </trkpt>
      <trkpt lat="60.034313" lon="10.706497">
        <ele>296.626420</ele>
        <time>2024-11-16T09:28:43.780Z</time>
      </trkpt>
      <trkpt lat="60.034485" lon="10.706393">
        <ele>298.196642</ele>
        <time>2024-11-16T09:28:57.757Z</time>
      </trkpt>
      <trkpt lat="60.034583" lon="10.706407">
        <ele>299.067098</ele>
        <time>2024-11-16T09:29:05.403Z</time>
      </trkpt>
      <trkpt lat="60.034840" lon="10.706614">
        <ele>301.521387</ele>
        <time>2024-11-16T09:29:26.737Z</time>
      </trkpt>
      <trkpt lat="60.034999" lon="10.706594">
        <ele>302.932854</ele>
        <time>2024-11-16T09:29:38.586Z</time>
      </trkpt>
      <trkpt lat="60.035113" lon="10.706444">
        <ele>304.141449</ele>
        <time>2024-11-16T09:29:48.711Z</time>
      </trkpt>
      <trkpt lat="60.035329" lon="10.705927">
        <ele>307.124098</ele>
        <time>2024-11-16T09:30:13.632Z</time>
      </trkpt>
      <trkpt lat="60.035426" lon="10.705790">
        <ele>308.175800</ele>
        <time>2024-11-16T09:30:22.265Z</time>
      </trkpt>
      <trkpt lat="60.035479" lon="10.705767">
        <ele>308.656267</ele>
        <time>2024-11-16T09:30:26.107Z</time>
      </trkpt>
      <trkpt lat="60.035584" lon="10.705786">
        <ele>309.590325</ele>
        <time>2024-11-16T09:30:33.607Z</time>
      </trkpt>
      <trkpt lat="60.035718" lon="10.705914">
        <ele>310.905717</ele>
        <time>2024-11-16T09:30:43.956Z</time>
      </trkpt>
      <trkpt lat="60.035890" lon="10.706283">
        <ele>313.001349</ele>
        <time>2024-11-16T09:31:01.030Z</time>
      </trkpt>
      <trkpt lat="60.036033" lon="10.706528">
        <ele>314.098521</ele>
        <time>2024-11-16T09:31:13.418Z</time>
      </trkpt>
      <trkpt lat="60.036141" lon="10.706633">
        <ele>314.798411</ele>
        <time>2024-11-16T09:31:21.155Z</time>
      </trkpt>
      <trkpt lat="60.036713" lon="10.707006">
        <ele>318.305302</ele>
        <time>2024-11-16T09:31:58.359Z</time>
      </trkpt>
      <trkpt lat="60.037119" lon="10.707211">
        <ele>320.746193</ele>
        <time>2024-11-16T09:32:23.069Z</time>
      </trkpt>
      <trkpt lat="60.037948" lon="10.707561">
        <ele>324.459786</ele>
        <time>2024-11-16T09:33:08.568Z</time>
      </trkpt>
      <trkpt lat="60.038326" lon="10.707662">
        <ele>325.577190</ele>
        <time>2024-11-16T09:33:27.885Z</time>
      </trkpt>
      <trkpt lat="60.038528" lon="10.707631">
        <ele>326.170810</ele>
        <time>2024-11-16T09:33:37.854Z</time>
      </trkpt>
      <trkpt lat="60.038767" lon="10.707510">
        <ele>326.893148</ele>
        <time>2024-11-16T09:33:49.563Z</time>
      </trkpt>
      <trkpt lat="60.039279" lon="10.707368">
        <ele>328.407692</ele>
        <time>2024-11-16T09:34:12.714Z</time>
      </trkpt>
      <trkpt lat="60.039477" lon="10.707272">
        <ele>328.857857</ele>
        <time>2024-11-16T09:34:21.441Z</time>
      </trkpt>
      <trkpt lat="60.039620" lon="10.707124">
        <ele>329.194566</ele>
        <time>2024-11-16T09:34:28.232Z</time>
      </trkpt>
      <trkpt lat="60.039779" lon="10.706568">
        <ele>329.863850</ele>
        <time>2024-11-16T09:34:41.430Z</time>
      </trkpt>
      <trkpt lat="60.039935" lon="10.706164">
        <ele>330.397309</ele>
        <time>2024-11-16T09:34:52.216Z</time>
      </trkpt>
      <trkpt lat="60.040412" lon="10.705176">
        <ele>331.832805</ele>
        <time>2024-11-16T09:35:24.823Z</time>
      </trkpt>
      <trkpt lat="60.040703" lon="10.704676">
        <ele>331.965996</ele>
        <time>2024-11-16T09:35:45.773Z</time>
      </trkpt>
      <trkpt lat="60.041026" lon="10.704216">
        <ele>331.339219</ele>
        <time>2024-11-16T09:36:02.918Z</time>
      </trkpt>
      <trkpt lat="60.041255" lon="10.703972">
        <ele>330.929018</ele>
        <time>2024-11-16T09:36:12.030Z</time>
      </trkpt>
      <trkpt lat="60.041474" lon="10.703868">
        <ele>330.573098</ele>
        <time>2024-11-16T09:36:19.160Z</time>
      </trkpt>
      <trkpt lat="60.041698" lon="10.703860">
        <ele>330.218820</ele>
        <time>2024-11-16T09:36:25.854Z</time>
      </trkpt>
      <trkpt lat="60.041735" lon="10.704053">
        <ele>330.055567</ele>
        <time>2024-11-16T09:36:28.781Z</time>
      </trkpt>
      <trkpt lat="60.041869" lon="10.704280">
        <ele>329.778016</ele>
        <time>2024-11-16T09:36:33.701Z</time>
      </trkpt>
      <trkpt lat="60.041908" lon="10.704345">
        <ele>329.697778</ele>
        <time>2024-11-16T09:36:35.094Z</time>
      </trkpt>
      <trkpt lat="60.041959" lon="10.704567">
        <ele>329.504810</ele>
        <time>2024-11-16T09:36:38.405Z</time>
      </trkpt>
      <trkpt lat="60.041977" lon="10.704901">
        <ele>328.693183</ele>
        <time>2024-11-16T09:36:42.839Z</time>
      </trkpt>
      <trkpt lat="60.041924" lon="10.705483">
        <ele>326.725954</ele>
        <time>2024-11-16T09:36:50.347Z</time>
      </trkpt>
      <trkpt lat="60.041928" lon="10.705657">
        <ele>326.146742</ele>
        <time>2024-11-16T09:36:52.489Z</time>
      </trkpt>
      <trkpt lat="60.041996" lon="10.705999">
        <ele>324.922665</ele>
        <time>2024-11-16T09:36:57.035Z</time>
      </trkpt>
      <trkpt lat="60.042218" lon="10.706685">
        <ele>322.204408</ele>
        <time>2024-11-16T09:37:07.495Z</time>
      </trkpt>
      <trkpt lat="60.042364" lon="10.707309">
        <ele>319.912983</ele>
        <time>2024-11-16T09:37:16.587Z</time>
      </trkpt>
      <trkpt lat="60.042381" lon="10.707640">
        <ele>318.806523</ele>
        <time>2024-11-16T09:37:21.064Z</time>
      </trkpt>
      <trkpt lat="60.042335" lon="10.708001">
        <ele>317.567647</ele>
        <time>2024-11-16T09:37:26.135Z</time>
      </trkpt>
      <trkpt lat="60.042333" lon="10.708175">
        <ele>317.155898</ele>
        <time>2024-11-16T09:37:28.497Z</time>
      </trkpt>
      <trkpt lat="60.042517" lon="10.709245">
        <ele>314.809446</ele>
        <time>2024-11-16T09:37:43.999Z</time>
      </trkpt>
      <trkpt lat="60.042815" lon="10.711012">
        <ele>310.942389</ele>
        <time>2024-11-16T09:38:10.426Z</time>
      </trkpt>
      <trkpt lat="60.042835" lon="10.711346">
        <ele>310.244906</ele>
        <time>2024-11-16T09:38:15.497Z</time>
      </trkpt>
      <trkpt lat="60.042823" lon="10.711822">
        <ele>309.767349</ele>
        <time>2024-11-16T09:38:22.885Z</time>
      </trkpt>
      <trkpt lat="60.042846" lon="10.711929">
        <ele>309.700158</ele>
        <time>2024-11-16T09:38:24.735Z</time>
      </trkpt>
      <trkpt lat="60.042971" lon="10.712272">
        <ele>309.455234</ele>
        <time>2024-11-16T09:38:31.538Z</time>
      </trkpt>
      <trkpt lat="60.043179" lon="10.712664">
        <ele>309.125318</ele>
        <time>2024-11-16T09:38:41.058Z</time>
      </trkpt>
      <trkpt lat="60.043520" lon="10.713034">
        <ele>308.677337</ele>
        <time>2024-11-16T09:38:54.614Z</time>
      </trkpt>
      <trkpt lat="60.043860" lon="10.713129">
        <ele>308.280805</ele>
        <time>2024-11-16T09:39:06.739Z</time>
      </trkpt>
      <trkpt lat="60.044449" lon="10.713066">
        <ele>307.753287</ele>
        <time>2024-11-16T09:39:27.967Z</time>
      </trkpt>
      <trkpt lat="60.044573" lon="10.713155">
        <ele>307.682646</ele>
        <time>2024-11-16T09:39:32.578Z</time>
      </trkpt>
      <trkpt lat="60.044687" lon="10.713368">
        <ele>307.599034</ele>
        <time>2024-11-16T09:39:37.992Z</time>
      </trkpt>
      <trkpt lat="60.044719" lon="10.713559">
        <ele>307.545086</ele>
        <time>2024-11-16T09:39:41.451Z</time>
      </trkpt>
      <trkpt lat="60.044711" lon="10.713767">
        <ele>307.489223</ele>
        <time>2024-11-16T09:39:45.050Z</time>
      </trkpt>
      <trkpt lat="60.044616" lon="10.714038">
        <ele>307.400556</ele>
        <time>2024-11-16T09:39:50.724Z</time>
      </trkpt>
      <trkpt lat="60.044242" lon="10.714845">
        <ele>307.105720</ele>
        <time>2024-11-16T09:40:09.500Z</time>
      </trkpt>
      <trkpt lat="60.044147" lon="10.715029">
        <ele>307.034845</ele>
        <time>2024-11-16T09:40:14.127Z</time>
      </trkpt>
      <trkpt lat="60.044125" lon="10.715154">
        <ele>306.999353</ele>
        <time>2024-11-16T09:40:16.517Z</time>
      </trkpt>
      <trkpt lat="60.044131" lon="10.715365">
        <ele>306.942759</ele>
        <time>2024-11-16T09:40:20.319Z</time>
      </trkpt>
      <trkpt lat="60.044175" lon="10.715504">
        <ele>306.935243</ele>
        <time>2024-11-16T09:40:23.316Z</time>
      </trkpt>
      <trkpt lat="60.044272" lon="10.715627">
        <ele>306.970269</ele>
        <time>2024-11-16T09:40:27.530Z</time>
      </trkpt>
      <trkpt lat="60.044500" lon="10.715814">
        <ele>307.045435</ele>
        <time>2024-11-16T09:40:36.821Z</time>
      </trkpt>
      <trkpt lat="60.045124" lon="10.716665">
        <ele>307.275755</ele>
        <time>2024-11-16T09:41:05.129Z</time>
      </trkpt>
      <trkpt lat="60.045257" lon="10.717064">
        <ele>307.348835</ele>
        <time>2024-11-16T09:41:14.709Z</time>
      </trkpt>
      <trkpt lat="60.045330" lon="10.717455">
        <ele>307.412425</ele>
        <time>2024-11-16T09:41:23.135Z</time>
      </trkpt>
      <trkpt lat="60.045412" lon="10.718454">
        <ele>308.101268</ele>
        <time>2024-11-16T09:41:43.880Z</time>
      </trkpt>
      <trkpt lat="60.045472" lon="10.718893">
        <ele>308.557025</ele>
        <time>2024-11-16T09:41:53.301Z</time>
      </trkpt>
      <trkpt lat="60.045616" lon="10.719415">
        <ele>309.154190</ele>
        <time>2024-11-16T09:42:05.601Z</time>
      </trkpt>
      <trkpt lat="60.045985" lon="10.720199">
        <ele>310.233027</ele>
        <time>2024-11-16T09:42:31.533Z</time>
      </trkpt>
      <trkpt lat="60.046084" lon="10.720704">
        <ele>310.776271</ele>
        <time>2024-11-16T09:42:45.413Z</time>
      </trkpt>
      <trkpt lat="60.046083" lon="10.720963">
        <ele>311.035620</ele>
        <time>2024-11-16T09:42:51.836Z</time>
      </trkpt>
      <trkpt lat="60.046129" lon="10.721467">
        <ele>311.202033</ele>
        <time>2024-11-16T09:43:04.189Z</time>
      </trkpt>
      <trkpt lat="60.046224" lon="10.721784">
        <ele>311.299728</ele>
        <time>2024-11-16T09:43:12.813Z</time>
      </trkpt>
      <trkpt lat="60.046401" lon="10.722035">
        <ele>311.414504</ele>
        <time>2024-11-16T09:43:22.832Z</time>
      </trkpt>
      <trkpt lat="60.046649" lon="10.722124">
        <ele>311.547843</ele>
        <time>2024-11-16T09:43:34.074Z</time>
      </trkpt>
      <trkpt lat="60.047645" lon="10.721831">
        <ele>311.725380</ele>
        <time>2024-11-16T09:44:08.625Z</time>
      </trkpt>
      <trkpt lat="60.048519" lon="10.721562">
        <ele>308.930485</ele>
        <time>2024-11-16T09:44:34.046Z</time>
      </trkpt>
      <trkpt lat="60.048806" lon="10.721394">
        <ele>307.985412</ele>
        <time>2024-11-16T09:44:42.582Z</time>
      </trkpt>
      <trkpt lat="60.048916" lon="10.721334">
        <ele>307.625071</ele>
        <time>2024-11-16T09:44:45.887Z</time>
      </trkpt>
      <trkpt lat="60.049144" lon="10.721259">
        <ele>306.894773</ele>
        <time>2024-11-16T09:44:52.703Z</time>
      </trkpt>
      <trkpt lat="60.049548" lon="10.721305">
        <ele>305.923637</ele>
        <time>2024-11-16T09:45:04.680Z</time>
      </trkpt>
      <trkpt lat="60.049925" lon="10.721269">
        <ele>305.234562</ele>
        <time>2024-11-16T09:45:16.022Z</time>
      </trkpt>
      <trkpt lat="60.050210" lon="10.721324">
        <ele>304.711824</ele>
        <time>2024-11-16T09:45:24.732Z</time>
      </trkpt>
      <trkpt lat="60.050601" lon="10.721621">
        <ele>303.948366</ele>
        <time>2024-11-16T09:45:37.939Z</time>
      </trkpt>
      <trkpt lat="60.050810" lon="10.721715">
        <ele>303.557292</ele>
        <time>2024-11-16T09:45:45.186Z</time>
      </trkpt>
      <trkpt lat="60.051047" lon="10.721735">
        <ele>303.124215</ele>
        <time>2024-11-16T09:45:53.372Z</time>
      </trkpt>
      <trkpt lat="60.051534" lon="10.721600">
        <ele>303.947539</ele>
        <time>2024-11-16T09:46:13.538Z</time>
      </trkpt>
      <trkpt lat="60.051785" lon="10.721626">
        <ele>304.435264</ele>
        <time>2024-11-16T09:46:25.356Z</time>
      </trkpt>
      <trkpt lat="60.052087" lon="10.721801">
        <ele>305.045333</ele>
        <time>2024-11-16T09:46:40.821Z</time>
      </trkpt>
      <trkpt lat="60.052464" lon="10.722090">
        <ele>305.828654</ele>
        <time>2024-11-16T09:47:01.410Z</time>
      </trkpt>
      <trkpt lat="60.054355" lon="10.723591">
        <ele>309.110221</ele>
        <time>2024-11-16T09:48:31.683Z</time>
      </trkpt>
      <trkpt lat="60.054534" lon="10.723629">
        <ele>309.361267</ele>
        <time>2024-11-16T09:48:38.229Z</time>
      </trkpt>
      <trkpt lat="60.054963" lon="10.723422">
        <ele>309.772791</ele>
        <time>2024-11-16T09:48:53.867Z</time>
      </trkpt>
      <trkpt lat="60.055065" lon="10.723571">
        <ele>309.890519</ele>
        <time>2024-11-16T09:48:58.362Z</time>
      </trkpt>
      <trkpt lat="60.055135" lon="10.723714">
        <ele>309.983756</ele>
        <time>2024-11-16T09:49:01.981Z</time>
      </trkpt>
      <trkpt lat="60.055179" lon="10.723796">
        <ele>310.039800</ele>
        <time>2024-11-16T09:49:04.239Z</time>
      </trkpt>
      <trkpt lat="60.055690" lon="10.724755">
        <ele>310.692796</ele>
        <time>2024-11-16T09:49:33.252Z</time>
      </trkpt>
      <trkpt lat="60.055870" lon="10.724996">
        <ele>310.894700</ele>
        <time>2024-11-16T09:49:43.316Z</time>
      </trkpt>
      <trkpt lat="60.056123" lon="10.725217">
        <ele>311.054017</ele>
        <time>2024-11-16T09:49:56.398Z</time>
      </trkpt>
      <trkpt lat="60.056674" lon="10.725559">
        <ele>311.248444</ele>
        <time>2024-11-16T09:50:21.615Z</time>
      </trkpt>
      <trkpt lat="60.056721" lon="10.725941">
        <ele>311.314635</ele>
        <time>2024-11-16T09:50:29.584Z</time>
      </trkpt>
      <trkpt lat="60.056690" lon="10.726161">
        <ele>311.353094</ele>
        <time>2024-11-16T09:50:34.008Z</time>
      </trkpt>
      <trkpt lat="60.056324" lon="10.727103">
        <ele>311.553930</ele>
        <time>2024-11-16T09:50:54.928Z</time>
      </trkpt>
      <trkpt lat="60.056141" lon="10.727755">
        <ele>311.629238</ele>
        <time>2024-11-16T09:51:06.576Z</time>
      </trkpt>
      <trkpt lat="60.056058" lon="10.728162">
        <ele>311.653381</ele>
        <time>2024-11-16T09:51:13.120Z</time>
      </trkpt>
      <trkpt lat="60.056007" lon="10.728813">
        <ele>311.689567</ele>
        <time>2024-11-16T09:51:23.423Z</time>
      </trkpt>
      <trkpt lat="60.056011" lon="10.729467">
        <ele>311.725483</ele>
        <time>2024-11-16T09:51:34.755Z</time>
      </trkpt>
      <trkpt lat="60.056110" lon="10.730347">
        <ele>311.775019</ele>
        <time>2024-11-16T09:51:53.624Z</time>
      </trkpt>
      <trkpt lat="60.056229" lon="10.730857">
        <ele>311.935389</ele>
        <time>2024-11-16T09:52:07.443Z</time>
      </trkpt>
      <trkpt lat="60.056296" lon="10.731050">
        <ele>312.453261</ele>
        <time>2024-11-16T09:52:13.622Z</time>
      </trkpt>
      <trkpt lat="60.056443" lon="10.731417">
        <ele>313.489835</ele>
        <time>2024-11-16T09:52:26.678Z</time>
      </trkpt>
      <trkpt lat="60.056672" lon="10.731830">
        <ele>314.849654</ele>
        <time>2024-11-16T09:52:45.273Z</time>
      </trkpt>
      <trkpt lat="60.056839" lon="10.732069">
        <ele>315.755403</ele>
        <time>2024-11-16T09:52:58.076Z</time>
      </trkpt>
      <trkpt lat="60.057055" lon="10.732286">
        <ele>316.821810</ele>
        <time>2024-11-16T09:53:12.684Z</time>
      </trkpt>
      <trkpt lat="60.057559" lon="10.732580">
        <ele>319.138471</ele>
        <time>2024-11-16T09:53:41.974Z</time>
      </trkpt>
      <trkpt lat="60.057775" lon="10.732831">
        <ele>319.738580</ele>
        <time>2024-11-16T09:53:54.648Z</time>
      </trkpt>
      <trkpt lat="60.057825" lon="10.732964">
        <ele>319.737132</ele>
        <time>2024-11-16T09:53:58.660Z</time>
      </trkpt>
      <trkpt lat="60.057854" lon="10.733153">
        <ele>319.735412</ele>
        <time>2024-11-16T09:54:03.206Z</time>
      </trkpt>
      <trkpt lat="60.057801" lon="10.733985">
        <ele>319.728117</ele>
        <time>2024-11-16T09:54:21.053Z</time>
      </trkpt>
      <trkpt lat="60.057873" lon="10.734257">
        <ele>319.725439</ele>
        <time>2024-11-16T09:54:26.556Z</time>
      </trkpt>
      <trkpt lat="60.057989" lon="10.734471">
        <ele>319.722691</ele>
        <time>2024-11-16T09:54:31.681Z</time>
      </trkpt>
      <trkpt lat="60.058054" lon="10.734713">
        <ele>319.720300</ele>
        <time>2024-11-16T09:54:35.936Z</time>
      </trkpt>
      <trkpt lat="60.058054" lon="10.734806">
        <ele>319.719492</ele>
        <time>2024-11-16T09:54:37.352Z</time>
      </trkpt>
      <trkpt lat="60.057988" lon="10.735049">
        <ele>319.717085</ele>
        <time>2024-11-16T09:54:41.489Z</time>
      </trkpt>
      <trkpt lat="60.057879" lon="10.735354">
        <ele>319.713823</ele>
        <time>2024-11-16T09:54:47.101Z</time>
      </trkpt>
      <trkpt lat="60.057652" lon="10.735850">
        <ele>319.892985</ele>
        <time>2024-11-16T09:54:57.214Z</time>
      </trkpt>
      <trkpt lat="60.057418" lon="10.736234">
        <ele>320.673529</ele>
        <time>2024-11-16T09:55:07.342Z</time>
      </trkpt>
      <trkpt lat="60.057058" lon="10.736722">
        <ele>321.795178</ele>
        <time>2024-11-16T09:55:24.270Z</time>
      </trkpt>
      <trkpt lat="60.056812" lon="10.737207">
        <ele>322.685811</ele>
        <time>2024-11-16T09:55:40.227Z</time>
      </trkpt>
      <trkpt lat="60.056728" lon="10.737486">
        <ele>323.105488</ele>
        <time>2024-11-16T09:55:48.938Z</time>
      </trkpt>
      <trkpt lat="60.056694" lon="10.737775">
        <ele>323.487934</ele>
        <time>2024-11-16T09:55:57.502Z</time>
      </trkpt>
      <trkpt lat="60.056725" lon="10.738086">
        <ele>323.896425</ele>
        <time>2024-11-16T09:56:07.426Z</time>
      </trkpt>
      <trkpt lat="60.056858" lon="10.738445">
        <ele>324.741344</ele>
        <time>2024-11-16T09:56:22.439Z</time>
      </trkpt>
      <trkpt lat="60.057297" lon="10.739040">
        <ele>329.134259</ele>
        <time>2024-11-16T09:57:02.977Z</time>
      </trkpt>
      <trkpt lat="60.057775" lon="10.739607">
        <ele>333.738326</ele>
        <time>2024-11-16T09:57:46.153Z</time>
      </trkpt>
      <trkpt lat="60.058152" lon="10.740198">
        <ele>337.705796</ele>
        <time>2024-11-16T09:58:19.734Z</time>
      </trkpt>
      <trkpt lat="60.058324" lon="10.740549">
        <ele>339.505243</ele>
        <time>2024-11-16T09:58:35.153Z</time>
      </trkpt>
      <trkpt lat="60.058657" lon="10.741374">
        <ele>341.753047</ele>
        <time>2024-11-16T09:59:05.680Z</time>
      </trkpt>
      <trkpt lat="60.058800" lon="10.741871">
        <ele>342.968379</ele>
        <time>2024-11-16T09:59:21.071Z</time>
      </trkpt>
      <trkpt lat="60.058827" lon="10.742098">
        <ele>343.462750</ele>
        <time>2024-11-16T09:59:27.166Z</time>
      </trkpt>
      <trkpt lat="60.058829" lon="10.742393">
        <ele>344.087771</ele>
        <time>2024-11-16T09:59:34.660Z</time>
      </trkpt>
      <trkpt lat="60.058803" lon="10.742646">
        <ele>344.635000</ele>
        <time>2024-11-16T09:59:41.023Z</time>
      </trkpt>
      <trkpt lat="60.058606" lon="10.743496">
        <ele>346.620420</ele>
        <time>2024-11-16T10:00:03.546Z</time>
      </trkpt>
      <trkpt lat="60.058579" lon="10.743751">
        <ele>347.240297</ele>
        <time>2024-11-16T10:00:09.661Z</time>
      </trkpt>
      <trkpt lat="60.058596" lon="10.744116">
        <ele>348.204480</ele>
        <time>2024-11-16T10:00:18.120Z</time>
      </trkpt>
      <trkpt lat="60.058667" lon="10.744623">
        <ele>349.589470</ele>
        <time>2024-11-16T10:00:30.448Z</time>
      </trkpt>
      <trkpt lat="60.058653" lon="10.745072">
        <ele>350.772717</ele>
        <time>2024-11-16T10:00:41.548Z</time>
      </trkpt>
      <trkpt lat="60.058581" lon="10.745375">
        <ele>351.655368</ele>
        <time>2024-11-16T10:00:50.454Z</time>
      </trkpt>
      <trkpt lat="60.058342" lon="10.745899">
        <ele>353.522372</ele>
        <time>2024-11-16T10:01:11.056Z</time>
      </trkpt>
      <trkpt lat="60.058275" lon="10.746127">
        <ele>354.218273</ele>
        <time>2024-11-16T10:01:19.242Z</time>
      </trkpt>
      <trkpt lat="60.058250" lon="10.746331">
        <ele>354.770770</ele>
        <time>2024-11-16T10:01:26.008Z</time>
      </trkpt>
      <trkpt lat="60.058258" lon="10.746503">
        <ele>355.225124</ele>
        <time>2024-11-16T10:01:31.704Z</time>
      </trkpt>
      <trkpt lat="60.058307" lon="10.746731">
        <ele>355.878038</ele>
        <time>2024-11-16T10:01:40.091Z</time>
      </trkpt>
      <trkpt lat="60.058812" lon="10.748572">
        <ele>366.941979</ele>
        <time>2024-11-16T10:03:06.209Z</time>
      </trkpt>
      <trkpt lat="60.058894" lon="10.749043">
        <ele>369.697989</ele>
        <time>2024-11-16T10:03:29.324Z</time>
      </trkpt>
      <trkpt lat="60.058878" lon="10.749470">
        <ele>372.063771</ele>
        <time>2024-11-16T10:03:48.096Z</time>
      </trkpt>
      <trkpt lat="60.058712" lon="10.750363">
        <ele>376.994900</ele>
        <time>2024-11-16T10:04:27.484Z</time>
      </trkpt>
      <trkpt lat="60.058706" lon="10.750571">
        <ele>377.779280</ele>
        <time>2024-11-16T10:04:35.648Z</time>
      </trkpt>
      <trkpt lat="60.058769" lon="10.750865">
        <ele>378.983821</ele>
        <time>2024-11-16T10:04:47.841Z</time>
      </trkpt>
      <trkpt lat="60.058930" lon="10.751442">
        <ele>381.472502</ele>
        <time>2024-11-16T10:05:11.898Z</time>
      </trkpt>
      <trkpt lat="60.058901" lon="10.751757">
        <ele>382.678403</ele>
        <time>2024-11-16T10:05:23.018Z</time>
      </trkpt>
      <trkpt lat="60.058768" lon="10.752346">
        <ele>385.112224</ele>
        <time>2024-11-16T10:05:44.582Z</time>
      </trkpt>
      <trkpt lat="60.058727" lon="10.752639">
        <ele>386.257834</ele>
        <time>2024-11-16T10:05:54.283Z</time>
      </trkpt>
      <trkpt lat="60.058733" lon="10.752806">
        <ele>386.888177</ele>
        <time>2024-11-16T10:05:59.504Z</time>
      </trkpt>
      <trkpt lat="60.058772" lon="10.752997">
        <ele>387.665095</ele>
        <time>2024-11-16T10:06:05.487Z</time>
      </trkpt>
      <trkpt lat="60.058865" lon="10.753270">
        <ele>388.909452</ele>
        <time>2024-11-16T10:06:14.750Z</time>
      </trkpt>
      <trkpt lat="60.059357" lon="10.754262">
        <ele>390.185752</ele>
        <time>2024-11-16T10:06:49.543Z</time>
      </trkpt>
      <trkpt lat="60.059458" lon="10.754426">
        <ele>390.262272</ele>
        <time>2024-11-16T10:06:54.515Z</time>
      </trkpt>
      <trkpt lat="60.060080" lon="10.755152">
        <ele>390.685971</ele>
        <time>2024-11-16T10:07:18.278Z</time>
      </trkpt>
      <trkpt lat="60.060190" lon="10.755438">
        <ele>390.792041</ele>
        <time>2024-11-16T10:07:24.040Z</time>
      </trkpt>
      <trkpt lat="60.060265" lon="10.755825">
        <ele>390.937393</ele>
        <time>2024-11-16T10:07:30.546Z</time>
      </trkpt>
      <trkpt lat="60.060324" lon="10.756086">
        <ele>391.296698</ele>
        <time>2024-11-16T10:07:35.209Z</time>
      </trkpt>
      <trkpt lat="60.060445" lon="10.756318">
        <ele>391.717498</ele>
        <time>2024-11-16T10:07:40.897Z</time>
      </trkpt>
      <trkpt lat="60.061093" lon="10.756809">
        <ele>393.458201</ele>
        <time>2024-11-16T10:08:09.410Z</time>
      </trkpt>
      <trkpt lat="60.061247" lon="10.757033">
        <ele>393.936347</ele>
        <time>2024-11-16T10:08:19.500Z</time>
      </trkpt>
      <trkpt lat="60.061398" lon="10.757366">
        <ele>394.500542</ele>
        <time>2024-11-16T10:08:32.492Z</time>
      </trkpt>
      <trkpt lat="60.062180" lon="10.759148">
        <ele>400.607789</ele>
        <time>2024-11-16T10:09:47.813Z</time>
      </trkpt>
      <trkpt lat="60.062737" lon="10.760722">
        <ele>406.723591</ele>
        <time>2024-11-16T10:10:48.892Z</time>
      </trkpt>
      <trkpt lat="60.062952" lon="10.761507">
        <ele>408.384671</ele>
        <time>2024-11-16T10:11:15.522Z</time>
      </trkpt>
      <trkpt lat="60.063026" lon="10.762212">
        <ele>409.677121</ele>
        <time>2024-11-16T10:11:35.451Z</time>
      </trkpt>
      <trkpt lat="60.063015" lon="10.762874">
        <ele>410.865414</ele>
        <time>2024-11-16T10:11:52.517Z</time>
      </trkpt>
      <trkpt lat="60.062973" lon="10.763212">
        <ele>411.490304</ele>
        <time>2024-11-16T10:12:00.806Z</time>
      </trkpt>
      <trkpt lat="60.062685" lon="10.764756">
        <ele>413.595727</ele>
        <time>2024-11-16T10:12:35.652Z</time>
      </trkpt>
      <trkpt lat="60.062598" lon="10.764886">
        <ele>413.692350</ele>
        <time>2024-11-16T10:12:39.826Z</time>
      </trkpt>
      <trkpt lat="60.062452" lon="10.765009">
        <ele>413.833358</ele>
        <time>2024-11-16T10:12:45.773Z</time>
      </trkpt>
      <trkpt lat="60.061699" lon="10.765295">
        <ele>414.515705</ele>
        <time>2024-11-16T10:13:14.313Z</time>
      </trkpt>
      <trkpt lat="60.061002" lon="10.765544">
        <ele>415.860582</ele>
        <time>2024-11-16T10:13:43.920Z</time>
      </trkpt>
      <trkpt lat="60.059782" lon="10.765891">
        <ele>420.375963</ele>
        <time>2024-11-16T10:14:50.031Z</time>
      </trkpt>
      <trkpt lat="60.059660" lon="10.765967">
        <ele>420.844128</ele>
        <time>2024-11-16T10:14:57.561Z</time>
      </trkpt>
      <trkpt lat="60.059498" lon="10.766143">
        <ele>421.518788</ele>
        <time>2024-11-16T10:15:08.155Z</time>
      </trkpt>
      <trkpt lat="60.059329" lon="10.766483">
        <ele>422.349676</ele>
        <time>2024-11-16T10:15:21.859Z</time>
      </trkpt>
      <trkpt lat="60.059246" lon="10.766798">
        <ele>422.966463</ele>
        <time>2024-11-16T10:15:31.852Z</time>
      </trkpt>
      <trkpt lat="60.059213" lon="10.767050">
        <ele>423.417588</ele>
        <time>2024-11-16T10:15:39.043Z</time>
      </trkpt>
      <trkpt lat="60.059388" lon="10.769465">
        <ele>427.643164</ele>
        <time>2024-11-16T10:16:39.161Z</time>
      </trkpt>
      <trkpt lat="60.059600" lon="10.771815">
        <ele>430.247489</ele>
        <time>2024-11-16T10:17:31.574Z</time>
      </trkpt>
      <trkpt lat="60.059606" lon="10.772179">
        <ele>430.638605</ele>
        <time>2024-11-16T10:17:40.056Z</time>
      </trkpt>
      <trkpt lat="60.059596" lon="10.772513">
        <ele>430.997936</ele>
        <time>2024-11-16T10:17:47.905Z</time>
      </trkpt>
      <trkpt lat="60.059545" lon="10.772853">
        <ele>431.379199</ele>
        <time>2024-11-16T10:17:56.255Z</time>
      </trkpt>
      <trkpt lat="60.059446" lon="10.773106">
        <ele>431.733843</ele>
        <time>2024-11-16T10:18:03.801Z</time>
      </trkpt>
      <trkpt lat="60.059194" lon="10.773487">
        <ele>432.473022</ele>
        <time>2024-11-16T10:18:18.620Z</time>
      </trkpt>
      <trkpt lat="60.059106" lon="10.773732">
        <ele>432.825767</ele>
        <time>2024-11-16T10:18:25.731Z</time>
      </trkpt>
      <trkpt lat="60.059076" lon="10.773954">
        <ele>433.094541</ele>
        <time>2024-11-16T10:18:31.168Z</time>
      </trkpt>
      <trkpt lat="60.059082" lon="10.774280">
        <ele>433.475771</ele>
        <time>2024-11-16T10:18:38.977Z</time>
      </trkpt>
      <trkpt lat="60.059134" lon="10.774552">
        <ele>433.816156</ele>
        <time>2024-11-16T10:18:45.898Z</time>
      </trkpt>
      <trkpt lat="60.059247" lon="10.774805">
        <ele>434.212915</ele>
        <time>2024-11-16T10:18:53.849Z</time>
      </trkpt>
      <trkpt lat="60.059315" lon="10.774886">
        <ele>434.398145</ele>
        <time>2024-11-16T10:18:57.538Z</time>
      </trkpt>
      <trkpt lat="60.059664" lon="10.775030">
        <ele>435.232449</ele>
        <time>2024-11-16T10:19:13.994Z</time>
      </trkpt>
      <trkpt lat="60.059746" lon="10.775094">
        <ele>435.438498</ele>
        <time>2024-11-16T10:19:18.020Z</time>
      </trkpt>
      <trkpt lat="60.059873" lon="10.775294">
        <ele>435.816715</ele>
        <time>2024-11-16T10:19:25.277Z</time>
      </trkpt>
      <trkpt lat="60.060021" lon="10.775688">
        <ele>436.008332</ele>
        <time>2024-11-16T10:19:36.114Z</time>
      </trkpt>
      <trkpt lat="60.060063" lon="10.775932">
        <ele>436.104128</ele>
        <time>2024-11-16T10:19:41.752Z</time>
      </trkpt>
      <trkpt lat="60.060077" lon="10.776333">
        <ele>436.253324</ele>
        <time>2024-11-16T10:19:50.528Z</time>
      </trkpt>
      <trkpt lat="60.060034" lon="10.776641">
        <ele>436.372027</ele>
        <time>2024-11-16T10:19:57.433Z</time>
      </trkpt>
      <trkpt lat="60.059944" lon="10.776959">
        <ele>436.507710</ele>
        <time>2024-11-16T10:20:05.262Z</time>
      </trkpt>
      <trkpt lat="60.059048" lon="10.778911">
        <ele>435.705800</ele>
        <time>2024-11-16T10:20:53.803Z</time>
      </trkpt>
      <trkpt lat="60.058874" lon="10.779073">
        <ele>435.064638</ele>
        <time>2024-11-16T10:20:59.622Z</time>
      </trkpt>
      <trkpt lat="60.058642" lon="10.779166">
        <ele>434.274006</ele>
        <time>2024-11-16T10:21:06.571Z</time>
      </trkpt>
      <trkpt lat="60.058417" lon="10.779273">
        <ele>433.501242</ele>
        <time>2024-11-16T10:21:13.147Z</time>
      </trkpt>
      <trkpt lat="60.058320" lon="10.779361">
        <ele>433.145418</ele>
        <time>2024-11-16T10:21:16.091Z</time>
      </trkpt>
      <trkpt lat="60.058055" lon="10.779801">
        <ele>431.995308</ele>
        <time>2024-11-16T10:21:25.456Z</time>
      </trkpt>
      <trkpt lat="60.057675" lon="10.780184">
        <ele>430.346824</ele>
        <time>2024-11-16T10:21:36.795Z</time>
      </trkpt>
      <trkpt lat="60.057509" lon="10.780554">
        <ele>429.193662</ele>
        <time>2024-11-16T10:21:43.408Z</time>
      </trkpt>
      <trkpt lat="60.057455" lon="10.780788">
        <ele>428.596106</ele>
        <time>2024-11-16T10:21:46.854Z</time>
      </trkpt>
      <trkpt lat="60.057372" lon="10.781396">
        <ele>427.135055</ele>
        <time>2024-11-16T10:21:55.502Z</time>
      </trkpt>
      <trkpt lat="60.057271" lon="10.781629">
        <ele>426.419741</ele>
        <time>2024-11-16T10:21:59.832Z</time>
      </trkpt>
      <trkpt lat="60.057174" lon="10.781700">
        <ele>425.940162</ele>
        <time>2024-11-16T10:22:02.793Z</time>
      </trkpt>
      <trkpt lat="60.057021" lon="10.781709">
        <ele>425.229341</ele>
        <time>2024-11-16T10:22:07.204Z</time>
      </trkpt>
      <trkpt lat="60.056835" lon="10.781623">
        <ele>424.342873</ele>
        <time>2024-11-16T10:22:12.724Z</time>
      </trkpt>
      <trkpt lat="60.056563" lon="10.781607">
        <ele>423.079190</ele>
        <time>2024-11-16T10:22:20.701Z</time>
      </trkpt>
      <trkpt lat="60.055981" lon="10.782013">
        <ele>419.923048</ele>
        <time>2024-11-16T10:22:38.444Z</time>
      </trkpt>
      <trkpt lat="60.055857" lon="10.782201">
        <ele>419.118742</ele>
        <time>2024-11-16T10:22:42.781Z</time>
      </trkpt>
      <trkpt lat="60.055816" lon="10.782369">
        <ele>418.635946</ele>
        <time>2024-11-16T10:22:45.362Z</time>
      </trkpt>
      <trkpt lat="60.055817" lon="10.782633">
        <ele>417.954350</ele>
        <time>2024-11-16T10:22:48.954Z</time>
      </trkpt>
      <trkpt lat="60.055928" lon="10.783131">
        <ele>416.546293</ele>
        <time>2024-11-16T10:22:56.255Z</time>
      </trkpt>
      <trkpt lat="60.055949" lon="10.783439">
        <ele>415.743739</ele>
        <time>2024-11-16T10:23:00.364Z</time>
      </trkpt>
      <trkpt lat="60.055808" lon="10.784747">
        <ele>412.514786</ele>
        <time>2024-11-16T10:23:17.742Z</time>
      </trkpt>
      <trkpt lat="60.055784" lon="10.785367">
        <ele>411.208454</ele>
        <time>2024-11-16T10:23:25.957Z</time>
      </trkpt>
      <trkpt lat="60.055780" lon="10.786661">
        <ele>408.490121</ele>
        <time>2024-11-16T10:23:44.349Z</time>
      </trkpt>
      <trkpt lat="60.055779" lon="10.786730">
        <ele>408.345113</ele>
        <time>2024-11-16T10:23:45.367Z</time>
      </trkpt>
      <trkpt lat="60.055753" lon="10.787346">
        <ele>407.046475</ele>
        <time>2024-11-16T10:23:54.959Z</time>
      </trkpt>
      <trkpt lat="60.055707" lon="10.787596">
        <ele>406.486760</ele>
        <time>2024-11-16T10:23:59.186Z</time>
      </trkpt>
      <trkpt lat="60.055633" lon="10.787788">
        <ele>405.977188</ele>
        <time>2024-11-16T10:24:03.033Z</time>
      </trkpt>
      <trkpt lat="60.055541" lon="10.787911">
        <ele>405.518209</ele>
        <time>2024-11-16T10:24:06.540Z</time>
      </trkpt>
      <trkpt lat="60.055423" lon="10.787994">
        <ele>405.000044</ele>
        <time>2024-11-16T10:24:10.453Z</time>
      </trkpt>
      <trkpt lat="60.054942" lon="10.788151">
        <ele>402.980853</ele>
        <time>2024-11-16T10:24:25.405Z</time>
      </trkpt>
      <trkpt lat="60.054717" lon="10.788332">
        <ele>401.976265</ele>
        <time>2024-11-16T10:24:32.494Z</time>
      </trkpt>
      <trkpt lat="60.054550" lon="10.788595">
        <ele>401.096134</ele>
        <time>2024-11-16T10:24:38.421Z</time>
      </trkpt>
      <trkpt lat="60.053945" lon="10.789788">
        <ele>397.168343</ele>
        <time>2024-11-16T10:25:00.895Z</time>
      </trkpt>
      <trkpt lat="60.053303" lon="10.791631">
        <ele>390.400674</ele>
        <time>2024-11-16T10:25:30.347Z</time>
      </trkpt>
      <trkpt lat="60.052933" lon="10.792801">
        <ele>386.179520</ele>
        <time>2024-11-16T10:25:49.387Z</time>
      </trkpt>
      <trkpt lat="60.052881" lon="10.793099">
        <ele>385.194684</ele>
        <time>2024-11-16T10:25:53.754Z</time>
      </trkpt>
      <trkpt lat="60.052835" lon="10.793930">
        <ele>382.586306</ele>
        <time>2024-11-16T10:26:05.165Z</time>
      </trkpt>
      <trkpt lat="60.052760" lon="10.794440">
        <ele>380.927645</ele>
        <time>2024-11-16T10:26:12.288Z</time>
      </trkpt>
      <trkpt lat="60.052637" lon="10.794808">
        <ele>379.546009</ele>
        <time>2024-11-16T10:26:18.150Z</time>
      </trkpt>
      <trkpt lat="60.052407" lon="10.795234">
        <ele>377.588381</ele>
        <time>2024-11-16T10:26:26.295Z</time>
      </trkpt>
      <trkpt lat="60.051774" lon="10.796132">
        <ele>370.843847</ele>
        <time>2024-11-16T10:26:45.665Z</time>
      </trkpt>
      <trkpt lat="60.051549" lon="10.796536">
        <ele>367.973306</ele>
        <time>2024-11-16T10:26:53.023Z</time>
      </trkpt>
      <trkpt lat="60.051512" lon="10.796720">
        <ele>367.032533</ele>
        <time>2024-11-16T10:26:55.428Z</time>
      </trkpt>
      <trkpt lat="60.051490" lon="10.797275">
        <ele>364.392097</ele>
        <time>2024-11-16T10:27:02.209Z</time>
      </trkpt>
      <trkpt lat="60.051456" lon="10.797481">
        <ele>363.363109</ele>
        <time>2024-11-16T10:27:04.849Z</time>
      </trkpt>
      <trkpt lat="60.051174" lon="10.798158">
        <ele>359.248866</ele>
        <time>2024-11-16T10:27:15.566Z</time>
      </trkpt>
      <trkpt lat="60.050970" lon="10.798863">
        <ele>357.563432</ele>
        <time>2024-11-16T10:27:25.553Z</time>
      </trkpt>
      <trkpt lat="60.050467" lon="10.800088">
        <ele>354.282730</ele>
        <time>2024-11-16T10:27:47.566Z</time>
      </trkpt>
      <trkpt lat="60.050351" lon="10.800385">
        <ele>353.502755</ele>
        <time>2024-11-16T10:27:53.966Z</time>
      </trkpt>
      <trkpt lat="60.050270" lon="10.800769">
        <ele>352.640498</ele>
        <time>2024-11-16T10:28:02.007Z</time>
      </trkpt>
      <trkpt lat="60.050255" lon="10.802019">
        <ele>351.840239</ele>
        <time>2024-11-16T10:28:30.798Z</time>
      </trkpt>
      <trkpt lat="60.050071" lon="10.803330">
        <ele>351.826497</ele>
        <time>2024-11-16T10:29:02.836Z</time>
      </trkpt>
      <trkpt lat="60.050043" lon="10.803734">
        <ele>351.822381</ele>
        <time>2024-11-16T10:29:10.290Z</time>
      </trkpt>
      <trkpt lat="60.050141" lon="10.805691">
        <ele>349.136463</ele>
        <time>2024-11-16T10:29:38.375Z</time>
      </trkpt>
      <trkpt lat="60.050156" lon="10.806390">
        <ele>347.266829</ele>
        <time>2024-11-16T10:29:47.512Z</time>
      </trkpt>
      <trkpt lat="60.050142" lon="10.806705">
        <ele>346.421739</ele>
        <time>2024-11-16T10:29:51.648Z</time>
      </trkpt>
      <trkpt lat="60.050125" lon="10.806838">
        <ele>346.054865</ele>
        <time>2024-11-16T10:29:53.428Z</time>
      </trkpt>
      <trkpt lat="60.049970" lon="10.807396">
        <ele>344.348469</ele>
        <time>2024-11-16T10:30:01.800Z</time>
      </trkpt>
      <trkpt lat="60.049739" lon="10.808138">
        <ele>342.037416</ele>
        <time>2024-11-16T10:30:13.464Z</time>
      </trkpt>
      <trkpt lat="60.049482" lon="10.808828">
        <ele>340.077897</ele>
        <time>2024-11-16T10:30:25.423Z</time>
      </trkpt>
      <trkpt lat="60.049438" lon="10.809097">
        <ele>339.433567</ele>
        <time>2024-11-16T10:30:29.477Z</time>
      </trkpt>
      <trkpt lat="60.049429" lon="10.809425">
        <ele>338.685837</ele>
        <time>2024-11-16T10:30:34.216Z</time>
      </trkpt>
      <trkpt lat="60.049467" lon="10.809685">
        <ele>338.069179</ele>
        <time>2024-11-16T10:30:38.120Z</time>
      </trkpt>
      <trkpt lat="60.049581" lon="10.809973">
        <ele>337.232580</ele>
        <time>2024-11-16T10:30:43.444Z</time>
      </trkpt>
      <trkpt lat="60.049736" lon="10.810194">
        <ele>336.365136</ele>
        <time>2024-11-16T10:30:48.931Z</time>
      </trkpt>
      <trkpt lat="60.049908" lon="10.810429">
        <ele>335.415878</ele>
        <time>2024-11-16T10:30:54.862Z</time>
      </trkpt>
      <trkpt lat="60.050012" lon="10.810633">
        <ele>334.752217</ele>
        <time>2024-11-16T10:30:58.969Z</time>
      </trkpt>
      <trkpt lat="60.050092" lon="10.810871">
        <ele>334.099138</ele>
        <time>2024-11-16T10:31:02.934Z</time>
      </trkpt>
      <trkpt lat="60.050180" lon="10.811405">
        <ele>332.182834</ele>
        <time>2024-11-16T10:31:10.589Z</time>
      </trkpt>
      <trkpt lat="60.050162" lon="10.811858">
        <ele>330.583738</ele>
        <time>2024-11-16T10:31:16.553Z</time>
      </trkpt>
      <trkpt lat="60.050142" lon="10.812029">
        <ele>329.965717</ele>
        <time>2024-11-16T10:31:18.803Z</time>
      </trkpt>
      <trkpt lat="60.050037" lon="10.812395">
        <ele>328.480303</ele>
        <time>2024-11-16T10:31:24.183Z</time>
      </trkpt>
      <trkpt lat="60.049536" lon="10.813334">
        <ele>323.644176</ele>
        <time>2024-11-16T10:31:41.502Z</time>
      </trkpt>
      <trkpt lat="60.049432" lon="10.813609">
        <ele>322.430168</ele>
        <time>2024-11-16T10:31:45.856Z</time>
      </trkpt>
      <trkpt lat="60.049379" lon="10.813850">
        <ele>321.503466</ele>
        <time>2024-11-16T10:31:49.194Z</time>
      </trkpt>
      <trkpt lat="60.049224" lon="10.814493">
        <ele>320.642405</ele>
        <time>2024-11-16T10:31:58.438Z</time>
      </trkpt>
      <trkpt lat="60.049072" lon="10.814826">
        <ele>320.186825</ele>
        <time>2024-11-16T10:32:04.546Z</time>
      </trkpt>
      <trkpt lat="60.048941" lon="10.815112">
        <ele>319.794925</ele>
        <time>2024-11-16T10:32:09.938Z</time>
      </trkpt>
      <trkpt lat="60.048922" lon="10.815304">
        <ele>319.597288</ele>
        <time>2024-11-16T10:32:12.816Z</time>
      </trkpt>
      <trkpt lat="60.048930" lon="10.815572">
        <ele>319.326201</ele>
        <time>2024-11-16T10:32:16.964Z</time>
      </trkpt>
      <trkpt lat="60.048939" lon="10.815733">
        <ele>319.162621</ele>
        <time>2024-11-16T10:32:19.579Z</time>
      </trkpt>
      <trkpt lat="60.049027" lon="10.816172">
        <ele>318.684961</ele>
        <time>2024-11-16T10:32:28.153Z</time>
      </trkpt>
      <trkpt lat="60.049140" lon="10.816338">
        <ele>318.401550</ele>
        <time>2024-11-16T10:32:33.916Z</time>
      </trkpt>
      <trkpt lat="60.049303" lon="10.816467">
        <ele>318.047095</ele>
        <time>2024-11-16T10:32:41.834Z</time>
      </trkpt>
      <trkpt lat="60.049379" lon="10.816640">
        <ele>317.814420</ele>
        <time>2024-11-16T10:32:47.499Z</time>
      </trkpt>
      <trkpt lat="60.049581" lon="10.816784">
        <ele>318.641769</ele>
        <time>2024-11-16T10:32:59.145Z</time>
      </trkpt>
      <trkpt lat="60.049983" lon="10.816836">
        <ele>321.387066</ele>
        <time>2024-11-16T10:33:23.865Z</time>
      </trkpt>
      <trkpt lat="60.050238" lon="10.816836">
        <ele>323.124865</ele>
        <time>2024-11-16T10:33:40.841Z</time>
      </trkpt>
      <trkpt lat="60.050833" lon="10.816656">
        <ele>327.225715</ele>
        <time>2024-11-16T10:34:22.020Z</time>
      </trkpt>
      <trkpt lat="60.051941" lon="10.816820">
        <ele>336.032578</ele>
        <time>2024-11-16T10:35:41.383Z</time>
      </trkpt>
      <trkpt lat="60.052207" lon="10.816815">
        <ele>338.305257</ele>
        <time>2024-11-16T10:35:56.849Z</time>
      </trkpt>
      <trkpt lat="60.052656" lon="10.816594">
        <ele>342.255406</ele>
        <time>2024-11-16T10:36:23.941Z</time>
      </trkpt>
      <trkpt lat="60.052781" lon="10.816572">
        <ele>343.327461</ele>
        <time>2024-11-16T10:36:31.430Z</time>
      </trkpt>
      <trkpt lat="60.053758" lon="10.816540">
        <ele>351.883308</ele>
        <time>2024-11-16T10:37:30.625Z</time>
      </trkpt>
      <trkpt lat="60.055230" lon="10.816544">
        <ele>363.607838</ele>
        <time>2024-11-16T10:38:59.286Z</time>
      </trkpt>
      <trkpt lat="60.055603" lon="10.816651">
        <ele>365.801601</ele>
        <time>2024-11-16T10:39:20.117Z</time>
      </trkpt>
      <trkpt lat="60.056125" lon="10.816717">
        <ele>368.846740</ele>
        <time>2024-11-16T10:39:44.732Z</time>
      </trkpt>
      <trkpt lat="60.056432" lon="10.816800">
        <ele>370.650301</ele>
        <time>2024-11-16T10:39:56.811Z</time>
      </trkpt>
      <trkpt lat="60.057032" lon="10.816754">
        <ele>371.262026</ele>
        <time>2024-11-16T10:40:15.231Z</time>
      </trkpt>
      <trkpt lat="60.057252" lon="10.816819">
        <ele>371.071310</ele>
        <time>2024-11-16T10:40:20.727Z</time>
      </trkpt>
      <trkpt lat="60.057626" lon="10.817010">
        <ele>370.740306</ele>
        <time>2024-11-16T10:40:29.206Z</time>
      </trkpt>
      <trkpt lat="60.058204" lon="10.817118">
        <ele>370.242455</ele>
        <time>2024-11-16T10:40:40.995Z</time>
      </trkpt>
      <trkpt lat="60.059186" lon="10.817657">
        <ele>365.127343</ele>
        <time>2024-11-16T10:40:58.492Z</time>
      </trkpt>
      <trkpt lat="60.059701" lon="10.817804">
        <ele>362.054744</ele>
        <time>2024-11-16T10:41:06.793Z</time>
      </trkpt>
      <trkpt lat="60.059792" lon="10.817769">
        <ele>361.507432</ele>
        <time>2024-11-16T10:41:08.257Z</time>
      </trkpt>
      <trkpt lat="60.060068" lon="10.817538">
        <ele>359.740704</ele>
        <time>2024-11-16T10:41:13.017Z</time>
      </trkpt>
      <trkpt lat="60.060297" lon="10.817478">
        <ele>358.699068</ele>
        <time>2024-11-16T10:41:16.717Z</time>
      </trkpt>
      <trkpt lat="60.060381" lon="10.817541">
        <ele>358.326125</ele>
        <time>2024-11-16T10:41:18.184Z</time>
      </trkpt>
      <trkpt lat="60.060450" lon="10.817692">
        <ele>357.901262</ele>
        <time>2024-11-16T10:41:19.877Z</time>
      </trkpt>
      <trkpt lat="60.060594" lon="10.818245">
        <ele>356.606853</ele>
        <time>2024-11-16T10:41:25.265Z</time>
      </trkpt>
      <trkpt lat="60.060721" lon="10.818540">
        <ele>355.798377</ele>
        <time>2024-11-16T10:41:28.867Z</time>
      </trkpt>
      <trkpt lat="60.060786" lon="10.818621">
        <ele>355.480096</ele>
        <time>2024-11-16T10:41:30.321Z</time>
      </trkpt>
      <trkpt lat="60.061154" lon="10.818864">
        <ele>353.868982</ele>
        <time>2024-11-16T10:41:37.699Z</time>
      </trkpt>
      <trkpt lat="60.061904" lon="10.818969">
        <ele>350.533211</ele>
        <time>2024-11-16T10:41:52.400Z</time>
      </trkpt>
      <trkpt lat="60.062470" lon="10.819208">
        <ele>347.722853</ele>
        <time>2024-11-16T10:42:02.288Z</time>
      </trkpt>
      <trkpt lat="60.062642" lon="10.819236">
        <ele>346.884423</ele>
        <time>2024-11-16T10:42:05.156Z</time>
      </trkpt>
      <trkpt lat="60.062776" lon="10.819397">
        <ele>346.125305</ele>
        <time>2024-11-16T10:42:07.726Z</time>
      </trkpt>
      <trkpt lat="60.063149" lon="10.819595">
        <ele>344.250541</ele>
        <time>2024-11-16T10:42:14.007Z</time>
      </trkpt>
      <trkpt lat="60.063297" lon="10.819713">
        <ele>343.476641</ele>
        <time>2024-11-16T10:42:16.635Z</time>
      </trkpt>
      <trkpt lat="60.063396" lon="10.819951">
        <ele>342.874848</ele>
        <time>2024-11-16T10:42:19.217Z</time>
      </trkpt>
      <trkpt lat="60.063665" lon="10.821161">
        <ele>340.581157</ele>
        <time>2024-11-16T10:42:30.788Z</time>
      </trkpt>
      <trkpt lat="60.063751" lon="10.821415">
        <ele>340.049668</ele>
        <time>2024-11-16T10:42:33.666Z</time>
      </trkpt>
      <trkpt lat="60.063862" lon="10.821629">
        <ele>339.515208</ele>
        <time>2024-11-16T10:42:36.666Z</time>
      </trkpt>
      <trkpt lat="60.063952" lon="10.821758">
        <ele>339.131264</ele>
        <time>2024-11-16T10:42:38.887Z</time>
      </trkpt>
      <trkpt lat="60.063990" lon="10.821807">
        <ele>338.974472</ele>
        <time>2024-11-16T10:42:39.790Z</time>
      </trkpt>
      <trkpt lat="60.064011" lon="10.821834">
        <ele>338.887897</ele>
        <time>2024-11-16T10:42:40.306Z</time>
      </trkpt>
      <trkpt lat="60.064145" lon="10.822041">
        <ele>338.300827</ele>
        <time>2024-11-16T10:42:43.711Z</time>
      </trkpt>
      <trkpt lat="60.064234" lon="10.822327">
        <ele>337.717214</ele>
        <time>2024-11-16T10:42:47.091Z</time>
      </trkpt>
      <trkpt lat="60.064376" lon="10.823047">
        <ele>336.448467</ele>
        <time>2024-11-16T10:42:54.615Z</time>
      </trkpt>
      <trkpt lat="60.064547" lon="10.823402">
        <ele>335.691379</ele>
        <time>2024-11-16T10:42:59.250Z</time>
      </trkpt>
      <trkpt lat="60.065036" lon="10.823616">
        <ele>334.152345</ele>
        <time>2024-11-16T10:43:08.796Z</time>
      </trkpt>
      <trkpt lat="60.065152" lon="10.823714">
        <ele>333.765263</ele>
        <time>2024-11-16T10:43:11.298Z</time>
      </trkpt>
      <trkpt lat="60.065240" lon="10.823845">
        <ele>333.428188</ele>
        <time>2024-11-16T10:43:13.369Z</time>
      </trkpt>
      <trkpt lat="60.065296" lon="10.824015">
        <ele>333.115633</ele>
        <time>2024-11-16T10:43:15.290Z</time>
      </trkpt>
      <trkpt lat="60.065324" lon="10.824101">
        <ele>332.958074</ele>
        <time>2024-11-16T10:43:16.211Z</time>
      </trkpt>
      <trkpt lat="60.065483" lon="10.824597">
        <ele>332.053517</ele>
        <time>2024-11-16T10:43:21.443Z</time>
      </trkpt>
      <trkpt lat="60.065687" lon="10.825225">
        <ele>330.411509</ele>
        <time>2024-11-16T10:43:27.938Z</time>
      </trkpt>
      <trkpt lat="60.065740" lon="10.825505">
        <ele>329.557300</ele>
        <time>2024-11-16T10:43:30.497Z</time>
      </trkpt>
      <trkpt lat="60.065575" lon="10.825611">
        <ele>328.566846</ele>
        <time>2024-11-16T10:43:35.186Z</time>
      </trkpt>
      <trkpt lat="60.065256" lon="10.825674">
        <ele>326.734540</ele>
        <time>2024-11-16T10:43:43.860Z</time>
      </trkpt>
      <trkpt lat="60.065220" lon="10.825696">
        <ele>326.519401</ele>
        <time>2024-11-16T10:43:44.872Z</time>
      </trkpt>
      <trkpt lat="60.065094" lon="10.825775">
        <ele>325.764728</ele>
        <time>2024-11-16T10:43:48.359Z</time>
      </trkpt>
      <trkpt lat="60.064965" lon="10.825939">
        <ele>324.891464</ele>
        <time>2024-11-16T10:43:52.367Z</time>
      </trkpt>
      <trkpt lat="60.064859" lon="10.826218">
        <ele>323.891210</ele>
        <time>2024-11-16T10:43:56.864Z</time>
      </trkpt>
      <trkpt lat="60.064648" lon="10.827394">
        <ele>320.712414</ele>
        <time>2024-11-16T10:44:13.040Z</time>
      </trkpt>
      <trkpt lat="60.064418" lon="10.828149">
        <ele>319.310049</ele>
        <time>2024-11-16T10:44:25.421Z</time>
      </trkpt>
      <trkpt lat="60.064308" lon="10.828552">
        <ele>318.581811</ele>
        <time>2024-11-16T10:44:32.082Z</time>
      </trkpt>
      <trkpt lat="60.064225" lon="10.829298">
        <ele>317.370073</ele>
        <time>2024-11-16T10:44:43.887Z</time>
      </trkpt>
      <trkpt lat="60.064007" lon="10.830203">
        <ele>315.776881</ele>
        <time>2024-11-16T10:45:00.852Z</time>
      </trkpt>
      <trkpt lat="60.063788" lon="10.830858">
        <ele>314.698946</ele>
        <time>2024-11-16T10:45:14.602Z</time>
      </trkpt>
      <trkpt lat="60.063595" lon="10.831756">
        <ele>313.428288</ele>
        <time>2024-11-16T10:45:30.553Z</time>
      </trkpt>
      <trkpt lat="60.063507" lon="10.831964">
        <ele>313.073904</ele>
        <time>2024-11-16T10:45:34.834Z</time>
      </trkpt>
      <trkpt lat="60.063460" lon="10.832176">
        <ele>312.772426</ele>
        <time>2024-11-16T10:45:38.415Z</time>
      </trkpt>
      <trkpt lat="60.063431" lon="10.832597">
        <ele>312.220108</ele>
        <time>2024-11-16T10:45:44.837Z</time>
      </trkpt>
      <trkpt lat="60.063102" lon="10.833480">
        <ele>310.769834</ele>
        <time>2024-11-16T10:46:00.553Z</time>
      </trkpt>
      <trkpt lat="60.062912" lon="10.834188">
        <ele>307.649779</ele>
        <time>2024-11-16T10:46:11.308Z</time>
      </trkpt>
      <trkpt lat="60.062813" lon="10.834438">
        <ele>306.411087</ele>
        <time>2024-11-16T10:46:15.512Z</time>
      </trkpt>
      <trkpt lat="60.062396" lon="10.834997">
        <ele>302.509107</ele>
        <time>2024-11-16T10:46:28.341Z</time>
      </trkpt>
      <trkpt lat="60.062259" lon="10.835094">
        <ele>301.379050</ele>
        <time>2024-11-16T10:46:31.888Z</time>
      </trkpt>
      <trkpt lat="60.062025" lon="10.835180">
        <ele>299.528791</ele>
        <time>2024-11-16T10:46:37.742Z</time>
      </trkpt>
      <trkpt lat="60.061906" lon="10.835308">
        <ele>298.478369</ele>
        <time>2024-11-16T10:46:41.059Z</time>
      </trkpt>
      <trkpt lat="60.061856" lon="10.835413">
        <ele>297.915064</ele>
        <time>2024-11-16T10:46:42.839Z</time>
      </trkpt>
      <trkpt lat="60.061785" lon="10.835738">
        <ele>296.497674</ele>
        <time>2024-11-16T10:46:47.166Z</time>
      </trkpt>
      <trkpt lat="60.061655" lon="10.836014">
        <ele>294.804734</ele>
        <time>2024-11-16T10:46:51.795Z</time>
      </trkpt>
      <trkpt lat="60.061416" lon="10.836234">
        <ele>292.453827</ele>
        <time>2024-11-16T10:46:58.245Z</time>
      </trkpt>
      <trkpt lat="60.061268" lon="10.836656">
        <ele>290.153004</ele>
        <time>2024-11-16T10:47:04.582Z</time>
      </trkpt>
      <trkpt lat="60.061156" lon="10.837078">
        <ele>288.020867</ele>
        <time>2024-11-16T10:47:10.477Z</time>
      </trkpt>
      <trkpt lat="60.060826" lon="10.837689">
        <ele>284.004706</ele>
        <time>2024-11-16T10:47:21.622Z</time>
      </trkpt>
      <trkpt lat="60.060746" lon="10.837887">
        <ele>282.868268</ele>
        <time>2024-11-16T10:47:24.836Z</time>
      </trkpt>
      <trkpt lat="60.060710" lon="10.838113">
        <ele>281.809982</ele>
        <time>2024-11-16T10:47:27.880Z</time>
      </trkpt>
      <trkpt lat="60.060704" lon="10.838709">
        <ele>280.039239</ele>
        <time>2024-11-16T10:47:35.571Z</time>
      </trkpt>
      <trkpt lat="60.060742" lon="10.839346">
        <ele>278.785922</ele>
        <time>2024-11-16T10:47:44.219Z</time>
      </trkpt>
      <trkpt lat="60.060727" lon="10.839868">
        <ele>277.764442</ele>
        <time>2024-11-16T10:47:51.775Z</time>
      </trkpt>
      <trkpt lat="60.060745" lon="10.840149">
        <ele>277.210971</ele>
        <time>2024-11-16T10:47:56.094Z</time>
      </trkpt>
      <trkpt lat="60.060828" lon="10.840552">
        <ele>276.359259</ele>
        <time>2024-11-16T10:48:03.010Z</time>
      </trkpt>
      <trkpt lat="60.060920" lon="10.840664">
        <ele>275.937872</ele>
        <time>2024-11-16T10:48:06.553Z</time>
      </trkpt>
      <trkpt lat="60.061045" lon="10.840786">
        <ele>275.393606</ele>
        <time>2024-11-16T10:48:11.117Z</time>
      </trkpt>
      <trkpt lat="60.061594" lon="10.841018">
        <ele>272.611148</ele>
        <time>2024-11-16T10:48:28.678Z</time>
      </trkpt>
      <trkpt lat="60.061746" lon="10.841165">
        <ele>271.165872</ele>
        <time>2024-11-16T10:48:33.612Z</time>
      </trkpt>
      <trkpt lat="60.061819" lon="10.841357">
        <ele>270.134353</ele>
        <time>2024-11-16T10:48:37.008Z</time>
      </trkpt>
      <trkpt lat="60.061836" lon="10.841526">
        <ele>269.397594</ele>
        <time>2024-11-16T10:48:39.385Z</time>
      </trkpt>
      <trkpt lat="60.061819" lon="10.841774">
        <ele>268.327795</ele>
        <time>2024-11-16T10:48:42.724Z</time>
      </trkpt>
      <trkpt lat="60.061756" lon="10.841971">
        <ele>267.327882</ele>
        <time>2024-11-16T10:48:45.729Z</time>
      </trkpt>
      <trkpt lat="60.061281" lon="10.842469">
        <ele>262.737230</ele>
        <time>2024-11-16T10:48:58.757Z</time>
      </trkpt>
      <trkpt lat="60.060917" lon="10.843081">
        <ele>258.668273</ele>
        <time>2024-11-16T10:49:09.877Z</time>
      </trkpt>
      <trkpt lat="60.060857" lon="10.843343">
        <ele>257.431385</ele>
        <time>2024-11-16T10:49:13.272Z</time>
      </trkpt>
      <trkpt lat="60.060872" lon="10.843709">
        <ele>255.852876</ele>
        <time>2024-11-16T10:49:17.625Z</time>
      </trkpt>
      <trkpt lat="60.060991" lon="10.844527">
        <ele>252.190463</ele>
        <time>2024-11-16T10:49:27.882Z</time>
      </trkpt>
      <trkpt lat="60.061054" lon="10.844743">
        <ele>251.115089</ele>
        <time>2024-11-16T10:49:30.990Z</time>
      </trkpt>
      <trkpt lat="60.061545" lon="10.845697">
        <ele>245.224597</ele>
        <time>2024-11-16T10:49:48.849Z</time>
      </trkpt>
      <trkpt lat="60.061976" lon="10.846219">
        <ele>241.718673</ele>
        <time>2024-11-16T10:50:02.724Z</time>
      </trkpt>
      <trkpt lat="60.062213" lon="10.846507">
        <ele>240.370426</ele>
        <time>2024-11-16T10:50:10.464Z</time>
      </trkpt>
      <trkpt lat="60.062879" lon="10.847383">
        <ele>236.495284</ele>
        <time>2024-11-16T10:50:32.722Z</time>
      </trkpt>
      <trkpt lat="60.062824" lon="10.847469">
        <ele>236.155939</ele>
        <time>2024-11-16T10:50:34.643Z</time>
      </trkpt>
      <trkpt lat="60.062563" lon="10.847114">
        <ele>234.621532</ele>
        <time>2024-11-16T10:50:43.357Z</time>
      </trkpt>
      <trkpt lat="60.062452" lon="10.847057">
        <ele>234.064157</ele>
        <time>2024-11-16T10:50:46.487Z</time>
      </trkpt>
      <trkpt lat="60.062373" lon="10.847104">
        <ele>233.594443</ele>
        <time>2024-11-16T10:50:48.729Z</time>
      </trkpt>
      <trkpt lat="60.062271" lon="10.847209">
        <ele>232.936998</ele>
        <time>2024-11-16T10:50:51.852Z</time>
      </trkpt>
      <trkpt lat="60.062160" lon="10.847268">
        <ele>232.278601</ele>
        <time>2024-11-16T10:50:55.005Z</time>
      </trkpt>
      <trkpt lat="60.061887" lon="10.847116">
        <ele>230.654132</ele>
        <time>2024-11-16T10:51:02.790Z</time>
      </trkpt>
      <trkpt lat="60.061611" lon="10.847070">
        <ele>229.066299</ele>
        <time>2024-11-16T10:51:10.344Z</time>
      </trkpt>
      <trkpt lat="60.061338" lon="10.847243">
        <ele>227.424720</ele>
        <time>2024-11-16T10:51:17.887Z</time>
      </trkpt>
      <trkpt lat="60.061302" lon="10.847266">
        <ele>227.208086</ele>
        <time>2024-11-16T10:51:18.860Z</time>
      </trkpt>
      <trkpt lat="60.060765" lon="10.847222">
        <ele>224.126773</ele>
        <time>2024-11-16T10:51:33.002Z</time>
      </trkpt>
      <trkpt lat="60.060564" lon="10.847350">
        <ele>223.414471</ele>
        <time>2024-11-16T10:51:38.504Z</time>
      </trkpt>
      <trkpt lat="60.060423" lon="10.847581">
        <ele>223.003665</ele>
        <time>2024-11-16T10:51:43.306Z</time>
      </trkpt>
      <trkpt lat="60.060236" lon="10.848047">
        <ele>222.330549</ele>
        <time>2024-11-16T10:51:51.525Z</time>
      </trkpt>
      <trkpt lat="60.060025" lon="10.848861">
        <ele>221.298000</ele>
        <time>2024-11-16T10:52:05.316Z</time>
      </trkpt>
      <trkpt lat="60.059999" lon="10.848995">
        <ele>221.136155</ele>
        <time>2024-11-16T10:52:07.640Z</time>
      </trkpt>
      <trkpt lat="60.059794" lon="10.849055">
        <ele>220.668865</ele>
        <time>2024-11-16T10:52:14.859Z</time>
      </trkpt>
      <trkpt lat="60.059664" lon="10.848299">
        <ele>219.768719</ele>
        <time>2024-11-16T10:52:26.311Z</time>
      </trkpt>
      <trkpt lat="60.059648" lon="10.848217">
        <ele>219.697746</ele>
        <time>2024-11-16T10:52:27.722Z</time>
      </trkpt>
      <trkpt lat="60.059373" lon="10.847349">
        <ele>221.722278</ele>
        <time>2024-11-16T10:52:53.270Z</time>
      </trkpt>
      <trkpt lat="60.059241" lon="10.846732">
        <ele>223.044180</ele>
        <time>2024-11-16T10:53:12.265Z</time>
      </trkpt>
      <trkpt lat="60.059092" lon="10.846642">
        <ele>223.658186</ele>
        <time>2024-11-16T10:53:21.344Z</time>
      </trkpt>
      <trkpt lat="60.058928" lon="10.846664">
        <ele>224.306688</ele>
        <time>2024-11-16T10:53:30.846Z</time>
      </trkpt>
      <trkpt lat="60.058524" lon="10.846854">
        <ele>225.943972</ele>
        <time>2024-11-16T10:53:54.484Z</time>
      </trkpt>
      <trkpt lat="60.058401" lon="10.846729">
        <ele>226.488121</ele>
        <time>2024-11-16T10:54:02.273Z</time>
      </trkpt>
      <trkpt lat="60.057975" lon="10.846564">
        <ele>227.627655</ele>
        <time>2024-11-16T10:54:25.232Z</time>
      </trkpt>
      <trkpt lat="60.057140" lon="10.846760">
        <ele>229.611177</ele>
        <time>2024-11-16T10:55:05.809Z</time>
      </trkpt>
      <trkpt lat="60.056934" lon="10.846769">
        <ele>230.097316</ele>
        <time>2024-11-16T10:55:14.346Z</time>
      </trkpt>
      <trkpt lat="60.056413" lon="10.846559">
        <ele>231.105766</ele>
        <time>2024-11-16T10:55:34.505Z</time>
      </trkpt>
      <trkpt lat="60.056201" lon="10.846580">
        <ele>231.235577</ele>
        <time>2024-11-16T10:55:42.403Z</time>
      </trkpt>
      <trkpt lat="60.055629" lon="10.846453">
        <ele>231.587536</ele>
        <time>2024-11-16T10:56:03.944Z</time>
      </trkpt>
      <trkpt lat="60.054979" lon="10.846175">
        <ele>231.994014</ele>
        <time>2024-11-16T10:56:30.530Z</time>
      </trkpt>
      <trkpt lat="60.054589" lon="10.845912">
        <ele>232.431975</ele>
        <time>2024-11-16T10:56:48.130Z</time>
      </trkpt>
      <trkpt lat="60.054525" lon="10.845882">
        <ele>232.531709</ele>
        <time>2024-11-16T10:56:51.013Z</time>
      </trkpt>
      <trkpt lat="60.054172" lon="10.845713">
        <ele>233.082423</ele>
        <time>2024-11-16T10:57:06.793Z</time>
      </trkpt>
      <trkpt lat="60.053559" lon="10.845138">
        <ele>234.109485</ele>
        <time>2024-11-16T10:57:36.726Z</time>
      </trkpt>
      <trkpt lat="60.053300" lon="10.844996">
        <ele>234.516936</ele>
        <time>2024-11-16T10:57:48.821Z</time>
      </trkpt>
      <trkpt lat="60.053122" lon="10.844727">
        <ele>234.848794</ele>
        <time>2024-11-16T10:57:58.456Z</time>
      </trkpt>
      <trkpt lat="60.053020" lon="10.844478">
        <ele>234.837085</ele>
        <time>2024-11-16T10:58:05.124Z</time>
      </trkpt>
      <trkpt lat="60.052969" lon="10.844220">
        <ele>234.826997</ele>
        <time>2024-11-16T10:58:10.760Z</time>
      </trkpt>
      <trkpt lat="60.052843" lon="10.843602">
        <ele>234.802729</ele>
        <time>2024-11-16T10:58:23.768Z</time>
      </trkpt>
      <trkpt lat="60.052709" lon="10.843318">
        <ele>234.788523</ele>
        <time>2024-11-16T10:58:31.066Z</time>
      </trkpt>
      <trkpt lat="60.052586" lon="10.843189">
        <ele>234.778413</ele>
        <time>2024-11-16T10:58:36.173Z</time>
      </trkpt>
      <trkpt lat="60.051874" lon="10.842630">
        <ele>234.722723</ele>
        <time>2024-11-16T10:59:02.571Z</time>
      </trkpt>
      <trkpt lat="60.051595" lon="10.842454">
        <ele>234.402593</ele>
        <time>2024-11-16T10:59:11.816Z</time>
      </trkpt>
      <trkpt lat="60.051122" lon="10.841990">
        <ele>233.677402</ele>
        <time>2024-11-16T10:59:28.987Z</time>
      </trkpt>
      <trkpt lat="60.050907" lon="10.841841">
        <ele>233.364145</ele>
        <time>2024-11-16T10:59:37.405Z</time>
      </trkpt>
      <trkpt lat="60.050499" lon="10.841465">
        <ele>232.745754</ele>
        <time>2024-11-16T10:59:53.574Z</time>
      </trkpt>
      <trkpt lat="60.050292" lon="10.841323">
        <ele>232.444479</ele>
        <time>2024-11-16T11:00:00.426Z</time>
      </trkpt>
      <trkpt lat="60.049868" lon="10.841197">
        <ele>231.042674</ele>
        <time>2024-11-16T11:00:13.081Z</time>
      </trkpt>
      <trkpt lat="60.049867" lon="10.841233">
        <ele>230.965941</ele>
        <time>2024-11-16T11:00:13.574Z</time>
      </trkpt>
      <trkpt lat="60.049788" lon="10.841236">
        <ele>230.629121</ele>
        <time>2024-11-16T11:00:15.880Z</time>
      </trkpt>
      <trkpt lat="60.049726" lon="10.841235">
        <ele>230.364820</ele>
        <time>2024-11-16T11:00:17.716Z</time>
      </trkpt>
      <trkpt lat="60.049665" lon="10.841875">
        <ele>228.978182</ele>
        <time>2024-11-16T11:00:27.112Z</time>
      </trkpt>
      <trkpt lat="60.049542" lon="10.842335">
        <ele>227.867646</ele>
        <time>2024-11-16T11:00:34.573Z</time>
      </trkpt>
      <trkpt lat="60.049457" lon="10.842476">
        <ele>227.397185</ele>
        <time>2024-11-16T11:00:37.650Z</time>
      </trkpt>
      <trkpt lat="60.048770" lon="10.842999">
        <ele>224.400763</ele>
        <time>2024-11-16T11:00:57.120Z</time>
      </trkpt>
      <trkpt lat="60.048673" lon="10.843109">
        <ele>224.134800</ele>
        <time>2024-11-16T11:01:00.107Z</time>
      </trkpt>
      <trkpt lat="60.048307" lon="10.843777">
        <ele>222.953340</ele>
        <time>2024-11-16T11:01:13.972Z</time>
      </trkpt>
      <trkpt lat="60.048005" lon="10.844065">
        <ele>222.155258</ele>
        <time>2024-11-16T11:01:23.778Z</time>
      </trkpt>
      <trkpt lat="60.047889" lon="10.844333">
        <ele>221.732726</ele>
        <time>2024-11-16T11:01:29.203Z</time>
      </trkpt>
      <trkpt lat="60.047751" lon="10.844885">
        <ele>220.997309</ele>
        <time>2024-11-16T11:01:39.423Z</time>
      </trkpt>
      <trkpt lat="60.047650" lon="10.844725">
        <ele>220.690055</ele>
        <time>2024-11-16T11:01:44.247Z</time>
      </trkpt>
      <trkpt lat="60.047495" lon="10.844640">
        <ele>220.306612</ele>
        <time>2024-11-16T11:01:50.854Z</time>
      </trkpt>
      <trkpt lat="60.047202" lon="10.844605">
        <ele>222.357278</ele>
        <time>2024-11-16T11:02:04.916Z</time>
      </trkpt>
      <trkpt lat="60.047104" lon="10.844542">
        <ele>223.110426</ele>
        <time>2024-11-16T11:02:10.523Z</time>
      </trkpt>
      <trkpt lat="60.046961" lon="10.844269">
        <ele>224.556040</ele>
        <time>2024-11-16T11:02:22.222Z</time>
      </trkpt>
      <trkpt lat="60.046685" lon="10.844087">
        <ele>226.682318</ele>
        <time>2024-11-16T11:02:41.706Z</time>
      </trkpt>
      <trkpt lat="60.046593" lon="10.843823">
        <ele>227.858567</ele>
        <time>2024-11-16T11:02:53.267Z</time>
      </trkpt>
      <trkpt lat="60.046573" lon="10.843765">
        <ele>228.116101</ele>
        <time>2024-11-16T11:02:55.882Z</time>
      </trkpt>
      <trkpt lat="60.046493" lon="10.843682">
        <ele>228.775382</ele>
        <time>2024-11-16T11:03:02.696Z</time>
      </trkpt>
      <trkpt lat="60.046224" lon="10.843542">
        <ele>230.809163</ele>
        <time>2024-11-16T11:03:24.578Z</time>
      </trkpt>
      <trkpt lat="60.046091" lon="10.843374">
        <ele>231.959787</ele>
        <time>2024-11-16T11:03:37.462Z</time>
      </trkpt>
      <trkpt lat="60.045885" lon="10.842765">
        <ele>234.958560</ele>
        <time>2024-11-16T11:04:08.370Z</time>
      </trkpt>
      <trkpt lat="60.045864" lon="10.842563">
        <ele>235.907404</ele>
        <time>2024-11-16T11:04:17.043Z</time>
      </trkpt>
      <trkpt lat="60.045861" lon="10.842080">
        <ele>238.128714</ele>
        <time>2024-11-16T11:04:36.910Z</time>
      </trkpt>
      <trkpt lat="60.045893" lon="10.841644">
        <ele>240.155261</ele>
        <time>2024-11-16T11:04:54.540Z</time>
      </trkpt>
      <trkpt lat="60.046011" lon="10.841088">
        <ele>242.933478</ele>
        <time>2024-11-16T11:05:17.699Z</time>
      </trkpt>
      <trkpt lat="60.046165" lon="10.840853">
        <ele>244.716608</ele>
        <time>2024-11-16T11:05:32.023Z</time>
      </trkpt>
      <trkpt lat="60.046301" lon="10.840760">
        <ele>246.040170</ele>
        <time>2024-11-16T11:05:42.293Z</time>
      </trkpt>
      <trkpt lat="60.045717" lon="10.839899">
        <ele>250.935416</ele>
        <time>2024-11-16T11:06:28.606Z</time>
      </trkpt>
      <trkpt lat="60.045380" lon="10.839692">
        <ele>252.044558</ele>
        <time>2024-11-16T11:06:47.092Z</time>
      </trkpt>
      <trkpt lat="60.045296" lon="10.839509">
        <ele>252.435104</ele>
        <time>2024-11-16T11:06:53.074Z</time>
      </trkpt>
      <trkpt lat="60.045158" lon="10.839082">
        <ele>253.234241</ele>
        <time>2024-11-16T11:07:04.959Z</time>
      </trkpt>
      <trkpt lat="60.045098" lon="10.838984">
        <ele>253.477860</ele>
        <time>2024-11-16T11:07:08.520Z</time>
      </trkpt>
      <trkpt lat="60.044814" lon="10.838882">
        <ele>254.385739</ele>
        <time>2024-11-16T11:07:21.321Z</time>
      </trkpt>
      <trkpt lat="60.044485" lon="10.838886">
        <ele>255.420977</ele>
        <time>2024-11-16T11:07:35.341Z</time>
      </trkpt>
      <trkpt lat="60.044257" lon="10.838829">
        <ele>255.583020</ele>
        <time>2024-11-16T11:07:44.551Z</time>
      </trkpt>
      <trkpt lat="60.043900" lon="10.838355">
        <ele>255.337750</ele>
        <time>2024-11-16T11:08:00.533Z</time>
      </trkpt>
      <trkpt lat="60.043484" lon="10.838040">
        <ele>255.083082</ele>
        <time>2024-11-16T11:08:15.926Z</time>
      </trkpt>
      <trkpt lat="60.043448" lon="10.837833">
        <ele>255.020406</ele>
        <time>2024-11-16T11:08:19.609Z</time>
      </trkpt>
      <trkpt lat="60.043438" lon="10.837483">
        <ele>254.920166</ele>
        <time>2024-11-16T11:08:25.522Z</time>
      </trkpt>
      <trkpt lat="60.043461" lon="10.836769">
        <ele>254.715586</ele>
        <time>2024-11-16T11:08:37.232Z</time>
      </trkpt>
      <trkpt lat="60.043507" lon="10.836385">
        <ele>254.568061</ele>
        <time>2024-11-16T11:08:43.533Z</time>
      </trkpt>
      <trkpt lat="60.043776" lon="10.835631">
        <ele>254.053732</ele>
        <time>2024-11-16T11:08:58.089Z</time>
      </trkpt>
      <trkpt lat="60.043932" lon="10.834699">
        <ele>253.508162</ele>
        <time>2024-11-16T11:09:13.800Z</time>
      </trkpt>
      <trkpt lat="60.043927" lon="10.834611">
        <ele>253.459005</ele>
        <time>2024-11-16T11:09:15.270Z</time>
      </trkpt>
      <trkpt lat="60.043847" lon="10.834461">
        <ele>253.337193</ele>
        <time>2024-11-16T11:09:18.938Z</time>
      </trkpt>
      <trkpt lat="60.043765" lon="10.834157">
        <ele>253.145422</ele>
        <time>2024-11-16T11:09:24.867Z</time>
      </trkpt>
      <trkpt lat="60.043763" lon="10.833881">
        <ele>252.992219</ele>
        <time>2024-11-16T11:09:29.660Z</time>
      </trkpt>
      <trkpt lat="60.043828" lon="10.833774">
        <ele>252.898695</ele>
        <time>2024-11-16T11:09:32.615Z</time>
      </trkpt>
      <trkpt lat="60.044015" lon="10.833733">
        <ele>252.689599</ele>
        <time>2024-11-16T11:09:39.398Z</time>
      </trkpt>
      <trkpt lat="60.044192" lon="10.833457">
        <ele>253.042528</ele>
        <time>2024-11-16T11:09:47.706Z</time>
      </trkpt>
      <trkpt lat="60.044435" lon="10.833381">
        <ele>253.592519</ele>
        <time>2024-11-16T11:09:57.563Z</time>
      </trkpt>
      <trkpt lat="60.044454" lon="10.833306">
        <ele>253.686427</ele>
        <time>2024-11-16T11:09:59.258Z</time>
      </trkpt>
      <trkpt lat="60.044442" lon="10.833074">
        <ele>253.946867</ele>
        <time>2024-11-16T11:10:04.260Z</time>
      </trkpt>
      <trkpt lat="60.044469" lon="10.832693">
        <ele>254.376560</ele>
        <time>2024-11-16T11:10:12.890Z</time>
      </trkpt>
      <trkpt lat="60.044526" lon="10.832508">
        <ele>254.619294</ele>
        <time>2024-11-16T11:10:18.018Z</time>
      </trkpt>
      <trkpt lat="60.044643" lon="10.832344">
        <ele>254.938651</ele>
        <time>2024-11-16T11:10:24.939Z</time>
      </trkpt>
      <trkpt lat="60.044605" lon="10.832354">
        <ele>255.024359</ele>
        <time>2024-11-16T11:10:26.796Z</time>
      </trkpt>
      <trkpt lat="60.044643" lon="10.832344">
        <ele>255.110066</ele>
        <time>2024-11-16T11:10:28.706Z</time>
      </trkpt>
      <trkpt lat="60.044775" lon="10.832411">
        <ele>255.414581</ele>
        <time>2024-11-16T11:10:35.487Z</time>
      </trkpt>
      <trkpt lat="60.045091" lon="10.832828">
        <ele>256.260841</ele>
        <time>2024-11-16T11:10:55.005Z</time>
      </trkpt>
      <trkpt lat="60.045295" lon="10.833027">
        <ele>256.826333</ele>
        <time>2024-11-16T11:11:07.013Z</time>
      </trkpt>
      <trkpt lat="60.045548" lon="10.833162">
        <ele>257.732961</ele>
        <time>2024-11-16T11:11:21.403Z</time>
      </trkpt>
      <trkpt lat="60.046530" lon="10.833488">
        <ele>261.179744</ele>
        <time>2024-11-16T11:12:14.314Z</time>
      </trkpt>
      <trkpt lat="60.046906" lon="10.833342">
        <ele>262.505969</ele>
        <time>2024-11-16T11:12:33.260Z</time>
      </trkpt>
      <trkpt lat="60.047017" lon="10.833294">
        <ele>262.891454</ele>
        <time>2024-11-16T11:12:38.597Z</time>
      </trkpt>
      <trkpt lat="60.047159" lon="10.833232">
        <ele>262.941739</ele>
        <time>2024-11-16T11:12:45.140Z</time>
      </trkpt>
      <trkpt lat="60.047748" lon="10.833189">
        <ele>263.145663</ele>
        <time>2024-11-16T11:13:08.436Z</time>
      </trkpt>
      <trkpt lat="60.047863" lon="10.833133">
        <ele>263.186611</ele>
        <time>2024-11-16T11:13:12.675Z</time>
      </trkpt>
      <trkpt lat="60.047952" lon="10.833044">
        <ele>263.221029</ele>
        <time>2024-11-16T11:13:16.211Z</time>
      </trkpt>
      <trkpt lat="60.048001" lon="10.832892">
        <ele>263.252284</ele>
        <time>2024-11-16T11:13:19.383Z</time>
      </trkpt>
      <trkpt lat="60.048034" lon="10.832653">
        <ele>263.295120</ele>
        <time>2024-11-16T11:13:23.788Z</time>
      </trkpt>
      <trkpt lat="60.048015" lon="10.832313">
        <ele>263.354220</ele>
        <time>2024-11-16T11:13:29.762Z</time>
      </trkpt>
      <trkpt lat="60.047707" lon="10.831309">
        <ele>263.784050</ele>
        <time>2024-11-16T11:13:49.928Z</time>
      </trkpt>
      <trkpt lat="60.047510" lon="10.830536">
        <ele>264.690042</ele>
        <time>2024-11-16T11:14:05.872Z</time>
      </trkpt>
      <trkpt lat="60.047434" lon="10.830369">
        <ele>264.925930</ele>
        <time>2024-11-16T11:14:10.869Z</time>
      </trkpt>
      <trkpt lat="60.047159" lon="10.829979">
        <ele>265.630457</ele>
        <time>2024-11-16T11:14:27.642Z</time>
      </trkpt>
      <trkpt lat="60.047066" lon="10.829769">
        <ele>265.923493</ele>
        <time>2024-11-16T11:14:34.972Z</time>
      </trkpt>
      <trkpt lat="60.046884" lon="10.829124">
        <ele>266.696921</ele>
        <time>2024-11-16T11:14:54.181Z</time>
      </trkpt>
      <trkpt lat="60.046709" lon="10.828347">
        <ele>267.580111</ele>
        <time>2024-11-16T11:15:15.995Z</time>
      </trkpt>
      <trkpt lat="60.046491" lon="10.827785">
        <ele>268.307262</ele>
        <time>2024-11-16T11:15:33.716Z</time>
      </trkpt>
      <trkpt lat="60.046259" lon="10.827403">
        <ele>268.921867</ele>
        <time>2024-11-16T11:15:48.081Z</time>
      </trkpt>
      <trkpt lat="60.045861" lon="10.826977">
        <ele>269.845343</ele>
        <time>2024-11-16T11:16:07.558Z</time>
      </trkpt>
      <trkpt lat="60.045664" lon="10.826711">
        <ele>270.331543</ele>
        <time>2024-11-16T11:16:16.546Z</time>
      </trkpt>
      <trkpt lat="60.045301" lon="10.826094">
        <ele>271.071352</ele>
        <time>2024-11-16T11:16:35.622Z</time>
      </trkpt>
      <trkpt lat="60.045222" lon="10.825908">
        <ele>271.154430</ele>
        <time>2024-11-16T11:16:41.145Z</time>
      </trkpt>
      <trkpt lat="60.045197" lon="10.825734">
        <ele>271.216030</ele>
        <time>2024-11-16T11:16:45.127Z</time>
      </trkpt>
      <trkpt lat="60.045205" lon="10.825518">
        <ele>271.289720</ele>
        <time>2024-11-16T11:16:49.928Z</time>
      </trkpt>
      <trkpt lat="60.045308" lon="10.824533">
        <ele>271.632106</ele>
        <time>2024-11-16T11:17:11.451Z</time>
      </trkpt>
      <trkpt lat="60.045256" lon="10.824224">
        <ele>271.743044</ele>
        <time>2024-11-16T11:17:18.107Z</time>
      </trkpt>
      <trkpt lat="60.045179" lon="10.824099">
        <ele>271.810581</ele>
        <time>2024-11-16T11:17:22.023Z</time>
      </trkpt>
      <trkpt lat="60.045066" lon="10.824005">
        <ele>271.893954</ele>
        <time>2024-11-16T11:17:26.832Z</time>
      </trkpt>
      <trkpt lat="60.044012" lon="10.823849">
        <ele>272.259853</ele>
        <time>2024-11-16T11:18:03.813Z</time>
      </trkpt>
      <trkpt lat="60.043888" lon="10.823764">
        <ele>272.276307</ele>
        <time>2024-11-16T11:18:08.112Z</time>
      </trkpt>
      <trkpt lat="60.043778" lon="10.823621">
        <ele>272.292771</ele>
        <time>2024-11-16T11:18:12.430Z</time>
      </trkpt>
      <trkpt lat="60.043583" lon="10.823211">
        <ele>272.328267</ele>
        <time>2024-11-16T11:18:21.923Z</time>
      </trkpt>
      <trkpt lat="60.043408" lon="10.822861">
        <ele>272.359316</ele>
        <time>2024-11-16T11:18:30.785Z</time>
      </trkpt>
      <trkpt lat="60.042949" lon="10.822154">
        <ele>273.174071</ele>
        <time>2024-11-16T11:18:56.474Z</time>
      </trkpt>
      <trkpt lat="60.042830" lon="10.821891">
        <ele>273.822618</ele>
        <time>2024-11-16T11:19:05.949Z</time>
      </trkpt>
      <trkpt lat="60.042718" lon="10.821347">
        <ele>274.897885</ele>
        <time>2024-11-16T11:19:22.607Z</time>
      </trkpt>
      <trkpt lat="60.042491" lon="10.819531">
        <ele>278.318797</ele>
        <time>2024-11-16T11:20:15.155Z</time>
      </trkpt>
      <trkpt lat="60.042498" lon="10.819296">
        <ele>278.748995</ele>
        <time>2024-11-16T11:20:21.337Z</time>
      </trkpt>
      <trkpt lat="60.042264" lon="10.818762">
        <ele>279.021541</ele>
        <time>2024-11-16T11:20:38.852Z</time>
      </trkpt>
      <trkpt lat="60.042119" lon="10.818543">
        <ele>279.042746</ele>
        <time>2024-11-16T11:20:46.652Z</time>
      </trkpt>
      <trkpt lat="60.041676" lon="10.818122">
        <ele>279.099999</ele>
        <time>2024-11-16T11:21:04.263Z</time>
      </trkpt>
      <trkpt lat="60.041429" lon="10.818028">
        <ele>279.129354</ele>
        <time>2024-11-16T11:21:12.482Z</time>
      </trkpt>
      <trkpt lat="60.040754" lon="10.817904">
        <ele>279.104808</ele>
        <time>2024-11-16T11:21:34.184Z</time>
      </trkpt>
      <trkpt lat="60.040287" lon="10.817985">
        <ele>278.631895</ele>
        <time>2024-11-16T11:21:49.359Z</time>
      </trkpt>
      <trkpt lat="60.040104" lon="10.818134">
        <ele>278.432590</ele>
        <time>2024-11-16T11:21:55.921Z</time>
      </trkpt>
      <trkpt lat="60.040028" lon="10.818131">
        <ele>278.355900</ele>
        <time>2024-11-16T11:21:58.462Z</time>
      </trkpt>
      <trkpt lat="60.039878" lon="10.818029">
        <ele>278.196079</ele>
        <time>2024-11-16T11:22:03.834Z</time>
      </trkpt>
      <trkpt lat="60.039273" lon="10.818109">
        <ele>277.584374</ele>
        <time>2024-11-16T11:22:24.872Z</time>
      </trkpt>
      <trkpt lat="60.038537" lon="10.818285">
        <ele>278.250978</ele>
        <time>2024-11-16T11:22:51.110Z</time>
      </trkpt>
      <trkpt lat="60.038335" lon="10.818398">
        <ele>278.586968</ele>
        <time>2024-11-16T11:22:59.755Z</time>
      </trkpt>
      <trkpt lat="60.037795" lon="10.818646">
        <ele>279.474496</ele>
        <time>2024-11-16T11:23:25.334Z</time>
      </trkpt>
      <trkpt lat="60.037649" lon="10.818680">
        <ele>279.709961</ele>
        <time>2024-11-16T11:23:32.490Z</time>
      </trkpt>
      <trkpt lat="60.037495" lon="10.818636">
        <ele>279.959164</ele>
        <time>2024-11-16T11:23:40.249Z</time>
      </trkpt>
      <trkpt lat="60.037022" lon="10.817801">
        <ele>281.508521</ele>
        <time>2024-11-16T11:24:13.227Z</time>
      </trkpt>
      <trkpt lat="60.036399" lon="10.817204">
        <ele>283.461326</ele>
        <time>2024-11-16T11:24:48.832Z</time>
      </trkpt>
      <trkpt lat="60.036149" lon="10.816852">
        <ele>284.325451</ele>
        <time>2024-11-16T11:25:02.969Z</time>
      </trkpt>
      <trkpt lat="60.035767" lon="10.816025">
        <ele>285.431831</ele>
        <time>2024-11-16T11:25:27.122Z</time>
      </trkpt>
      <trkpt lat="60.035623" lon="10.815397">
        <ele>285.572952</ele>
        <time>2024-11-16T11:25:41.063Z</time>
      </trkpt>
      <trkpt lat="60.035173" lon="10.814011">
        <ele>285.910555</ele>
        <time>2024-11-16T11:26:11.961Z</time>
      </trkpt>
      <trkpt lat="60.034639" lon="10.813023">
        <ele>285.806935</ele>
        <time>2024-11-16T11:26:38.120Z</time>
      </trkpt>
      <trkpt lat="60.034478" lon="10.812614">
        <ele>285.565135</ele>
        <time>2024-11-16T11:26:47.781Z</time>
      </trkpt>
      <trkpt lat="60.034336" lon="10.812385">
        <ele>285.395628</ele>
        <time>2024-11-16T11:26:54.512Z</time>
      </trkpt>
      <trkpt lat="60.034188" lon="10.812291">
        <ele>285.251285</ele>
        <time>2024-11-16T11:27:00.196Z</time>
      </trkpt>
      <trkpt lat="60.033797" lon="10.812152">
        <ele>284.882114</ele>
        <time>2024-11-16T11:27:14.071Z</time>
      </trkpt>
      <trkpt lat="60.033545" lon="10.812107">
        <ele>284.646917</ele>
        <time>2024-11-16T11:27:22.244Z</time>
      </trkpt>
      <trkpt lat="60.033491" lon="10.812098">
        <ele>284.596543</ele>
        <time>2024-11-16T11:27:23.974Z</time>
      </trkpt>
      <trkpt lat="60.033314" lon="10.812128">
        <ele>284.431410</ele>
        <time>2024-11-16T11:27:29.553Z</time>
      </trkpt>
      <trkpt lat="60.033133" lon="10.812278">
        <ele>283.580049</ele>
        <time>2024-11-16T11:27:35.581Z</time>
      </trkpt>
      <trkpt lat="60.032942" lon="10.812571">
        <ele>282.443568</ele>
        <time>2024-11-16T11:27:42.601Z</time>
      </trkpt>
      <trkpt lat="60.032763" lon="10.812763">
        <ele>281.484445</ele>
        <time>2024-11-16T11:27:48.296Z</time>
      </trkpt>
      <trkpt lat="60.032165" lon="10.812988">
        <ele>278.610619</ele>
        <time>2024-11-16T11:28:04.606Z</time>
      </trkpt>
      <trkpt lat="60.031869" lon="10.813208">
        <ele>277.119360</ele>
        <time>2024-11-16T11:28:12.957Z</time>
      </trkpt>
      <trkpt lat="60.031347" lon="10.813496">
        <ele>274.814709</ele>
        <time>2024-11-16T11:28:27.474Z</time>
      </trkpt>
      <trkpt lat="60.031109" lon="10.813581">
        <ele>273.885622</ele>
        <time>2024-11-16T11:28:34.234Z</time>
      </trkpt>
      <trkpt lat="60.030502" lon="10.813635">
        <ele>271.550591</ele>
        <time>2024-11-16T11:28:52.076Z</time>
      </trkpt>
      <trkpt lat="60.029981" lon="10.813491">
        <ele>269.529369</ele>
        <time>2024-11-16T11:29:08.166Z</time>
      </trkpt>
      <trkpt lat="60.029626" lon="10.813451">
        <ele>268.021027</ele>
        <time>2024-11-16T11:29:18.755Z</time>
      </trkpt>
      <trkpt lat="60.029334" lon="10.813598">
        <ele>266.669151</ele>
        <time>2024-11-16T11:29:27.395Z</time>
      </trkpt>
      <trkpt lat="60.029251" lon="10.813594">
        <ele>266.296381</ele>
        <time>2024-11-16T11:29:29.747Z</time>
      </trkpt>
      <trkpt lat="60.028862" lon="10.813259">
        <ele>264.395036</ele>
        <time>2024-11-16T11:29:41.459Z</time>
      </trkpt>
      <trkpt lat="60.028488" lon="10.812719">
        <ele>262.324564</ele>
        <time>2024-11-16T11:29:53.879Z</time>
      </trkpt>
      <trkpt lat="60.027759" lon="10.811875">
        <ele>259.266196</ele>
        <time>2024-11-16T11:30:16.852Z</time>
      </trkpt>
      <trkpt lat="60.025933" lon="10.810430">
        <ele>253.745923</ele>
        <time>2024-11-16T11:31:18.089Z</time>
      </trkpt>
      <trkpt lat="60.025860" lon="10.810542">
        <ele>253.540679</ele>
        <time>2024-11-16T11:31:21.165Z</time>
      </trkpt>
      <trkpt lat="60.025831" lon="10.810587">
        <ele>253.458798</ele>
        <time>2024-11-16T11:31:22.388Z</time>
      </trkpt>
      <trkpt lat="60.025796" lon="10.810631">
        <ele>253.366571</ele>
        <time>2024-11-16T11:31:23.773Z</time>
      </trkpt>
      <trkpt lat="60.025756" lon="10.810448">
        <ele>253.143883</ele>
        <time>2024-11-16T11:31:27.078Z</time>
      </trkpt>
      <trkpt lat="60.025796" lon="10.810631">
        <ele>252.921195</ele>
        <time>2024-11-16T11:31:30.369Z</time>
      </trkpt>
      <trkpt lat="60.025831" lon="10.810587">
        <ele>252.828968</ele>
        <time>2024-11-16T11:31:31.704Z</time>
      </trkpt>
      <trkpt lat="60.025860" lon="10.810542">
        <ele>252.747087</ele>
        <time>2024-11-16T11:31:32.895Z</time>
      </trkpt>
      <trkpt lat="60.025933" lon="10.810430">
        <ele>252.541843</ele>
        <time>2024-11-16T11:31:35.851Z</time>
      </trkpt>
      <trkpt lat="60.025796" lon="10.809885">
        <ele>251.861679</ele>
        <time>2024-11-16T11:31:45.150Z</time>
      </trkpt>
      <trkpt lat="60.025715" lon="10.809524">
        <ele>251.420495</ele>
        <time>2024-11-16T11:31:51.017Z</time>
      </trkpt>
      <trkpt lat="60.025656" lon="10.809418">
        <ele>251.230381</ele>
        <time>2024-11-16T11:31:53.367Z</time>
      </trkpt>
      <trkpt lat="60.025616" lon="10.809387">
        <ele>251.105252</ele>
        <time>2024-11-16T11:31:54.680Z</time>
      </trkpt>
      <trkpt lat="60.025519" lon="10.809301">
        <ele>250.795768</ele>
        <time>2024-11-16T11:31:57.777Z</time>
      </trkpt>
      <trkpt lat="60.025221" lon="10.809466">
        <ele>249.893799</ele>
        <time>2024-11-16T11:32:06.698Z</time>
      </trkpt>
      <trkpt lat="60.025021" lon="10.809507">
        <ele>249.307312</ele>
        <time>2024-11-16T11:32:12.421Z</time>
      </trkpt>
      <trkpt lat="60.024912" lon="10.809492">
        <ele>248.988589</ele>
        <time>2024-11-16T11:32:15.476Z</time>
      </trkpt>
      <trkpt lat="60.024642" lon="10.809451">
        <ele>248.198687</ele>
        <time>2024-11-16T11:32:23.089Z</time>
      </trkpt>
      <trkpt lat="60.024499" lon="10.809498">
        <ele>247.775944</ele>
        <time>2024-11-16T11:32:27.301Z</time>
      </trkpt>
      <trkpt lat="60.024308" lon="10.809571">
        <ele>247.208695</ele>
        <time>2024-11-16T11:32:33.102Z</time>
      </trkpt>
      <trkpt lat="60.024008" lon="10.809609">
        <ele>246.331791</ele>
        <time>2024-11-16T11:32:42.520Z</time>
      </trkpt>
      <trkpt lat="60.023754" lon="10.809642">
        <ele>245.768025</ele>
        <time>2024-11-16T11:32:51.635Z</time>
      </trkpt>
      <trkpt lat="60.023613" lon="10.809663">
        <ele>245.519296</ele>
        <time>2024-11-16T11:32:57.048Z</time>
      </trkpt>
      <trkpt lat="60.023274" lon="10.809758">
        <ele>244.917120</ele>
        <time>2024-11-16T11:33:09.903Z</time>
      </trkpt>
      <trkpt lat="60.022649" lon="10.809770">
        <ele>243.817586</ele>
        <time>2024-11-16T11:33:31.939Z</time>
      </trkpt>
      <trkpt lat="60.022002" lon="10.809671">
        <ele>242.228631</ele>
        <time>2024-11-16T11:33:51.148Z</time>
      </trkpt>
      <trkpt lat="60.021507" lon="10.809362">
        <ele>239.269357</ele>
        <time>2024-11-16T11:34:04.637Z</time>
      </trkpt>
      <trkpt lat="60.021088" lon="10.809184">
        <ele>236.824780</ele>
        <time>2024-11-16T11:34:15.599Z</time>
      </trkpt>
      <trkpt lat="60.020870" lon="10.809162">
        <ele>235.579041</ele>
        <time>2024-11-16T11:34:21.239Z</time>
      </trkpt>
      <trkpt lat="60.020746" lon="10.809203">
        <ele>234.861761</ele>
        <time>2024-11-16T11:34:24.535Z</time>
      </trkpt>
      <trkpt lat="60.020441" lon="10.809374">
        <ele>233.054063</ele>
        <time>2024-11-16T11:34:32.962Z</time>
      </trkpt>
      <trkpt lat="60.019413" lon="10.810302">
        <ele>231.206725</ele>
        <time>2024-11-16T11:35:07.275Z</time>
      </trkpt>
      <trkpt lat="60.018681" lon="10.810586">
        <ele>230.209986</ele>
        <time>2024-11-16T11:35:37.928Z</time>
      </trkpt>
      <trkpt lat="60.018410" lon="10.810915">
        <ele>230.690534</ele>
        <time>2024-11-16T11:35:52.048Z</time>
      </trkpt>
      <trkpt lat="60.017641" lon="10.811659">
        <ele>232.008868</ele>
        <time>2024-11-16T11:36:32.415Z</time>
      </trkpt>
      <trkpt lat="60.017414" lon="10.811820">
        <ele>232.380581</ele>
        <time>2024-11-16T11:36:42.706Z</time>
      </trkpt>
      <trkpt lat="60.016880" lon="10.812050">
        <ele>232.841037</ele>
        <time>2024-11-16T11:37:04.324Z</time>
      </trkpt>
      <trkpt lat="60.016815" lon="10.812040">
        <ele>232.782324</ele>
        <time>2024-11-16T11:37:06.668Z</time>
      </trkpt>
      <trkpt lat="60.016662" lon="10.811851">
        <ele>232.620386</ele>
        <time>2024-11-16T11:37:13.086Z</time>
      </trkpt>
      <trkpt lat="60.015136" lon="10.809607">
        <ele>230.610182</ele>
        <time>2024-11-16T11:38:15.193Z</time>
      </trkpt>
      <trkpt lat="60.014244" lon="10.808305">
        <ele>228.938570</ele>
        <time>2024-11-16T11:38:50.490Z</time>
      </trkpt>
      <trkpt lat="60.013889" lon="10.807848">
        <ele>228.726709</ele>
        <time>2024-11-16T11:39:04.489Z</time>
      </trkpt>
      <trkpt lat="60.013567" lon="10.807638">
        <ele>228.859113</ele>
        <time>2024-11-16T11:39:16.313Z</time>
      </trkpt>
      <trkpt lat="60.013457" lon="10.807524">
        <ele>228.907544</ele>
        <time>2024-11-16T11:39:20.732Z</time>
      </trkpt>
      <trkpt lat="60.013307" lon="10.807255">
        <ele>228.986294</ele>
        <time>2024-11-16T11:39:28.145Z</time>
      </trkpt>
      <trkpt lat="60.013053" lon="10.806537">
        <ele>229.158176</ele>
        <time>2024-11-16T11:39:45.829Z</time>
      </trkpt>
      <trkpt lat="60.012836" lon="10.806031">
        <ele>229.288456</ele>
        <time>2024-11-16T11:40:01.119Z</time>
      </trkpt>
      <trkpt lat="60.012732" lon="10.805817">
        <ele>229.354757</ele>
        <time>2024-11-16T11:40:08.015Z</time>
      </trkpt>
      <trkpt lat="60.012049" lon="10.805625">
        <ele>230.094756</ele>
        <time>2024-11-16T11:40:28.824Z</time>
      </trkpt>
      <trkpt lat="60.011839" lon="10.805424">
        <ele>230.344524</ele>
        <time>2024-11-16T11:40:35.171Z</time>
      </trkpt>
      <trkpt lat="60.010978" lon="10.804038">
        <ele>231.399422</ele>
        <time>2024-11-16T11:41:01.051Z</time>
      </trkpt>
      <trkpt lat="60.010661" lon="10.803597">
        <ele>231.603860</ele>
        <time>2024-11-16T11:41:10.184Z</time>
      </trkpt>
      <trkpt lat="60.010080" lon="10.802951">
        <ele>231.955809</ele>
        <time>2024-11-16T11:41:27.359Z</time>
      </trkpt>
      <trkpt lat="60.009657" lon="10.802271">
        <ele>232.191668</ele>
        <time>2024-11-16T11:41:41.260Z</time>
      </trkpt>
      <trkpt lat="60.009436" lon="10.801930">
        <ele>231.934350</ele>
        <time>2024-11-16T11:41:47.295Z</time>
      </trkpt>
      <trkpt lat="60.009258" lon="10.801730">
        <ele>231.746128</ele>
        <time>2024-11-16T11:41:51.311Z</time>
      </trkpt>
      <trkpt lat="60.009147" lon="10.801672">
        <ele>231.640356</ele>
        <time>2024-11-16T11:41:53.556Z</time>
      </trkpt>
      <trkpt lat="60.009006" lon="10.801667">
        <ele>231.510338</ele>
        <time>2024-11-16T11:41:56.280Z</time>
      </trkpt>
      <trkpt lat="60.008952" lon="10.803398">
        <ele>230.711038</ele>
        <time>2024-11-16T11:42:12.773Z</time>
      </trkpt>
      <trkpt lat="60.008918" lon="10.803695">
        <ele>230.570619</ele>
        <time>2024-11-16T11:42:15.592Z</time>
      </trkpt>
      <trkpt lat="60.008876" lon="10.803765">
        <ele>230.603301</ele>
        <time>2024-11-16T11:42:17.349Z</time>
      </trkpt>
      <trkpt lat="60.008824" lon="10.803772">
        <ele>230.642330</ele>
        <time>2024-11-16T11:42:19.015Z</time>
      </trkpt>
      <trkpt lat="60.008557" lon="10.803339">
        <ele>230.899719</ele>
        <time>2024-11-16T11:42:30.497Z</time>
      </trkpt>
      <trkpt lat="60.008457" lon="10.803237">
        <ele>230.983777</ele>
        <time>2024-11-16T11:42:34.645Z</time>
      </trkpt>
      <trkpt lat="60.008343" lon="10.803281">
        <ele>231.070721</ele>
        <time>2024-11-16T11:42:39.020Z</time>
      </trkpt>
      <trkpt lat="60.008210" lon="10.803522">
        <ele>231.205103</ele>
        <time>2024-11-16T11:42:46.280Z</time>
      </trkpt>
      <trkpt lat="60.007886" lon="10.803197">
        <ele>231.476525</ele>
        <time>2024-11-16T11:42:57.716Z</time>
      </trkpt>
      <trkpt lat="60.007650" lon="10.803037">
        <ele>231.663129</ele>
        <time>2024-11-16T11:43:05.844Z</time>
      </trkpt>
      <trkpt lat="60.007434" lon="10.802950">
        <ele>231.828128</ele>
        <time>2024-11-16T11:43:13.211Z</time>
      </trkpt>
      <trkpt lat="60.007183" lon="10.802913">
        <ele>232.209415</ele>
        <time>2024-11-16T11:43:21.867Z</time>
      </trkpt>
      <trkpt lat="60.006879" lon="10.802934">
        <ele>232.861107</ele>
        <time>2024-11-16T11:43:32.158Z</time>
      </trkpt>
      <trkpt lat="60.006286" lon="10.802990">
        <ele>234.132991</ele>
        <time>2024-11-16T11:43:52.494Z</time>
      </trkpt>
      <trkpt lat="60.006115" lon="10.803067">
        <ele>234.508517</ele>
        <time>2024-11-16T11:43:58.344Z</time>
      </trkpt>
      <trkpt lat="60.005992" lon="10.803146">
        <ele>234.785288</ele>
        <time>2024-11-16T11:44:02.563Z</time>
      </trkpt>
      <trkpt lat="60.005311" lon="10.803809">
        <ele>236.548009</ele>
        <time>2024-11-16T11:44:26.558Z</time>
      </trkpt>
      <trkpt lat="60.004829" lon="10.804042">
        <ele>237.842418</ele>
        <time>2024-11-16T11:44:43.734Z</time>
      </trkpt>
      <trkpt lat="60.004361" lon="10.804591">
        <ele>239.258647</ele>
        <time>2024-11-16T11:45:03.681Z</time>
      </trkpt>
      <trkpt lat="60.003834" lon="10.804880">
        <ele>240.622212</ele>
        <time>2024-11-16T11:45:23.680Z</time>
      </trkpt>
      <trkpt lat="60.003602" lon="10.805130">
        <ele>241.116644</ele>
        <time>2024-11-16T11:45:33.500Z</time>
      </trkpt>
      <trkpt lat="60.003414" lon="10.805407">
        <ele>241.554741</ele>
        <time>2024-11-16T11:45:42.078Z</time>
      </trkpt>
      <trkpt lat="60.003248" lon="10.805638">
        <ele>241.934154</ele>
        <time>2024-11-16T11:45:49.444Z</time>
      </trkpt>
      <trkpt lat="60.002967" lon="10.805865">
        <ele>242.502748</ele>
        <time>2024-11-16T11:45:59.727Z</time>
      </trkpt>
      <trkpt lat="60.002160" lon="10.806145">
        <ele>243.696458</ele>
        <time>2024-11-16T11:46:22.908Z</time>
      </trkpt>
      <trkpt lat="60.000881" lon="10.806522">
        <ele>242.028324</ele>
        <time>2024-11-16T11:46:50.969Z</time>
      </trkpt>
      <trkpt lat="60.000543" lon="10.806665">
        <ele>241.582548</ele>
        <time>2024-11-16T11:46:57.252Z</time>
      </trkpt>
      <trkpt lat="60.000322" lon="10.806811">
        <ele>241.017325</ele>
        <time>2024-11-16T11:47:01.477Z</time>
      </trkpt>
      <trkpt lat="59.999588" lon="10.807710">
        <ele>238.645082</ele>
        <time>2024-11-16T11:47:17.540Z</time>
      </trkpt>
      <trkpt lat="59.999061" lon="10.808349">
        <ele>236.946479</ele>
        <time>2024-11-16T11:47:29.140Z</time>
      </trkpt>
      <trkpt lat="59.998857" lon="10.808516">
        <ele>236.465354</ele>
        <time>2024-11-16T11:47:33.405Z</time>
      </trkpt>
      <trkpt lat="59.998543" lon="10.808658">
        <ele>236.089990</ele>
        <time>2024-11-16T11:47:39.941Z</time>
      </trkpt>
      <trkpt lat="59.998399" lon="10.808659">
        <ele>235.922087</ele>
        <time>2024-11-16T11:47:42.923Z</time>
      </trkpt>
      <trkpt lat="59.997872" lon="10.808498">
        <ele>235.300483</ele>
        <time>2024-11-16T11:47:53.801Z</time>
      </trkpt>
      <trkpt lat="59.997319" lon="10.808266">
        <ele>234.641657</ele>
        <time>2024-11-16T11:48:06.092Z</time>
      </trkpt>
      <trkpt lat="59.997132" lon="10.808241">
        <ele>234.511758</ele>
        <time>2024-11-16T11:48:10.678Z</time>
      </trkpt>
      <trkpt lat="59.996953" lon="10.808274">
        <ele>234.794643</ele>
        <time>2024-11-16T11:48:15.586Z</time>
      </trkpt>
      <trkpt lat="59.995057" lon="10.809613">
        <ele>237.077696</ele>
        <time>2024-11-16T11:49:22.181Z</time>
      </trkpt>
      <trkpt lat="59.995000" lon="10.809680">
        <ele>237.044396</ele>
        <time>2024-11-16T11:49:24.010Z</time>
      </trkpt>
      <trkpt lat="59.994779" lon="10.809850">
        <ele>236.925136</ele>
        <time>2024-11-16T11:49:29.915Z</time>
      </trkpt>
      <trkpt lat="59.994464" lon="10.810004">
        <ele>236.761812</ele>
        <time>2024-11-16T11:49:37.234Z</time>
      </trkpt>
      <trkpt lat="59.994248" lon="10.810010">
        <ele>236.653012</ele>
        <time>2024-11-16T11:49:41.773Z</time>
      </trkpt>
      <trkpt lat="59.994020" lon="10.809821">
        <ele>236.528703</ele>
        <time>2024-11-16T11:49:46.688Z</time>
      </trkpt>
      <trkpt lat="59.993708" lon="10.809417">
        <ele>236.031209</ele>
        <time>2024-11-16T11:49:53.711Z</time>
      </trkpt>
      <trkpt lat="59.993615" lon="10.809342">
        <ele>235.624303</ele>
        <time>2024-11-16T11:49:55.599Z</time>
      </trkpt>
      <trkpt lat="59.993461" lon="10.809297">
        <ele>234.992772</ele>
        <time>2024-11-16T11:49:58.489Z</time>
      </trkpt>
      <trkpt lat="59.993279" lon="10.809304">
        <ele>234.254124</ele>
        <time>2024-11-16T11:50:01.836Z</time>
      </trkpt>
      <trkpt lat="59.991865" lon="10.810056">
        <ele>228.037600</ele>
        <time>2024-11-16T11:50:27.380Z</time>
      </trkpt>
      <trkpt lat="59.991629" lon="10.810158">
        <ele>226.702379</ele>
        <time>2024-11-16T11:50:31.313Z</time>
      </trkpt>
      <trkpt lat="59.991571" lon="10.810235">
        <ele>226.317378</ele>
        <time>2024-11-16T11:50:32.448Z</time>
      </trkpt>
      <trkpt lat="59.991629" lon="10.810158">
        <ele>225.932377</ele>
        <time>2024-11-16T11:50:33.602Z</time>
      </trkpt>
      <trkpt lat="59.991517" lon="10.810008">
        <ele>225.186916</ele>
        <time>2024-11-16T11:50:35.856Z</time>
      </trkpt>
      <trkpt lat="59.991162" lon="10.809731">
        <ele>223.079578</ele>
        <time>2024-11-16T11:50:42.232Z</time>
      </trkpt>
      <trkpt lat="59.990858" lon="10.809707">
        <ele>221.397148</ele>
        <time>2024-11-16T11:50:47.235Z</time>
      </trkpt>
      <trkpt lat="59.990688" lon="10.809764">
        <ele>220.443921</ele>
        <time>2024-11-16T11:50:50.102Z</time>
      </trkpt>
      <trkpt lat="59.990392" lon="10.810026">
        <ele>218.581358</ele>
        <time>2024-11-16T11:50:55.599Z</time>
      </trkpt>
      <trkpt lat="59.990341" lon="10.810061">
        <ele>218.238785</ele>
        <time>2024-11-16T11:50:57.058Z</time>
      </trkpt>
      <trkpt lat="59.990154" lon="10.810156">
        <ele>217.012969</ele>
        <time>2024-11-16T11:51:00.365Z</time>
      </trkpt>
      <trkpt lat="59.989996" lon="10.810218">
        <ele>215.990000</ele>
        <time>2024-11-16T11:51:03.168Z</time>
      </trkpt>
      <trkpt lat="59.989783" lon="10.810234">
        <ele>214.635795</ele>
        <time>2024-11-16T11:51:06.918Z</time>
      </trkpt>
      <trkpt lat="59.989494" lon="10.810050">
        <ele>212.708849</ele>
        <time>2024-11-16T11:51:12.092Z</time>
      </trkpt>
      <trkpt lat="59.989065" lon="10.809946">
        <ele>209.963326</ele>
        <time>2024-11-16T11:51:19.033Z</time>
      </trkpt>
      <trkpt lat="59.988870" lon="10.809794">
        <ele>208.633608</ele>
        <time>2024-11-16T11:51:22.337Z</time>
      </trkpt>
      <trkpt lat="59.988564" lon="10.809736">
        <ele>206.392836</ele>
        <time>2024-11-16T11:51:27.163Z</time>
      </trkpt>
      <trkpt lat="59.988137" lon="10.809568">
        <ele>202.856816</ele>
        <time>2024-11-16T11:51:33.897Z</time>
      </trkpt>
      <trkpt lat="59.987787" lon="10.809232">
        <ele>199.702124</ele>
        <time>2024-11-16T11:51:39.865Z</time>
      </trkpt>
      <trkpt lat="59.987539" lon="10.809113">
        <ele>197.629839</ele>
        <time>2024-11-16T11:51:43.821Z</time>
      </trkpt>
      <trkpt lat="59.987322" lon="10.808857">
        <ele>195.582577</ele>
        <time>2024-11-16T11:51:47.831Z</time>
      </trkpt>
      <trkpt lat="59.987234" lon="10.808799">
        <ele>194.829702</ele>
        <time>2024-11-16T11:51:49.311Z</time>
      </trkpt>
      <trkpt lat="59.987022" lon="10.808729">
        <ele>193.093853</ele>
        <time>2024-11-16T11:51:52.849Z</time>
      </trkpt>
      <trkpt lat="59.986559" lon="10.808876">
        <ele>191.834710</ele>
        <time>2024-11-16T11:52:00.967Z</time>
      </trkpt>
      <trkpt lat="59.986488" lon="10.808862">
        <ele>191.643088</ele>
        <time>2024-11-16T11:52:02.303Z</time>
      </trkpt>
      <trkpt lat="59.986211" lon="10.808669">
        <ele>190.855212</ele>
        <time>2024-11-16T11:52:08.002Z</time>
      </trkpt>
      <trkpt lat="59.985674" lon="10.808653">
        <ele>189.412739</ele>
        <time>2024-11-16T11:52:19.321Z</time>
      </trkpt>
      <trkpt lat="59.985422" lon="10.808358">
        <ele>188.628395</ele>
        <time>2024-11-16T11:52:25.744Z</time>
      </trkpt>
      <trkpt lat="59.985234" lon="10.808280">
        <ele>188.307769</ele>
        <time>2024-11-16T11:52:29.913Z</time>
      </trkpt>
      <trkpt lat="59.985086" lon="10.808137">
        <ele>188.421232</ele>
        <time>2024-11-16T11:52:33.410Z</time>
      </trkpt>
      <trkpt lat="59.984671" lon="10.807815">
        <ele>188.728504</ele>
        <time>2024-11-16T11:52:43.336Z</time>
      </trkpt>
      <trkpt lat="59.984530" lon="10.807574">
        <ele>188.856553</ele>
        <time>2024-11-16T11:52:50.403Z</time>
      </trkpt>
      <trkpt lat="59.984424" lon="10.807236">
        <ele>188.994298</ele>
        <time>2024-11-16T11:52:58.045Z</time>
      </trkpt>
      <trkpt lat="59.984383" lon="10.806941">
        <ele>189.100016</ele>
        <time>2024-11-16T11:53:04.028Z</time>
      </trkpt>
      <trkpt lat="59.984367" lon="10.806391">
        <ele>189.290245</ele>
        <time>2024-11-16T11:53:15.505Z</time>
      </trkpt>
      <trkpt lat="59.984389" lon="10.806256">
        <ele>189.339269</ele>
        <time>2024-11-16T11:53:18.548Z</time>
      </trkpt>
      <trkpt lat="59.984458" lon="10.805989">
        <ele>189.443036</ele>
        <time>2024-11-16T11:53:25.061Z</time>
      </trkpt>
      <trkpt lat="59.984487" lon="10.805607">
        <ele>190.087188</ele>
        <time>2024-11-16T11:53:34.142Z</time>
      </trkpt>
      <trkpt lat="59.984477" lon="10.805145">
        <ele>191.463091</ele>
        <time>2024-11-16T11:53:46.719Z</time>
      </trkpt>
      <trkpt lat="59.984435" lon="10.804953">
        <ele>192.086594</ele>
        <time>2024-11-16T11:53:53.207Z</time>
      </trkpt>
      <trkpt lat="59.984200" lon="10.804313">
        <ele>194.448770</ele>
        <time>2024-11-16T11:54:19.992Z</time>
      </trkpt>
      <trkpt lat="59.984005" lon="10.803975">
        <ele>195.983906</ele>
        <time>2024-11-16T11:54:37.921Z</time>
      </trkpt>
      <trkpt lat="59.983949" lon="10.803909">
        <ele>196.370570</ele>
        <time>2024-11-16T11:54:42.528Z</time>
      </trkpt>
      <trkpt lat="59.983749" lon="10.803189">
        <ele>198.820991</ele>
        <time>2024-11-16T11:55:04.841Z</time>
      </trkpt>
      <trkpt lat="59.983688" lon="10.802763">
        <ele>200.139430</ele>
        <time>2024-11-16T11:55:16.518Z</time>
      </trkpt>
      <trkpt lat="59.983792" lon="10.801119">
        <ele>201.100420</ele>
        <time>2024-11-16T11:55:51.334Z</time>
      </trkpt>
      <trkpt lat="59.983809" lon="10.800550">
        <ele>201.411841</ele>
        <time>2024-11-16T11:55:57.425Z</time>
      </trkpt>
      <trkpt lat="59.983801" lon="10.800007">
        <ele>201.708632</ele>
        <time>2024-11-16T11:56:02.324Z</time>
      </trkpt>
      <trkpt lat="59.983611" lon="10.799672">
        <ele>201.985322</ele>
        <time>2024-11-16T11:56:07.137Z</time>
      </trkpt>
      <trkpt lat="59.983310" lon="10.798593">
        <ele>200.729931</ele>
        <time>2024-11-16T11:56:19.308Z</time>
      </trkpt>
      <trkpt lat="59.983153" lon="10.798211">
        <ele>199.932269</ele>
        <time>2024-11-16T11:56:24.206Z</time>
      </trkpt>
      <trkpt lat="59.983063" lon="10.798110">
        <ele>199.599385</ele>
        <time>2024-11-16T11:56:26.300Z</time>
      </trkpt>
      <trkpt lat="59.982990" lon="10.798103">
        <ele>199.363673</ele>
        <time>2024-11-16T11:56:27.731Z</time>
      </trkpt>
      <trkpt lat="59.982865" lon="10.798176">
        <ele>198.943666</ele>
        <time>2024-11-16T11:56:30.148Z</time>
      </trkpt>
      <trkpt lat="59.982604" lon="10.798481">
        <ele>197.968594</ele>
        <time>2024-11-16T11:56:35.910Z</time>
      </trkpt>
      <trkpt lat="59.982457" lon="10.798467">
        <ele>197.493948</ele>
        <time>2024-11-16T11:56:38.752Z</time>
      </trkpt>
      <trkpt lat="59.982371" lon="10.798323">
        <ele>197.132125</ele>
        <time>2024-11-16T11:56:40.864Z</time>
      </trkpt>
      <trkpt lat="59.981984" lon="10.797154">
        <ele>193.639125</ele>
        <time>2024-11-16T11:56:52.464Z</time>
      </trkpt>
      <trkpt lat="59.981830" lon="10.796879">
        <ele>192.426631</ele>
        <time>2024-11-16T11:56:55.670Z</time>
      </trkpt>
      <trkpt lat="59.981637" lon="10.796635">
        <ele>191.085779</ele>
        <time>2024-11-16T11:56:59.224Z</time>
      </trkpt>
      <trkpt lat="59.981231" lon="10.796342">
        <ele>188.551301</ele>
        <time>2024-11-16T11:57:06.188Z</time>
      </trkpt>
      <trkpt lat="59.981023" lon="10.796294">
        <ele>187.321898</ele>
        <time>2024-11-16T11:57:09.606Z</time>
      </trkpt>
      <trkpt lat="59.980753" lon="10.796320">
        <ele>185.859069</ele>
        <time>2024-11-16T11:57:14.237Z</time>
      </trkpt>
      <trkpt lat="59.980276" lon="10.796496">
        <ele>187.712982</ele>
        <time>2024-11-16T11:57:25.314Z</time>
      </trkpt>
      <trkpt lat="59.980182" lon="10.796477">
        <ele>188.074086</ele>
        <time>2024-11-16T11:57:28.806Z</time>
      </trkpt>
      <trkpt lat="59.980017" lon="10.796339">
        <ele>188.757704</ele>
        <time>2024-11-16T11:57:36.260Z</time>
      </trkpt>
      <trkpt lat="59.979497" lon="10.796022">
        <ele>190.835546</ele>
        <time>2024-11-16T11:58:05.245Z</time>
      </trkpt>
      <trkpt lat="59.978894" lon="10.795794">
        <ele>193.180257</ele>
        <time>2024-11-16T11:58:39.849Z</time>
      </trkpt>
      <trkpt lat="59.978431" lon="10.795679">
        <ele>194.960407</ele>
        <time>2024-11-16T11:59:04.691Z</time>
      </trkpt>
      <trkpt lat="59.978164" lon="10.795758">
        <ele>195.990240</ele>
        <time>2024-11-16T11:59:16.359Z</time>
      </trkpt>
      <trkpt lat="59.978003" lon="10.795801">
        <ele>196.609990</ele>
        <time>2024-11-16T11:59:22.824Z</time>
      </trkpt>
      <trkpt lat="59.977921" lon="10.795727">
        <ele>196.953273</ele>
        <time>2024-11-16T11:59:26.076Z</time>
      </trkpt>
      <trkpt lat="59.977867" lon="10.795595">
        <ele>197.278771</ele>
        <time>2024-11-16T11:59:29.122Z</time>
      </trkpt>
      <trkpt lat="59.977859" lon="10.795471">
        <ele>197.517448</ele>
        <time>2024-11-16T11:59:31.178Z</time>
      </trkpt>
      <trkpt lat="59.977895" lon="10.795257">
        <ele>197.948450</ele>
        <time>2024-11-16T11:59:34.819Z</time>
      </trkpt>
      <trkpt lat="59.977945" lon="10.795174">
        <ele>198.196442</ele>
        <time>2024-11-16T11:59:36.732Z</time>
      </trkpt>
      <trkpt lat="59.978023" lon="10.795089">
        <ele>198.535411</ele>
        <time>2024-11-16T11:59:39.324Z</time>
      </trkpt>
      <trkpt lat="59.978196" lon="10.794994">
        <ele>199.219947</ele>
        <time>2024-11-16T11:59:43.938Z</time>
      </trkpt>
      <trkpt lat="59.978373" lon="10.794858">
        <ele>199.305071</ele>
        <time>2024-11-16T11:59:48.428Z</time>
      </trkpt>
      <trkpt lat="59.978484" lon="10.794614">
        <ele>198.920428</ele>
        <time>2024-11-16T11:59:52.059Z</time>
      </trkpt>
      <trkpt lat="59.978507" lon="10.794542">
        <ele>198.820794</ele>
        <time>2024-11-16T11:59:52.961Z</time>
      </trkpt>
      <trkpt lat="59.978566" lon="10.794118">
        <ele>198.307490</ele>
        <time>2024-11-16T11:59:57.239Z</time>
      </trkpt>
      <trkpt lat="59.978555" lon="10.793865">
        <ele>198.011291</ele>
        <time>2024-11-16T11:59:59.642Z</time>
      </trkpt>
      <trkpt lat="59.978512" lon="10.793691">
        <ele>197.784939</ele>
        <time>2024-11-16T12:00:01.459Z</time>
      </trkpt>
      <trkpt lat="59.978166" lon="10.793057">
        <ele>196.690677</ele>
        <time>2024-11-16T12:00:10.261Z</time>
      </trkpt>
      <trkpt lat="59.977937" lon="10.792274">
        <ele>195.632827</ele>
        <time>2024-11-16T12:00:18.505Z</time>
      </trkpt>
      <trkpt lat="59.977892" lon="10.792172">
        <ele>195.474213</ele>
        <time>2024-11-16T12:00:19.739Z</time>
      </trkpt>
      <trkpt lat="59.977764" lon="10.791879">
        <ele>195.025204</ele>
        <time>2024-11-16T12:00:23.286Z</time>
      </trkpt>
      <trkpt lat="59.977597" lon="10.791614">
        <ele>194.535080</ele>
        <time>2024-11-16T12:00:27.155Z</time>
      </trkpt>
      <trkpt lat="59.977452" lon="10.791460">
        <ele>194.157660</ele>
        <time>2024-11-16T12:00:30.130Z</time>
      </trkpt>
      <trkpt lat="59.977254" lon="10.791320">
        <ele>193.674912</ele>
        <time>2024-11-16T12:00:34.051Z</time>
      </trkpt>
      <trkpt lat="59.976931" lon="10.791215">
        <ele>192.922733</ele>
        <time>2024-11-16T12:00:40.790Z</time>
      </trkpt>
      <trkpt lat="59.976709" lon="10.791213">
        <ele>192.412456</ele>
        <time>2024-11-16T12:00:45.525Z</time>
      </trkpt>
      <trkpt lat="59.976377" lon="10.791344">
        <ele>191.634617</ele>
        <time>2024-11-16T12:00:52.272Z</time>
      </trkpt>
      <trkpt lat="59.975974" lon="10.791608">
        <ele>190.720301</ele>
        <time>2024-11-16T12:01:00.905Z</time>
      </trkpt>
      <trkpt lat="59.975839" lon="10.791621">
        <ele>190.443181</ele>
        <time>2024-11-16T12:01:03.729Z</time>
      </trkpt>
      <trkpt lat="59.975664" lon="10.791536">
        <ele>190.073924</ele>
        <time>2024-11-16T12:01:07.500Z</time>
      </trkpt>
      <trkpt lat="59.975555" lon="10.791447">
        <ele>189.832502</ele>
        <time>2024-11-16T12:01:09.905Z</time>
      </trkpt>
      <trkpt lat="59.975270" lon="10.791083">
        <ele>189.139013</ele>
        <time>2024-11-16T12:01:16.673Z</time>
      </trkpt>
      <trkpt lat="59.975056" lon="10.790886">
        <ele>188.655924</ele>
        <time>2024-11-16T12:01:21.168Z</time>
      </trkpt>
      <trkpt lat="59.974787" lon="10.790773">
        <ele>188.092325</ele>
        <time>2024-11-16T12:01:26.372Z</time>
      </trkpt>
      <trkpt lat="59.974457" lon="10.790686">
        <ele>187.351752</ele>
        <time>2024-11-16T12:01:32.892Z</time>
      </trkpt>
      <trkpt lat="59.974181" lon="10.790614">
        <ele>186.509927</ele>
        <time>2024-11-16T12:01:38.290Z</time>
      </trkpt>
      <trkpt lat="59.973822" lon="10.790640">
        <ele>185.423443</ele>
        <time>2024-11-16T12:01:44.959Z</time>
      </trkpt>
      <trkpt lat="59.973587" lon="10.790656">
        <ele>184.712289</ele>
        <time>2024-11-16T12:01:49.497Z</time>
      </trkpt>
      <trkpt lat="59.973320" lon="10.790507">
        <ele>183.873871</ele>
        <time>2024-11-16T12:01:54.775Z</time>
      </trkpt>
      <trkpt lat="59.972942" lon="10.790280">
        <ele>182.680131</ele>
        <time>2024-11-16T12:02:02.074Z</time>
      </trkpt>
      <trkpt lat="59.972789" lon="10.790234">
        <ele>182.212186</ele>
        <time>2024-11-16T12:02:04.844Z</time>
      </trkpt>
      <trkpt lat="59.972734" lon="10.790224">
        <ele>182.035614</ele>
        <time>2024-11-16T12:02:05.847Z</time>
      </trkpt>
      <trkpt lat="59.972495" lon="10.790157">
        <ele>181.157832</ele>
        <time>2024-11-16T12:02:10.015Z</time>
      </trkpt>
      <trkpt lat="59.971841" lon="10.789881">
        <ele>178.726691</ele>
        <time>2024-11-16T12:02:21.505Z</time>
      </trkpt>
      <trkpt lat="59.971240" lon="10.789859">
        <ele>176.540417</ele>
        <time>2024-11-16T12:02:32.548Z</time>
      </trkpt>
      <trkpt lat="59.971032" lon="10.789927">
        <ele>175.773839</ele>
        <time>2024-11-16T12:02:36.844Z</time>
      </trkpt>
      <trkpt lat="59.970762" lon="10.790103">
        <ele>175.096145</ele>
        <time>2024-11-16T12:02:42.464Z</time>
      </trkpt>
      <trkpt lat="59.970678" lon="10.790213">
        <ele>174.891175</ele>
        <time>2024-11-16T12:02:44.347Z</time>
      </trkpt>
      <trkpt lat="59.970605" lon="10.790315">
        <ele>174.709378</ele>
        <time>2024-11-16T12:02:45.999Z</time>
      </trkpt>
      <trkpt lat="59.970434" lon="10.790522">
        <ele>174.301338</ele>
        <time>2024-11-16T12:02:49.790Z</time>
      </trkpt>
      <trkpt lat="59.970222" lon="10.790631">
        <ele>173.854573</ele>
        <time>2024-11-16T12:02:53.972Z</time>
      </trkpt>
      <trkpt lat="59.969962" lon="10.790617">
        <ele>173.323744</ele>
        <time>2024-11-16T12:02:59.094Z</time>
      </trkpt>
      <trkpt lat="59.969628" lon="10.790375">
        <ele>172.598652</ele>
        <time>2024-11-16T12:03:07.036Z</time>
      </trkpt>
      <trkpt lat="59.969149" lon="10.790332">
        <ele>171.578396</ele>
        <time>2024-11-16T12:03:17.273Z</time>
      </trkpt>
      <trkpt lat="59.968771" lon="10.790158">
        <ele>170.659557</ele>
        <time>2024-11-16T12:03:24.401Z</time>
      </trkpt>
      <trkpt lat="59.968611" lon="10.789988">
        <ele>170.230306</ele>
        <time>2024-11-16T12:03:27.428Z</time>
      </trkpt>
      <trkpt lat="59.968452" lon="10.789889">
        <ele>169.835813</ele>
        <time>2024-11-16T12:03:30.372Z</time>
      </trkpt>
      <trkpt lat="59.968144" lon="10.789868">
        <ele>169.105814</ele>
        <time>2024-11-16T12:03:35.686Z</time>
      </trkpt>
      <trkpt lat="59.967945" lon="10.789821">
        <ele>168.631152</ele>
        <time>2024-11-16T12:03:39.041Z</time>
      </trkpt>
      <trkpt lat="59.967689" lon="10.789652">
        <ele>167.992512</ele>
        <time>2024-11-16T12:03:43.543Z</time>
      </trkpt>
      <trkpt lat="59.967442" lon="10.789500">
        <ele>167.506088</ele>
        <time>2024-11-16T12:03:47.875Z</time>
      </trkpt>
      <trkpt lat="59.967279" lon="10.789311">
        <ele>167.294930</ele>
        <time>2024-11-16T12:03:51.068Z</time>
      </trkpt>
      <trkpt lat="59.967130" lon="10.789024">
        <ele>167.063039</ele>
        <time>2024-11-16T12:03:54.624Z</time>
      </trkpt>
      <trkpt lat="59.966974" lon="10.788679">
        <ele>166.802307</ele>
        <time>2024-11-16T12:03:58.686Z</time>
      </trkpt>
      <trkpt lat="59.966852" lon="10.788486">
        <ele>166.627953</ele>
        <time>2024-11-16T12:04:01.477Z</time>
      </trkpt>
      <trkpt lat="59.966742" lon="10.788243">
        <ele>166.444215</ele>
        <time>2024-11-16T12:04:04.536Z</time>
      </trkpt>
      <trkpt lat="59.966295" lon="10.787385">
        <ele>165.749701</ele>
        <time>2024-11-16T12:04:17.836Z</time>
      </trkpt>
      <trkpt lat="59.965800" lon="10.786470">
        <ele>166.340439</ele>
        <time>2024-11-16T12:04:35.877Z</time>
      </trkpt>
      <trkpt lat="59.965777" lon="10.786423">
        <ele>166.384989</ele>
        <time>2024-11-16T12:04:36.727Z</time>
      </trkpt>
      <trkpt lat="59.965768" lon="10.786406">
        <ele>166.401761</ele>
        <time>2024-11-16T12:04:37.053Z</time>
      </trkpt>
      <trkpt lat="59.965551" lon="10.786028">
        <ele>166.791612</ele>
        <time>2024-11-16T12:04:44.923Z</time>
      </trkpt>
      <trkpt lat="59.965380" lon="10.785851">
        <ele>167.052400</ele>
        <time>2024-11-16T12:04:50.354Z</time>
      </trkpt>
      <trkpt lat="59.965134" lon="10.785687">
        <ele>167.403574</ele>
        <time>2024-11-16T12:04:57.775Z</time>
      </trkpt>
      <trkpt lat="59.965100" lon="10.785666">
        <ele>167.451764</ele>
        <time>2024-11-16T12:04:58.823Z</time>
      </trkpt>
      <trkpt lat="59.964895" lon="10.785555">
        <ele>167.739377</ele>
        <time>2024-11-16T12:05:05.191Z</time>
      </trkpt>
      <trkpt lat="59.964801" lon="10.785472">
        <ele>167.878543</ele>
        <time>2024-11-16T12:05:08.288Z</time>
      </trkpt>
      <trkpt lat="59.964496" lon="10.785260">
        <ele>168.035270</ele>
        <time>2024-11-16T12:05:18.300Z</time>
      </trkpt>
      <trkpt lat="59.964464" lon="10.785237">
        <ele>168.034596</ele>
        <time>2024-11-16T12:05:19.386Z</time>
      </trkpt>
      <trkpt lat="59.964070" lon="10.784942">
        <ele>168.026260</ele>
        <time>2024-11-16T12:05:31.541Z</time>
      </trkpt>
      <trkpt lat="59.963789" lon="10.784708">
        <ele>168.020228</ele>
        <time>2024-11-16T12:05:38.727Z</time>
      </trkpt>
      <trkpt lat="59.963697" lon="10.784632">
        <ele>168.018256</ele>
        <time>2024-11-16T12:05:40.979Z</time>
      </trkpt>
      <trkpt lat="59.963526" lon="10.784485">
        <ele>168.014567</ele>
        <time>2024-11-16T12:05:44.854Z</time>
      </trkpt>
      <trkpt lat="59.963269" lon="10.784263">
        <ele>168.009020</ele>
        <time>2024-11-16T12:05:50.074Z</time>
      </trkpt>
      <trkpt lat="59.963283" lon="10.784190">
        <ele>168.008245</ele>
        <time>2024-11-16T12:05:50.752Z</time>
      </trkpt>
      <trkpt lat="59.963273" lon="10.784061">
        <ele>168.006950</ele>
        <time>2024-11-16T12:05:51.898Z</time>
      </trkpt>
      <trkpt lat="59.963338" lon="10.783681">
        <ele>167.938651</ele>
        <time>2024-11-16T12:05:55.370Z</time>
      </trkpt>
      <trkpt lat="59.963161" lon="10.783497">
        <ele>167.577773</ele>
        <time>2024-11-16T12:05:58.668Z</time>
      </trkpt>
      <trkpt lat="59.963042" lon="10.783472">
        <ele>167.361357</ele>
        <time>2024-11-16T12:06:00.614Z</time>
      </trkpt>
      <trkpt lat="59.963003" lon="10.783437">
        <ele>167.284030</ele>
        <time>2024-11-16T12:06:01.275Z</time>
      </trkpt>
      <trkpt lat="59.962933" lon="10.783364">
        <ele>167.141213</ele>
        <time>2024-11-16T12:06:02.561Z</time>
      </trkpt>
      <trkpt lat="59.962781" lon="10.783207">
        <ele>166.831727</ele>
        <time>2024-11-16T12:06:05.311Z</time>
      </trkpt>
      <trkpt lat="59.962735" lon="10.783159">
        <ele>166.737864</ele>
        <time>2024-11-16T12:06:06.124Z</time>
      </trkpt>
      <trkpt lat="59.962416" lon="10.782829">
        <ele>166.088140</ele>
        <time>2024-11-16T12:06:11.985Z</time>
      </trkpt>
      <trkpt lat="59.961993" lon="10.782391">
        <ele>165.226419</ele>
        <time>2024-11-16T12:06:20.795Z</time>
      </trkpt>
      <trkpt lat="59.961750" lon="10.782152">
        <ele>164.762919</ele>
        <time>2024-11-16T12:06:26.739Z</time>
      </trkpt>
      <trkpt lat="59.961643" lon="10.782001">
        <ele>164.971528</ele>
        <time>2024-11-16T12:06:30.165Z</time>
      </trkpt>
      <trkpt lat="59.961398" lon="10.781455">
        <ele>165.556009</ele>
        <time>2024-11-16T12:06:40.918Z</time>
      </trkpt>
      <trkpt lat="59.961255" lon="10.781148">
        <ele>165.890278</ele>
        <time>2024-11-16T12:06:47.676Z</time>
      </trkpt>
      <trkpt lat="59.960721" lon="10.779976">
        <ele>167.153538</ele>
        <time>2024-11-16T12:07:12.650Z</time>
      </trkpt>
      <trkpt lat="59.960506" lon="10.779564">
        <ele>167.618614</ele>
        <time>2024-11-16T12:07:21.278Z</time>
      </trkpt>
      <trkpt lat="59.960420" lon="10.779435">
        <ele>167.669546</ele>
        <time>2024-11-16T12:07:24.512Z</time>
      </trkpt>
      <trkpt lat="59.960157" lon="10.779063">
        <ele>167.822159</ele>
        <time>2024-11-16T12:07:33.311Z</time>
      </trkpt>
      <trkpt lat="59.959881" lon="10.778651">
        <ele>167.985330</ele>
        <time>2024-11-16T12:07:40.790Z</time>
      </trkpt>
      <trkpt lat="59.959723" lon="10.778410">
        <ele>168.079475</ele>
        <time>2024-11-16T12:07:44.834Z</time>
      </trkpt>
      <trkpt lat="59.959675" lon="10.778336">
        <ele>168.108189</ele>
        <time>2024-11-16T12:07:46.137Z</time>
      </trkpt>
      <trkpt lat="59.959491" lon="10.778082">
        <ele>168.214110</ele>
        <time>2024-11-16T12:07:50.839Z</time>
      </trkpt>
      <trkpt lat="59.959306" lon="10.777809">
        <ele>168.323036</ele>
        <time>2024-11-16T12:07:55.966Z</time>
      </trkpt>
      <trkpt lat="59.959267" lon="10.777753">
        <ele>168.345783</ele>
        <time>2024-11-16T12:07:56.964Z</time>
      </trkpt>
      <trkpt lat="59.959135" lon="10.777556">
        <ele>168.423816</ele>
        <time>2024-11-16T12:08:00.765Z</time>
      </trkpt>
      <trkpt lat="59.958955" lon="10.777305">
        <ele>168.608103</ele>
        <time>2024-11-16T12:08:06.278Z</time>
      </trkpt>
      <trkpt lat="59.958923" lon="10.777257">
        <ele>168.651883</ele>
        <time>2024-11-16T12:08:07.300Z</time>
      </trkpt>
      <trkpt lat="59.958776" lon="10.777037">
        <ele>168.852831</ele>
        <time>2024-11-16T12:08:12.081Z</time>
      </trkpt>
      <trkpt lat="59.958608" lon="10.776801">
        <ele>169.077522</ele>
        <time>2024-11-16T12:08:17.448Z</time>
      </trkpt>
      <trkpt lat="59.958592" lon="10.776776">
        <ele>169.099745</ele>
        <time>2024-11-16T12:08:17.989Z</time>
      </trkpt>
      <trkpt lat="59.958464" lon="10.776590">
        <ele>169.272910</ele>
        <time>2024-11-16T12:08:22.106Z</time>
      </trkpt>
      <trkpt lat="59.958367" lon="10.776447">
        <ele>169.404800</ele>
        <time>2024-11-16T12:08:25.265Z</time>
      </trkpt>
      <trkpt lat="59.958174" lon="10.776166">
        <ele>169.666079</ele>
        <time>2024-11-16T12:08:32.109Z</time>
      </trkpt>
      <trkpt lat="59.958137" lon="10.776034">
        <ele>169.748934</ele>
        <time>2024-11-16T12:08:34.430Z</time>
      </trkpt>
      <trkpt lat="59.957959" lon="10.774985">
        <ele>170.355569</ele>
        <time>2024-11-16T12:08:50.263Z</time>
      </trkpt>
      <trkpt lat="59.957838" lon="10.774250">
        <ele>170.320999</ele>
        <time>2024-11-16T12:09:00.339Z</time>
      </trkpt>
      <trkpt lat="59.957805" lon="10.774035">
        <ele>170.280614</ele>
        <time>2024-11-16T12:09:03.336Z</time>
      </trkpt>
      <trkpt lat="59.957766" lon="10.773801">
        <ele>170.236322</ele>
        <time>2024-11-16T12:09:06.520Z</time>
      </trkpt>
      <trkpt lat="59.957698" lon="10.773389">
        <ele>170.158414</ele>
        <time>2024-11-16T12:09:11.758Z</time>
      </trkpt>
      <trkpt lat="59.957638" lon="10.773008">
        <ele>170.086685</ele>
        <time>2024-11-16T12:09:16.405Z</time>
      </trkpt>
      <trkpt lat="59.957340" lon="10.771263">
        <ele>169.489826</ele>
        <time>2024-11-16T12:09:33.706Z</time>
      </trkpt>
      <trkpt lat="59.957196" lon="10.770779">
        <ele>168.584127</ele>
        <time>2024-11-16T12:09:38.306Z</time>
      </trkpt>
      <trkpt lat="59.957007" lon="10.770384">
        <ele>167.705173</ele>
        <time>2024-11-16T12:09:42.564Z</time>
      </trkpt>
      <trkpt lat="59.956793" lon="10.770078">
        <ele>166.859518</ele>
        <time>2024-11-16T12:09:46.671Z</time>
      </trkpt>
      <trkpt lat="59.956595" lon="10.769884">
        <ele>166.150889</ele>
        <time>2024-11-16T12:09:50.138Z</time>
      </trkpt>
      <trkpt lat="59.956433" lon="10.769789">
        <ele>165.608385</ele>
        <time>2024-11-16T12:09:52.808Z</time>
      </trkpt>
      <trkpt lat="59.956067" lon="10.769716">
        <ele>164.426518</ele>
        <time>2024-11-16T12:09:58.663Z</time>
      </trkpt>
      <trkpt lat="59.955809" lon="10.769793">
        <ele>163.616420</ele>
        <time>2024-11-16T12:10:03.069Z</time>
      </trkpt>
      <trkpt lat="59.955676" lon="10.769885">
        <ele>163.194332</ele>
        <time>2024-11-16T12:10:05.508Z</time>
      </trkpt>
      <trkpt lat="59.955492" lon="10.770083">
        <ele>162.567558</ele>
        <time>2024-11-16T12:10:09.074Z</time>
      </trkpt>
      <trkpt lat="59.955351" lon="10.770307">
        <ele>162.027277</ele>
        <time>2024-11-16T12:10:12.308Z</time>
      </trkpt>
      <trkpt lat="59.955233" lon="10.770578">
        <ele>161.488037</ele>
        <time>2024-11-16T12:10:15.650Z</time>
      </trkpt>
      <trkpt lat="59.955066" lon="10.771125">
        <ele>160.526096</ele>
        <time>2024-11-16T12:10:21.905Z</time>
      </trkpt>
      <trkpt lat="59.954976" lon="10.771419">
        <ele>160.008696</ele>
        <time>2024-11-16T12:10:24.865Z</time>
      </trkpt>
      <trkpt lat="59.954923" lon="10.771340">
        <ele>159.810375</ele>
        <time>2024-11-16T12:10:25.938Z</time>
      </trkpt>
      <trkpt lat="59.954854" lon="10.771222">
        <ele>159.537967</ele>
        <time>2024-11-16T12:10:27.359Z</time>
      </trkpt>
      <trkpt lat="59.954821" lon="10.771080">
        <ele>159.302911</ele>
        <time>2024-11-16T12:10:28.564Z</time>
      </trkpt>
      <trkpt lat="59.954822" lon="10.770969">
        <ele>159.136222</ele>
        <time>2024-11-16T12:10:29.408Z</time>
      </trkpt>
      <trkpt lat="59.954976" lon="10.770525">
        <ele>157.727155</ele>
        <time>2024-11-16T12:10:33.415Z</time>
      </trkpt>
      <trkpt lat="59.955096" lon="10.770151">
        <ele>155.687309</ele>
        <time>2024-11-16T12:10:36.668Z</time>
      </trkpt>
      <trkpt lat="59.955137" lon="10.769953">
        <ele>154.703380</ele>
        <time>2024-11-16T12:10:38.232Z</time>
      </trkpt>
      <trkpt lat="59.955135" lon="10.769828">
        <ele>154.129075</ele>
        <time>2024-11-16T12:10:39.122Z</time>
      </trkpt>
      <trkpt lat="59.955127" lon="10.769740">
        <ele>153.718363</ele>
        <time>2024-11-16T12:10:39.757Z</time>
      </trkpt>
      <trkpt lat="59.955095" lon="10.769601">
        <ele>153.015819</ele>
        <time>2024-11-16T12:10:40.836Z</time>
      </trkpt>
      <trkpt lat="59.955006" lon="10.769425">
        <ele>151.867112</ele>
        <time>2024-11-16T12:10:42.591Z</time>
      </trkpt>
      <trkpt lat="59.954902" lon="10.769341">
        <ele>150.838206</ele>
        <time>2024-11-16T12:10:44.147Z</time>
      </trkpt>
      <trkpt lat="59.954800" lon="10.769340">
        <ele>149.902676</ele>
        <time>2024-11-16T12:10:45.551Z</time>
      </trkpt>
      <trkpt lat="59.954575" lon="10.769591">
        <ele>147.538953</ele>
        <time>2024-11-16T12:10:49.040Z</time>
      </trkpt>
      <trkpt lat="59.954358" lon="10.769927">
        <ele>145.020631</ele>
        <time>2024-11-16T12:10:52.671Z</time>
      </trkpt>
      <trkpt lat="59.954325" lon="10.769982">
        <ele>144.626423</ele>
        <time>2024-11-16T12:10:53.235Z</time>
      </trkpt>
      <trkpt lat="59.954068" lon="10.769689">
        <ele>141.889165</ele>
        <time>2024-11-16T12:10:57.127Z</time>
      </trkpt>
      <trkpt lat="59.953711" lon="10.769369">
        <ele>137.898925</ele>
        <time>2024-11-16T12:11:02.329Z</time>
      </trkpt>
      <trkpt lat="59.953638" lon="10.769306">
        <ele>137.088002</ele>
        <time>2024-11-16T12:11:03.387Z</time>
      </trkpt>
      <trkpt lat="59.953367" lon="10.769027">
        <ele>133.978998</ele>
        <time>2024-11-16T12:11:07.492Z</time>
      </trkpt>
      <trkpt lat="59.953302" lon="10.769015">
        <ele>133.313352</ele>
        <time>2024-11-16T12:11:08.365Z</time>
      </trkpt>
      <trkpt lat="59.953417" lon="10.768425">
        <ele>130.080723</ele>
        <time>2024-11-16T12:11:12.635Z</time>
      </trkpt>
      <trkpt lat="59.953381" lon="10.768383">
        <ele>129.655577</ele>
        <time>2024-11-16T12:11:13.206Z</time>
      </trkpt>
      <trkpt lat="59.953092" lon="10.768106">
        <ele>126.386770</ele>
        <time>2024-11-16T12:11:17.596Z</time>
      </trkpt>
      <trkpt lat="59.953045" lon="10.768094">
        <ele>125.903599</ele>
        <time>2024-11-16T12:11:18.247Z</time>
      </trkpt>
      <trkpt lat="59.952979" lon="10.768168">
        <ele>125.131776</ele>
        <time>2024-11-16T12:11:19.313Z</time>
      </trkpt>
      <trkpt lat="59.952926" lon="10.768077">
        <ele>124.419053</ele>
        <time>2024-11-16T12:11:20.290Z</time>
      </trkpt>
      <trkpt lat="59.952985" lon="10.767989">
        <ele>123.736877</ele>
        <time>2024-11-16T12:11:21.349Z</time>
      </trkpt>
      <trkpt lat="59.953186" lon="10.767867">
        <ele>122.936361</ele>
        <time>2024-11-16T12:11:24.421Z</time>
      </trkpt>
      <trkpt lat="59.953257" lon="10.767663">
        <ele>122.462340</ele>
        <time>2024-11-16T12:11:26.267Z</time>
      </trkpt>
      <trkpt lat="59.953339" lon="10.766965">
        <ele>121.094407</ele>
        <time>2024-11-16T12:11:31.663Z</time>
      </trkpt>
      <trkpt lat="59.953355" lon="10.766388">
        <ele>119.991819</ele>
        <time>2024-11-16T12:11:36.097Z</time>
      </trkpt>
      <trkpt lat="59.953352" lon="10.766059">
        <ele>119.363992</ele>
        <time>2024-11-16T12:11:38.729Z</time>
      </trkpt>
      <trkpt lat="59.953305" lon="10.765300">
        <ele>117.904806</ele>
        <time>2024-11-16T12:11:45.114Z</time>
      </trkpt>
      <trkpt lat="59.953286" lon="10.764732">
        <ele>117.020896</ele>
        <time>2024-11-16T12:11:50.574Z</time>
      </trkpt>
      <trkpt lat="59.953227" lon="10.762810">
        <ele>120.399180</ele>
        <time>2024-11-16T12:12:22.064Z</time>
      </trkpt>
      <trkpt lat="59.953119" lon="10.762532">
        <ele>121.016491</ele>
        <time>2024-11-16T12:12:30.836Z</time>
      </trkpt>
      <trkpt lat="59.952790" lon="10.762253">
        <ele>122.268873</ele>
        <time>2024-11-16T12:12:48.492Z</time>
      </trkpt>
      <trkpt lat="59.952802" lon="10.762159">
        <ele>122.439064</ele>
        <time>2024-11-16T12:12:50.852Z</time>
      </trkpt>
      <trkpt lat="59.952841" lon="10.761854">
        <ele>122.991335</ele>
        <time>2024-11-16T12:12:58.109Z</time>
      </trkpt>
      <trkpt lat="59.952888" lon="10.761639">
        <ele>123.348593</ele>
        <time>2024-11-16T12:13:03.311Z</time>
      </trkpt>
      <trkpt lat="59.953077" lon="10.761341">
        <ele>123.932973</ele>
        <time>2024-11-16T12:13:13.457Z</time>
      </trkpt>
      <trkpt lat="59.953137" lon="10.761138">
        <ele>124.219414</ele>
        <time>2024-11-16T12:13:18.074Z</time>
      </trkpt>
      <trkpt lat="59.953158" lon="10.760609">
        <ele>124.864233</ele>
        <time>2024-11-16T12:13:27.846Z</time>
      </trkpt>
      <trkpt lat="59.953115" lon="10.758531">
        <ele>127.391422</ele>
        <time>2024-11-16T12:13:57.332Z</time>
      </trkpt>
      <trkpt lat="59.953110" lon="10.758386">
        <ele>127.568033</ele>
        <time>2024-11-16T12:13:58.731Z</time>
      </trkpt>
      <trkpt lat="59.953169" lon="10.757846">
        <ele>127.293469</ele>
        <time>2024-11-16T12:14:03.982Z</time>
      </trkpt>
      <trkpt lat="59.953150" lon="10.757090">
        <ele>126.871222</ele>
        <time>2024-11-16T12:14:11.143Z</time>
      </trkpt>
      <trkpt lat="59.953137" lon="10.756547">
        <ele>126.567976</ele>
        <time>2024-11-16T12:14:16.239Z</time>
      </trkpt>
      <trkpt lat="59.953136" lon="10.756492">
        <ele>126.537275</ele>
        <time>2024-11-16T12:14:16.778Z</time>
      </trkpt>
      <trkpt lat="59.953042" lon="10.754382">
        <ele>125.043468</ele>
        <time>2024-11-16T12:14:36.199Z</time>
      </trkpt>
      <trkpt lat="59.952980" lon="10.753465">
        <ele>123.832011</ele>
        <time>2024-11-16T12:14:44.227Z</time>
      </trkpt>
      <trkpt lat="59.952860" lon="10.752268">
        <ele>122.233761</ele>
        <time>2024-11-16T12:14:54.178Z</time>
      </trkpt>
      <trkpt lat="59.952671" lon="10.751392">
        <ele>120.984930</ele>
        <time>2024-11-16T12:15:02.028Z</time>
      </trkpt>
      <trkpt lat="59.952558" lon="10.750914">
        <ele>120.294728</ele>
        <time>2024-11-16T12:15:06.420Z</time>
      </trkpt>
      <trkpt lat="59.952435" lon="10.750728">
        <ele>119.892589</ele>
        <time>2024-11-16T12:15:09.015Z</time>
      </trkpt>
      <trkpt lat="59.952307" lon="10.750721">
        <ele>119.558829</ele>
        <time>2024-11-16T12:15:11.160Z</time>
      </trkpt>
      <trkpt lat="59.952295" lon="10.750628">
        <ele>119.433485</ele>
        <time>2024-11-16T12:15:11.985Z</time>
      </trkpt>
      <trkpt lat="59.952278" lon="10.750505">
        <ele>119.266949</ele>
        <time>2024-11-16T12:15:13.071Z</time>
      </trkpt>
      <trkpt lat="59.952267" lon="10.750424">
        <ele>119.157414</ele>
        <time>2024-11-16T12:15:13.772Z</time>
      </trkpt>
      <trkpt lat="59.952359" lon="10.750238">
        <ele>118.816188</ele>
        <time>2024-11-16T12:15:16.000Z</time>
      </trkpt>
      <trkpt lat="59.952374" lon="10.749946">
        <ele>118.433087</ele>
        <time>2024-11-16T12:15:18.487Z</time>
      </trkpt>
      <trkpt lat="59.952370" lon="10.749895">
        <ele>118.365714</ele>
        <time>2024-11-16T12:15:18.908Z</time>
      </trkpt>
      <trkpt lat="59.952244" lon="10.749005">
        <ele>117.158602</ele>
        <time>2024-11-16T12:15:26.860Z</time>
      </trkpt>
      <trkpt lat="59.951853" lon="10.744568">
        <ele>111.502536</ele>
        <time>2024-11-16T12:16:05.239Z</time>
      </trkpt>
      <trkpt lat="59.951831" lon="10.744290">
        <ele>111.128770</ele>
        <time>2024-11-16T12:16:07.563Z</time>
      </trkpt>
      <trkpt lat="59.951772" lon="10.743610">
        <ele>110.212272</ele>
        <time>2024-11-16T12:16:13.283Z</time>
      </trkpt>
      <trkpt lat="59.951636" lon="10.741874">
        <ele>107.878809</ele>
        <time>2024-11-16T12:16:27.984Z</time>
      </trkpt>
      <trkpt lat="59.951533" lon="10.740850">
        <ele>106.437026</ele>
        <time>2024-11-16T12:16:37.222Z</time>
      </trkpt>
      <trkpt lat="59.951426" lon="10.740494">
        <ele>105.821929</ele>
        <time>2024-11-16T12:16:40.696Z</time>
      </trkpt>
      <trkpt lat="59.951302" lon="10.740307">
        <ele>105.362227</ele>
        <time>2024-11-16T12:16:43.239Z</time>
      </trkpt>
      <trkpt lat="59.951006" lon="10.740176">
        <ele>104.465265</ele>
        <time>2024-11-16T12:16:48.106Z</time>
      </trkpt>
      <trkpt lat="59.950884" lon="10.740010">
        <ele>104.028513</ele>
        <time>2024-11-16T12:16:50.461Z</time>
      </trkpt>
      <trkpt lat="59.950868" lon="10.739856">
        <ele>103.795511</ele>
        <time>2024-11-16T12:16:51.711Z</time>
      </trkpt>
      <trkpt lat="59.950870" lon="10.739770">
        <ele>103.667969</ele>
        <time>2024-11-16T12:16:52.441Z</time>
      </trkpt>
      <trkpt lat="59.950872" lon="10.739668">
        <ele>103.516746</ele>
        <time>2024-11-16T12:16:53.301Z</time>
      </trkpt>
      <trkpt lat="59.950873" lon="10.739590">
        <ele>103.401155</ele>
        <time>2024-11-16T12:16:53.956Z</time>
      </trkpt>
      <trkpt lat="59.950948" lon="10.739205">
        <ele>102.789158</ele>
        <time>2024-11-16T12:16:57.301Z</time>
      </trkpt>
      <trkpt lat="59.950893" lon="10.738103">
        <ele>101.471126</ele>
        <time>2024-11-16T12:17:06.443Z</time>
      </trkpt>
      <trkpt lat="59.950824" lon="10.737300">
        <ele>101.049535</ele>
        <time>2024-11-16T12:17:13.556Z</time>
      </trkpt>
      <trkpt lat="59.950693" lon="10.736188">
        <ele>100.458413</ele>
        <time>2024-11-16T12:17:25.214Z</time>
      </trkpt>
      <trkpt lat="59.950477" lon="10.735083">
        <ele>99.844597</ele>
        <time>2024-11-16T12:17:39.296Z</time>
      </trkpt>
      <trkpt lat="59.950025" lon="10.733094">
        <ele>98.908051</ele>
        <time>2024-11-16T12:18:01.543Z</time>
      </trkpt>
      <trkpt lat="59.949948" lon="10.732833">
        <ele>98.779641</ele>
        <time>2024-11-16T12:18:04.240Z</time>
      </trkpt>
      <trkpt lat="59.949877" lon="10.732682">
        <ele>98.691837</ele>
        <time>2024-11-16T12:18:06.150Z</time>
      </trkpt>
      <trkpt lat="59.949656" lon="10.731911">
        <ele>98.315256</ele>
        <time>2024-11-16T12:18:14.349Z</time>
      </trkpt>
      <trkpt lat="59.949566" lon="10.731707">
        <ele>98.289097</ele>
        <time>2024-11-16T12:18:16.882Z</time>
      </trkpt>
      <trkpt lat="59.949478" lon="10.731584">
        <ele>98.326670</ele>
        <time>2024-11-16T12:18:18.890Z</time>
      </trkpt>
      <trkpt lat="59.949315" lon="10.731386">
        <ele>98.393409</ele>
        <time>2024-11-16T12:18:22.556Z</time>
      </trkpt>
      <trkpt lat="59.949245" lon="10.731148">
        <ele>98.441758</ele>
        <time>2024-11-16T12:18:25.244Z</time>
      </trkpt>
      <trkpt lat="59.949254" lon="10.730585">
        <ele>98.540429</ele>
        <time>2024-11-16T12:18:30.839Z</time>
      </trkpt>
      <trkpt lat="59.949493" lon="10.730412">
        <ele>98.629355</ele>
        <time>2024-11-16T12:18:36.408Z</time>
      </trkpt>
      <trkpt lat="59.949760" lon="10.730405">
        <ele>98.722760</ele>
        <time>2024-11-16T12:18:43.408Z</time>
      </trkpt>
      <trkpt lat="59.949920" lon="10.730280">
        <ele>98.782859</ele>
        <time>2024-11-16T12:18:48.364Z</time>
      </trkpt>
      <trkpt lat="59.950177" lon="10.729923">
        <ele>98.893914</ele>
        <time>2024-11-16T12:18:57.987Z</time>
      </trkpt>
      <trkpt lat="59.950372" lon="10.729667">
        <ele>99.807916</ele>
        <time>2024-11-16T12:19:05.722Z</time>
      </trkpt>
      <trkpt lat="59.950697" lon="10.729312">
        <ele>101.258801</ele>
        <time>2024-11-16T12:19:19.096Z</time>
      </trkpt>
      <trkpt lat="59.950724" lon="10.729398">
        <ele>101.457877</ele>
        <time>2024-11-16T12:19:22.638Z</time>
      </trkpt>
      <trkpt lat="59.950778" lon="10.729315">
        <ele>101.724768</ele>
        <time>2024-11-16T12:19:25.130Z</time>
      </trkpt>
      <trkpt lat="59.950880" lon="10.729167">
        <ele>102.218581</ele>
        <time>2024-11-16T12:19:29.800Z</time>
      </trkpt>
      <trkpt lat="59.951353" lon="10.728458">
        <ele>104.534947</ele>
        <time>2024-11-16T12:19:54.421Z</time>
      </trkpt>
      <trkpt lat="59.951537" lon="10.727940">
        <ele>105.780505</ele>
        <time>2024-11-16T12:20:08.143Z</time>
      </trkpt>
      <trkpt lat="59.951638" lon="10.727662">
        <ele>105.936883</ele>
        <time>2024-11-16T12:20:15.300Z</time>
      </trkpt>
      <trkpt lat="59.951706" lon="10.727426">
        <ele>105.936883</ele>
        <time>2024-11-16T12:20:20.788Z</time>
      </trkpt>
      <trkpt lat="59.951869" lon="10.727499">
        <ele>105.936883</ele>
        <time>2024-11-16T12:20:27.199Z</time>
      </trkpt>
      <trkpt lat="59.951994" lon="10.727491">
        <ele>105.936883</ele>
        <time>2024-11-16T12:20:31.796Z</time>
      </trkpt>
      <trkpt lat="59.952114" lon="10.727431">
        <ele>105.936883</ele>
        <time>2024-11-16T12:20:36.094Z</time>
      </trkpt>
      <trkpt lat="59.952145" lon="10.727611">
        <ele>105.936883</ele>
        <time>2024-11-16T12:20:39.344Z</time>
      </trkpt>
      <trkpt lat="59.952085" lon="10.727656">
        <ele>105.936883</ele>
        <time>2024-11-16T12:20:43.811Z</time>
      </trkpt>
      <trkpt lat="59.952157" lon="10.727880">
        <ele>105.936883</ele>
        <time>2024-11-16T12:20:53.079Z</time>
      </trkpt>
      <trkpt lat="59.952178" lon="10.727974">
        <ele>105.936883</ele>
        <time>2024-11-16T12:20:56.661Z</time>
      </trkpt>
    </trkseg>
  </trk>
</gpx>