<?xml version='1.0' encoding='UTF-8'?>
<gpx version="1.1" creator="https://www.komoot.de" xmlns="http://www.topografix.com/GPX/1/1" xmlns:xsi="http://www.w3.org/2001/XMLSchema-instance" xsi:schemaLocation="http://www.topografix.com/GPX/1/1 http://www.topografix.com/GPX/1/1/gpx.xsd">
  <metadata>
    <name>Oslo - Nordmarka - 100km</name>
    <author>
      <link href="https://www.komoot.de">
        <text>komoot</text>
        <type>text/html</type>
      </link>
    </author>
  </metadata>
  <wpt lat="59.972942" lon="10.790272">
    <name>Aussicht auf den Maridalsvannet mit Ruhebank</name>
    <sym>Flag, Blue</sym>
  </wpt>
  <trk>
    <name>Oslo - Nordmarka - 100km</name>
    <trkseg>
      <trkpt lat="59.969196" lon="10.731615">
        <ele>190.462827</ele>
        <time>2024-08-08T09:16:32.582Z</time>
      </trkpt>
      <trkpt lat="59.969281" lon="10.731699">
        <ele>190.462827</ele>
        <time>2024-08-08T09:16:34.515Z</time>
      </trkpt>
      <trkpt lat="59.969307" lon="10.731725">
        <ele>190.462827</ele>
        <time>2024-08-08T09:16:35.534Z</time>
      </trkpt>
      <trkpt lat="59.969681" lon="10.732176">
        <ele>190.462827</ele>
        <time>2024-08-08T09:16:51.226Z</time>
      </trkpt>
      <trkpt lat="59.969831" lon="10.732288">
        <ele>190.462827</ele>
        <time>2024-08-08T09:16:57.305Z</time>
      </trkpt>
      <trkpt lat="59.970656" lon="10.732521">
        <ele>190.665680</ele>
        <time>2024-08-08T09:17:27.636Z</time>
      </trkpt>
      <trkpt lat="59.970614" lon="10.732641">
        <ele>190.688385</ele>
        <time>2024-08-08T09:17:29.366Z</time>
      </trkpt>
      <trkpt lat="59.970616" lon="10.732760">
        <ele>190.706846</ele>
        <time>2024-08-08T09:17:30.815Z</time>
      </trkpt>
      <trkpt lat="59.970763" lon="10.733038">
        <ele>190.769553</ele>
        <time>2024-08-08T09:17:35.728Z</time>
      </trkpt>
      <trkpt lat="59.970894" lon="10.733242">
        <ele>190.821009</ele>
        <time>2024-08-08T09:17:39.961Z</time>
      </trkpt>
      <trkpt lat="59.971024" lon="10.733100">
        <ele>190.866910</ele>
        <time>2024-08-08T09:17:43.940Z</time>
      </trkpt>
      <trkpt lat="59.971106" lon="10.733342">
        <ele>190.912224</ele>
        <time>2024-08-08T09:17:47.883Z</time>
      </trkpt>
      <trkpt lat="59.971140" lon="10.733502">
        <ele>190.939175</ele>
        <time>2024-08-08T09:17:50.625Z</time>
      </trkpt>
      <trkpt lat="59.971147" lon="10.733647">
        <ele>190.961761</ele>
        <time>2024-08-08T09:17:52.916Z</time>
      </trkpt>
      <trkpt lat="59.971131" lon="10.734008">
        <ele>191.017952</ele>
        <time>2024-08-08T09:17:58.331Z</time>
      </trkpt>
      <trkpt lat="59.970993" lon="10.734495">
        <ele>191.572286</ele>
        <time>2024-08-08T09:18:07.633Z</time>
      </trkpt>
      <trkpt lat="59.970915" lon="10.734666">
        <ele>191.806339</ele>
        <time>2024-08-08T09:18:11.511Z</time>
      </trkpt>
      <trkpt lat="59.970635" lon="10.734958">
        <ele>192.444765</ele>
        <time>2024-08-08T09:18:22.534Z</time>
      </trkpt>
      <trkpt lat="59.970349" lon="10.735353">
        <ele>193.147528</ele>
        <time>2024-08-08T09:18:34.515Z</time>
      </trkpt>
      <trkpt lat="59.970074" lon="10.735767">
        <ele>193.843512</ele>
        <time>2024-08-08T09:18:46.168Z</time>
      </trkpt>
      <trkpt lat="59.969778" lon="10.735994">
        <ele>194.484391</ele>
        <time>2024-08-08T09:18:57.553Z</time>
      </trkpt>
      <trkpt lat="59.969589" lon="10.736239">
        <ele>195.154303</ele>
        <time>2024-08-08T09:19:06.275Z</time>
      </trkpt>
      <trkpt lat="59.969520" lon="10.736378">
        <ele>195.501977</ele>
        <time>2024-08-08T09:19:10.207Z</time>
      </trkpt>
      <trkpt lat="59.969092" lon="10.737256">
        <ele>197.678574</ele>
        <time>2024-08-08T09:19:37.608Z</time>
      </trkpt>
      <trkpt lat="59.968995" lon="10.737526">
        <ele>198.268805</ele>
        <time>2024-08-08T09:19:45.212Z</time>
      </trkpt>
      <trkpt lat="59.968929" lon="10.738444">
        <ele>199.915784</ele>
        <time>2024-08-08T09:20:05.697Z</time>
      </trkpt>
      <trkpt lat="59.968935" lon="10.738857">
        <ele>200.649525</ele>
        <time>2024-08-08T09:20:14.607Z</time>
      </trkpt>
      <trkpt lat="59.968893" lon="10.739082">
        <ele>201.067656</ele>
        <time>2024-08-08T09:20:19.712Z</time>
      </trkpt>
      <trkpt lat="59.968774" lon="10.739292">
        <ele>201.507137</ele>
        <time>2024-08-08T09:20:26.241Z</time>
      </trkpt>
      <trkpt lat="59.968722" lon="10.739454">
        <ele>201.773758</ele>
        <time>2024-08-08T09:20:30.251Z</time>
      </trkpt>
      <trkpt lat="59.968711" lon="10.739604">
        <ele>201.983780</ele>
        <time>2024-08-08T09:20:33.351Z</time>
      </trkpt>
      <trkpt lat="59.968706" lon="10.739709">
        <ele>202.129900</ele>
        <time>2024-08-08T09:20:35.536Z</time>
      </trkpt>
      <trkpt lat="59.968697" lon="10.740069">
        <ele>202.629250</ele>
        <time>2024-08-08T09:20:42.543Z</time>
      </trkpt>
      <trkpt lat="59.968741" lon="10.740697">
        <ele>203.507738</ele>
        <time>2024-08-08T09:20:54.993Z</time>
      </trkpt>
      <trkpt lat="59.968729" lon="10.740951">
        <ele>203.861183</ele>
        <time>2024-08-08T09:21:00.007Z</time>
      </trkpt>
      <trkpt lat="59.968722" lon="10.741010">
        <ele>203.945184</ele>
        <time>2024-08-08T09:21:01.176Z</time>
      </trkpt>
      <trkpt lat="59.968602" lon="10.741638">
        <ele>204.876445</ele>
        <time>2024-08-08T09:21:14.474Z</time>
      </trkpt>
      <trkpt lat="59.968627" lon="10.741898">
        <ele>205.243226</ele>
        <time>2024-08-08T09:21:19.556Z</time>
      </trkpt>
      <trkpt lat="59.968653" lon="10.742004">
        <ele>205.406762</ele>
        <time>2024-08-08T09:21:21.785Z</time>
      </trkpt>
      <trkpt lat="59.968937" lon="10.742459">
        <ele>206.159517</ele>
        <time>2024-08-08T09:21:33.967Z</time>
      </trkpt>
      <trkpt lat="59.969126" lon="10.742854">
        <ele>206.431098</ele>
        <time>2024-08-08T09:21:42.223Z</time>
      </trkpt>
      <trkpt lat="59.969307" lon="10.743302">
        <ele>206.717231</ele>
        <time>2024-08-08T09:21:50.701Z</time>
      </trkpt>
      <trkpt lat="59.969390" lon="10.743552">
        <ele>206.866323</ele>
        <time>2024-08-08T09:21:55.075Z</time>
      </trkpt>
      <trkpt lat="59.969509" lon="10.743723">
        <ele>207.011873</ele>
        <time>2024-08-08T09:21:58.847Z</time>
      </trkpt>
      <trkpt lat="59.969998" lon="10.744235">
        <ele>207.560074</ele>
        <time>2024-08-08T09:22:13.646Z</time>
      </trkpt>
      <trkpt lat="59.970374" lon="10.744758">
        <ele>208.009705</ele>
        <time>2024-08-08T09:22:27.593Z</time>
      </trkpt>
      <trkpt lat="59.970473" lon="10.744851">
        <ele>208.115623</ele>
        <time>2024-08-08T09:22:30.901Z</time>
      </trkpt>
      <trkpt lat="59.970901" lon="10.745285">
        <ele>208.580327</ele>
        <time>2024-08-08T09:22:44.504Z</time>
      </trkpt>
      <trkpt lat="59.970996" lon="10.745478">
        <ele>208.711498</ele>
        <time>2024-08-08T09:22:48.719Z</time>
      </trkpt>
      <trkpt lat="59.971076" lon="10.745829">
        <ele>208.898378</ele>
        <time>2024-08-08T09:22:54.108Z</time>
      </trkpt>
      <trkpt lat="59.971189" lon="10.746011">
        <ele>209.038902</ele>
        <time>2024-08-08T09:22:58.759Z</time>
      </trkpt>
      <trkpt lat="59.971262" lon="10.746219">
        <ele>209.162000</ele>
        <time>2024-08-08T09:23:02.694Z</time>
      </trkpt>
      <trkpt lat="59.971437" lon="10.746865">
        <ele>209.517925</ele>
        <time>2024-08-08T09:23:13.678Z</time>
      </trkpt>
      <trkpt lat="59.971467" lon="10.747056">
        <ele>209.659306</ele>
        <time>2024-08-08T09:23:16.259Z</time>
      </trkpt>
      <trkpt lat="59.971471" lon="10.747229">
        <ele>209.796085</ele>
        <time>2024-08-08T09:23:18.987Z</time>
      </trkpt>
      <trkpt lat="59.971467" lon="10.747276">
        <ele>209.833738</ele>
        <time>2024-08-08T09:23:19.780Z</time>
      </trkpt>
      <trkpt lat="59.971371" lon="10.747824">
        <ele>210.292296</ele>
        <time>2024-08-08T09:23:28.561Z</time>
      </trkpt>
      <trkpt lat="59.970891" lon="10.748163">
        <ele>211.095763</ele>
        <time>2024-08-08T09:23:45.332Z</time>
      </trkpt>
      <trkpt lat="59.970569" lon="10.748250">
        <ele>211.608574</ele>
        <time>2024-08-08T09:23:56.066Z</time>
      </trkpt>
      <trkpt lat="59.970407" lon="10.748323">
        <ele>211.870665</ele>
        <time>2024-08-08T09:24:01.652Z</time>
      </trkpt>
      <trkpt lat="59.970261" lon="10.748675">
        <ele>212.231755</ele>
        <time>2024-08-08T09:24:09.463Z</time>
      </trkpt>
      <trkpt lat="59.970205" lon="10.748948">
        <ele>212.513105</ele>
        <time>2024-08-08T09:24:14.504Z</time>
      </trkpt>
      <trkpt lat="59.970214" lon="10.749181">
        <ele>212.806891</ele>
        <time>2024-08-08T09:24:18.661Z</time>
      </trkpt>
      <trkpt lat="59.970178" lon="10.749377">
        <ele>213.069363</ele>
        <time>2024-08-08T09:24:22.271Z</time>
      </trkpt>
      <trkpt lat="59.970131" lon="10.749442">
        <ele>213.212948</ele>
        <time>2024-08-08T09:24:24.257Z</time>
      </trkpt>
      <trkpt lat="59.970015" lon="10.749485">
        <ele>213.509316</ele>
        <time>2024-08-08T09:24:28.679Z</time>
      </trkpt>
      <trkpt lat="59.969934" lon="10.749543">
        <ele>213.725460</ele>
        <time>2024-08-08T09:24:31.663Z</time>
      </trkpt>
      <trkpt lat="59.969854" lon="10.749668">
        <ele>213.980569</ele>
        <time>2024-08-08T09:24:35.096Z</time>
      </trkpt>
      <trkpt lat="59.969743" lon="10.749942">
        <ele>214.423743</ele>
        <time>2024-08-08T09:24:41.766Z</time>
      </trkpt>
      <trkpt lat="59.969681" lon="10.750063">
        <ele>214.641451</ele>
        <time>2024-08-08T09:24:44.898Z</time>
      </trkpt>
      <trkpt lat="59.969594" lon="10.750268">
        <ele>214.979359</ele>
        <time>2024-08-08T09:24:49.804Z</time>
      </trkpt>
      <trkpt lat="59.969494" lon="10.750631">
        <ele>215.500283</ele>
        <time>2024-08-08T09:24:58.430Z</time>
      </trkpt>
      <trkpt lat="59.969483" lon="10.750657">
        <ele>215.543084</ele>
        <time>2024-08-08T09:24:59.030Z</time>
      </trkpt>
      <trkpt lat="59.969349" lon="10.750835">
        <ele>215.947292</ele>
        <time>2024-08-08T09:25:05.367Z</time>
      </trkpt>
      <trkpt lat="59.969033" lon="10.750976">
        <ele>216.760645</ele>
        <time>2024-08-08T09:25:18.385Z</time>
      </trkpt>
      <trkpt lat="59.968765" lon="10.750845">
        <ele>217.040578</ele>
        <time>2024-08-08T09:25:29.631Z</time>
      </trkpt>
      <trkpt lat="59.968601" lon="10.750995">
        <ele>217.154766</ele>
        <time>2024-08-08T09:25:36.785Z</time>
      </trkpt>
      <trkpt lat="59.968367" lon="10.751235">
        <ele>217.321288</ele>
        <time>2024-08-08T09:25:45.884Z</time>
      </trkpt>
      <trkpt lat="59.968335" lon="10.751297">
        <ele>217.349508</ele>
        <time>2024-08-08T09:25:47.230Z</time>
      </trkpt>
      <trkpt lat="59.968263" lon="10.751438">
        <ele>217.413334</ele>
        <time>2024-08-08T09:25:50.261Z</time>
      </trkpt>
      <trkpt lat="59.968207" lon="10.751560">
        <ele>217.465786</ele>
        <time>2024-08-08T09:25:52.717Z</time>
      </trkpt>
      <trkpt lat="59.968129" lon="10.751667">
        <ele>217.525686</ele>
        <time>2024-08-08T09:25:55.589Z</time>
      </trkpt>
      <trkpt lat="59.968052" lon="10.751701">
        <ele>217.575610</ele>
        <time>2024-08-08T09:25:57.643Z</time>
      </trkpt>
      <trkpt lat="59.967928" lon="10.751742">
        <ele>217.655182</ele>
        <time>2024-08-08T09:26:00.471Z</time>
      </trkpt>
      <trkpt lat="59.967876" lon="10.751752">
        <ele>217.688255</ele>
        <time>2024-08-08T09:26:01.703Z</time>
      </trkpt>
      <trkpt lat="59.967759" lon="10.751684">
        <ele>217.765397</ele>
        <time>2024-08-08T09:26:04.846Z</time>
      </trkpt>
      <trkpt lat="59.967621" lon="10.751652">
        <ele>217.853351</ele>
        <time>2024-08-08T09:26:07.874Z</time>
      </trkpt>
      <trkpt lat="59.967585" lon="10.751660">
        <ele>217.876283</ele>
        <time>2024-08-08T09:26:08.629Z</time>
      </trkpt>
      <trkpt lat="59.967421" lon="10.751915">
        <ele>218.007845</ele>
        <time>2024-08-08T09:26:13.203Z</time>
      </trkpt>
      <trkpt lat="59.967207" lon="10.752466">
        <ele>216.821676</ele>
        <time>2024-08-08T09:26:20.351Z</time>
      </trkpt>
      <trkpt lat="59.967142" lon="10.752653">
        <ele>216.355996</ele>
        <time>2024-08-08T09:26:22.499Z</time>
      </trkpt>
      <trkpt lat="59.967092" lon="10.752814">
        <ele>215.968445</ele>
        <time>2024-08-08T09:26:24.327Z</time>
      </trkpt>
      <trkpt lat="59.967015" lon="10.753111">
        <ele>215.284301</ele>
        <time>2024-08-08T09:26:27.592Z</time>
      </trkpt>
      <trkpt lat="59.966978" lon="10.753449">
        <ele>214.576616</ele>
        <time>2024-08-08T09:26:30.694Z</time>
      </trkpt>
      <trkpt lat="59.966994" lon="10.753778">
        <ele>213.900513</ele>
        <time>2024-08-08T09:26:33.834Z</time>
      </trkpt>
      <trkpt lat="59.966985" lon="10.754201">
        <ele>213.034532</ele>
        <time>2024-08-08T09:26:37.608Z</time>
      </trkpt>
      <trkpt lat="59.966932" lon="10.754540">
        <ele>212.308101</ele>
        <time>2024-08-08T09:26:40.844Z</time>
      </trkpt>
      <trkpt lat="59.966912" lon="10.754739">
        <ele>211.892943</ele>
        <time>2024-08-08T09:26:42.567Z</time>
      </trkpt>
      <trkpt lat="59.966926" lon="10.754817">
        <ele>211.723453</ele>
        <time>2024-08-08T09:26:43.296Z</time>
      </trkpt>
      <trkpt lat="59.967137" lon="10.755165">
        <ele>210.589569</ele>
        <time>2024-08-08T09:26:48.064Z</time>
      </trkpt>
      <trkpt lat="59.967171" lon="10.755246">
        <ele>210.332887</ele>
        <time>2024-08-08T09:26:48.960Z</time>
      </trkpt>
      <trkpt lat="59.967340" lon="10.755376">
        <ele>209.454361</ele>
        <time>2024-08-08T09:26:52.174Z</time>
      </trkpt>
      <trkpt lat="59.967383" lon="10.755455">
        <ele>209.170974</ele>
        <time>2024-08-08T09:26:53.199Z</time>
      </trkpt>
      <trkpt lat="59.967397" lon="10.755630">
        <ele>208.740676</ele>
        <time>2024-08-08T09:26:54.726Z</time>
      </trkpt>
      <trkpt lat="59.967329" lon="10.756322">
        <ele>207.028405</ele>
        <time>2024-08-08T09:27:00.979Z</time>
      </trkpt>
      <trkpt lat="59.967354" lon="10.756767">
        <ele>205.941149</ele>
        <time>2024-08-08T09:27:05.079Z</time>
      </trkpt>
      <trkpt lat="59.967339" lon="10.757040">
        <ele>205.274315</ele>
        <time>2024-08-08T09:27:07.522Z</time>
      </trkpt>
      <trkpt lat="59.967406" lon="10.757283">
        <ele>204.600699</ele>
        <time>2024-08-08T09:27:10.109Z</time>
      </trkpt>
      <trkpt lat="59.967685" lon="10.757671">
        <ele>202.951621</ele>
        <time>2024-08-08T09:27:16.406Z</time>
      </trkpt>
      <trkpt lat="59.967717" lon="10.757756">
        <ele>202.693372</ele>
        <time>2024-08-08T09:27:17.399Z</time>
      </trkpt>
      <trkpt lat="59.967743" lon="10.757876">
        <ele>202.375882</ele>
        <time>2024-08-08T09:27:18.625Z</time>
      </trkpt>
      <trkpt lat="59.967745" lon="10.758067">
        <ele>201.926492</ele>
        <time>2024-08-08T09:27:20.384Z</time>
      </trkpt>
      <trkpt lat="59.967709" lon="10.758253">
        <ele>201.577339</ele>
        <time>2024-08-08T09:27:22.220Z</time>
      </trkpt>
      <trkpt lat="59.967642" lon="10.758451">
        <ele>201.158881</ele>
        <time>2024-08-08T09:27:24.488Z</time>
      </trkpt>
      <trkpt lat="59.967503" lon="10.758898">
        <ele>200.237509</ele>
        <time>2024-08-08T09:27:29.427Z</time>
      </trkpt>
      <trkpt lat="59.967490" lon="10.759002">
        <ele>200.049831</ele>
        <time>2024-08-08T09:27:30.462Z</time>
      </trkpt>
      <trkpt lat="59.967463" lon="10.759499">
        <ele>199.174562</ele>
        <time>2024-08-08T09:27:35.220Z</time>
      </trkpt>
      <trkpt lat="59.967481" lon="10.759726">
        <ele>198.772168</ele>
        <time>2024-08-08T09:27:37.420Z</time>
      </trkpt>
      <trkpt lat="59.967511" lon="10.759924">
        <ele>198.409969</ele>
        <time>2024-08-08T09:27:39.380Z</time>
      </trkpt>
      <trkpt lat="59.967533" lon="10.760027">
        <ele>198.213899</ele>
        <time>2024-08-08T09:27:40.454Z</time>
      </trkpt>
      <trkpt lat="59.967582" lon="10.760182">
        <ele>197.892920</ele>
        <time>2024-08-08T09:27:42.190Z</time>
      </trkpt>
      <trkpt lat="59.967732" lon="10.760646">
        <ele>196.925812</ele>
        <time>2024-08-08T09:27:47.486Z</time>
      </trkpt>
      <trkpt lat="59.967979" lon="10.761003">
        <ele>195.859387</ele>
        <time>2024-08-08T09:27:53.422Z</time>
      </trkpt>
      <trkpt lat="59.968159" lon="10.761278">
        <ele>195.152346</ele>
        <time>2024-08-08T09:27:57.835Z</time>
      </trkpt>
      <trkpt lat="59.968208" lon="10.761322">
        <ele>194.991008</ele>
        <time>2024-08-08T09:27:58.890Z</time>
      </trkpt>
      <trkpt lat="59.968476" lon="10.761530">
        <ele>194.127547</ele>
        <time>2024-08-08T09:28:04.576Z</time>
      </trkpt>
      <trkpt lat="59.968556" lon="10.761539">
        <ele>193.886905</ele>
        <time>2024-08-08T09:28:06.186Z</time>
      </trkpt>
      <trkpt lat="59.968603" lon="10.761542">
        <ele>193.745680</ele>
        <time>2024-08-08T09:28:07.134Z</time>
      </trkpt>
      <trkpt lat="59.968672" lon="10.761538">
        <ele>193.538368</ele>
        <time>2024-08-08T09:28:08.470Z</time>
      </trkpt>
      <trkpt lat="59.968989" lon="10.761497">
        <ele>192.584341</ele>
        <time>2024-08-08T09:28:14.838Z</time>
      </trkpt>
      <trkpt lat="59.969108" lon="10.761495">
        <ele>192.226940</ele>
        <time>2024-08-08T09:28:17.145Z</time>
      </trkpt>
      <trkpt lat="59.969103" lon="10.761981">
        <ele>191.496311</ele>
        <time>2024-08-08T09:28:21.953Z</time>
      </trkpt>
      <trkpt lat="59.969106" lon="10.762201">
        <ele>191.165521</ele>
        <time>2024-08-08T09:28:24.055Z</time>
      </trkpt>
      <trkpt lat="59.969101" lon="10.762299">
        <ele>191.017460</ele>
        <time>2024-08-08T09:28:25.034Z</time>
      </trkpt>
      <trkpt lat="59.968985" lon="10.763294">
        <ele>189.380106</ele>
        <time>2024-08-08T09:28:34.758Z</time>
      </trkpt>
      <trkpt lat="59.968956" lon="10.763606">
        <ele>188.841537</ele>
        <time>2024-08-08T09:28:37.662Z</time>
      </trkpt>
      <trkpt lat="59.968922" lon="10.763756">
        <ele>188.562070</ele>
        <time>2024-08-08T09:28:39.261Z</time>
      </trkpt>
      <trkpt lat="59.968841" lon="10.764217">
        <ele>187.732860</ele>
        <time>2024-08-08T09:28:44.119Z</time>
      </trkpt>
      <trkpt lat="59.968803" lon="10.764544">
        <ele>187.163122</ele>
        <time>2024-08-08T09:28:47.344Z</time>
      </trkpt>
      <trkpt lat="59.968777" lon="10.764657">
        <ele>186.952045</ele>
        <time>2024-08-08T09:28:48.542Z</time>
      </trkpt>
      <trkpt lat="59.968747" lon="10.764769">
        <ele>186.736450</ele>
        <time>2024-08-08T09:28:49.758Z</time>
      </trkpt>
      <trkpt lat="59.968540" lon="10.765262">
        <ele>185.644279</ele>
        <time>2024-08-08T09:28:56.104Z</time>
      </trkpt>
      <trkpt lat="59.968437" lon="10.765485">
        <ele>185.129262</ele>
        <time>2024-08-08T09:28:59.142Z</time>
      </trkpt>
      <trkpt lat="59.968378" lon="10.765651">
        <ele>184.783712</ele>
        <time>2024-08-08T09:29:01.091Z</time>
      </trkpt>
      <trkpt lat="59.967951" lon="10.765924">
        <ele>182.999326</ele>
        <time>2024-08-08T09:29:09.275Z</time>
      </trkpt>
      <trkpt lat="59.967792" lon="10.766082">
        <ele>182.221866</ele>
        <time>2024-08-08T09:29:12.646Z</time>
      </trkpt>
      <trkpt lat="59.967779" lon="10.766121">
        <ele>182.119191</ele>
        <time>2024-08-08T09:29:13.087Z</time>
      </trkpt>
      <trkpt lat="59.967767" lon="10.766164">
        <ele>182.011313</ele>
        <time>2024-08-08T09:29:13.525Z</time>
      </trkpt>
      <trkpt lat="59.967746" lon="10.766260">
        <ele>181.781743</ele>
        <time>2024-08-08T09:29:14.463Z</time>
      </trkpt>
      <trkpt lat="59.967733" lon="10.766374">
        <ele>181.525545</ele>
        <time>2024-08-08T09:29:15.485Z</time>
      </trkpt>
      <trkpt lat="59.967738" lon="10.766463">
        <ele>181.329304</ele>
        <time>2024-08-08T09:29:16.183Z</time>
      </trkpt>
      <trkpt lat="59.967699" lon="10.766469">
        <ele>181.158052</ele>
        <time>2024-08-08T09:29:16.822Z</time>
      </trkpt>
      <trkpt lat="59.967551" lon="10.766506">
        <ele>180.505038</ele>
        <time>2024-08-08T09:29:19.345Z</time>
      </trkpt>
      <trkpt lat="59.967464" lon="10.766514">
        <ele>180.123739</ele>
        <time>2024-08-08T09:29:20.710Z</time>
      </trkpt>
      <trkpt lat="59.967484" lon="10.766741">
        <ele>179.618685</ele>
        <time>2024-08-08T09:29:22.562Z</time>
      </trkpt>
      <trkpt lat="59.967535" lon="10.766986">
        <ele>179.037256</ele>
        <time>2024-08-08T09:29:24.821Z</time>
      </trkpt>
      <trkpt lat="59.967632" lon="10.767545">
        <ele>177.740842</ele>
        <time>2024-08-08T09:29:29.654Z</time>
      </trkpt>
      <trkpt lat="59.967697" lon="10.767921">
        <ele>176.869188</ele>
        <time>2024-08-08T09:29:32.832Z</time>
      </trkpt>
      <trkpt lat="59.967812" lon="10.767897">
        <ele>176.362966</ele>
        <time>2024-08-08T09:29:34.682Z</time>
      </trkpt>
      <trkpt lat="59.967922" lon="10.767980">
        <ele>175.789032</ele>
        <time>2024-08-08T09:29:36.609Z</time>
      </trkpt>
      <trkpt lat="59.968045" lon="10.768242">
        <ele>174.897932</ele>
        <time>2024-08-08T09:29:39.312Z</time>
      </trkpt>
      <trkpt lat="59.968067" lon="10.768292">
        <ele>174.732785</ele>
        <time>2024-08-08T09:29:39.847Z</time>
      </trkpt>
      <trkpt lat="59.968297" lon="10.768922">
        <ele>172.798405</ele>
        <time>2024-08-08T09:29:46.021Z</time>
      </trkpt>
      <trkpt lat="59.968401" lon="10.769289">
        <ele>171.752226</ele>
        <time>2024-08-08T09:29:49.279Z</time>
      </trkpt>
      <trkpt lat="59.968472" lon="10.769565">
        <ele>170.982440</ele>
        <time>2024-08-08T09:29:51.765Z</time>
      </trkpt>
      <trkpt lat="59.968673" lon="10.770335">
        <ele>168.828201</ele>
        <time>2024-08-08T09:29:58.695Z</time>
      </trkpt>
      <trkpt lat="59.968700" lon="10.770437">
        <ele>168.541973</ele>
        <time>2024-08-08T09:29:59.630Z</time>
      </trkpt>
      <trkpt lat="59.968742" lon="10.770598">
        <ele>168.091605</ele>
        <time>2024-08-08T09:30:01.098Z</time>
      </trkpt>
      <trkpt lat="59.968948" lon="10.771364">
        <ele>166.231358</ele>
        <time>2024-08-08T09:30:08.173Z</time>
      </trkpt>
      <trkpt lat="59.969053" lon="10.771796">
        <ele>165.284509</ele>
        <time>2024-08-08T09:30:12.021Z</time>
      </trkpt>
      <trkpt lat="59.969117" lon="10.772239">
        <ele>164.375443</ele>
        <time>2024-08-08T09:30:15.791Z</time>
      </trkpt>
      <trkpt lat="59.969160" lon="10.773305">
        <ele>162.266944</ele>
        <time>2024-08-08T09:30:24.449Z</time>
      </trkpt>
      <trkpt lat="59.969169" lon="10.773563">
        <ele>161.757047</ele>
        <time>2024-08-08T09:30:26.658Z</time>
      </trkpt>
      <trkpt lat="59.969195" lon="10.774446">
        <ele>160.155822</ele>
        <time>2024-08-08T09:30:34.343Z</time>
      </trkpt>
      <trkpt lat="59.969206" lon="10.774750">
        <ele>159.858635</ele>
        <time>2024-08-08T09:30:36.995Z</time>
      </trkpt>
      <trkpt lat="59.969207" lon="10.775092">
        <ele>159.525164</ele>
        <time>2024-08-08T09:30:40.138Z</time>
      </trkpt>
      <trkpt lat="59.969186" lon="10.775346">
        <ele>159.274146</ele>
        <time>2024-08-08T09:30:42.454Z</time>
      </trkpt>
      <trkpt lat="59.969109" lon="10.775587">
        <ele>158.995357</ele>
        <time>2024-08-08T09:30:45.132Z</time>
      </trkpt>
      <trkpt lat="59.969018" lon="10.775726">
        <ele>158.772194</ele>
        <time>2024-08-08T09:30:47.338Z</time>
      </trkpt>
      <trkpt lat="59.968912" lon="10.775791">
        <ele>158.556171</ele>
        <time>2024-08-08T09:30:49.357Z</time>
      </trkpt>
      <trkpt lat="59.968741" lon="10.775757">
        <ele>158.221371</ele>
        <time>2024-08-08T09:30:52.618Z</time>
      </trkpt>
      <trkpt lat="59.968732" lon="10.775861">
        <ele>158.118460</ele>
        <time>2024-08-08T09:30:53.676Z</time>
      </trkpt>
      <trkpt lat="59.968697" lon="10.776213">
        <ele>157.768531</ele>
        <time>2024-08-08T09:30:56.852Z</time>
      </trkpt>
      <trkpt lat="59.968659" lon="10.776481">
        <ele>157.496930</ele>
        <time>2024-08-08T09:30:59.600Z</time>
      </trkpt>
      <trkpt lat="59.968480" lon="10.777002">
        <ele>156.880739</ele>
        <time>2024-08-08T09:31:05.508Z</time>
      </trkpt>
      <trkpt lat="59.968394" lon="10.777359">
        <ele>156.656290</ele>
        <time>2024-08-08T09:31:09.499Z</time>
      </trkpt>
      <trkpt lat="59.968334" lon="10.777854">
        <ele>156.430571</ele>
        <time>2024-08-08T09:31:14.569Z</time>
      </trkpt>
      <trkpt lat="59.968285" lon="10.777939">
        <ele>156.373110</ele>
        <time>2024-08-08T09:31:15.856Z</time>
      </trkpt>
      <trkpt lat="59.968270" lon="10.778065">
        <ele>156.315710</ele>
        <time>2024-08-08T09:31:17.045Z</time>
      </trkpt>
      <trkpt lat="59.968330" lon="10.778608">
        <ele>156.069265</ele>
        <time>2024-08-08T09:31:22.882Z</time>
      </trkpt>
      <trkpt lat="59.968373" lon="10.778950">
        <ele>155.912986</ele>
        <time>2024-08-08T09:31:26.344Z</time>
      </trkpt>
      <trkpt lat="59.968452" lon="10.778956">
        <ele>155.842979</ele>
        <time>2024-08-08T09:31:29.627Z</time>
      </trkpt>
      <trkpt lat="59.968457" lon="10.778926">
        <ele>155.828966</ele>
        <time>2024-08-08T09:31:30.734Z</time>
      </trkpt>
      <trkpt lat="59.968472" lon="10.778864">
        <ele>155.798447</ele>
        <time>2024-08-08T09:31:33.108Z</time>
      </trkpt>
      <trkpt lat="59.968625" lon="10.780747">
        <ele>154.793945</ele>
        <time>2024-08-08T09:32:06.359Z</time>
      </trkpt>
      <trkpt lat="59.968635" lon="10.780860">
        <ele>154.710128</ele>
        <time>2024-08-08T09:32:08.324Z</time>
      </trkpt>
      <trkpt lat="59.968685" lon="10.781429">
        <ele>154.288165</ele>
        <time>2024-08-08T09:32:17.702Z</time>
      </trkpt>
      <trkpt lat="59.968702" lon="10.781830">
        <ele>153.994220</ele>
        <time>2024-08-08T09:32:24.704Z</time>
      </trkpt>
      <trkpt lat="59.968687" lon="10.782222">
        <ele>153.707062</ele>
        <time>2024-08-08T09:32:30.974Z</time>
      </trkpt>
      <trkpt lat="59.968662" lon="10.782285">
        <ele>153.648337</ele>
        <time>2024-08-08T09:32:32.244Z</time>
      </trkpt>
      <trkpt lat="59.968617" lon="10.782482">
        <ele>153.490166</ele>
        <time>2024-08-08T09:32:35.816Z</time>
      </trkpt>
      <trkpt lat="59.968613" lon="10.782628">
        <ele>153.383366</ele>
        <time>2024-08-08T09:32:38.201Z</time>
      </trkpt>
      <trkpt lat="59.968578" lon="10.783255">
        <ele>152.922555</ele>
        <time>2024-08-08T09:32:48.654Z</time>
      </trkpt>
      <trkpt lat="59.968519" lon="10.783577">
        <ele>152.672094</ele>
        <time>2024-08-08T09:32:54.357Z</time>
      </trkpt>
      <trkpt lat="59.968517" lon="10.783781">
        <ele>152.547987</ele>
        <time>2024-08-08T09:32:57.913Z</time>
      </trkpt>
      <trkpt lat="59.968610" lon="10.784218">
        <ele>152.372847</ele>
        <time>2024-08-08T09:33:06.274Z</time>
      </trkpt>
      <trkpt lat="59.968665" lon="10.784886">
        <ele>152.123165</ele>
        <time>2024-08-08T09:33:17.869Z</time>
      </trkpt>
      <trkpt lat="59.968577" lon="10.785145">
        <ele>152.007707</ele>
        <time>2024-08-08T09:33:23.090Z</time>
      </trkpt>
      <trkpt lat="59.968505" lon="10.785268">
        <ele>151.937899</ele>
        <time>2024-08-08T09:33:26.322Z</time>
      </trkpt>
      <trkpt lat="59.968482" lon="10.785431">
        <ele>151.875438</ele>
        <time>2024-08-08T09:33:29.196Z</time>
      </trkpt>
      <trkpt lat="59.968506" lon="10.785527">
        <ele>151.835859</ele>
        <time>2024-08-08T09:33:31.073Z</time>
      </trkpt>
      <trkpt lat="59.968566" lon="10.785618">
        <ele>151.780348</ele>
        <time>2024-08-08T09:33:33.777Z</time>
      </trkpt>
      <trkpt lat="59.968614" lon="10.785995">
        <ele>151.636874</ele>
        <time>2024-08-08T09:33:40.514Z</time>
      </trkpt>
      <trkpt lat="59.968657" lon="10.786248">
        <ele>151.538330</ele>
        <time>2024-08-08T09:33:45.258Z</time>
      </trkpt>
      <trkpt lat="59.968835" lon="10.786451">
        <ele>151.387292</ele>
        <time>2024-08-08T09:33:52.546Z</time>
      </trkpt>
      <trkpt lat="59.968960" lon="10.786690">
        <ele>151.259796</ele>
        <time>2024-08-08T09:33:59.220Z</time>
      </trkpt>
      <trkpt lat="59.968980" lon="10.786929">
        <ele>151.457479</ele>
        <time>2024-08-08T09:34:03.651Z</time>
      </trkpt>
      <trkpt lat="59.969074" lon="10.787278">
        <ele>151.852727</ele>
        <time>2024-08-08T09:34:11.506Z</time>
      </trkpt>
      <trkpt lat="59.969139" lon="10.787382">
        <ele>152.018659</ele>
        <time>2024-08-08T09:34:15.313Z</time>
      </trkpt>
      <trkpt lat="59.969203" lon="10.787604">
        <ele>152.274155</ele>
        <time>2024-08-08T09:34:20.711Z</time>
      </trkpt>
      <trkpt lat="59.969211" lon="10.787696">
        <ele>152.367278</ele>
        <time>2024-08-08T09:34:22.649Z</time>
      </trkpt>
      <trkpt lat="59.969285" lon="10.787816">
        <ele>152.557185</ele>
        <time>2024-08-08T09:34:27.048Z</time>
      </trkpt>
      <trkpt lat="59.969292" lon="10.787838">
        <ele>152.583183</ele>
        <time>2024-08-08T09:34:27.761Z</time>
      </trkpt>
      <trkpt lat="59.969352" lon="10.788080">
        <ele>152.852512</ele>
        <time>2024-08-08T09:34:37.142Z</time>
      </trkpt>
      <trkpt lat="59.969360" lon="10.788105">
        <ele>152.882104</ele>
        <time>2024-08-08T09:34:38.145Z</time>
      </trkpt>
      <trkpt lat="59.969421" lon="10.788300">
        <ele>153.111432</ele>
        <time>2024-08-08T09:34:46.154Z</time>
      </trkpt>
      <trkpt lat="59.969490" lon="10.788432">
        <ele>153.301782</ele>
        <time>2024-08-08T09:34:52.821Z</time>
      </trkpt>
      <trkpt lat="59.969580" lon="10.788473">
        <ele>153.485724</ele>
        <time>2024-08-08T09:34:59.211Z</time>
      </trkpt>
      <trkpt lat="59.969975" lon="10.788460">
        <ele>154.272933</ele>
        <time>2024-08-08T09:35:26.670Z</time>
      </trkpt>
      <trkpt lat="59.970031" lon="10.788431">
        <ele>154.388209</ele>
        <time>2024-08-08T09:35:30.706Z</time>
      </trkpt>
      <trkpt lat="59.970077" lon="10.788407">
        <ele>154.482945</ele>
        <time>2024-08-08T09:35:33.987Z</time>
      </trkpt>
      <trkpt lat="59.970184" lon="10.788522">
        <ele>154.725045</ele>
        <time>2024-08-08T09:35:42.471Z</time>
      </trkpt>
      <trkpt lat="59.970313" lon="10.788743">
        <ele>155.390295</ele>
        <time>2024-08-08T09:35:54.266Z</time>
      </trkpt>
      <trkpt lat="59.970318" lon="10.788829">
        <ele>155.598395</ele>
        <time>2024-08-08T09:35:57.284Z</time>
      </trkpt>
      <trkpt lat="59.970277" lon="10.788911">
        <ele>155.877005</ele>
        <time>2024-08-08T09:36:01.341Z</time>
      </trkpt>
      <trkpt lat="59.969297" lon="10.788952">
        <ele>160.584866</ele>
        <time>2024-08-08T09:37:09.529Z</time>
      </trkpt>
      <trkpt lat="59.969185" lon="10.789197">
        <ele>161.382466</ele>
        <time>2024-08-08T09:37:21.092Z</time>
      </trkpt>
      <trkpt lat="59.969138" lon="10.789342">
        <ele>161.797716</ele>
        <time>2024-08-08T09:37:24.977Z</time>
      </trkpt>
      <trkpt lat="59.969040" lon="10.789410">
        <ele>162.295972</ele>
        <time>2024-08-08T09:37:30.821Z</time>
      </trkpt>
      <trkpt lat="59.968834" lon="10.789449">
        <ele>163.289798</ele>
        <time>2024-08-08T09:37:40.823Z</time>
      </trkpt>
      <trkpt lat="59.968643" lon="10.789407">
        <ele>164.135851</ele>
        <time>2024-08-08T09:37:49.894Z</time>
      </trkpt>
      <trkpt lat="59.968444" lon="10.789535">
        <ele>165.035951</ele>
        <time>2024-08-08T09:37:59.067Z</time>
      </trkpt>
      <trkpt lat="59.968408" lon="10.789729">
        <ele>165.481796</ele>
        <time>2024-08-08T09:38:04.341Z</time>
      </trkpt>
      <trkpt lat="59.968205" lon="10.789801">
        <ele>166.369481</ele>
        <time>2024-08-08T09:38:13.528Z</time>
      </trkpt>
      <trkpt lat="59.968144" lon="10.789868">
        <ele>166.669184</ele>
        <time>2024-08-08T09:38:16.371Z</time>
      </trkpt>
      <trkpt lat="59.968452" lon="10.789889">
        <ele>167.996058</ele>
        <time>2024-08-08T09:38:31.997Z</time>
      </trkpt>
      <trkpt lat="59.968611" lon="10.789988">
        <ele>168.713105</ele>
        <time>2024-08-08T09:38:40.590Z</time>
      </trkpt>
      <trkpt lat="59.968771" lon="10.790158">
        <ele>169.493328</ele>
        <time>2024-08-08T09:38:48.232Z</time>
      </trkpt>
      <trkpt lat="59.969149" lon="10.790332">
        <ele>171.163446</ele>
        <time>2024-08-08T09:39:03.225Z</time>
      </trkpt>
      <trkpt lat="59.969628" lon="10.790375">
        <ele>172.345517</ele>
        <time>2024-08-08T09:39:18.617Z</time>
      </trkpt>
      <trkpt lat="59.969962" lon="10.790617">
        <ele>173.204709</ele>
        <time>2024-08-08T09:39:30.667Z</time>
      </trkpt>
      <trkpt lat="59.970222" lon="10.790631">
        <ele>173.833709</ele>
        <time>2024-08-08T09:39:40.381Z</time>
      </trkpt>
      <trkpt lat="59.970434" lon="10.790522">
        <ele>174.363099</ele>
        <time>2024-08-08T09:39:48.113Z</time>
      </trkpt>
      <trkpt lat="59.970605" lon="10.790315">
        <ele>174.846603</ele>
        <time>2024-08-08T09:39:55.523Z</time>
      </trkpt>
      <trkpt lat="59.970678" lon="10.790213">
        <ele>175.062021</ele>
        <time>2024-08-08T09:39:58.907Z</time>
      </trkpt>
      <trkpt lat="59.970762" lon="10.790103">
        <ele>175.304899</ele>
        <time>2024-08-08T09:40:03.436Z</time>
      </trkpt>
      <trkpt lat="59.971032" lon="10.789927">
        <ele>176.146021</ele>
        <time>2024-08-08T09:40:15.239Z</time>
      </trkpt>
      <trkpt lat="59.971240" lon="10.789859">
        <ele>176.839848</ele>
        <time>2024-08-08T09:40:23.624Z</time>
      </trkpt>
      <trkpt lat="59.971841" lon="10.789881">
        <ele>178.818637</ele>
        <time>2024-08-08T09:40:44.864Z</time>
      </trkpt>
      <trkpt lat="59.972495" lon="10.790157">
        <ele>181.019053</ele>
        <time>2024-08-08T09:41:17.384Z</time>
      </trkpt>
      <trkpt lat="59.972734" lon="10.790224">
        <ele>181.803651</ele>
        <time>2024-08-08T09:41:27.062Z</time>
      </trkpt>
      <trkpt lat="59.972789" lon="10.790234">
        <ele>181.979979</ele>
        <time>2024-08-08T09:41:29.427Z</time>
      </trkpt>
      <trkpt lat="59.972942" lon="10.790280">
        <ele>182.473970</ele>
        <time>2024-08-08T09:41:35.708Z</time>
      </trkpt>
      <trkpt lat="59.973320" lon="10.790507">
        <ele>183.734151</ele>
        <time>2024-08-08T09:41:52.074Z</time>
      </trkpt>
      <trkpt lat="59.973587" lon="10.790656">
        <ele>184.619233</ele>
        <time>2024-08-08T09:42:02.770Z</time>
      </trkpt>
      <trkpt lat="59.973822" lon="10.790640">
        <ele>185.369968</ele>
        <time>2024-08-08T09:42:11.355Z</time>
      </trkpt>
      <trkpt lat="59.974181" lon="10.790614">
        <ele>186.516924</ele>
        <time>2024-08-08T09:42:25.229Z</time>
      </trkpt>
      <trkpt lat="59.974457" lon="10.790686">
        <ele>187.340224</ele>
        <time>2024-08-08T09:42:38.227Z</time>
      </trkpt>
      <trkpt lat="59.974787" lon="10.790773">
        <ele>188.011237</ele>
        <time>2024-08-08T09:42:52.296Z</time>
      </trkpt>
      <trkpt lat="59.975056" lon="10.790886">
        <ele>188.565366</ele>
        <time>2024-08-08T09:43:00.797Z</time>
      </trkpt>
      <trkpt lat="59.975270" lon="10.791083">
        <ele>189.040337</ele>
        <time>2024-08-08T09:43:07.222Z</time>
      </trkpt>
      <trkpt lat="59.975555" lon="10.791447">
        <ele>189.722174</ele>
        <time>2024-08-08T09:43:17.637Z</time>
      </trkpt>
      <trkpt lat="59.975664" lon="10.791536">
        <ele>189.959539</ele>
        <time>2024-08-08T09:43:21.566Z</time>
      </trkpt>
      <trkpt lat="59.975839" lon="10.791621">
        <ele>190.322592</ele>
        <time>2024-08-08T09:43:27.852Z</time>
      </trkpt>
      <trkpt lat="59.975974" lon="10.791608">
        <ele>190.595055</ele>
        <time>2024-08-08T09:43:32.088Z</time>
      </trkpt>
      <trkpt lat="59.976377" lon="10.791344">
        <ele>191.558689</ele>
        <time>2024-08-08T09:43:47.289Z</time>
      </trkpt>
      <trkpt lat="59.976709" lon="10.791213">
        <ele>192.365332</ele>
        <time>2024-08-08T09:44:00.863Z</time>
      </trkpt>
      <trkpt lat="59.976931" lon="10.791215">
        <ele>192.894505</ele>
        <time>2024-08-08T09:44:09.831Z</time>
      </trkpt>
      <trkpt lat="59.977254" lon="10.791320">
        <ele>193.674538</ele>
        <time>2024-08-08T09:44:22.211Z</time>
      </trkpt>
      <trkpt lat="59.977452" lon="10.791460">
        <ele>194.175162</ele>
        <time>2024-08-08T09:44:28.566Z</time>
      </trkpt>
      <trkpt lat="59.977597" lon="10.791614">
        <ele>194.566558</ele>
        <time>2024-08-08T09:44:33.998Z</time>
      </trkpt>
      <trkpt lat="59.977764" lon="10.791879">
        <ele>195.074832</ele>
        <time>2024-08-08T09:44:41.332Z</time>
      </trkpt>
      <trkpt lat="59.977937" lon="10.792274">
        <ele>195.618692</ele>
        <time>2024-08-08T09:44:51.178Z</time>
      </trkpt>
      <trkpt lat="59.978166" lon="10.793057">
        <ele>196.541391</ele>
        <time>2024-08-08T09:45:09.427Z</time>
      </trkpt>
      <trkpt lat="59.978512" lon="10.793691">
        <ele>197.495851</ele>
        <time>2024-08-08T09:45:29.250Z</time>
      </trkpt>
      <trkpt lat="59.978555" lon="10.793865">
        <ele>197.693284</ele>
        <time>2024-08-08T09:45:33.015Z</time>
      </trkpt>
      <trkpt lat="59.978566" lon="10.794118">
        <ele>197.951641</ele>
        <time>2024-08-08T09:45:37.385Z</time>
      </trkpt>
      <trkpt lat="59.978507" lon="10.794542">
        <ele>198.399365</ele>
        <time>2024-08-08T09:45:44.440Z</time>
      </trkpt>
      <trkpt lat="59.978484" lon="10.794614">
        <ele>198.486271</ele>
        <time>2024-08-08T09:45:45.579Z</time>
      </trkpt>
      <trkpt lat="59.978373" lon="10.794858">
        <ele>198.762531</ele>
        <time>2024-08-08T09:45:49.715Z</time>
      </trkpt>
      <trkpt lat="59.978196" lon="10.794994">
        <ele>198.156641</ele>
        <time>2024-08-08T09:45:54.160Z</time>
      </trkpt>
      <trkpt lat="59.978023" lon="10.795089">
        <ele>197.583399</ele>
        <time>2024-08-08T09:45:57.928Z</time>
      </trkpt>
      <trkpt lat="59.977945" lon="10.795174">
        <ele>197.299541</ele>
        <time>2024-08-08T09:45:59.776Z</time>
      </trkpt>
      <trkpt lat="59.977895" lon="10.795257">
        <ele>197.091868</ele>
        <time>2024-08-08T09:46:01.118Z</time>
      </trkpt>
      <trkpt lat="59.977859" lon="10.795471">
        <ele>196.730941</ele>
        <time>2024-08-08T09:46:03.291Z</time>
      </trkpt>
      <trkpt lat="59.977867" lon="10.795595">
        <ele>196.531068</ele>
        <time>2024-08-08T09:46:04.488Z</time>
      </trkpt>
      <trkpt lat="59.977921" lon="10.795727">
        <ele>196.258491</ele>
        <time>2024-08-08T09:46:06.179Z</time>
      </trkpt>
      <trkpt lat="59.978003" lon="10.795801">
        <ele>195.971020</ele>
        <time>2024-08-08T09:46:07.915Z</time>
      </trkpt>
      <trkpt lat="59.978164" lon="10.795758">
        <ele>195.452031</ele>
        <time>2024-08-08T09:46:10.926Z</time>
      </trkpt>
      <trkpt lat="59.978431" lon="10.795679">
        <ele>194.589632</ele>
        <time>2024-08-08T09:46:15.896Z</time>
      </trkpt>
      <trkpt lat="59.978894" lon="10.795794">
        <ele>193.098904</ele>
        <time>2024-08-08T09:46:24.277Z</time>
      </trkpt>
      <trkpt lat="59.979497" lon="10.796022">
        <ele>191.181840</ele>
        <time>2024-08-08T09:46:34.900Z</time>
      </trkpt>
      <trkpt lat="59.980017" lon="10.796339">
        <ele>189.484544</ele>
        <time>2024-08-08T09:46:44.542Z</time>
      </trkpt>
      <trkpt lat="59.980182" lon="10.796477">
        <ele>188.926127</ele>
        <time>2024-08-08T09:46:48.400Z</time>
      </trkpt>
      <trkpt lat="59.980276" lon="10.796496">
        <ele>188.631157</ele>
        <time>2024-08-08T09:46:50.398Z</time>
      </trkpt>
      <trkpt lat="59.980753" lon="10.796320">
        <ele>187.866331</ele>
        <time>2024-08-08T09:47:05.102Z</time>
      </trkpt>
      <trkpt lat="59.981023" lon="10.796294">
        <ele>189.001740</ele>
        <time>2024-08-08T09:47:15.607Z</time>
      </trkpt>
      <trkpt lat="59.981231" lon="10.796342">
        <ele>189.881216</ele>
        <time>2024-08-08T09:47:25.890Z</time>
      </trkpt>
      <trkpt lat="59.981637" lon="10.796635">
        <ele>191.694301</ele>
        <time>2024-08-08T09:47:47.851Z</time>
      </trkpt>
      <trkpt lat="59.981830" lon="10.796879">
        <ele>192.653503</ele>
        <time>2024-08-08T09:47:59.841Z</time>
      </trkpt>
      <trkpt lat="59.981984" lon="10.797154">
        <ele>193.520883</ele>
        <time>2024-08-08T09:48:08.566Z</time>
      </trkpt>
      <trkpt lat="59.982371" lon="10.798323">
        <ele>196.339320</ele>
        <time>2024-08-08T09:48:45.786Z</time>
      </trkpt>
      <trkpt lat="59.982457" lon="10.798467">
        <ele>196.769925</ele>
        <time>2024-08-08T09:48:52.013Z</time>
      </trkpt>
      <trkpt lat="59.982604" lon="10.798481">
        <ele>197.334802</ele>
        <time>2024-08-08T09:49:00.963Z</time>
      </trkpt>
      <trkpt lat="59.982865" lon="10.798176">
        <ele>198.495236</ele>
        <time>2024-08-08T09:49:15.010Z</time>
      </trkpt>
      <trkpt lat="59.982990" lon="10.798103">
        <ele>198.995086</ele>
        <time>2024-08-08T09:49:21.270Z</time>
      </trkpt>
      <trkpt lat="59.983063" lon="10.798110">
        <ele>199.275607</ele>
        <time>2024-08-08T09:49:23.433Z</time>
      </trkpt>
      <trkpt lat="59.983153" lon="10.798211">
        <ele>199.671773</ele>
        <time>2024-08-08T09:49:26.991Z</time>
      </trkpt>
      <trkpt lat="59.983310" lon="10.798593">
        <ele>200.621071</ele>
        <time>2024-08-08T09:49:37.511Z</time>
      </trkpt>
      <trkpt lat="59.983611" lon="10.799672">
        <ele>201.634767</ele>
        <time>2024-08-08T09:49:58.378Z</time>
      </trkpt>
      <trkpt lat="59.983801" lon="10.800007">
        <ele>201.404230</ele>
        <time>2024-08-08T09:50:04.124Z</time>
      </trkpt>
      <trkpt lat="59.983809" lon="10.800550">
        <ele>201.156945</ele>
        <time>2024-08-08T09:50:10.351Z</time>
      </trkpt>
      <trkpt lat="59.983792" lon="10.801119">
        <ele>200.897470</ele>
        <time>2024-08-08T09:50:16.828Z</time>
      </trkpt>
      <trkpt lat="59.983688" lon="10.802763">
        <ele>199.749680</ele>
        <time>2024-08-08T09:50:33.793Z</time>
      </trkpt>
      <trkpt lat="59.983749" lon="10.803189">
        <ele>198.859338</ele>
        <time>2024-08-08T09:50:37.884Z</time>
      </trkpt>
      <trkpt lat="59.983949" lon="10.803909">
        <ele>197.204569</ele>
        <time>2024-08-08T09:50:45.336Z</time>
      </trkpt>
      <trkpt lat="59.983964" lon="10.804282">
        <ele>196.452685</ele>
        <time>2024-08-08T09:50:48.696Z</time>
      </trkpt>
      <trkpt lat="59.983925" lon="10.804530">
        <ele>195.930337</ele>
        <time>2024-08-08T09:50:50.984Z</time>
      </trkpt>
      <trkpt lat="59.983807" lon="10.804867">
        <ele>195.103808</ele>
        <time>2024-08-08T09:50:54.906Z</time>
      </trkpt>
      <trkpt lat="59.983715" lon="10.805106">
        <ele>194.497864</ele>
        <time>2024-08-08T09:50:57.589Z</time>
      </trkpt>
      <trkpt lat="59.983591" lon="10.805460">
        <ele>193.629527</ele>
        <time>2024-08-08T09:51:01.654Z</time>
      </trkpt>
      <trkpt lat="59.983364" lon="10.806166">
        <ele>192.469603</ele>
        <time>2024-08-08T09:51:09.435Z</time>
      </trkpt>
      <trkpt lat="59.983117" lon="10.806843">
        <ele>191.598522</ele>
        <time>2024-08-08T09:51:17.711Z</time>
      </trkpt>
      <trkpt lat="59.982909" lon="10.807315">
        <ele>190.944611</ele>
        <time>2024-08-08T09:51:24.388Z</time>
      </trkpt>
      <trkpt lat="59.982993" lon="10.807455">
        <ele>190.717338</ele>
        <time>2024-08-08T09:51:26.624Z</time>
      </trkpt>
      <trkpt lat="59.983065" lon="10.807484">
        <ele>190.564708</ele>
        <time>2024-08-08T09:51:28.286Z</time>
      </trkpt>
      <trkpt lat="59.983104" lon="10.807496">
        <ele>190.482709</ele>
        <time>2024-08-08T09:51:29.644Z</time>
      </trkpt>
      <trkpt lat="59.983300" lon="10.807531">
        <ele>190.073782</ele>
        <time>2024-08-08T09:51:33.998Z</time>
      </trkpt>
      <trkpt lat="59.983791" lon="10.807498">
        <ele>189.265616</ele>
        <time>2024-08-08T09:51:45.117Z</time>
      </trkpt>
      <trkpt lat="59.984055" lon="10.807522">
        <ele>189.196663</ele>
        <time>2024-08-08T09:51:51.437Z</time>
      </trkpt>
      <trkpt lat="59.984161" lon="10.807572">
        <ele>189.168247</ele>
        <time>2024-08-08T09:51:54.114Z</time>
      </trkpt>
      <trkpt lat="59.984671" lon="10.807815">
        <ele>189.031453</ele>
        <time>2024-08-08T09:52:05.916Z</time>
      </trkpt>
      <trkpt lat="59.985086" lon="10.808137">
        <ele>188.915303</ele>
        <time>2024-08-08T09:52:16.122Z</time>
      </trkpt>
      <trkpt lat="59.985234" lon="10.808280">
        <ele>188.872414</ele>
        <time>2024-08-08T09:52:20.780Z</time>
      </trkpt>
      <trkpt lat="59.985422" lon="10.808358">
        <ele>188.884069</ele>
        <time>2024-08-08T09:52:25.742Z</time>
      </trkpt>
      <trkpt lat="59.985674" lon="10.808653">
        <ele>189.841069</ele>
        <time>2024-08-08T09:52:35.316Z</time>
      </trkpt>
      <trkpt lat="59.986211" lon="10.808669">
        <ele>191.601070</ele>
        <time>2024-08-08T09:52:54.176Z</time>
      </trkpt>
      <trkpt lat="59.986488" lon="10.808862">
        <ele>192.562379</ele>
        <time>2024-08-08T09:53:06.147Z</time>
      </trkpt>
      <trkpt lat="59.986559" lon="10.808876">
        <ele>192.796182</ele>
        <time>2024-08-08T09:53:09.486Z</time>
      </trkpt>
      <trkpt lat="59.987022" lon="10.808729">
        <ele>194.332496</ele>
        <time>2024-08-08T09:53:32.358Z</time>
      </trkpt>
      <trkpt lat="59.987234" lon="10.808799">
        <ele>195.436811</ele>
        <time>2024-08-08T09:53:44.130Z</time>
      </trkpt>
      <trkpt lat="59.987322" lon="10.808857">
        <ele>196.125666</ele>
        <time>2024-08-08T09:53:49.637Z</time>
      </trkpt>
      <trkpt lat="59.987539" lon="10.809113">
        <ele>197.998839</ele>
        <time>2024-08-08T09:54:05.161Z</time>
      </trkpt>
      <trkpt lat="59.987787" lon="10.809232">
        <ele>199.894908</ele>
        <time>2024-08-08T09:54:21.569Z</time>
      </trkpt>
      <trkpt lat="59.988137" lon="10.809568">
        <ele>202.781342</ele>
        <time>2024-08-08T09:54:47.033Z</time>
      </trkpt>
      <trkpt lat="59.988564" lon="10.809736">
        <ele>206.016678</ele>
        <time>2024-08-08T09:55:15.297Z</time>
      </trkpt>
      <trkpt lat="59.988870" lon="10.809794">
        <ele>208.280705</ele>
        <time>2024-08-08T09:55:35.958Z</time>
      </trkpt>
      <trkpt lat="59.989065" lon="10.809946">
        <ele>209.679710</ele>
        <time>2024-08-08T09:55:49.119Z</time>
      </trkpt>
      <trkpt lat="59.989494" lon="10.810050">
        <ele>212.568291</ele>
        <time>2024-08-08T09:56:14.067Z</time>
      </trkpt>
      <trkpt lat="59.989783" lon="10.810234">
        <ele>214.595642</ele>
        <time>2024-08-08T09:56:31.473Z</time>
      </trkpt>
      <trkpt lat="59.989996" lon="10.810218">
        <ele>216.020409</ele>
        <time>2024-08-08T09:56:43.878Z</time>
      </trkpt>
      <trkpt lat="59.990154" lon="10.810156">
        <ele>217.096682</ele>
        <time>2024-08-08T09:56:52.813Z</time>
      </trkpt>
      <trkpt lat="59.990341" lon="10.810061">
        <ele>218.386369</ele>
        <time>2024-08-08T09:57:03.851Z</time>
      </trkpt>
      <trkpt lat="59.990392" lon="10.810026">
        <ele>218.746792</ele>
        <time>2024-08-08T09:57:07.726Z</time>
      </trkpt>
      <trkpt lat="59.990688" lon="10.809764">
        <ele>220.760513</ele>
        <time>2024-08-08T09:57:24.984Z</time>
      </trkpt>
      <trkpt lat="59.990858" lon="10.809707">
        <ele>221.695231</ele>
        <time>2024-08-08T09:57:33.999Z</time>
      </trkpt>
      <trkpt lat="59.991162" lon="10.809731">
        <ele>223.344993</ele>
        <time>2024-08-08T09:57:50.072Z</time>
      </trkpt>
      <trkpt lat="59.991517" lon="10.810008">
        <ele>225.411413</ele>
        <time>2024-08-08T09:58:10.300Z</time>
      </trkpt>
      <trkpt lat="59.991629" lon="10.810158">
        <ele>226.142400</ele>
        <time>2024-08-08T09:58:17.105Z</time>
      </trkpt>
      <trkpt lat="59.991865" lon="10.810056">
        <ele>227.451694</ele>
        <time>2024-08-08T09:58:29.607Z</time>
      </trkpt>
      <trkpt lat="59.993279" lon="10.809304">
        <ele>233.681138</ele>
        <time>2024-08-08T09:59:41.823Z</time>
      </trkpt>
      <trkpt lat="59.993461" lon="10.809297">
        <ele>234.363223</ele>
        <time>2024-08-08T09:59:49.119Z</time>
      </trkpt>
      <trkpt lat="59.993615" lon="10.809342">
        <ele>234.946394</ele>
        <time>2024-08-08T09:59:55.155Z</time>
      </trkpt>
      <trkpt lat="59.993708" lon="10.809417">
        <ele>235.322140</ele>
        <time>2024-08-08T09:59:58.941Z</time>
      </trkpt>
      <trkpt lat="59.994020" lon="10.809821">
        <ele>236.608953</ele>
        <time>2024-08-08T10:00:11.937Z</time>
      </trkpt>
      <trkpt lat="59.994248" lon="10.810010">
        <ele>236.612471</ele>
        <time>2024-08-08T10:00:19.795Z</time>
      </trkpt>
      <trkpt lat="59.994464" lon="10.810004">
        <ele>236.615549</ele>
        <time>2024-08-08T10:00:26.130Z</time>
      </trkpt>
      <trkpt lat="59.994779" lon="10.809850">
        <ele>236.620171</ele>
        <time>2024-08-08T10:00:34.767Z</time>
      </trkpt>
      <trkpt lat="59.995000" lon="10.809680">
        <ele>236.623545</ele>
        <time>2024-08-08T10:00:40.561Z</time>
      </trkpt>
      <trkpt lat="59.995057" lon="10.809613">
        <ele>236.624488</ele>
        <time>2024-08-08T10:00:42.065Z</time>
      </trkpt>
      <trkpt lat="59.996953" lon="10.808274">
        <ele>235.373882</ele>
        <time>2024-08-08T10:01:25.536Z</time>
      </trkpt>
      <trkpt lat="59.997132" lon="10.808241">
        <ele>235.203611</ele>
        <time>2024-08-08T10:01:29.882Z</time>
      </trkpt>
      <trkpt lat="59.997319" lon="10.808266">
        <ele>235.026085</ele>
        <time>2024-08-08T10:01:34.372Z</time>
      </trkpt>
      <trkpt lat="59.997872" lon="10.808498">
        <ele>235.550575</ele>
        <time>2024-08-08T10:01:49.077Z</time>
      </trkpt>
      <trkpt lat="59.998399" lon="10.808659">
        <ele>236.262903</ele>
        <time>2024-08-08T10:02:04.227Z</time>
      </trkpt>
      <trkpt lat="59.998543" lon="10.808658">
        <ele>236.455312</ele>
        <time>2024-08-08T10:02:08.954Z</time>
      </trkpt>
      <trkpt lat="59.998857" lon="10.808516">
        <ele>236.885461</ele>
        <time>2024-08-08T10:02:20.666Z</time>
      </trkpt>
      <trkpt lat="59.999061" lon="10.808349">
        <ele>237.179989</ele>
        <time>2024-08-08T10:02:29.426Z</time>
      </trkpt>
      <trkpt lat="59.999588" lon="10.807710">
        <ele>238.581339</ele>
        <time>2024-08-08T10:02:53.941Z</time>
      </trkpt>
      <trkpt lat="60.000322" lon="10.806811">
        <ele>240.723747</ele>
        <time>2024-08-08T10:03:26.141Z</time>
      </trkpt>
      <trkpt lat="60.000543" lon="10.806665">
        <ele>241.303080</ele>
        <time>2024-08-08T10:03:34.467Z</time>
      </trkpt>
      <trkpt lat="60.000881" lon="10.806522">
        <ele>241.931139</ele>
        <time>2024-08-08T10:03:47.284Z</time>
      </trkpt>
      <trkpt lat="60.002160" lon="10.806145">
        <ele>243.030372</ele>
        <time>2024-08-08T10:04:27.455Z</time>
      </trkpt>
      <trkpt lat="60.002967" lon="10.805865">
        <ele>242.550074</ele>
        <time>2024-08-08T10:04:45.553Z</time>
      </trkpt>
      <trkpt lat="60.003248" lon="10.805638">
        <ele>242.023513</ele>
        <time>2024-08-08T10:04:51.787Z</time>
      </trkpt>
      <trkpt lat="60.003414" lon="10.805407">
        <ele>241.672148</ele>
        <time>2024-08-08T10:04:55.831Z</time>
      </trkpt>
      <trkpt lat="60.003602" lon="10.805130">
        <ele>241.266437</ele>
        <time>2024-08-08T10:05:00.539Z</time>
      </trkpt>
      <trkpt lat="60.003834" lon="10.804880">
        <ele>240.808556</ele>
        <time>2024-08-08T10:05:05.759Z</time>
      </trkpt>
      <trkpt lat="60.004361" lon="10.804591">
        <ele>240.196377</ele>
        <time>2024-08-08T10:05:17.185Z</time>
      </trkpt>
      <trkpt lat="60.004829" lon="10.804042">
        <ele>240.147128</ele>
        <time>2024-08-08T10:05:29.607Z</time>
      </trkpt>
      <trkpt lat="60.005311" lon="10.803809">
        <ele>240.102115</ele>
        <time>2024-08-08T10:05:41.280Z</time>
      </trkpt>
      <trkpt lat="60.005309" lon="10.804196">
        <ele>240.084552</ele>
        <time>2024-08-08T10:05:46.348Z</time>
      </trkpt>
      <trkpt lat="60.005342" lon="10.804484">
        <ele>240.071143</ele>
        <time>2024-08-08T10:05:50.617Z</time>
      </trkpt>
      <trkpt lat="60.005406" lon="10.804775">
        <ele>240.056717</ele>
        <time>2024-08-08T10:05:55.534Z</time>
      </trkpt>
      <trkpt lat="60.005537" lon="10.805098">
        <ele>240.680042</ele>
        <time>2024-08-08T10:06:02.701Z</time>
      </trkpt>
      <trkpt lat="60.005741" lon="10.805371">
        <ele>241.690375</ele>
        <time>2024-08-08T10:06:12.481Z</time>
      </trkpt>
      <trkpt lat="60.005981" lon="10.805544">
        <ele>242.740493</ele>
        <time>2024-08-08T10:06:24.239Z</time>
      </trkpt>
      <trkpt lat="60.006257" lon="10.805749">
        <ele>243.952404</ele>
        <time>2024-08-08T10:06:38.916Z</time>
      </trkpt>
      <trkpt lat="60.006398" lon="10.805914">
        <ele>244.624833</ele>
        <time>2024-08-08T10:06:47.450Z</time>
      </trkpt>
      <trkpt lat="60.006676" lon="10.806599">
        <ele>246.440450</ele>
        <time>2024-08-08T10:07:09.945Z</time>
      </trkpt>
      <trkpt lat="60.006870" lon="10.806978">
        <ele>247.551770</ele>
        <time>2024-08-08T10:07:23.174Z</time>
      </trkpt>
      <trkpt lat="60.007025" lon="10.807219">
        <ele>248.320646</ele>
        <time>2024-08-08T10:07:32.374Z</time>
      </trkpt>
      <trkpt lat="60.007328" lon="10.807991">
        <ele>250.242318</ele>
        <time>2024-08-08T10:07:56.165Z</time>
      </trkpt>
      <trkpt lat="60.007632" lon="10.808438">
        <ele>251.719987</ele>
        <time>2024-08-08T10:08:14.531Z</time>
      </trkpt>
      <trkpt lat="60.007785" lon="10.808573">
        <ele>252.374921</ele>
        <time>2024-08-08T10:08:21.952Z</time>
      </trkpt>
      <trkpt lat="60.007969" lon="10.808655">
        <ele>253.113234</ele>
        <time>2024-08-08T10:08:30.587Z</time>
      </trkpt>
      <trkpt lat="60.008729" lon="10.808761">
        <ele>254.381301</ele>
        <time>2024-08-08T10:08:57.013Z</time>
      </trkpt>
      <trkpt lat="60.009061" lon="10.808934">
        <ele>254.281347</ele>
        <time>2024-08-08T10:09:05.718Z</time>
      </trkpt>
      <trkpt lat="60.009360" lon="10.809056">
        <ele>254.192441</ele>
        <time>2024-08-08T10:09:12.644Z</time>
      </trkpt>
      <trkpt lat="60.009976" lon="10.809109">
        <ele>254.012807</ele>
        <time>2024-08-08T10:09:25.870Z</time>
      </trkpt>
      <trkpt lat="60.010129" lon="10.809172">
        <ele>253.884863</ele>
        <time>2024-08-08T10:09:29.111Z</time>
      </trkpt>
      <trkpt lat="60.010313" lon="10.809316">
        <ele>253.286375</ele>
        <time>2024-08-08T10:09:33.035Z</time>
      </trkpt>
      <trkpt lat="60.010495" lon="10.809529">
        <ele>252.647674</ele>
        <time>2024-08-08T10:09:37.198Z</time>
      </trkpt>
      <trkpt lat="60.011761" lon="10.811407">
        <ele>248.106354</ele>
        <time>2024-08-08T10:10:07.280Z</time>
      </trkpt>
      <trkpt lat="60.012224" lon="10.812098">
        <ele>246.979110</ele>
        <time>2024-08-08T10:10:18.710Z</time>
      </trkpt>
      <trkpt lat="60.012549" lon="10.812440">
        <ele>246.262493</ele>
        <time>2024-08-08T10:10:26.320Z</time>
      </trkpt>
      <trkpt lat="60.012808" lon="10.812545">
        <ele>245.746781</ele>
        <time>2024-08-08T10:10:32.082Z</time>
      </trkpt>
      <trkpt lat="60.013002" lon="10.812538">
        <ele>245.368126</ele>
        <time>2024-08-08T10:10:36.511Z</time>
      </trkpt>
      <trkpt lat="60.013185" lon="10.812471">
        <ele>245.020636</ele>
        <time>2024-08-08T10:10:40.904Z</time>
      </trkpt>
      <trkpt lat="60.013682" lon="10.812170">
        <ele>245.258588</ele>
        <time>2024-08-08T10:10:53.847Z</time>
      </trkpt>
      <trkpt lat="60.013918" lon="10.812091">
        <ele>245.368236</ele>
        <time>2024-08-08T10:10:59.978Z</time>
      </trkpt>
      <trkpt lat="60.014110" lon="10.812111">
        <ele>245.456338</ele>
        <time>2024-08-08T10:11:04.800Z</time>
      </trkpt>
      <trkpt lat="60.014379" lon="10.812222">
        <ele>245.582200</ele>
        <time>2024-08-08T10:11:12.520Z</time>
      </trkpt>
      <trkpt lat="60.014584" lon="10.812432">
        <ele>245.687735</ele>
        <time>2024-08-08T10:11:18.404Z</time>
      </trkpt>
      <trkpt lat="60.014957" lon="10.812943">
        <ele>246.159245</ele>
        <time>2024-08-08T10:11:32.961Z</time>
      </trkpt>
      <trkpt lat="60.015082" lon="10.813059">
        <ele>246.537372</ele>
        <time>2024-08-08T10:11:37.107Z</time>
      </trkpt>
      <trkpt lat="60.015317" lon="10.813137">
        <ele>247.191078</ele>
        <time>2024-08-08T10:11:46.039Z</time>
      </trkpt>
      <trkpt lat="60.015917" lon="10.813176">
        <ele>248.838485</ele>
        <time>2024-08-08T10:12:08.401Z</time>
      </trkpt>
      <trkpt lat="60.016184" lon="10.813284">
        <ele>249.586016</ele>
        <time>2024-08-08T10:12:19.393Z</time>
      </trkpt>
      <trkpt lat="60.016435" lon="10.813464">
        <ele>250.317718</ele>
        <time>2024-08-08T10:12:31.094Z</time>
      </trkpt>
      <trkpt lat="60.016791" lon="10.813535">
        <ele>251.673882</ele>
        <time>2024-08-08T10:12:47.182Z</time>
      </trkpt>
      <trkpt lat="60.017192" lon="10.813501">
        <ele>253.565670</ele>
        <time>2024-08-08T10:13:06.273Z</time>
      </trkpt>
      <trkpt lat="60.017819" lon="10.813312">
        <ele>256.554344</ele>
        <time>2024-08-08T10:13:37.705Z</time>
      </trkpt>
      <trkpt lat="60.018511" lon="10.813193">
        <ele>260.013383</ele>
        <time>2024-08-08T10:14:11.419Z</time>
      </trkpt>
      <trkpt lat="60.019140" lon="10.812879">
        <ele>264.058110</ele>
        <time>2024-08-08T10:14:45.778Z</time>
      </trkpt>
      <trkpt lat="60.020161" lon="10.812817">
        <ele>270.431269</ele>
        <time>2024-08-08T10:15:46.581Z</time>
      </trkpt>
      <trkpt lat="60.020457" lon="10.812887">
        <ele>272.233480</ele>
        <time>2024-08-08T10:16:04.420Z</time>
      </trkpt>
      <trkpt lat="60.021004" lon="10.813343">
        <ele>275.813462</ele>
        <time>2024-08-08T10:16:39.776Z</time>
      </trkpt>
      <trkpt lat="60.021309" lon="10.813482">
        <ele>277.703308</ele>
        <time>2024-08-08T10:16:57.544Z</time>
      </trkpt>
      <trkpt lat="60.021479" lon="10.813705">
        <ele>278.931336</ele>
        <time>2024-08-08T10:17:08.493Z</time>
      </trkpt>
      <trkpt lat="60.021563" lon="10.813849">
        <ele>279.599555</ele>
        <time>2024-08-08T10:17:14.440Z</time>
      </trkpt>
      <trkpt lat="60.021614" lon="10.814008">
        <ele>280.169930</ele>
        <time>2024-08-08T10:17:19.293Z</time>
      </trkpt>
      <trkpt lat="60.021750" lon="10.814720">
        <ele>281.298869</ele>
        <time>2024-08-08T10:17:37.061Z</time>
      </trkpt>
      <trkpt lat="60.021817" lon="10.815028">
        <ele>281.257998</ele>
        <time>2024-08-08T10:17:44.060Z</time>
      </trkpt>
      <trkpt lat="60.021906" lon="10.814898">
        <ele>281.231169</ele>
        <time>2024-08-08T10:17:49.180Z</time>
      </trkpt>
      <trkpt lat="60.022038" lon="10.814656">
        <ele>281.187580</ele>
        <time>2024-08-08T10:17:56.959Z</time>
      </trkpt>
      <trkpt lat="60.022599" lon="10.814029">
        <ele>281.031121</ele>
        <time>2024-08-08T10:18:19.400Z</time>
      </trkpt>
      <trkpt lat="60.022736" lon="10.813885">
        <ele>280.993441</ele>
        <time>2024-08-08T10:18:24.490Z</time>
      </trkpt>
      <trkpt lat="60.023022" lon="10.813698">
        <ele>280.920179</ele>
        <time>2024-08-08T10:18:33.707Z</time>
      </trkpt>
      <trkpt lat="60.023715" lon="10.813105">
        <ele>275.820093</ele>
        <time>2024-08-08T10:18:54.980Z</time>
      </trkpt>
      <trkpt lat="60.024537" lon="10.812572">
        <ele>269.512527</ele>
        <time>2024-08-08T10:19:17.594Z</time>
      </trkpt>
      <trkpt lat="60.024537" lon="10.812572">
        <ele>269.512527</ele>
        <time>2024-08-08T10:19:17.599Z</time>
      </trkpt>
      <trkpt lat="60.025119" lon="10.811784">
        <ele>265.216995</ele>
        <time>2024-08-08T10:19:35.980Z</time>
      </trkpt>
      <trkpt lat="60.025592" lon="10.810965">
        <ele>261.773300</ele>
        <time>2024-08-08T10:19:53.021Z</time>
      </trkpt>
      <trkpt lat="60.025796" lon="10.810631">
        <ele>260.322128</ele>
        <time>2024-08-08T10:20:00.598Z</time>
      </trkpt>
      <trkpt lat="60.025831" lon="10.810587">
        <ele>260.094555</ele>
        <time>2024-08-08T10:20:01.785Z</time>
      </trkpt>
      <trkpt lat="60.025860" lon="10.810542">
        <ele>259.892512</ele>
        <time>2024-08-08T10:20:02.852Z</time>
      </trkpt>
      <trkpt lat="60.025933" lon="10.810430">
        <ele>259.386066</ele>
        <time>2024-08-08T10:20:05.550Z</time>
      </trkpt>
      <trkpt lat="60.027759" lon="10.811875">
        <ele>259.708532</ele>
        <time>2024-08-08T10:21:26.738Z</time>
      </trkpt>
      <trkpt lat="60.028488" lon="10.812719">
        <ele>262.777590</ele>
        <time>2024-08-08T10:22:17.089Z</time>
      </trkpt>
      <trkpt lat="60.028862" lon="10.813259">
        <ele>264.635186</ele>
        <time>2024-08-08T10:22:44.648Z</time>
      </trkpt>
      <trkpt lat="60.029251" lon="10.813594">
        <ele>266.341045</ele>
        <time>2024-08-08T10:23:09.697Z</time>
      </trkpt>
      <trkpt lat="60.029334" lon="10.813598">
        <ele>266.675489</ele>
        <time>2024-08-08T10:23:14.483Z</time>
      </trkpt>
      <trkpt lat="60.029626" lon="10.813451">
        <ele>267.890830</ele>
        <time>2024-08-08T10:23:31.763Z</time>
      </trkpt>
      <trkpt lat="60.029981" lon="10.813491">
        <ele>269.327451</ele>
        <time>2024-08-08T10:23:51.699Z</time>
      </trkpt>
      <trkpt lat="60.030502" lon="10.813635">
        <ele>271.452482</ele>
        <time>2024-08-08T10:24:20.739Z</time>
      </trkpt>
      <trkpt lat="60.031109" lon="10.813581">
        <ele>273.907440</ele>
        <time>2024-08-08T10:24:55.435Z</time>
      </trkpt>
      <trkpt lat="60.031347" lon="10.813496">
        <ele>274.936279</ele>
        <time>2024-08-08T10:25:09.971Z</time>
      </trkpt>
      <trkpt lat="60.031869" lon="10.813208">
        <ele>277.333471</ele>
        <time>2024-08-08T10:25:43.525Z</time>
      </trkpt>
      <trkpt lat="60.032165" lon="10.812988">
        <ele>278.731341</ele>
        <time>2024-08-08T10:26:03.227Z</time>
      </trkpt>
      <trkpt lat="60.032763" lon="10.812763">
        <ele>281.425197</ele>
        <time>2024-08-08T10:26:39.075Z</time>
      </trkpt>
      <trkpt lat="60.032942" lon="10.812571">
        <ele>282.313144</ele>
        <time>2024-08-08T10:26:50.294Z</time>
      </trkpt>
      <trkpt lat="60.033133" lon="10.812278">
        <ele>282.799101</ele>
        <time>2024-08-08T10:27:03.609Z</time>
      </trkpt>
      <trkpt lat="60.033314" lon="10.812128">
        <ele>283.194722</ele>
        <time>2024-08-08T10:27:14.228Z</time>
      </trkpt>
      <trkpt lat="60.033491" lon="10.812098">
        <ele>283.553463</ele>
        <time>2024-08-08T10:27:23.568Z</time>
      </trkpt>
      <trkpt lat="60.033797" lon="10.812152">
        <ele>284.173845</ele>
        <time>2024-08-08T10:27:38.744Z</time>
      </trkpt>
      <trkpt lat="60.034188" lon="10.812291">
        <ele>284.975846</ele>
        <time>2024-08-08T10:27:56.450Z</time>
      </trkpt>
      <trkpt lat="60.034336" lon="10.812385">
        <ele>285.289421</ele>
        <time>2024-08-08T10:28:02.633Z</time>
      </trkpt>
      <trkpt lat="60.034478" lon="10.812614">
        <ele>285.657663</ele>
        <time>2024-08-08T10:28:09.879Z</time>
      </trkpt>
      <trkpt lat="60.034639" lon="10.813023">
        <ele>285.912063</ele>
        <time>2024-08-08T10:28:19.567Z</time>
      </trkpt>
      <trkpt lat="60.035173" lon="10.814011">
        <ele>285.767814</ele>
        <time>2024-08-08T10:28:46.279Z</time>
      </trkpt>
      <trkpt lat="60.035623" lon="10.815397">
        <ele>285.604011</ele>
        <time>2024-08-08T10:29:16.641Z</time>
      </trkpt>
      <trkpt lat="60.035767" lon="10.816025">
        <ele>285.096330</ele>
        <time>2024-08-08T10:29:28.470Z</time>
      </trkpt>
      <trkpt lat="60.036149" lon="10.816852">
        <ele>283.868596</ele>
        <time>2024-08-08T10:29:46.935Z</time>
      </trkpt>
      <trkpt lat="60.036399" lon="10.817204">
        <ele>283.201657</ele>
        <time>2024-08-08T10:29:56.545Z</time>
      </trkpt>
      <trkpt lat="60.037022" lon="10.817801">
        <ele>281.694466</ele>
        <time>2024-08-08T10:30:17.997Z</time>
      </trkpt>
      <trkpt lat="60.037495" lon="10.818636">
        <ele>280.385789</ele>
        <time>2024-08-08T10:30:37.743Z</time>
      </trkpt>
      <trkpt lat="60.037649" lon="10.818680">
        <ele>280.063449</ele>
        <time>2024-08-08T10:30:42.566Z</time>
      </trkpt>
      <trkpt lat="60.037795" lon="10.818646">
        <ele>279.758880</ele>
        <time>2024-08-08T10:30:47.235Z</time>
      </trkpt>
      <trkpt lat="60.038335" lon="10.818398">
        <ele>278.610877</ele>
        <time>2024-08-08T10:31:05.326Z</time>
      </trkpt>
      <trkpt lat="60.038537" lon="10.818285">
        <ele>278.176279</ele>
        <time>2024-08-08T10:31:12.520Z</time>
      </trkpt>
      <trkpt lat="60.039273" lon="10.818109">
        <ele>278.191311</ele>
        <time>2024-08-08T10:31:38.805Z</time>
      </trkpt>
      <trkpt lat="60.039878" lon="10.818029">
        <ele>278.448866</ele>
        <time>2024-08-08T10:32:03.885Z</time>
      </trkpt>
      <trkpt lat="60.040028" lon="10.818131">
        <ele>278.516157</ele>
        <time>2024-08-08T10:32:10.641Z</time>
      </trkpt>
      <trkpt lat="60.040104" lon="10.818134">
        <ele>278.548447</ele>
        <time>2024-08-08T10:32:14.191Z</time>
      </trkpt>
      <trkpt lat="60.040287" lon="10.817985">
        <ele>278.632363</ele>
        <time>2024-08-08T10:32:22.603Z</time>
      </trkpt>
      <trkpt lat="60.040754" lon="10.817904">
        <ele>278.901723</ele>
        <time>2024-08-08T10:32:44.082Z</time>
      </trkpt>
      <trkpt lat="60.041429" lon="10.818028">
        <ele>279.334136</ele>
        <time>2024-08-08T10:33:13.140Z</time>
      </trkpt>
      <trkpt lat="60.041676" lon="10.818122">
        <ele>279.494526</ele>
        <time>2024-08-08T10:33:22.852Z</time>
      </trkpt>
      <trkpt lat="60.042119" lon="10.818543">
        <ele>279.807339</ele>
        <time>2024-08-08T10:33:40.780Z</time>
      </trkpt>
      <trkpt lat="60.042264" lon="10.818762">
        <ele>279.697880</ele>
        <time>2024-08-08T10:33:47.370Z</time>
      </trkpt>
      <trkpt lat="60.042498" lon="10.819296">
        <ele>279.319229</ele>
        <time>2024-08-08T10:33:59.828Z</time>
      </trkpt>
      <trkpt lat="60.043528" lon="10.818712">
        <ele>278.176684</ele>
        <time>2024-08-08T10:34:35.318Z</time>
      </trkpt>
      <trkpt lat="60.043882" lon="10.818643">
        <ele>278.172753</ele>
        <time>2024-08-08T10:34:47.301Z</time>
      </trkpt>
      <trkpt lat="60.044126" lon="10.818530">
        <ele>278.727743</ele>
        <time>2024-08-08T10:34:56.496Z</time>
      </trkpt>
      <trkpt lat="60.044555" lon="10.818103">
        <ele>279.789380</ele>
        <time>2024-08-08T10:35:16.755Z</time>
      </trkpt>
      <trkpt lat="60.044983" lon="10.817768">
        <ele>280.807722</ele>
        <time>2024-08-08T10:35:40.096Z</time>
      </trkpt>
      <trkpt lat="60.045041" lon="10.817660">
        <ele>280.983227</ele>
        <time>2024-08-08T10:35:44.751Z</time>
      </trkpt>
      <trkpt lat="60.045236" lon="10.817300">
        <ele>281.570952</ele>
        <time>2024-08-08T10:36:00.208Z</time>
      </trkpt>
      <trkpt lat="60.045432" lon="10.817225">
        <ele>282.255467</ele>
        <time>2024-08-08T10:36:12.864Z</time>
      </trkpt>
      <trkpt lat="60.045808" lon="10.817195">
        <ele>284.959467</ele>
        <time>2024-08-08T10:36:38.267Z</time>
      </trkpt>
      <trkpt lat="60.046365" lon="10.817042">
        <ele>288.999422</ele>
        <time>2024-08-08T10:37:19.948Z</time>
      </trkpt>
      <trkpt lat="60.046937" lon="10.816750">
        <ele>293.241108</ele>
        <time>2024-08-08T10:38:06.137Z</time>
      </trkpt>
      <trkpt lat="60.047170" lon="10.816683">
        <ele>294.935873</ele>
        <time>2024-08-08T10:38:24.573Z</time>
      </trkpt>
      <trkpt lat="60.047923" lon="10.816885">
        <ele>300.570759</ele>
        <time>2024-08-08T10:39:24.421Z</time>
      </trkpt>
      <trkpt lat="60.048205" lon="10.816921">
        <ele>302.666602</ele>
        <time>2024-08-08T10:39:45.741Z</time>
      </trkpt>
      <trkpt lat="60.048907" lon="10.816685">
        <ele>307.946181</ele>
        <time>2024-08-08T10:40:35.768Z</time>
      </trkpt>
      <trkpt lat="60.049273" lon="10.816713">
        <ele>310.242840</ele>
        <time>2024-08-08T10:41:00.431Z</time>
      </trkpt>
      <trkpt lat="60.049379" lon="10.816640">
        <ele>310.934140</ele>
        <time>2024-08-08T10:41:08.436Z</time>
      </trkpt>
      <trkpt lat="60.049303" lon="10.816467">
        <ele>311.643676</ele>
        <time>2024-08-08T10:41:15.837Z</time>
      </trkpt>
      <trkpt lat="60.049140" lon="10.816338">
        <ele>312.724577</ele>
        <time>2024-08-08T10:41:26.973Z</time>
      </trkpt>
      <trkpt lat="60.049027" lon="10.816172">
        <ele>313.588831</ele>
        <time>2024-08-08T10:41:36.365Z</time>
      </trkpt>
      <trkpt lat="60.048939" lon="10.815733">
        <ele>315.045440</ele>
        <time>2024-08-08T10:41:52.176Z</time>
      </trkpt>
      <trkpt lat="60.048930" lon="10.815572">
        <ele>315.544273</ele>
        <time>2024-08-08T10:41:57.941Z</time>
      </trkpt>
      <trkpt lat="60.048922" lon="10.815304">
        <ele>316.370946</ele>
        <time>2024-08-08T10:42:06.749Z</time>
      </trkpt>
      <trkpt lat="60.048941" lon="10.815112">
        <ele>316.973636</ele>
        <time>2024-08-08T10:42:13.382Z</time>
      </trkpt>
      <trkpt lat="60.049224" lon="10.814493">
        <ele>319.577640</ele>
        <time>2024-08-08T10:42:42.414Z</time>
      </trkpt>
      <trkpt lat="60.049379" lon="10.813850">
        <ele>321.922652</ele>
        <time>2024-08-08T10:43:07.043Z</time>
      </trkpt>
      <trkpt lat="60.049432" lon="10.813609">
        <ele>322.787528</ele>
        <time>2024-08-08T10:43:16.144Z</time>
      </trkpt>
      <trkpt lat="60.049536" lon="10.813334">
        <ele>323.920541</ele>
        <time>2024-08-08T10:43:28.847Z</time>
      </trkpt>
      <trkpt lat="60.050037" lon="10.812395">
        <ele>328.434017</ele>
        <time>2024-08-08T10:44:18.593Z</time>
      </trkpt>
      <trkpt lat="60.050142" lon="10.812029">
        <ele>329.820329</ele>
        <time>2024-08-08T10:44:32.304Z</time>
      </trkpt>
      <trkpt lat="60.050162" lon="10.811858">
        <ele>330.397118</ele>
        <time>2024-08-08T10:44:38.496Z</time>
      </trkpt>
      <trkpt lat="60.050180" lon="10.811405">
        <ele>331.742445</ele>
        <time>2024-08-08T10:44:53.920Z</time>
      </trkpt>
      <trkpt lat="60.050092" lon="10.810871">
        <ele>333.247345</ele>
        <time>2024-08-08T10:45:13.207Z</time>
      </trkpt>
      <trkpt lat="60.050012" lon="10.810633">
        <ele>334.015179</ele>
        <time>2024-08-08T10:45:21.989Z</time>
      </trkpt>
      <trkpt lat="60.049908" lon="10.810429">
        <ele>334.795456</ele>
        <time>2024-08-08T10:45:31.711Z</time>
      </trkpt>
      <trkpt lat="60.049736" lon="10.810194">
        <ele>335.911512</ele>
        <time>2024-08-08T10:45:44.581Z</time>
      </trkpt>
      <trkpt lat="60.049581" lon="10.809973">
        <ele>336.931379</ele>
        <time>2024-08-08T10:45:57.021Z</time>
      </trkpt>
      <trkpt lat="60.049467" lon="10.809685">
        <ele>337.914980</ele>
        <time>2024-08-08T10:46:07.743Z</time>
      </trkpt>
      <trkpt lat="60.049429" lon="10.809425">
        <ele>338.639994</ele>
        <time>2024-08-08T10:46:16.318Z</time>
      </trkpt>
      <trkpt lat="60.049438" lon="10.809097">
        <ele>339.519111</ele>
        <time>2024-08-08T10:46:26.226Z</time>
      </trkpt>
      <trkpt lat="60.049482" lon="10.808828">
        <ele>340.276660</ele>
        <time>2024-08-08T10:46:34.643Z</time>
      </trkpt>
      <trkpt lat="60.049739" lon="10.808138">
        <ele>342.423126</ele>
        <time>2024-08-08T10:47:00.896Z</time>
      </trkpt>
      <trkpt lat="60.049970" lon="10.807396">
        <ele>344.563571</ele>
        <time>2024-08-08T10:47:28.400Z</time>
      </trkpt>
      <trkpt lat="60.050125" lon="10.806838">
        <ele>346.126608</ele>
        <time>2024-08-08T10:47:49.223Z</time>
      </trkpt>
      <trkpt lat="60.050142" lon="10.806705">
        <ele>346.462660</ele>
        <time>2024-08-08T10:47:54.022Z</time>
      </trkpt>
      <trkpt lat="60.050156" lon="10.806390">
        <ele>347.236752</ele>
        <time>2024-08-08T10:48:04.625Z</time>
      </trkpt>
      <trkpt lat="60.050141" lon="10.805691">
        <ele>348.949312</ele>
        <time>2024-08-08T10:48:26.958Z</time>
      </trkpt>
      <trkpt lat="60.050043" lon="10.803734">
        <ele>350.894011</ele>
        <time>2024-08-08T10:49:16.997Z</time>
      </trkpt>
      <trkpt lat="60.050071" lon="10.803330">
        <ele>351.211632</ele>
        <time>2024-08-08T10:49:24.428Z</time>
      </trkpt>
      <trkpt lat="60.050255" lon="10.802019">
        <ele>352.272109</ele>
        <time>2024-08-08T10:49:49.343Z</time>
      </trkpt>
      <trkpt lat="60.050270" lon="10.800769">
        <ele>353.924052</ele>
        <time>2024-08-08T10:50:13.925Z</time>
      </trkpt>
      <trkpt lat="60.050351" lon="10.800385">
        <ele>354.497434</ele>
        <time>2024-08-08T10:50:22.152Z</time>
      </trkpt>
      <trkpt lat="60.050467" lon="10.800088">
        <ele>355.016102</ele>
        <time>2024-08-08T10:50:30.925Z</time>
      </trkpt>
      <trkpt lat="60.050970" lon="10.798863">
        <ele>357.197702</ele>
        <time>2024-08-08T10:51:15.932Z</time>
      </trkpt>
      <trkpt lat="60.051174" lon="10.798158">
        <ele>360.426315</ele>
        <time>2024-08-08T10:51:45.777Z</time>
      </trkpt>
      <trkpt lat="60.051456" lon="10.797481">
        <ele>364.189156</ele>
        <time>2024-08-08T10:52:23.658Z</time>
      </trkpt>
      <trkpt lat="60.051490" lon="10.797275">
        <ele>365.115089</ele>
        <time>2024-08-08T10:52:33.291Z</time>
      </trkpt>
      <trkpt lat="60.051512" lon="10.796720">
        <ele>367.491080</ele>
        <time>2024-08-08T10:52:57.700Z</time>
      </trkpt>
      <trkpt lat="60.051549" lon="10.796536">
        <ele>368.337633</ele>
        <time>2024-08-08T10:53:06.277Z</time>
      </trkpt>
      <trkpt lat="60.051774" lon="10.796132">
        <ele>370.920685</ele>
        <time>2024-08-08T10:53:31.765Z</time>
      </trkpt>
      <trkpt lat="60.052407" lon="10.795234">
        <ele>376.750457</ele>
        <time>2024-08-08T10:54:33.269Z</time>
      </trkpt>
      <trkpt lat="60.052637" lon="10.794808">
        <ele>378.986875</ele>
        <time>2024-08-08T10:54:56.338Z</time>
      </trkpt>
      <trkpt lat="60.052760" lon="10.794440">
        <ele>380.565272</ele>
        <time>2024-08-08T10:55:11.738Z</time>
      </trkpt>
      <trkpt lat="60.052835" lon="10.793930">
        <ele>382.460147</ele>
        <time>2024-08-08T10:55:30.002Z</time>
      </trkpt>
      <trkpt lat="60.052881" lon="10.793099">
        <ele>385.439988</ele>
        <time>2024-08-08T10:55:57.925Z</time>
      </trkpt>
      <trkpt lat="60.052933" lon="10.792801">
        <ele>386.376536</ele>
        <time>2024-08-08T10:56:08.375Z</time>
      </trkpt>
      <trkpt lat="60.053303" lon="10.791631">
        <ele>390.410763</ele>
        <time>2024-08-08T10:56:52.843Z</time>
      </trkpt>
      <trkpt lat="60.053945" lon="10.789788">
        <ele>396.783964</ele>
        <time>2024-08-08T10:58:09.204Z</time>
      </trkpt>
      <trkpt lat="60.054550" lon="10.788595">
        <ele>400.815761</ele>
        <time>2024-08-08T10:59:02.429Z</time>
      </trkpt>
      <trkpt lat="60.054717" lon="10.788332">
        <ele>401.824630</ele>
        <time>2024-08-08T10:59:14.659Z</time>
      </trkpt>
      <trkpt lat="60.054942" lon="10.788151">
        <ele>402.976159</ele>
        <time>2024-08-08T10:59:28.443Z</time>
      </trkpt>
      <trkpt lat="60.055423" lon="10.787994">
        <ele>405.179799</ele>
        <time>2024-08-08T10:59:55.640Z</time>
      </trkpt>
      <trkpt lat="60.055541" lon="10.787911">
        <ele>405.682303</ele>
        <time>2024-08-08T11:00:02.301Z</time>
      </trkpt>
      <trkpt lat="60.055633" lon="10.787788">
        <ele>406.126721</ele>
        <time>2024-08-08T11:00:08.763Z</time>
      </trkpt>
      <trkpt lat="60.055707" lon="10.787596">
        <ele>406.613236</ele>
        <time>2024-08-08T11:00:15.277Z</time>
      </trkpt>
      <trkpt lat="60.055753" lon="10.787346">
        <ele>407.147627</ele>
        <time>2024-08-08T11:00:22.305Z</time>
      </trkpt>
      <trkpt lat="60.055779" lon="10.786730">
        <ele>408.387507</ele>
        <time>2024-08-08T11:00:39.145Z</time>
      </trkpt>
      <trkpt lat="60.055780" lon="10.786661">
        <ele>408.525954</ele>
        <time>2024-08-08T11:00:41.054Z</time>
      </trkpt>
      <trkpt lat="60.055784" lon="10.785367">
        <ele>411.121294</ele>
        <time>2024-08-08T11:01:18.289Z</time>
      </trkpt>
      <trkpt lat="60.055808" lon="10.784747">
        <ele>412.517369</ele>
        <time>2024-08-08T11:01:37.680Z</time>
      </trkpt>
      <trkpt lat="60.055949" lon="10.783439">
        <ele>415.900787</ele>
        <time>2024-08-08T11:02:20.724Z</time>
      </trkpt>
      <trkpt lat="60.055928" lon="10.783131">
        <ele>416.686771</ele>
        <time>2024-08-08T11:02:30.724Z</time>
      </trkpt>
      <trkpt lat="60.055817" lon="10.782633">
        <ele>418.065757</ele>
        <time>2024-08-08T11:02:47.840Z</time>
      </trkpt>
      <trkpt lat="60.055816" lon="10.782369">
        <ele>418.733281</ele>
        <time>2024-08-08T11:02:55.909Z</time>
      </trkpt>
      <trkpt lat="60.055857" lon="10.782201">
        <ele>419.206108</ele>
        <time>2024-08-08T11:03:01.619Z</time>
      </trkpt>
      <trkpt lat="60.055981" lon="10.782013">
        <ele>419.993809</ele>
        <time>2024-08-08T11:03:11.296Z</time>
      </trkpt>
      <trkpt lat="60.056563" lon="10.781607">
        <ele>422.954832</ele>
        <time>2024-08-08T11:03:48.777Z</time>
      </trkpt>
      <trkpt lat="60.056835" lon="10.781623">
        <ele>424.232888</ele>
        <time>2024-08-08T11:04:05.206Z</time>
      </trkpt>
      <trkpt lat="60.057021" lon="10.781709">
        <ele>425.129440</ele>
        <time>2024-08-08T11:04:16.808Z</time>
      </trkpt>
      <trkpt lat="60.057174" lon="10.781700">
        <ele>425.848347</ele>
        <time>2024-08-08T11:04:25.817Z</time>
      </trkpt>
      <trkpt lat="60.057271" lon="10.781629">
        <ele>426.333381</ele>
        <time>2024-08-08T11:04:32.121Z</time>
      </trkpt>
      <trkpt lat="60.057372" lon="10.781396">
        <ele>427.056831</ele>
        <time>2024-08-08T11:04:41.440Z</time>
      </trkpt>
      <trkpt lat="60.057455" lon="10.780788">
        <ele>428.534501</ele>
        <time>2024-08-08T11:05:00.472Z</time>
      </trkpt>
      <trkpt lat="60.057509" lon="10.780554">
        <ele>429.138854</ele>
        <time>2024-08-08T11:05:08.237Z</time>
      </trkpt>
      <trkpt lat="60.057675" lon="10.780184">
        <ele>430.098417</ele>
        <time>2024-08-08T11:05:23.294Z</time>
      </trkpt>
      <trkpt lat="60.058055" lon="10.779801">
        <ele>431.661139</ele>
        <time>2024-08-08T11:05:48.920Z</time>
      </trkpt>
      <trkpt lat="60.058320" lon="10.779361">
        <ele>432.925543</ele>
        <time>2024-08-08T11:06:09.267Z</time>
      </trkpt>
      <trkpt lat="60.058417" lon="10.779273">
        <ele>433.316727</ele>
        <time>2024-08-08T11:06:15.474Z</time>
      </trkpt>
      <trkpt lat="60.058642" lon="10.779166">
        <ele>434.166287</ele>
        <time>2024-08-08T11:06:28.565Z</time>
      </trkpt>
      <trkpt lat="60.058874" lon="10.779073">
        <ele>435.035488</ele>
        <time>2024-08-08T11:06:41.377Z</time>
      </trkpt>
      <trkpt lat="60.059048" lon="10.778911">
        <ele>435.740366</ele>
        <time>2024-08-08T11:06:51.269Z</time>
      </trkpt>
      <trkpt lat="60.059944" lon="10.776959">
        <ele>436.193825</ele>
        <time>2024-08-08T11:07:43.384Z</time>
      </trkpt>
      <trkpt lat="60.060034" lon="10.776641">
        <ele>436.227059</ele>
        <time>2024-08-08T11:07:49.585Z</time>
      </trkpt>
      <trkpt lat="60.060077" lon="10.776333">
        <ele>436.256134</ele>
        <time>2024-08-08T11:07:55.066Z</time>
      </trkpt>
      <trkpt lat="60.060063" lon="10.775932">
        <ele>436.277032</ele>
        <time>2024-08-08T11:08:01.805Z</time>
      </trkpt>
      <trkpt lat="60.060021" lon="10.775688">
        <ele>436.006478</ele>
        <time>2024-08-08T11:08:06.151Z</time>
      </trkpt>
      <trkpt lat="60.059873" lon="10.775294">
        <ele>435.489566</ele>
        <time>2024-08-08T11:08:14.281Z</time>
      </trkpt>
      <trkpt lat="60.059746" lon="10.775094">
        <ele>435.150301</ele>
        <time>2024-08-08T11:08:19.629Z</time>
      </trkpt>
      <trkpt lat="60.059664" lon="10.775030">
        <ele>434.965472</ele>
        <time>2024-08-08T11:08:22.464Z</time>
      </trkpt>
      <trkpt lat="60.059315" lon="10.774886">
        <ele>434.217091</ele>
        <time>2024-08-08T11:08:33.804Z</time>
      </trkpt>
      <trkpt lat="60.059247" lon="10.774805">
        <ele>434.050938</ele>
        <time>2024-08-08T11:08:36.300Z</time>
      </trkpt>
      <trkpt lat="60.059134" lon="10.774552">
        <ele>433.695040</ele>
        <time>2024-08-08T11:08:41.639Z</time>
      </trkpt>
      <trkpt lat="60.059082" lon="10.774280">
        <ele>433.389711</ele>
        <time>2024-08-08T11:08:46.185Z</time>
      </trkpt>
      <trkpt lat="60.059076" lon="10.773954">
        <ele>433.047743</ele>
        <time>2024-08-08T11:08:51.335Z</time>
      </trkpt>
      <trkpt lat="60.059106" lon="10.773732">
        <ele>432.806649</ele>
        <time>2024-08-08T11:08:54.985Z</time>
      </trkpt>
      <trkpt lat="60.059194" lon="10.773487">
        <ele>432.488840</ele>
        <time>2024-08-08T11:08:59.825Z</time>
      </trkpt>
      <trkpt lat="60.059446" lon="10.773106">
        <ele>431.786545</ele>
        <time>2024-08-08T11:09:09.990Z</time>
      </trkpt>
      <trkpt lat="60.059545" lon="10.772853">
        <ele>431.429598</ele>
        <time>2024-08-08T11:09:15.210Z</time>
      </trkpt>
      <trkpt lat="60.059596" lon="10.772513">
        <ele>431.035419</ele>
        <time>2024-08-08T11:09:20.937Z</time>
      </trkpt>
      <trkpt lat="60.059606" lon="10.772179">
        <ele>430.663915</ele>
        <time>2024-08-08T11:09:26.373Z</time>
      </trkpt>
      <trkpt lat="60.059600" lon="10.771815">
        <ele>430.259548</ele>
        <time>2024-08-08T11:09:32.251Z</time>
      </trkpt>
      <trkpt lat="60.059388" lon="10.769465">
        <ele>427.233562</ele>
        <time>2024-08-08T11:10:10.741Z</time>
      </trkpt>
      <trkpt lat="60.059213" lon="10.767050">
        <ele>423.402117</ele>
        <time>2024-08-08T11:10:48.093Z</time>
      </trkpt>
      <trkpt lat="60.059246" lon="10.766798">
        <ele>422.993069</ele>
        <time>2024-08-08T11:10:51.945Z</time>
      </trkpt>
      <trkpt lat="60.059329" lon="10.766483">
        <ele>422.368190</ele>
        <time>2024-08-08T11:10:57.211Z</time>
      </trkpt>
      <trkpt lat="60.059498" lon="10.766143">
        <ele>421.497263</ele>
        <time>2024-08-08T11:11:04.258Z</time>
      </trkpt>
      <trkpt lat="60.059660" lon="10.765967">
        <ele>420.827113</ele>
        <time>2024-08-08T11:11:09.687Z</time>
      </trkpt>
      <trkpt lat="60.059782" lon="10.765891">
        <ele>420.362507</ele>
        <time>2024-08-08T11:11:13.443Z</time>
      </trkpt>
      <trkpt lat="60.061002" lon="10.765544">
        <ele>416.121575</ele>
        <time>2024-08-08T11:11:50.510Z</time>
      </trkpt>
      <trkpt lat="60.061699" lon="10.765295">
        <ele>414.977533</ele>
        <time>2024-08-08T11:12:14.281Z</time>
      </trkpt>
      <trkpt lat="60.062452" lon="10.765009">
        <ele>413.739095</ele>
        <time>2024-08-08T11:12:40.857Z</time>
      </trkpt>
      <trkpt lat="60.062598" lon="10.764886">
        <ele>413.483170</ele>
        <time>2024-08-08T11:12:46.385Z</time>
      </trkpt>
      <trkpt lat="60.062685" lon="10.764756">
        <ele>413.236164</ele>
        <time>2024-08-08T11:12:50.186Z</time>
      </trkpt>
      <trkpt lat="60.062973" lon="10.763212">
        <ele>410.948633</ele>
        <time>2024-08-08T11:13:17.442Z</time>
      </trkpt>
      <trkpt lat="60.063015" lon="10.762874">
        <ele>410.465240</ele>
        <time>2024-08-08T11:13:22.921Z</time>
      </trkpt>
      <trkpt lat="60.063026" lon="10.762212">
        <ele>409.546018</ele>
        <time>2024-08-08T11:13:32.997Z</time>
      </trkpt>
      <trkpt lat="60.062952" lon="10.761507">
        <ele>408.546224</ele>
        <time>2024-08-08T11:13:43.541Z</time>
      </trkpt>
      <trkpt lat="60.062737" lon="10.760722">
        <ele>406.112758</ele>
        <time>2024-08-08T11:13:56.333Z</time>
      </trkpt>
      <trkpt lat="60.062180" lon="10.759148">
        <ele>400.540988</ele>
        <time>2024-08-08T11:14:23.112Z</time>
      </trkpt>
      <trkpt lat="60.061398" lon="10.757366">
        <ele>395.377689</ele>
        <time>2024-08-08T11:14:56.204Z</time>
      </trkpt>
      <trkpt lat="60.061247" lon="10.757033">
        <ele>394.587628</ele>
        <time>2024-08-08T11:15:03.224Z</time>
      </trkpt>
      <trkpt lat="60.061093" lon="10.756809">
        <ele>393.918063</ele>
        <time>2024-08-08T11:15:09.122Z</time>
      </trkpt>
      <trkpt lat="60.060445" lon="10.756318">
        <ele>391.617026</ele>
        <time>2024-08-08T11:15:32.607Z</time>
      </trkpt>
      <trkpt lat="60.060324" lon="10.756086">
        <ele>391.452971</ele>
        <time>2024-08-08T11:15:38.863Z</time>
      </trkpt>
      <trkpt lat="60.060265" lon="10.755825">
        <ele>391.312891</ele>
        <time>2024-08-08T11:15:43.695Z</time>
      </trkpt>
      <trkpt lat="60.060190" lon="10.755438">
        <ele>391.109925</ele>
        <time>2024-08-08T11:15:51.669Z</time>
      </trkpt>
      <trkpt lat="60.060080" lon="10.755152">
        <ele>390.933398</ele>
        <time>2024-08-08T11:15:57.949Z</time>
      </trkpt>
      <trkpt lat="60.059458" lon="10.754426">
        <ele>390.228255</ele>
        <time>2024-08-08T11:16:23.582Z</time>
      </trkpt>
      <trkpt lat="60.059357" lon="10.754262">
        <ele>390.100906</ele>
        <time>2024-08-08T11:16:28.328Z</time>
      </trkpt>
      <trkpt lat="60.058865" lon="10.753270">
        <ele>386.968854</ele>
        <time>2024-08-08T11:16:50.852Z</time>
      </trkpt>
      <trkpt lat="60.058772" lon="10.752997">
        <ele>386.000843</ele>
        <time>2024-08-08T11:16:55.667Z</time>
      </trkpt>
      <trkpt lat="60.058733" lon="10.752806">
        <ele>385.396463</ele>
        <time>2024-08-08T11:16:58.612Z</time>
      </trkpt>
      <trkpt lat="60.058727" lon="10.752639">
        <ele>384.906106</ele>
        <time>2024-08-08T11:17:00.968Z</time>
      </trkpt>
      <trkpt lat="60.058768" lon="10.752346">
        <ele>384.014913</ele>
        <time>2024-08-08T11:17:05.192Z</time>
      </trkpt>
      <trkpt lat="60.058901" lon="10.751757">
        <ele>382.121594</ele>
        <time>2024-08-08T11:17:13.926Z</time>
      </trkpt>
      <trkpt lat="60.058930" lon="10.751442">
        <ele>381.183498</ele>
        <time>2024-08-08T11:17:18.139Z</time>
      </trkpt>
      <trkpt lat="60.058769" lon="10.750865">
        <ele>379.167137</ele>
        <time>2024-08-08T11:17:26.740Z</time>
      </trkpt>
      <trkpt lat="60.058706" lon="10.750571">
        <ele>377.521029</ele>
        <time>2024-08-08T11:17:30.815Z</time>
      </trkpt>
      <trkpt lat="60.058712" lon="10.750363">
        <ele>376.449108</ele>
        <time>2024-08-08T11:17:33.481Z</time>
      </trkpt>
      <trkpt lat="60.058878" lon="10.749470">
        <ele>371.546435</ele>
        <time>2024-08-08T11:17:45.478Z</time>
      </trkpt>
      <trkpt lat="60.058894" lon="10.749043">
        <ele>369.343400</ele>
        <time>2024-08-08T11:17:50.857Z</time>
      </trkpt>
      <trkpt lat="60.058812" lon="10.748572">
        <ele>366.776982</ele>
        <time>2024-08-08T11:17:57.119Z</time>
      </trkpt>
      <trkpt lat="60.058307" lon="10.746731">
        <ele>357.539967</ele>
        <time>2024-08-08T11:18:24.278Z</time>
      </trkpt>
      <trkpt lat="60.058258" lon="10.746503">
        <ele>356.676982</ele>
        <time>2024-08-08T11:18:27.578Z</time>
      </trkpt>
      <trkpt lat="60.058250" lon="10.746331">
        <ele>356.076442</ele>
        <time>2024-08-08T11:18:29.877Z</time>
      </trkpt>
      <trkpt lat="60.058275" lon="10.746127">
        <ele>355.346183</ele>
        <time>2024-08-08T11:18:32.667Z</time>
      </trkpt>
      <trkpt lat="60.058342" lon="10.745899">
        <ele>354.426380</ele>
        <time>2024-08-08T11:18:36.246Z</time>
      </trkpt>
      <trkpt lat="60.058581" lon="10.745375">
        <ele>351.958681</ele>
        <time>2024-08-08T11:18:45.984Z</time>
      </trkpt>
      <trkpt lat="60.058653" lon="10.745072">
        <ele>350.792043</ele>
        <time>2024-08-08T11:18:50.735Z</time>
      </trkpt>
      <trkpt lat="60.058667" lon="10.744623">
        <ele>349.228094</ele>
        <time>2024-08-08T11:18:57.274Z</time>
      </trkpt>
      <trkpt lat="60.058596" lon="10.744116">
        <ele>347.759320</ele>
        <time>2024-08-08T11:19:05.218Z</time>
      </trkpt>
      <trkpt lat="60.058579" lon="10.743751">
        <ele>347.004282</ele>
        <time>2024-08-08T11:19:11.034Z</time>
      </trkpt>
      <trkpt lat="60.058606" lon="10.743496">
        <ele>346.467384</ele>
        <time>2024-08-08T11:19:15.224Z</time>
      </trkpt>
      <trkpt lat="60.058803" lon="10.742646">
        <ele>344.537149</ele>
        <time>2024-08-08T11:19:30.065Z</time>
      </trkpt>
      <trkpt lat="60.058829" lon="10.742393">
        <ele>344.005131</ele>
        <time>2024-08-08T11:19:34.014Z</time>
      </trkpt>
      <trkpt lat="60.058827" lon="10.742098">
        <ele>343.397483</ele>
        <time>2024-08-08T11:19:38.343Z</time>
      </trkpt>
      <trkpt lat="60.058800" lon="10.741871">
        <ele>342.916853</ele>
        <time>2024-08-08T11:19:41.783Z</time>
      </trkpt>
      <trkpt lat="60.058657" lon="10.741374">
        <ele>341.735302</ele>
        <time>2024-08-08T11:19:49.946Z</time>
      </trkpt>
      <trkpt lat="60.058324" lon="10.740549">
        <ele>338.570377</ele>
        <time>2024-08-08T11:20:04.769Z</time>
      </trkpt>
      <trkpt lat="60.058152" lon="10.740198">
        <ele>336.801412</ele>
        <time>2024-08-08T11:20:11.474Z</time>
      </trkpt>
      <trkpt lat="60.057775" lon="10.739607">
        <ele>333.352346</ele>
        <time>2024-08-08T11:20:24.384Z</time>
      </trkpt>
      <trkpt lat="60.057297" lon="10.739040">
        <ele>329.349865</ele>
        <time>2024-08-08T11:20:39.094Z</time>
      </trkpt>
      <trkpt lat="60.056858" lon="10.738445">
        <ele>326.488519</ele>
        <time>2024-08-08T11:20:53.238Z</time>
      </trkpt>
      <trkpt lat="60.056725" lon="10.738086">
        <ele>325.529606</ele>
        <time>2024-08-08T11:20:59.565Z</time>
      </trkpt>
      <trkpt lat="60.056694" lon="10.737775">
        <ele>324.849390</ele>
        <time>2024-08-08T11:21:04.003Z</time>
      </trkpt>
      <trkpt lat="60.056728" lon="10.737486">
        <ele>324.212547</ele>
        <time>2024-08-08T11:21:08.509Z</time>
      </trkpt>
      <trkpt lat="60.056812" lon="10.737207">
        <ele>323.513705</ele>
        <time>2024-08-08T11:21:13.153Z</time>
      </trkpt>
      <trkpt lat="60.057058" lon="10.736722">
        <ele>322.030633</ele>
        <time>2024-08-08T11:21:23.762Z</time>
      </trkpt>
      <trkpt lat="60.057418" lon="10.736234">
        <ele>320.173774</ele>
        <time>2024-08-08T11:21:37.968Z</time>
      </trkpt>
      <trkpt lat="60.057652" lon="10.735850">
        <ele>320.087378</ele>
        <time>2024-08-08T11:21:49.435Z</time>
      </trkpt>
      <trkpt lat="60.057879" lon="10.735354">
        <ele>319.991439</ele>
        <time>2024-08-08T11:22:04.344Z</time>
      </trkpt>
      <trkpt lat="60.057988" lon="10.735049">
        <ele>319.937960</ele>
        <time>2024-08-08T11:22:12.368Z</time>
      </trkpt>
      <trkpt lat="60.058054" lon="10.734806">
        <ele>319.898520</ele>
        <time>2024-08-08T11:22:19.226Z</time>
      </trkpt>
      <trkpt lat="60.058054" lon="10.734713">
        <ele>319.885262</ele>
        <time>2024-08-08T11:22:21.218Z</time>
      </trkpt>
      <trkpt lat="60.057989" lon="10.734471">
        <ele>319.846083</ele>
        <time>2024-08-08T11:22:26.180Z</time>
      </trkpt>
      <trkpt lat="60.057873" lon="10.734257">
        <ele>319.801043</ele>
        <time>2024-08-08T11:22:32.716Z</time>
      </trkpt>
      <trkpt lat="60.057801" lon="10.733985">
        <ele>319.757150</ele>
        <time>2024-08-08T11:22:38.002Z</time>
      </trkpt>
      <trkpt lat="60.057854" lon="10.733153">
        <ele>319.398845</ele>
        <time>2024-08-08T11:22:51.812Z</time>
      </trkpt>
      <trkpt lat="60.057825" lon="10.732964">
        <ele>319.080976</ele>
        <time>2024-08-08T11:22:55.079Z</time>
      </trkpt>
      <trkpt lat="60.057775" lon="10.732831">
        <ele>318.813301</ele>
        <time>2024-08-08T11:22:57.737Z</time>
      </trkpt>
      <trkpt lat="60.057559" lon="10.732580">
        <ele>318.009051</ele>
        <time>2024-08-08T11:23:05.312Z</time>
      </trkpt>
      <trkpt lat="60.057055" lon="10.732286">
        <ele>316.318344</ele>
        <time>2024-08-08T11:23:21.280Z</time>
      </trkpt>
      <trkpt lat="60.056839" lon="10.732069">
        <ele>315.540076</ele>
        <time>2024-08-08T11:23:28.661Z</time>
      </trkpt>
      <trkpt lat="60.056672" lon="10.731830">
        <ele>314.879057</ele>
        <time>2024-08-08T11:23:34.732Z</time>
      </trkpt>
      <trkpt lat="60.056443" lon="10.731417">
        <ele>313.886656</ele>
        <time>2024-08-08T11:23:43.834Z</time>
      </trkpt>
      <trkpt lat="60.056296" lon="10.731050">
        <ele>313.545654</ele>
        <time>2024-08-08T11:23:50.760Z</time>
      </trkpt>
      <trkpt lat="60.056229" lon="10.730857">
        <ele>313.380631</ele>
        <time>2024-08-08T11:23:54.229Z</time>
      </trkpt>
      <trkpt lat="60.056110" lon="10.730347">
        <ele>312.985445</ele>
        <time>2024-08-08T11:24:02.876Z</time>
      </trkpt>
      <trkpt lat="60.056011" lon="10.729467">
        <ele>312.352220</ele>
        <time>2024-08-08T11:24:18.060Z</time>
      </trkpt>
      <trkpt lat="60.056007" lon="10.728813">
        <ele>311.893098</ele>
        <time>2024-08-08T11:24:31.180Z</time>
      </trkpt>
      <trkpt lat="60.056058" lon="10.728162">
        <ele>311.430523</ele>
        <time>2024-08-08T11:24:45.178Z</time>
      </trkpt>
      <trkpt lat="60.056141" lon="10.727755">
        <ele>311.336307</ele>
        <time>2024-08-08T11:24:54.348Z</time>
      </trkpt>
      <trkpt lat="60.056324" lon="10.727103">
        <ele>311.331681</ele>
        <time>2024-08-08T11:25:08.719Z</time>
      </trkpt>
      <trkpt lat="60.056690" lon="10.726161">
        <ele>311.324298</ele>
        <time>2024-08-08T11:25:30.381Z</time>
      </trkpt>
      <trkpt lat="60.056721" lon="10.725941">
        <ele>311.322885</ele>
        <time>2024-08-08T11:25:34.467Z</time>
      </trkpt>
      <trkpt lat="60.056674" lon="10.725559">
        <ele>311.320451</ele>
        <time>2024-08-08T11:25:41.567Z</time>
      </trkpt>
      <trkpt lat="60.056123" lon="10.725217">
        <ele>311.112970</ele>
        <time>2024-08-08T11:26:02.879Z</time>
      </trkpt>
      <trkpt lat="60.055870" lon="10.724996">
        <ele>310.848383</ele>
        <time>2024-08-08T11:26:12.672Z</time>
      </trkpt>
      <trkpt lat="60.055690" lon="10.724755">
        <ele>310.640840</ele>
        <time>2024-08-08T11:26:20.025Z</time>
      </trkpt>
      <trkpt lat="60.055179" lon="10.723796">
        <ele>309.969608</ele>
        <time>2024-08-08T11:26:43.173Z</time>
      </trkpt>
      <trkpt lat="60.055135" lon="10.723714">
        <ele>309.911998</ele>
        <time>2024-08-08T11:26:45.203Z</time>
      </trkpt>
      <trkpt lat="60.055065" lon="10.723571">
        <ele>309.816157</ele>
        <time>2024-08-08T11:26:48.633Z</time>
      </trkpt>
      <trkpt lat="60.054963" lon="10.723422">
        <ele>309.695142</ele>
        <time>2024-08-08T11:26:53.167Z</time>
      </trkpt>
      <trkpt lat="60.054534" lon="10.723629">
        <ele>309.133736</ele>
        <time>2024-08-08T11:27:08.974Z</time>
      </trkpt>
      <trkpt lat="60.054355" lon="10.723591">
        <ele>308.886451</ele>
        <time>2024-08-08T11:27:15.818Z</time>
      </trkpt>
      <trkpt lat="60.052464" lon="10.722090">
        <ele>305.840307</ele>
        <time>2024-08-08T11:28:22.878Z</time>
      </trkpt>
      <trkpt lat="60.052087" lon="10.721801">
        <ele>305.150011</ele>
        <time>2024-08-08T11:28:35.741Z</time>
      </trkpt>
      <trkpt lat="60.051785" lon="10.721626">
        <ele>304.612390</ele>
        <time>2024-08-08T11:28:46.267Z</time>
      </trkpt>
      <trkpt lat="60.051534" lon="10.721600">
        <ele>304.182585</ele>
        <time>2024-08-08T11:28:54.779Z</time>
      </trkpt>
      <trkpt lat="60.051047" lon="10.721735">
        <ele>304.362215</ele>
        <time>2024-08-08T11:29:11.616Z</time>
      </trkpt>
      <trkpt lat="60.050810" lon="10.721715">
        <ele>304.545311</ele>
        <time>2024-08-08T11:29:19.921Z</time>
      </trkpt>
      <trkpt lat="60.050601" lon="10.721621">
        <ele>304.710648</ele>
        <time>2024-08-08T11:29:27.893Z</time>
      </trkpt>
      <trkpt lat="60.050210" lon="10.721324">
        <ele>305.033421</ele>
        <time>2024-08-08T11:29:46.385Z</time>
      </trkpt>
      <trkpt lat="60.049925" lon="10.721269">
        <ele>305.254423</ele>
        <time>2024-08-08T11:29:59.954Z</time>
      </trkpt>
      <trkpt lat="60.049548" lon="10.721305">
        <ele>305.866346</ele>
        <time>2024-08-08T11:30:19.492Z</time>
      </trkpt>
      <trkpt lat="60.049144" lon="10.721259">
        <ele>307.068425</ele>
        <time>2024-08-08T11:30:42.071Z</time>
      </trkpt>
      <trkpt lat="60.048916" lon="10.721334">
        <ele>307.754807</ele>
        <time>2024-08-08T11:30:55.021Z</time>
      </trkpt>
      <trkpt lat="60.048806" lon="10.721394">
        <ele>308.093478</ele>
        <time>2024-08-08T11:31:01.097Z</time>
      </trkpt>
      <trkpt lat="60.048519" lon="10.721562">
        <ele>308.981718</ele>
        <time>2024-08-08T11:31:16.798Z</time>
      </trkpt>
      <trkpt lat="60.047645" lon="10.721831">
        <ele>310.907526</ele>
        <time>2024-08-08T11:32:02.344Z</time>
      </trkpt>
      <trkpt lat="60.046649" lon="10.722124">
        <ele>311.378938</ele>
        <time>2024-08-08T11:32:42.859Z</time>
      </trkpt>
      <trkpt lat="60.046401" lon="10.722035">
        <ele>311.496921</ele>
        <time>2024-08-08T11:32:51.670Z</time>
      </trkpt>
      <trkpt lat="60.046224" lon="10.721784">
        <ele>311.598480</ele>
        <time>2024-08-08T11:32:59.017Z</time>
      </trkpt>
      <trkpt lat="60.046129" lon="10.721467">
        <ele>311.350279</ele>
        <time>2024-08-08T11:33:05.071Z</time>
      </trkpt>
      <trkpt lat="60.046083" lon="10.720963">
        <ele>310.865533</ele>
        <time>2024-08-08T11:33:13.167Z</time>
      </trkpt>
      <trkpt lat="60.046084" lon="10.720704">
        <ele>310.620480</ele>
        <time>2024-08-08T11:33:17.421Z</time>
      </trkpt>
      <trkpt lat="60.045985" lon="10.720199">
        <ele>310.107180</ele>
        <time>2024-08-08T11:33:25.998Z</time>
      </trkpt>
      <trkpt lat="60.045616" lon="10.719415">
        <ele>309.087811</ele>
        <time>2024-08-08T11:33:43.278Z</time>
      </trkpt>
      <trkpt lat="60.045472" lon="10.718893">
        <ele>308.523564</ele>
        <time>2024-08-08T11:33:52.917Z</time>
      </trkpt>
      <trkpt lat="60.045412" lon="10.718454">
        <ele>308.169894</ele>
        <time>2024-08-08T11:34:00.480Z</time>
      </trkpt>
      <trkpt lat="60.045330" lon="10.717455">
        <ele>307.839635</ele>
        <time>2024-08-08T11:34:17.821Z</time>
      </trkpt>
      <trkpt lat="60.045257" lon="10.717064">
        <ele>307.703462</ele>
        <time>2024-08-08T11:34:25.172Z</time>
      </trkpt>
      <trkpt lat="60.045124" lon="10.716665">
        <ele>307.546964</ele>
        <time>2024-08-08T11:34:33.482Z</time>
      </trkpt>
      <trkpt lat="60.044500" lon="10.715814">
        <ele>307.053747</ele>
        <time>2024-08-08T11:35:01.217Z</time>
      </trkpt>
      <trkpt lat="60.044272" lon="10.715627">
        <ele>307.103620</ele>
        <time>2024-08-08T11:35:10.577Z</time>
      </trkpt>
      <trkpt lat="60.044175" lon="10.715504">
        <ele>307.139571</ele>
        <time>2024-08-08T11:35:15.375Z</time>
      </trkpt>
      <trkpt lat="60.044131" lon="10.715365">
        <ele>307.165305</ele>
        <time>2024-08-08T11:35:18.866Z</time>
      </trkpt>
      <trkpt lat="60.044125" lon="10.715154">
        <ele>307.198351</ele>
        <time>2024-08-08T11:35:22.780Z</time>
      </trkpt>
      <trkpt lat="60.044147" lon="10.715029">
        <ele>307.219075</ele>
        <time>2024-08-08T11:35:25.214Z</time>
      </trkpt>
      <trkpt lat="60.044242" lon="10.714845">
        <ele>307.260460</ele>
        <time>2024-08-08T11:35:30.287Z</time>
      </trkpt>
      <trkpt lat="60.044616" lon="10.714038">
        <ele>307.432618</ele>
        <time>2024-08-08T11:35:51.478Z</time>
      </trkpt>
      <trkpt lat="60.044711" lon="10.713767">
        <ele>307.484391</ele>
        <time>2024-08-08T11:35:57.931Z</time>
      </trkpt>
      <trkpt lat="60.044719" lon="10.713559">
        <ele>307.517010</ele>
        <time>2024-08-08T11:36:01.991Z</time>
      </trkpt>
      <trkpt lat="60.044687" lon="10.713368">
        <ele>307.548511</ele>
        <time>2024-08-08T11:36:05.818Z</time>
      </trkpt>
      <trkpt lat="60.044573" lon="10.713155">
        <ele>307.597333</ele>
        <time>2024-08-08T11:36:11.956Z</time>
      </trkpt>
      <trkpt lat="60.044449" lon="10.713066">
        <ele>307.736630</ele>
        <time>2024-08-08T11:36:17.184Z</time>
      </trkpt>
      <trkpt lat="60.043860" lon="10.713129">
        <ele>308.373602</ele>
        <time>2024-08-08T11:36:41.098Z</time>
      </trkpt>
      <trkpt lat="60.043520" lon="10.713034">
        <ele>308.744327</ele>
        <time>2024-08-08T11:36:55.512Z</time>
      </trkpt>
      <trkpt lat="60.043179" lon="10.712664">
        <ele>309.163154</ele>
        <time>2024-08-08T11:37:12.344Z</time>
      </trkpt>
      <trkpt lat="60.042971" lon="10.712272">
        <ele>309.471600</ele>
        <time>2024-08-08T11:37:24.920Z</time>
      </trkpt>
      <trkpt lat="60.042846" lon="10.711929">
        <ele>310.051956</ele>
        <time>2024-08-08T11:37:34.592Z</time>
      </trkpt>
      <trkpt lat="60.042823" lon="10.711822">
        <ele>310.253011</ele>
        <time>2024-08-08T11:37:37.264Z</time>
      </trkpt>
      <trkpt lat="60.042835" lon="10.711346">
        <ele>311.075590</ele>
        <time>2024-08-08T11:37:48.731Z</time>
      </trkpt>
      <trkpt lat="60.042815" lon="10.711012">
        <ele>311.656174</ele>
        <time>2024-08-08T11:37:57.278Z</time>
      </trkpt>
      <trkpt lat="60.042517" lon="10.709245">
        <ele>314.875103</ele>
        <time>2024-08-08T11:38:49.864Z</time>
      </trkpt>
      <trkpt lat="60.042333" lon="10.708175">
        <ele>317.601988</ele>
        <time>2024-08-08T11:39:24.555Z</time>
      </trkpt>
      <trkpt lat="60.042335" lon="10.708001">
        <ele>318.119442</ele>
        <time>2024-08-08T11:39:30.143Z</time>
      </trkpt>
      <trkpt lat="60.042381" lon="10.707640">
        <ele>319.227117</ele>
        <time>2024-08-08T11:39:42.197Z</time>
      </trkpt>
      <trkpt lat="60.042364" lon="10.707309">
        <ele>320.216398</ele>
        <time>2024-08-08T11:39:53.404Z</time>
      </trkpt>
      <trkpt lat="60.042218" lon="10.706685">
        <ele>322.265153</ele>
        <time>2024-08-08T11:40:18.561Z</time>
      </trkpt>
      <trkpt lat="60.041996" lon="10.705999">
        <ele>324.695538</ele>
        <time>2024-08-08T11:40:49.160Z</time>
      </trkpt>
      <trkpt lat="60.041928" lon="10.705657">
        <ele>325.789981</ele>
        <time>2024-08-08T11:41:02.029Z</time>
      </trkpt>
      <trkpt lat="60.041924" lon="10.705483">
        <ele>326.307852</ele>
        <time>2024-08-08T11:41:07.549Z</time>
      </trkpt>
      <trkpt lat="60.041977" lon="10.704901">
        <ele>327.576523</ele>
        <time>2024-08-08T11:41:26.059Z</time>
      </trkpt>
      <trkpt lat="60.041959" lon="10.704567">
        <ele>328.269379</ele>
        <time>2024-08-08T11:41:35.502Z</time>
      </trkpt>
      <trkpt lat="60.041908" lon="10.704345">
        <ele>328.773370</ele>
        <time>2024-08-08T11:41:43.483Z</time>
      </trkpt>
      <trkpt lat="60.041735" lon="10.704053">
        <ele>329.707830</ele>
        <time>2024-08-08T11:41:55.537Z</time>
      </trkpt>
      <trkpt lat="60.041698" lon="10.703860">
        <ele>330.134210</ele>
        <time>2024-08-08T11:42:02.481Z</time>
      </trkpt>
      <trkpt lat="60.041894" lon="10.703933">
        <ele>330.957598</ele>
        <time>2024-08-08T11:42:13.066Z</time>
      </trkpt>
      <trkpt lat="60.041947" lon="10.704007">
        <ele>331.224448</ele>
        <time>2024-08-08T11:42:15.976Z</time>
      </trkpt>
      <trkpt lat="60.042152" lon="10.704637">
        <ele>332.775298</ele>
        <time>2024-08-08T11:42:36.248Z</time>
      </trkpt>
      <trkpt lat="60.042565" lon="10.705603">
        <ele>335.055144</ele>
        <time>2024-08-08T11:43:11.010Z</time>
      </trkpt>
      <trkpt lat="60.043095" lon="10.706989">
        <ele>337.834148</ele>
        <time>2024-08-08T11:43:52.716Z</time>
      </trkpt>
      <trkpt lat="60.043174" lon="10.707143">
        <ele>338.185611</ele>
        <time>2024-08-08T11:43:58.864Z</time>
      </trkpt>
      <trkpt lat="60.043249" lon="10.707210">
        <ele>338.447416</ele>
        <time>2024-08-08T11:44:03.380Z</time>
      </trkpt>
      <trkpt lat="60.043309" lon="10.707235">
        <ele>338.642788</ele>
        <time>2024-08-08T11:44:06.861Z</time>
      </trkpt>
      <trkpt lat="60.043451" lon="10.707194">
        <ele>339.100156</ele>
        <time>2024-08-08T11:44:15.014Z</time>
      </trkpt>
      <trkpt lat="60.043741" lon="10.706986">
        <ele>340.348171</ele>
        <time>2024-08-08T11:44:33.299Z</time>
      </trkpt>
      <trkpt lat="60.044249" lon="10.706739">
        <ele>342.992696</ele>
        <time>2024-08-08T11:45:06.185Z</time>
      </trkpt>
      <trkpt lat="60.044621" lon="10.706502">
        <ele>344.967497</ele>
        <time>2024-08-08T11:45:31.753Z</time>
      </trkpt>
      <trkpt lat="60.044826" lon="10.706298">
        <ele>346.125519</ele>
        <time>2024-08-08T11:45:46.824Z</time>
      </trkpt>
      <trkpt lat="60.044973" lon="10.706035">
        <ele>347.122683</ele>
        <time>2024-08-08T11:45:59.383Z</time>
      </trkpt>
      <trkpt lat="60.045015" lon="10.705871">
        <ele>347.588250</ele>
        <time>2024-08-08T11:46:05.178Z</time>
      </trkpt>
      <trkpt lat="60.045096" lon="10.705179">
        <ele>349.289884</ele>
        <time>2024-08-08T11:46:26.704Z</time>
      </trkpt>
      <trkpt lat="60.045242" lon="10.704308">
        <ele>351.278991</ele>
        <time>2024-08-08T11:46:54.323Z</time>
      </trkpt>
      <trkpt lat="60.045539" lon="10.703602">
        <ele>353.277610</ele>
        <time>2024-08-08T11:47:22.473Z</time>
      </trkpt>
      <trkpt lat="60.045639" lon="10.702856">
        <ele>354.949844</ele>
        <time>2024-08-08T11:47:45.355Z</time>
      </trkpt>
      <trkpt lat="60.045862" lon="10.702233">
        <ele>356.553686</ele>
        <time>2024-08-08T11:48:06.526Z</time>
      </trkpt>
      <trkpt lat="60.045896" lon="10.701978">
        <ele>356.741104</ele>
        <time>2024-08-08T11:48:13.472Z</time>
      </trkpt>
      <trkpt lat="60.045834" lon="10.701189">
        <ele>357.308261</ele>
        <time>2024-08-08T11:48:33.360Z</time>
      </trkpt>
      <trkpt lat="60.045860" lon="10.700747">
        <ele>357.624292</ele>
        <time>2024-08-08T11:48:43.598Z</time>
      </trkpt>
      <trkpt lat="60.045852" lon="10.700227">
        <ele>357.993714</ele>
        <time>2024-08-08T11:48:55.127Z</time>
      </trkpt>
      <trkpt lat="60.045645" lon="10.699113">
        <ele>358.837759</ele>
        <time>2024-08-08T11:49:18.368Z</time>
      </trkpt>
      <trkpt lat="60.045607" lon="10.698727">
        <ele>359.063710</ele>
        <time>2024-08-08T11:49:25.444Z</time>
      </trkpt>
      <trkpt lat="60.045617" lon="10.698414">
        <ele>358.922329</ele>
        <time>2024-08-08T11:49:31.171Z</time>
      </trkpt>
      <trkpt lat="60.045746" lon="10.697717">
        <ele>358.587251</ele>
        <time>2024-08-08T11:49:44.060Z</time>
      </trkpt>
      <trkpt lat="60.045869" lon="10.697245">
        <ele>358.347253</ele>
        <time>2024-08-08T11:49:53.262Z</time>
      </trkpt>
      <trkpt lat="60.045977" lon="10.696913">
        <ele>358.168638</ele>
        <time>2024-08-08T11:49:59.910Z</time>
      </trkpt>
      <trkpt lat="60.046057" lon="10.696772">
        <ele>358.072430</ele>
        <time>2024-08-08T11:50:03.673Z</time>
      </trkpt>
      <trkpt lat="60.046290" lon="10.696562">
        <ele>357.841762</ele>
        <time>2024-08-08T11:50:12.382Z</time>
      </trkpt>
      <trkpt lat="60.046794" lon="10.696338">
        <ele>357.342713</ele>
        <time>2024-08-08T11:50:29.816Z</time>
      </trkpt>
      <trkpt lat="60.047693" lon="10.696099">
        <ele>356.206268</ele>
        <time>2024-08-08T11:51:00.769Z</time>
      </trkpt>
      <trkpt lat="60.047986" lon="10.695918">
        <ele>355.822034</ele>
        <time>2024-08-08T11:51:11.337Z</time>
      </trkpt>
      <trkpt lat="60.048601" lon="10.695393">
        <ele>355.034017</ele>
        <time>2024-08-08T11:51:33.720Z</time>
      </trkpt>
      <trkpt lat="60.048685" lon="10.695368">
        <ele>354.951393</ele>
        <time>2024-08-08T11:51:36.539Z</time>
      </trkpt>
      <trkpt lat="60.048832" lon="10.695394">
        <ele>354.807815</ele>
        <time>2024-08-08T11:51:41.481Z</time>
      </trkpt>
      <trkpt lat="60.049041" lon="10.695588">
        <ele>354.583696</ele>
        <time>2024-08-08T11:51:49.074Z</time>
      </trkpt>
      <trkpt lat="60.049142" lon="10.695638">
        <ele>354.482473</ele>
        <time>2024-08-08T11:51:52.554Z</time>
      </trkpt>
      <trkpt lat="60.049319" lon="10.695583">
        <ele>354.308203</ele>
        <time>2024-08-08T11:51:58.495Z</time>
      </trkpt>
      <trkpt lat="60.049422" lon="10.695455">
        <ele>354.190270</ele>
        <time>2024-08-08T11:52:02.688Z</time>
      </trkpt>
      <trkpt lat="60.049720" lon="10.694697">
        <ele>353.721626</ele>
        <time>2024-08-08T11:52:19.772Z</time>
      </trkpt>
      <trkpt lat="60.049852" lon="10.694451">
        <ele>353.546208</ele>
        <time>2024-08-08T11:52:26.208Z</time>
      </trkpt>
      <trkpt lat="60.050218" lon="10.694038">
        <ele>353.995452</ele>
        <time>2024-08-08T11:52:41.816Z</time>
      </trkpt>
      <trkpt lat="60.050397" lon="10.693781">
        <ele>354.357006</ele>
        <time>2024-08-08T11:52:50.557Z</time>
      </trkpt>
      <trkpt lat="60.050530" lon="10.693286">
        <ele>354.817726</ele>
        <time>2024-08-08T11:53:02.587Z</time>
      </trkpt>
      <trkpt lat="60.050660" lon="10.692314">
        <ele>355.642454</ele>
        <time>2024-08-08T11:53:27.508Z</time>
      </trkpt>
      <trkpt lat="60.050705" lon="10.692105">
        <ele>355.828998</ele>
        <time>2024-08-08T11:53:33.351Z</time>
      </trkpt>
      <trkpt lat="60.050784" lon="10.691862">
        <ele>356.066662</ele>
        <time>2024-08-08T11:53:40.612Z</time>
      </trkpt>
      <trkpt lat="60.050963" lon="10.691533">
        <ele>356.531702</ele>
        <time>2024-08-08T11:53:53.133Z</time>
      </trkpt>
      <trkpt lat="60.051095" lon="10.691133">
        <ele>357.389875</ele>
        <time>2024-08-08T11:54:05.875Z</time>
      </trkpt>
      <trkpt lat="60.051138" lon="10.690895">
        <ele>357.842873</ele>
        <time>2024-08-08T11:54:12.484Z</time>
      </trkpt>
      <trkpt lat="60.051231" lon="10.689703">
        <ele>360.002151</ele>
        <time>2024-08-08T11:54:45.756Z</time>
      </trkpt>
      <trkpt lat="60.051259" lon="10.689465">
        <ele>360.439779</ele>
        <time>2024-08-08T11:54:52.566Z</time>
      </trkpt>
      <trkpt lat="60.051270" lon="10.689010">
        <ele>361.255067</ele>
        <time>2024-08-08T11:55:05.649Z</time>
      </trkpt>
      <trkpt lat="60.051490" lon="10.688855">
        <ele>362.091142</ele>
        <time>2024-08-08T11:55:17.195Z</time>
      </trkpt>
      <trkpt lat="60.051555" lon="10.688892">
        <ele>362.333396</ele>
        <time>2024-08-08T11:55:20.675Z</time>
      </trkpt>
      <trkpt lat="60.051663" lon="10.688978">
        <ele>362.750053</ele>
        <time>2024-08-08T11:55:26.736Z</time>
      </trkpt>
      <trkpt lat="60.051690" lon="10.688916">
        <ele>362.891839</ele>
        <time>2024-08-08T11:55:28.795Z</time>
      </trkpt>
      <trkpt lat="60.051865" lon="10.688811">
        <ele>363.456247</ele>
        <time>2024-08-08T11:55:39.217Z</time>
      </trkpt>
      <trkpt lat="60.051865" lon="10.688811">
        <ele>363.456247</ele>
        <time>2024-08-08T11:55:39.218Z</time>
      </trkpt>
      <trkpt lat="60.052024" lon="10.688774">
        <ele>363.950792</ele>
        <time>2024-08-08T11:55:48.252Z</time>
      </trkpt>
      <trkpt lat="60.052199" lon="10.688830">
        <ele>364.498322</ele>
        <time>2024-08-08T11:55:57.560Z</time>
      </trkpt>
      <trkpt lat="60.052525" lon="10.688727">
        <ele>365.517973</ele>
        <time>2024-08-08T11:56:14.553Z</time>
      </trkpt>
      <trkpt lat="60.052604" lon="10.688778">
        <ele>365.774411</ele>
        <time>2024-08-08T11:56:18.789Z</time>
      </trkpt>
      <trkpt lat="60.052752" lon="10.688791">
        <ele>366.232107</ele>
        <time>2024-08-08T11:56:26.263Z</time>
      </trkpt>
      <trkpt lat="60.053376" lon="10.688683">
        <ele>368.167181</ele>
        <time>2024-08-08T11:57:01.189Z</time>
      </trkpt>
      <trkpt lat="60.053565" lon="10.688611">
        <ele>368.346954</ele>
        <time>2024-08-08T11:57:10.324Z</time>
      </trkpt>
      <trkpt lat="60.053979" lon="10.688290">
        <ele>368.078582</ele>
        <time>2024-08-08T11:57:28.819Z</time>
      </trkpt>
      <trkpt lat="60.054198" lon="10.688308">
        <ele>367.946077</ele>
        <time>2024-08-08T11:57:36.283Z</time>
      </trkpt>
      <trkpt lat="60.054574" lon="10.688539">
        <ele>367.708321</ele>
        <time>2024-08-08T11:57:49.549Z</time>
      </trkpt>
      <trkpt lat="60.054714" lon="10.688482">
        <ele>367.621956</ele>
        <time>2024-08-08T11:57:54.463Z</time>
      </trkpt>
      <trkpt lat="60.054788" lon="10.688382">
        <ele>367.567993</ele>
        <time>2024-08-08T11:57:57.198Z</time>
      </trkpt>
      <trkpt lat="60.055346" lon="10.687231">
        <ele>366.311300</ele>
        <time>2024-08-08T11:58:22.645Z</time>
      </trkpt>
      <trkpt lat="60.055588" lon="10.686874">
        <ele>365.553569</ele>
        <time>2024-08-08T11:58:32.012Z</time>
      </trkpt>
      <trkpt lat="60.055730" lon="10.686756">
        <ele>365.165967</ele>
        <time>2024-08-08T11:58:36.758Z</time>
      </trkpt>
      <trkpt lat="60.056331" lon="10.686373">
        <ele>363.575852</ele>
        <time>2024-08-08T11:58:55.995Z</time>
      </trkpt>
      <trkpt lat="60.056746" lon="10.686181">
        <ele>362.767033</ele>
        <time>2024-08-08T11:59:09.956Z</time>
      </trkpt>
      <trkpt lat="60.058184" lon="10.685124">
        <ele>362.427983</ele>
        <time>2024-08-08T12:00:06.822Z</time>
      </trkpt>
      <trkpt lat="60.058344" lon="10.685057">
        <ele>362.404612</ele>
        <time>2024-08-08T12:00:13.528Z</time>
      </trkpt>
      <trkpt lat="60.058972" lon="10.684989">
        <ele>362.948979</ele>
        <time>2024-08-08T12:00:39.717Z</time>
      </trkpt>
      <trkpt lat="60.059563" lon="10.684668">
        <ele>363.478990</ele>
        <time>2024-08-08T12:01:06.723Z</time>
      </trkpt>
      <trkpt lat="60.060185" lon="10.684663">
        <ele>363.906800</ele>
        <time>2024-08-08T12:01:32.718Z</time>
      </trkpt>
      <trkpt lat="60.060757" lon="10.684411">
        <ele>363.566039</ele>
        <time>2024-08-08T12:01:53.793Z</time>
      </trkpt>
      <trkpt lat="60.060939" lon="10.684444">
        <ele>363.459712</ele>
        <time>2024-08-08T12:02:00.136Z</time>
      </trkpt>
      <trkpt lat="60.061272" lon="10.684604">
        <ele>363.260467</ele>
        <time>2024-08-08T12:02:11.988Z</time>
      </trkpt>
      <trkpt lat="60.061426" lon="10.684572">
        <ele>363.170384</ele>
        <time>2024-08-08T12:02:17.295Z</time>
      </trkpt>
      <trkpt lat="60.061548" lon="10.684468">
        <ele>363.093242</ele>
        <time>2024-08-08T12:02:21.887Z</time>
      </trkpt>
      <trkpt lat="60.061906" lon="10.683971">
        <ele>362.910108</ele>
        <time>2024-08-08T12:02:36.820Z</time>
      </trkpt>
      <trkpt lat="60.062230" lon="10.683684">
        <ele>362.927184</ele>
        <time>2024-08-08T12:02:48.873Z</time>
      </trkpt>
      <trkpt lat="60.062296" lon="10.683584">
        <ele>362.931173</ele>
        <time>2024-08-08T12:02:51.655Z</time>
      </trkpt>
      <trkpt lat="60.062367" lon="10.683442">
        <ele>362.936008</ele>
        <time>2024-08-08T12:02:55.029Z</time>
      </trkpt>
      <trkpt lat="60.062642" lon="10.682593">
        <ele>362.960358</ele>
        <time>2024-08-08T12:03:12.518Z</time>
      </trkpt>
      <trkpt lat="60.062799" lon="10.682267">
        <ele>362.971256</ele>
        <time>2024-08-08T12:03:20.890Z</time>
      </trkpt>
      <trkpt lat="60.062907" lon="10.682143">
        <ele>362.977257</ele>
        <time>2024-08-08T12:03:25.984Z</time>
      </trkpt>
      <trkpt lat="60.064153" lon="10.681252">
        <ele>367.163332</ele>
        <time>2024-08-08T12:04:36.275Z</time>
      </trkpt>
      <trkpt lat="60.064667" lon="10.681212">
        <ele>369.249144</ele>
        <time>2024-08-08T12:05:08.875Z</time>
      </trkpt>
      <trkpt lat="60.064947" lon="10.681054">
        <ele>370.512191</ele>
        <time>2024-08-08T12:05:27.889Z</time>
      </trkpt>
      <trkpt lat="60.065033" lon="10.681048">
        <ele>371.063690</ele>
        <time>2024-08-08T12:05:33.590Z</time>
      </trkpt>
      <trkpt lat="60.065270" lon="10.681163">
        <ele>372.626490</ele>
        <time>2024-08-08T12:05:49.900Z</time>
      </trkpt>
      <trkpt lat="60.065868" lon="10.681775">
        <ele>376.929855</ele>
        <time>2024-08-08T12:06:36.402Z</time>
      </trkpt>
      <trkpt lat="60.066629" lon="10.682719">
        <ele>382.648982</ele>
        <time>2024-08-08T12:07:40.079Z</time>
      </trkpt>
      <trkpt lat="60.067124" lon="10.683024">
        <ele>385.902667</ele>
        <time>2024-08-08T12:08:17.467Z</time>
      </trkpt>
      <trkpt lat="60.067743" lon="10.683861">
        <ele>390.594188</ele>
        <time>2024-08-08T12:09:10.330Z</time>
      </trkpt>
      <trkpt lat="60.068422" lon="10.684469">
        <ele>393.508982</ele>
        <time>2024-08-08T12:09:57.134Z</time>
      </trkpt>
      <trkpt lat="60.068842" lon="10.684979">
        <ele>394.076568</ele>
        <time>2024-08-08T12:10:23.048Z</time>
      </trkpt>
      <trkpt lat="60.068950" lon="10.685081">
        <ele>394.214561</ele>
        <time>2024-08-08T12:10:28.614Z</time>
      </trkpt>
      <trkpt lat="60.069806" lon="10.685606">
        <ele>394.785735</ele>
        <time>2024-08-08T12:10:59.722Z</time>
      </trkpt>
      <trkpt lat="60.070407" lon="10.686132">
        <ele>389.444757</ele>
        <time>2024-08-08T12:11:18.108Z</time>
      </trkpt>
      <trkpt lat="60.070701" lon="10.686651">
        <ele>386.254053</ele>
        <time>2024-08-08T12:11:28.295Z</time>
      </trkpt>
      <trkpt lat="60.070986" lon="10.686887">
        <ele>383.742666</ele>
        <time>2024-08-08T12:11:36.201Z</time>
      </trkpt>
      <trkpt lat="60.071147" lon="10.687117">
        <ele>382.132480</ele>
        <time>2024-08-08T12:11:41.206Z</time>
      </trkpt>
      <trkpt lat="60.071210" lon="10.687295">
        <ele>381.245701</ele>
        <time>2024-08-08T12:11:43.957Z</time>
      </trkpt>
      <trkpt lat="60.071313" lon="10.687799">
        <ele>378.280574</ele>
        <time>2024-08-08T12:11:50.727Z</time>
      </trkpt>
      <trkpt lat="60.071551" lon="10.688184">
        <ele>374.549534</ele>
        <time>2024-08-08T12:11:58.213Z</time>
      </trkpt>
      <trkpt lat="60.071728" lon="10.688583">
        <ele>371.299947</ele>
        <time>2024-08-08T12:12:04.832Z</time>
      </trkpt>
      <trkpt lat="60.071846" lon="10.688807">
        <ele>369.317305</ele>
        <time>2024-08-08T12:12:08.882Z</time>
      </trkpt>
      <trkpt lat="60.072045" lon="10.689044">
        <ele>366.493460</ele>
        <time>2024-08-08T12:12:14.707Z</time>
      </trkpt>
      <trkpt lat="60.072531" lon="10.689378">
        <ele>360.225847</ele>
        <time>2024-08-08T12:12:27.458Z</time>
      </trkpt>
      <trkpt lat="60.072650" lon="10.689370">
        <ele>358.773329</ele>
        <time>2024-08-08T12:12:30.402Z</time>
      </trkpt>
      <trkpt lat="60.072682" lon="10.689251">
        <ele>358.143799</ele>
        <time>2024-08-08T12:12:32.091Z</time>
      </trkpt>
      <trkpt lat="60.072668" lon="10.689138">
        <ele>357.645638</ele>
        <time>2024-08-08T12:12:33.503Z</time>
      </trkpt>
      <trkpt lat="60.072462" lon="10.688675">
        <ele>354.991344</ele>
        <time>2024-08-08T12:12:41.308Z</time>
      </trkpt>
      <trkpt lat="60.072362" lon="10.688261">
        <ele>353.023329</ele>
        <time>2024-08-08T12:12:47.203Z</time>
      </trkpt>
      <trkpt lat="60.072326" lon="10.687968">
        <ele>351.732246</ele>
        <time>2024-08-08T12:12:51.177Z</time>
      </trkpt>
      <trkpt lat="60.072347" lon="10.687726">
        <ele>350.681282</ele>
        <time>2024-08-08T12:12:54.431Z</time>
      </trkpt>
      <trkpt lat="60.072412" lon="10.687515">
        <ele>349.620269</ele>
        <time>2024-08-08T12:12:57.725Z</time>
      </trkpt>
      <trkpt lat="60.072481" lon="10.687445">
        <ele>348.957052</ele>
        <time>2024-08-08T12:12:59.790Z</time>
      </trkpt>
      <trkpt lat="60.072588" lon="10.687440">
        <ele>348.039178</ele>
        <time>2024-08-08T12:13:02.596Z</time>
      </trkpt>
      <trkpt lat="60.072815" lon="10.687474">
        <ele>346.087013</ele>
        <time>2024-08-08T12:13:08.895Z</time>
      </trkpt>
      <trkpt lat="60.072863" lon="10.687480">
        <ele>345.674568</ele>
        <time>2024-08-08T12:13:10.250Z</time>
      </trkpt>
      <trkpt lat="60.073227" lon="10.687522">
        <ele>342.931574</ele>
        <time>2024-08-08T12:13:20.858Z</time>
      </trkpt>
      <trkpt lat="60.073398" lon="10.687500">
        <ele>342.359677</ele>
        <time>2024-08-08T12:13:25.736Z</time>
      </trkpt>
      <trkpt lat="60.073459" lon="10.687482">
        <ele>342.153892</ele>
        <time>2024-08-08T12:13:27.520Z</time>
      </trkpt>
      <trkpt lat="60.073760" lon="10.687160">
        <ele>341.015171</ele>
        <time>2024-08-08T12:13:37.317Z</time>
      </trkpt>
      <trkpt lat="60.074147" lon="10.686673">
        <ele>339.490100</ele>
        <time>2024-08-08T12:13:50.879Z</time>
      </trkpt>
      <trkpt lat="60.074268" lon="10.686491">
        <ele>338.985203</ele>
        <time>2024-08-08T12:13:56.027Z</time>
      </trkpt>
      <trkpt lat="60.074326" lon="10.686310">
        <ele>338.627019</ele>
        <time>2024-08-08T12:13:59.694Z</time>
      </trkpt>
      <trkpt lat="60.074341" lon="10.685998">
        <ele>338.105124</ele>
        <time>2024-08-08T12:14:04.930Z</time>
      </trkpt>
      <trkpt lat="60.074200" lon="10.684952">
        <ele>336.922702</ele>
        <time>2024-08-08T12:14:24.257Z</time>
      </trkpt>
      <trkpt lat="60.074153" lon="10.684346">
        <ele>336.629545</ele>
        <time>2024-08-08T12:14:34.602Z</time>
      </trkpt>
      <trkpt lat="60.074241" lon="10.683549">
        <ele>336.239348</ele>
        <time>2024-08-08T12:14:48.377Z</time>
      </trkpt>
      <trkpt lat="60.074354" lon="10.683171">
        <ele>336.028702</ele>
        <time>2024-08-08T12:14:55.749Z</time>
      </trkpt>
      <trkpt lat="60.074688" lon="10.682581">
        <ele>335.602135</ele>
        <time>2024-08-08T12:15:11.148Z</time>
      </trkpt>
      <trkpt lat="60.074815" lon="10.682320">
        <ele>335.473415</ele>
        <time>2024-08-08T12:15:17.648Z</time>
      </trkpt>
      <trkpt lat="60.074900" lon="10.682064">
        <ele>335.634100</ele>
        <time>2024-08-08T12:15:23.200Z</time>
      </trkpt>
      <trkpt lat="60.075221" lon="10.680651">
        <ele>336.445371</ele>
        <time>2024-08-08T12:15:51.815Z</time>
      </trkpt>
      <trkpt lat="60.075448" lon="10.679817">
        <ele>336.941792</ele>
        <time>2024-08-08T12:16:12.714Z</time>
      </trkpt>
      <trkpt lat="60.075452" lon="10.679561">
        <ele>337.075621</ele>
        <time>2024-08-08T12:16:18.779Z</time>
      </trkpt>
      <trkpt lat="60.075400" lon="10.679324">
        <ele>337.210905</ele>
        <time>2024-08-08T12:16:25.342Z</time>
      </trkpt>
      <trkpt lat="60.075106" lon="10.678731">
        <ele>338.738284</ele>
        <time>2024-08-08T12:16:48.660Z</time>
      </trkpt>
      <trkpt lat="60.075039" lon="10.678537">
        <ele>339.289489</ele>
        <time>2024-08-08T12:16:55.597Z</time>
      </trkpt>
      <trkpt lat="60.074989" lon="10.678265">
        <ele>339.966669</ele>
        <time>2024-08-08T12:17:04.025Z</time>
      </trkpt>
      <trkpt lat="60.074977" lon="10.677860">
        <ele>340.914451</ele>
        <time>2024-08-08T12:17:16.928Z</time>
      </trkpt>
      <trkpt lat="60.075061" lon="10.677629">
        <ele>341.582234</ele>
        <time>2024-08-08T12:17:25.560Z</time>
      </trkpt>
      <trkpt lat="60.075181" lon="10.677511">
        <ele>342.208140</ele>
        <time>2024-08-08T12:17:34.436Z</time>
      </trkpt>
      <trkpt lat="60.076001" lon="10.677285">
        <ele>345.980736</ele>
        <time>2024-08-08T12:18:28.710Z</time>
      </trkpt>
      <trkpt lat="60.076328" lon="10.677140">
        <ele>347.054456</ele>
        <time>2024-08-08T12:18:49.728Z</time>
      </trkpt>
      <trkpt lat="60.077361" lon="10.676199">
        <ele>350.692199</ele>
        <time>2024-08-08T12:19:49.373Z</time>
      </trkpt>
      <trkpt lat="60.077738" lon="10.675843">
        <ele>351.495289</ele>
        <time>2024-08-08T12:20:06.753Z</time>
      </trkpt>
      <trkpt lat="60.077945" lon="10.675715">
        <ele>351.457555</ele>
        <time>2024-08-08T12:20:15.185Z</time>
      </trkpt>
      <trkpt lat="60.078032" lon="10.675712">
        <ele>351.442398</ele>
        <time>2024-08-08T12:20:18.659Z</time>
      </trkpt>
      <trkpt lat="60.078597" lon="10.676057">
        <ele>351.339515</ele>
        <time>2024-08-08T12:20:39.632Z</time>
      </trkpt>
      <trkpt lat="60.078738" lon="10.676078">
        <ele>351.314887</ele>
        <time>2024-08-08T12:20:44.577Z</time>
      </trkpt>
      <trkpt lat="60.078851" lon="10.676039">
        <ele>351.294913</ele>
        <time>2024-08-08T12:20:48.416Z</time>
      </trkpt>
      <trkpt lat="60.080037" lon="10.675202">
        <ele>350.836403</ele>
        <time>2024-08-08T12:21:32.534Z</time>
      </trkpt>
      <trkpt lat="60.080678" lon="10.674771">
        <ele>350.507441</ele>
        <time>2024-08-08T12:21:56.312Z</time>
      </trkpt>
      <trkpt lat="60.081623" lon="10.674426">
        <ele>351.243860</ele>
        <time>2024-08-08T12:22:33.018Z</time>
      </trkpt>
      <trkpt lat="60.082441" lon="10.673343">
        <ele>352.718417</ele>
        <time>2024-08-08T12:23:18.238Z</time>
      </trkpt>
      <trkpt lat="60.083069" lon="10.672671">
        <ele>354.581339</ele>
        <time>2024-08-08T12:23:56.101Z</time>
      </trkpt>
      <trkpt lat="60.083519" lon="10.672027">
        <ele>356.292199</ele>
        <time>2024-08-08T12:24:25.947Z</time>
      </trkpt>
      <trkpt lat="60.083727" lon="10.671948">
        <ele>356.947305</ele>
        <time>2024-08-08T12:24:37.773Z</time>
      </trkpt>
      <trkpt lat="60.084199" lon="10.671905">
        <ele>358.409426</ele>
        <time>2024-08-08T12:25:02.609Z</time>
      </trkpt>
      <trkpt lat="60.084528" lon="10.672031">
        <ele>359.221350</ele>
        <time>2024-08-08T12:25:19.465Z</time>
      </trkpt>
      <trkpt lat="60.085733" lon="10.672259">
        <ele>361.965527</ele>
        <time>2024-08-08T12:26:18.105Z</time>
      </trkpt>
      <trkpt lat="60.085899" lon="10.672327">
        <ele>362.349664</ele>
        <time>2024-08-08T12:26:25.738Z</time>
      </trkpt>
      <trkpt lat="60.086043" lon="10.672449">
        <ele>362.702793</ele>
        <time>2024-08-08T12:26:32.708Z</time>
      </trkpt>
      <trkpt lat="60.086200" lon="10.672740">
        <ele>363.156384</ele>
        <time>2024-08-08T12:26:42.275Z</time>
      </trkpt>
      <trkpt lat="60.086702" lon="10.674250">
        <ele>365.076465</ele>
        <time>2024-08-08T12:27:24.882Z</time>
      </trkpt>
      <trkpt lat="60.087013" lon="10.675082">
        <ele>366.176569</ele>
        <time>2024-08-08T12:27:49.986Z</time>
      </trkpt>
      <trkpt lat="60.087225" lon="10.675450">
        <ele>366.847751</ele>
        <time>2024-08-08T12:28:03.739Z</time>
      </trkpt>
      <trkpt lat="60.087695" lon="10.676013">
        <ele>368.335521</ele>
        <time>2024-08-08T12:28:31.790Z</time>
      </trkpt>
      <trkpt lat="60.087952" lon="10.676164">
        <ele>369.063288</ele>
        <time>2024-08-08T12:28:45.081Z</time>
      </trkpt>
      <trkpt lat="60.088182" lon="10.676197">
        <ele>369.689919</ele>
        <time>2024-08-08T12:28:56.496Z</time>
      </trkpt>
      <trkpt lat="60.088397" lon="10.676150">
        <ele>370.277651</ele>
        <time>2024-08-08T12:29:08.011Z</time>
      </trkpt>
      <trkpt lat="60.089056" lon="10.675878">
        <ele>372.045271</ele>
        <time>2024-08-08T12:29:42.779Z</time>
      </trkpt>
      <trkpt lat="60.090170" lon="10.676063">
        <ele>374.825963</ele>
        <time>2024-08-08T12:30:39.697Z</time>
      </trkpt>
      <trkpt lat="60.090726" lon="10.676080">
        <ele>375.965158</ele>
        <time>2024-08-08T12:31:05.839Z</time>
      </trkpt>
      <trkpt lat="60.092073" lon="10.676208">
        <ele>376.961359</ele>
        <time>2024-08-08T12:32:00.620Z</time>
      </trkpt>
      <trkpt lat="60.092877" lon="10.676272">
        <ele>377.306549</ele>
        <time>2024-08-08T12:32:30.052Z</time>
      </trkpt>
      <trkpt lat="60.093220" lon="10.676179">
        <ele>377.387647</ele>
        <time>2024-08-08T12:32:42.969Z</time>
      </trkpt>
      <trkpt lat="60.093722" lon="10.675821">
        <ele>377.512482</ele>
        <time>2024-08-08T12:33:02.665Z</time>
      </trkpt>
      <trkpt lat="60.093823" lon="10.675701">
        <ele>377.539987</ele>
        <time>2024-08-08T12:33:06.959Z</time>
      </trkpt>
      <trkpt lat="60.094275" lon="10.674859">
        <ele>378.256731</ele>
        <time>2024-08-08T12:33:32.281Z</time>
      </trkpt>
      <trkpt lat="60.094512" lon="10.674540">
        <ele>378.852832</ele>
        <time>2024-08-08T12:33:44.960Z</time>
      </trkpt>
      <trkpt lat="60.094857" lon="10.673824">
        <ele>379.889659</ele>
        <time>2024-08-08T12:34:09.355Z</time>
      </trkpt>
      <trkpt lat="60.095166" lon="10.673423">
        <ele>380.658306</ele>
        <time>2024-08-08T12:34:28.653Z</time>
      </trkpt>
      <trkpt lat="60.095582" lon="10.672723">
        <ele>381.766720</ele>
        <time>2024-08-08T12:34:56.484Z</time>
      </trkpt>
      <trkpt lat="60.095889" lon="10.672358">
        <ele>382.466942</ele>
        <time>2024-08-08T12:35:14.691Z</time>
      </trkpt>
      <trkpt lat="60.096191" lon="10.671857">
        <ele>383.235889</ele>
        <time>2024-08-08T12:35:33.716Z</time>
      </trkpt>
      <trkpt lat="60.096286" lon="10.671765">
        <ele>383.442873</ele>
        <time>2024-08-08T12:35:38.770Z</time>
      </trkpt>
      <trkpt lat="60.097042" lon="10.671294">
        <ele>384.919359</ele>
        <time>2024-08-08T12:36:13.242Z</time>
      </trkpt>
      <trkpt lat="60.097299" lon="10.671274">
        <ele>385.030175</ele>
        <time>2024-08-08T12:36:23.429Z</time>
      </trkpt>
      <trkpt lat="60.097770" lon="10.671383">
        <ele>385.234460</ele>
        <time>2024-08-08T12:36:42.671Z</time>
      </trkpt>
      <trkpt lat="60.097994" lon="10.671389">
        <ele>385.330982</ele>
        <time>2024-08-08T12:36:51.024Z</time>
      </trkpt>
      <trkpt lat="60.098691" lon="10.671045">
        <ele>385.640252</ele>
        <time>2024-08-08T12:37:17.939Z</time>
      </trkpt>
      <trkpt lat="60.099031" lon="10.670674">
        <ele>385.826217</ele>
        <time>2024-08-08T12:37:32.134Z</time>
      </trkpt>
      <trkpt lat="60.099149" lon="10.670466">
        <ele>385.903577</ele>
        <time>2024-08-08T12:37:38.320Z</time>
      </trkpt>
      <trkpt lat="60.099366" lon="10.669952">
        <ele>386.068935</ele>
        <time>2024-08-08T12:37:52.268Z</time>
      </trkpt>
      <trkpt lat="60.099417" lon="10.669900">
        <ele>386.097109</ele>
        <time>2024-08-08T12:37:54.715Z</time>
      </trkpt>
      <trkpt lat="60.099538" lon="10.669822">
        <ele>386.159700</ele>
        <time>2024-08-08T12:38:00.277Z</time>
      </trkpt>
      <trkpt lat="60.099915" lon="10.669778">
        <ele>386.345676</ele>
        <time>2024-08-08T12:38:16.523Z</time>
      </trkpt>
      <trkpt lat="60.100171" lon="10.669563">
        <ele>386.482352</ele>
        <time>2024-08-08T12:38:28.015Z</time>
      </trkpt>
      <trkpt lat="60.100431" lon="10.669231">
        <ele>386.373913</ele>
        <time>2024-08-08T12:38:39.380Z</time>
      </trkpt>
      <trkpt lat="60.100819" lon="10.668604">
        <ele>385.774817</ele>
        <time>2024-08-08T12:38:56.328Z</time>
      </trkpt>
      <trkpt lat="60.101200" lon="10.667790">
        <ele>385.105532</ele>
        <time>2024-08-08T12:39:14.802Z</time>
      </trkpt>
      <trkpt lat="60.101386" lon="10.667497">
        <ele>384.821164</ele>
        <time>2024-08-08T12:39:22.742Z</time>
      </trkpt>
      <trkpt lat="60.101875" lon="10.666983">
        <ele>384.102648</ele>
        <time>2024-08-08T12:39:41.168Z</time>
      </trkpt>
      <trkpt lat="60.102016" lon="10.666780">
        <ele>383.846083</ele>
        <time>2024-08-08T12:39:46.806Z</time>
      </trkpt>
      <trkpt lat="60.102446" lon="10.665612">
        <ele>382.776103</ele>
        <time>2024-08-08T12:40:10.088Z</time>
      </trkpt>
      <trkpt lat="60.102694" lon="10.665136">
        <ele>382.268715</ele>
        <time>2024-08-08T12:40:21.576Z</time>
      </trkpt>
      <trkpt lat="60.102871" lon="10.664948">
        <ele>381.972642</ele>
        <time>2024-08-08T12:40:28.532Z</time>
      </trkpt>
      <trkpt lat="60.103390" lon="10.664635">
        <ele>382.041152</ele>
        <time>2024-08-08T12:40:48.566Z</time>
      </trkpt>
      <trkpt lat="60.103598" lon="10.664414">
        <ele>382.228537</ele>
        <time>2024-08-08T12:40:57.797Z</time>
      </trkpt>
      <trkpt lat="60.104011" lon="10.663834">
        <ele>382.629888</ele>
        <time>2024-08-08T12:41:18.663Z</time>
      </trkpt>
      <trkpt lat="60.104266" lon="10.663560">
        <ele>382.860185</ele>
        <time>2024-08-08T12:41:31.299Z</time>
      </trkpt>
      <trkpt lat="60.104966" lon="10.663109">
        <ele>383.642836</ele>
        <time>2024-08-08T12:42:05.210Z</time>
      </trkpt>
      <trkpt lat="60.105192" lon="10.663056">
        <ele>383.953124</ele>
        <time>2024-08-08T12:42:15.772Z</time>
      </trkpt>
      <trkpt lat="60.105423" lon="10.663135">
        <ele>384.272675</ele>
        <time>2024-08-08T12:42:26.343Z</time>
      </trkpt>
      <trkpt lat="60.105947" lon="10.663547">
        <ele>385.040146</ele>
        <time>2024-08-08T12:42:50.650Z</time>
      </trkpt>
      <trkpt lat="60.106203" lon="10.663625">
        <ele>385.393248</ele>
        <time>2024-08-08T12:43:01.515Z</time>
      </trkpt>
      <trkpt lat="60.106363" lon="10.663609">
        <ele>385.611706</ele>
        <time>2024-08-08T12:43:08.147Z</time>
      </trkpt>
      <trkpt lat="60.106644" lon="10.663448">
        <ele>386.080197</ele>
        <time>2024-08-08T12:43:20.197Z</time>
      </trkpt>
      <trkpt lat="60.106918" lon="10.663182">
        <ele>386.570001</ele>
        <time>2024-08-08T12:43:32.929Z</time>
      </trkpt>
      <trkpt lat="60.107080" lon="10.663084">
        <ele>386.842273</ele>
        <time>2024-08-08T12:43:40.099Z</time>
      </trkpt>
      <trkpt lat="60.107202" lon="10.663042">
        <ele>387.041459</ele>
        <time>2024-08-08T12:43:45.490Z</time>
      </trkpt>
      <trkpt lat="60.107349" lon="10.663104">
        <ele>387.283173</ele>
        <time>2024-08-08T12:43:52.175Z</time>
      </trkpt>
      <trkpt lat="60.107483" lon="10.663212">
        <ele>387.515545</ele>
        <time>2024-08-08T12:43:56.911Z</time>
      </trkpt>
      <trkpt lat="60.107982" lon="10.663602">
        <ele>388.377274</ele>
        <time>2024-08-08T12:44:22.642Z</time>
      </trkpt>
      <trkpt lat="60.108073" lon="10.663730">
        <ele>388.591820</ele>
        <time>2024-08-08T12:44:28.186Z</time>
      </trkpt>
      <trkpt lat="60.108293" lon="10.664522">
        <ele>389.962618</ele>
        <time>2024-08-08T12:44:50.961Z</time>
      </trkpt>
      <trkpt lat="60.108495" lon="10.664566">
        <ele>390.578999</ele>
        <time>2024-08-08T12:45:01.261Z</time>
      </trkpt>
      <trkpt lat="60.108661" lon="10.664413">
        <ele>391.133155</ele>
        <time>2024-08-08T12:45:10.818Z</time>
      </trkpt>
      <trkpt lat="60.108810" lon="10.664274">
        <ele>391.631618</ele>
        <time>2024-08-08T12:45:19.214Z</time>
      </trkpt>
      <trkpt lat="60.108916" lon="10.664173">
        <ele>391.987588</ele>
        <time>2024-08-08T12:45:25.464Z</time>
      </trkpt>
      <trkpt lat="60.109411" lon="10.663729">
        <ele>393.632401</ele>
        <time>2024-08-08T12:45:54.382Z</time>
      </trkpt>
      <trkpt lat="60.110041" lon="10.663119">
        <ele>396.087521</ele>
        <time>2024-08-08T12:46:34.318Z</time>
      </trkpt>
      <trkpt lat="60.110142" lon="10.662968">
        <ele>396.541009</ele>
        <time>2024-08-08T12:46:41.461Z</time>
      </trkpt>
      <trkpt lat="60.110349" lon="10.662376">
        <ele>397.838614</ele>
        <time>2024-08-08T12:47:01.612Z</time>
      </trkpt>
      <trkpt lat="60.110518" lon="10.662127">
        <ele>398.593509</ele>
        <time>2024-08-08T12:47:13.371Z</time>
      </trkpt>
      <trkpt lat="60.111121" lon="10.661738">
        <ele>400.617707</ele>
        <time>2024-08-08T12:47:48.024Z</time>
      </trkpt>
      <trkpt lat="60.111810" lon="10.661074">
        <ele>401.713205</ele>
        <time>2024-08-08T12:48:25.489Z</time>
      </trkpt>
      <trkpt lat="60.111970" lon="10.660786">
        <ele>402.021262</ele>
        <time>2024-08-08T12:48:35.199Z</time>
      </trkpt>
      <trkpt lat="60.112124" lon="10.660370">
        <ele>402.391389</ele>
        <time>2024-08-08T12:48:45.019Z</time>
      </trkpt>
      <trkpt lat="60.112244" lon="10.660163">
        <ele>402.618189</ele>
        <time>2024-08-08T12:48:51.330Z</time>
      </trkpt>
      <trkpt lat="60.112502" lon="10.659804">
        <ele>402.976290</ele>
        <time>2024-08-08T12:49:02.938Z</time>
      </trkpt>
      <trkpt lat="60.112915" lon="10.659323">
        <ele>402.165287</ele>
        <time>2024-08-08T12:49:19.049Z</time>
      </trkpt>
      <trkpt lat="60.113057" lon="10.659109">
        <ele>401.863683</ele>
        <time>2024-08-08T12:49:24.907Z</time>
      </trkpt>
      <trkpt lat="60.113129" lon="10.658901">
        <ele>401.649347</ele>
        <time>2024-08-08T12:49:29.215Z</time>
      </trkpt>
      <trkpt lat="60.113322" lon="10.658553">
        <ele>401.208684</ele>
        <time>2024-08-08T12:49:37.383Z</time>
      </trkpt>
      <trkpt lat="60.113666" lon="10.658041">
        <ele>400.481294</ele>
        <time>2024-08-08T12:49:51.214Z</time>
      </trkpt>
      <trkpt lat="60.113729" lon="10.657874">
        <ele>400.304030</ele>
        <time>2024-08-08T12:49:54.253Z</time>
      </trkpt>
      <trkpt lat="60.113937" lon="10.657554">
        <ele>399.891450</ele>
        <time>2024-08-08T12:50:02.977Z</time>
      </trkpt>
      <trkpt lat="60.114010" lon="10.657316">
        <ele>399.723419</ele>
        <time>2024-08-08T12:50:07.225Z</time>
      </trkpt>
      <trkpt lat="60.114020" lon="10.657083">
        <ele>399.582814</ele>
        <time>2024-08-08T12:50:11.108Z</time>
      </trkpt>
      <trkpt lat="60.113975" lon="10.656379">
        <ele>399.156080</ele>
        <time>2024-08-08T12:50:22.907Z</time>
      </trkpt>
      <trkpt lat="60.114000" lon="10.656025">
        <ele>398.941117</ele>
        <time>2024-08-08T12:50:29.148Z</time>
      </trkpt>
      <trkpt lat="60.114043" lon="10.655826">
        <ele>398.810707</ele>
        <time>2024-08-08T12:50:32.879Z</time>
      </trkpt>
      <trkpt lat="60.114459" lon="10.654467">
        <ele>397.851774</ele>
        <time>2024-08-08T12:51:00.685Z</time>
      </trkpt>
      <trkpt lat="60.115022" lon="10.653002">
        <ele>397.858236</ele>
        <time>2024-08-08T12:51:34.272Z</time>
      </trkpt>
      <trkpt lat="60.115310" lon="10.652472">
        <ele>397.883648</ele>
        <time>2024-08-08T12:51:49.442Z</time>
      </trkpt>
      <trkpt lat="60.116557" lon="10.650607">
        <ele>398.796654</ele>
        <time>2024-08-08T12:52:51.266Z</time>
      </trkpt>
      <trkpt lat="60.117258" lon="10.649815">
        <ele>399.537920</ele>
        <time>2024-08-08T12:53:24.983Z</time>
      </trkpt>
      <trkpt lat="60.117678" lon="10.649255">
        <ele>400.784300</ele>
        <time>2024-08-08T12:53:48.782Z</time>
      </trkpt>
      <trkpt lat="60.117937" lon="10.649010">
        <ele>401.492050</ele>
        <time>2024-08-08T12:54:03.164Z</time>
      </trkpt>
      <trkpt lat="60.118072" lon="10.648950">
        <ele>401.833835</ele>
        <time>2024-08-08T12:54:10.437Z</time>
      </trkpt>
      <trkpt lat="60.118352" lon="10.648983">
        <ele>402.527150</ele>
        <time>2024-08-08T12:54:24.896Z</time>
      </trkpt>
      <trkpt lat="60.119539" lon="10.649692">
        <ele>405.497627</ele>
        <time>2024-08-08T12:55:29.140Z</time>
      </trkpt>
      <trkpt lat="60.120357" lon="10.650092">
        <ele>407.466662</ele>
        <time>2024-08-08T12:56:10.626Z</time>
      </trkpt>
      <trkpt lat="60.120801" lon="10.650415">
        <ele>408.103673</ele>
        <time>2024-08-08T12:56:31.598Z</time>
      </trkpt>
      <trkpt lat="60.121012" lon="10.650502">
        <ele>408.097482</ele>
        <time>2024-08-08T12:56:40.102Z</time>
      </trkpt>
      <trkpt lat="60.121356" lon="10.650794">
        <ele>408.086747</ele>
        <time>2024-08-08T12:56:53.758Z</time>
      </trkpt>
      <trkpt lat="60.121568" lon="10.650890">
        <ele>408.080500</ele>
        <time>2024-08-08T12:57:01.585Z</time>
      </trkpt>
      <trkpt lat="60.121926" lon="10.650966">
        <ele>408.070153</ele>
        <time>2024-08-08T12:57:14.332Z</time>
      </trkpt>
      <trkpt lat="60.122222" lon="10.650918">
        <ele>408.061617</ele>
        <time>2024-08-08T12:57:24.809Z</time>
      </trkpt>
      <trkpt lat="60.122871" lon="10.650590">
        <ele>407.436659</ele>
        <time>2024-08-08T12:57:48.190Z</time>
      </trkpt>
      <trkpt lat="60.123044" lon="10.650538">
        <ele>407.232181</ele>
        <time>2024-08-08T12:57:54.125Z</time>
      </trkpt>
      <trkpt lat="60.123961" lon="10.650507">
        <ele>406.160126</ele>
        <time>2024-08-08T12:58:24.609Z</time>
      </trkpt>
      <trkpt lat="60.124272" lon="10.650279">
        <ele>405.873801</ele>
        <time>2024-08-08T12:58:35.923Z</time>
      </trkpt>
      <trkpt lat="60.124433" lon="10.650220">
        <ele>405.788298</ele>
        <time>2024-08-08T12:58:41.643Z</time>
      </trkpt>
      <trkpt lat="60.124797" lon="10.650156">
        <ele>405.597400</ele>
        <time>2024-08-08T12:58:54.807Z</time>
      </trkpt>
      <trkpt lat="60.125065" lon="10.650046">
        <ele>405.454489</ele>
        <time>2024-08-08T12:59:04.724Z</time>
      </trkpt>
      <trkpt lat="60.125563" lon="10.649976">
        <ele>405.193675</ele>
        <time>2024-08-08T12:59:22.859Z</time>
      </trkpt>
      <trkpt lat="60.125962" lon="10.649781">
        <ele>404.998150</ele>
        <time>2024-08-08T12:59:37.707Z</time>
      </trkpt>
      <trkpt lat="60.126184" lon="10.649722">
        <ele>404.942360</ele>
        <time>2024-08-08T12:59:45.756Z</time>
      </trkpt>
      <trkpt lat="60.126626" lon="10.649677">
        <ele>404.832103</ele>
        <time>2024-08-08T13:00:01.892Z</time>
      </trkpt>
      <trkpt lat="60.127333" lon="10.650028">
        <ele>404.650663</ele>
        <time>2024-08-08T13:00:28.721Z</time>
      </trkpt>
      <trkpt lat="60.127520" lon="10.650042">
        <ele>404.604044</ele>
        <time>2024-08-08T13:00:35.554Z</time>
      </trkpt>
      <trkpt lat="60.127801" lon="10.649948">
        <ele>404.446545</ele>
        <time>2024-08-08T13:00:45.985Z</time>
      </trkpt>
      <trkpt lat="60.128047" lon="10.649961">
        <ele>404.230647</ele>
        <time>2024-08-08T13:00:54.597Z</time>
      </trkpt>
      <trkpt lat="60.129241" lon="10.650261">
        <ele>403.174946</ele>
        <time>2024-08-08T13:01:35.290Z</time>
      </trkpt>
      <trkpt lat="60.129527" lon="10.650282">
        <ele>403.003658</ele>
        <time>2024-08-08T13:01:45.433Z</time>
      </trkpt>
      <trkpt lat="60.129877" lon="10.650227">
        <ele>403.070743</ele>
        <time>2024-08-08T13:01:58.398Z</time>
      </trkpt>
      <trkpt lat="60.130090" lon="10.650281">
        <ele>403.111768</ele>
        <time>2024-08-08T13:02:06.606Z</time>
      </trkpt>
      <trkpt lat="60.130239" lon="10.650431">
        <ele>403.143618</ele>
        <time>2024-08-08T13:02:13.008Z</time>
      </trkpt>
      <trkpt lat="60.130340" lon="10.650607">
        <ele>403.169173</ele>
        <time>2024-08-08T13:02:18.235Z</time>
      </trkpt>
      <trkpt lat="60.130454" lon="10.650935">
        <ele>403.207238</ele>
        <time>2024-08-08T13:02:25.905Z</time>
      </trkpt>
      <trkpt lat="60.130613" lon="10.651521">
        <ele>403.270745</ele>
        <time>2024-08-08T13:02:38.615Z</time>
      </trkpt>
      <trkpt lat="60.130719" lon="10.651708">
        <ele>403.297707</ele>
        <time>2024-08-08T13:02:44.077Z</time>
      </trkpt>
      <trkpt lat="60.130852" lon="10.651796">
        <ele>403.324466</ele>
        <time>2024-08-08T13:02:49.694Z</time>
      </trkpt>
      <trkpt lat="60.131613" lon="10.652027">
        <ele>403.789696</ele>
        <time>2024-08-08T13:03:22.654Z</time>
      </trkpt>
      <trkpt lat="60.131899" lon="10.651982">
        <ele>403.970488</ele>
        <time>2024-08-08T13:03:35.230Z</time>
      </trkpt>
      <trkpt lat="60.132428" lon="10.651804">
        <ele>404.308516</ele>
        <time>2024-08-08T13:03:56.532Z</time>
      </trkpt>
      <trkpt lat="60.132999" lon="10.651430">
        <ele>404.268035</ele>
        <time>2024-08-08T13:04:18.119Z</time>
      </trkpt>
      <trkpt lat="60.133473" lon="10.651346">
        <ele>403.997881</ele>
        <time>2024-08-08T13:04:34.734Z</time>
      </trkpt>
      <trkpt lat="60.133694" lon="10.651186">
        <ele>403.864506</ele>
        <time>2024-08-08T13:04:42.966Z</time>
      </trkpt>
      <trkpt lat="60.134056" lon="10.650774">
        <ele>403.628272</ele>
        <time>2024-08-08T13:04:57.637Z</time>
      </trkpt>
      <trkpt lat="60.134263" lon="10.650635">
        <ele>403.504354</ele>
        <time>2024-08-08T13:05:05.296Z</time>
      </trkpt>
      <trkpt lat="60.135278" lon="10.650128">
        <ele>403.322242</ele>
        <time>2024-08-08T13:05:42.456Z</time>
      </trkpt>
      <trkpt lat="60.135870" lon="10.649950">
        <ele>403.243965</ele>
        <time>2024-08-08T13:06:05.327Z</time>
      </trkpt>
      <trkpt lat="60.136584" lon="10.650287">
        <ele>403.230430</ele>
        <time>2024-08-08T13:06:34.820Z</time>
      </trkpt>
      <trkpt lat="60.137664" lon="10.650372">
        <ele>403.276306</ele>
        <time>2024-08-08T13:07:16.045Z</time>
      </trkpt>
      <trkpt lat="60.138057" lon="10.650538">
        <ele>403.046304</ele>
        <time>2024-08-08T13:07:30.175Z</time>
      </trkpt>
      <trkpt lat="60.138309" lon="10.650571">
        <ele>402.665537</ele>
        <time>2024-08-08T13:07:38.719Z</time>
      </trkpt>
      <trkpt lat="60.139307" lon="10.650410">
        <ele>401.155930</ele>
        <time>2024-08-08T13:08:11.268Z</time>
      </trkpt>
      <trkpt lat="60.140128" lon="10.650405">
        <ele>400.517913</ele>
        <time>2024-08-08T13:08:38.656Z</time>
      </trkpt>
      <trkpt lat="60.140282" lon="10.650558">
        <ele>400.495534</ele>
        <time>2024-08-08T13:08:44.638Z</time>
      </trkpt>
      <trkpt lat="60.140479" lon="10.650836">
        <ele>400.464174</ele>
        <time>2024-08-08T13:08:53.085Z</time>
      </trkpt>
      <trkpt lat="60.141001" lon="10.651832">
        <ele>400.370392</ele>
        <time>2024-08-08T13:09:20.126Z</time>
      </trkpt>
      <trkpt lat="60.141163" lon="10.652169">
        <ele>400.351693</ele>
        <time>2024-08-08T13:09:30.210Z</time>
      </trkpt>
      <trkpt lat="60.141384" lon="10.652455">
        <ele>401.491835</ele>
        <time>2024-08-08T13:09:42.448Z</time>
      </trkpt>
      <trkpt lat="60.141506" lon="10.652504">
        <ele>402.031401</ele>
        <time>2024-08-08T13:09:48.670Z</time>
      </trkpt>
      <trkpt lat="60.142475" lon="10.652556">
        <ele>406.235276</ele>
        <time>2024-08-08T13:10:45.073Z</time>
      </trkpt>
      <trkpt lat="60.142974" lon="10.652872">
        <ele>408.896952</ele>
        <time>2024-08-08T13:11:21.735Z</time>
      </trkpt>
      <trkpt lat="60.143402" lon="10.653075">
        <ele>412.863459</ele>
        <time>2024-08-08T13:11:56.210Z</time>
      </trkpt>
      <trkpt lat="60.143669" lon="10.653265">
        <ele>415.418319</ele>
        <time>2024-08-08T13:12:19.609Z</time>
      </trkpt>
      <trkpt lat="60.143935" lon="10.653340">
        <ele>417.841029</ele>
        <time>2024-08-08T13:12:42.699Z</time>
      </trkpt>
      <trkpt lat="60.144268" lon="10.653329">
        <ele>420.844933</ele>
        <time>2024-08-08T13:13:12.265Z</time>
      </trkpt>
      <trkpt lat="60.144697" lon="10.653626">
        <ele>424.898519</ele>
        <time>2024-08-08T13:13:53.242Z</time>
      </trkpt>
      <trkpt lat="60.145533" lon="10.654383">
        <ele>432.605575</ele>
        <time>2024-08-08T13:15:09.690Z</time>
      </trkpt>
      <trkpt lat="60.145897" lon="10.654640">
        <ele>435.848291</ele>
        <time>2024-08-08T13:15:38.747Z</time>
      </trkpt>
      <trkpt lat="60.145928" lon="10.654934">
        <ele>437.105600</ele>
        <time>2024-08-08T13:15:49.749Z</time>
      </trkpt>
      <trkpt lat="60.145920" lon="10.655117">
        <ele>437.874170</ele>
        <time>2024-08-08T13:15:56.217Z</time>
      </trkpt>
      <trkpt lat="60.145845" lon="10.655478">
        <ele>439.501715</ele>
        <time>2024-08-08T13:16:09.891Z</time>
      </trkpt>
      <trkpt lat="60.145391" lon="10.656378">
        <ele>443.262531</ele>
        <time>2024-08-08T13:16:53.557Z</time>
      </trkpt>
      <trkpt lat="60.145156" lon="10.656890">
        <ele>445.306620</ele>
        <time>2024-08-08T13:17:16.679Z</time>
      </trkpt>
      <trkpt lat="60.144976" lon="10.657358">
        <ele>447.042513</ele>
        <time>2024-08-08T13:17:35.954Z</time>
      </trkpt>
      <trkpt lat="60.144918" lon="10.657661">
        <ele>447.995355</ele>
        <time>2024-08-08T13:17:46.446Z</time>
      </trkpt>
      <trkpt lat="60.144901" lon="10.658354">
        <ele>450.031902</ele>
        <time>2024-08-08T13:18:09.014Z</time>
      </trkpt>
      <trkpt lat="60.144852" lon="10.658515">
        <ele>450.355499</ele>
        <time>2024-08-08T13:18:15.087Z</time>
      </trkpt>
      <trkpt lat="60.144743" lon="10.658609">
        <ele>450.732885</ele>
        <time>2024-08-08T13:18:22.477Z</time>
      </trkpt>
      <trkpt lat="60.143949" lon="10.658414">
        <ele>453.277786</ele>
        <time>2024-08-08T13:19:09.274Z</time>
      </trkpt>
      <trkpt lat="60.143770" lon="10.658440">
        <ele>453.848757</ele>
        <time>2024-08-08T13:19:18.578Z</time>
      </trkpt>
      <trkpt lat="60.143479" lon="10.658667">
        <ele>454.841925</ele>
        <time>2024-08-08T13:19:33.428Z</time>
      </trkpt>
      <trkpt lat="60.143131" lon="10.659136">
        <ele>455.630275</ele>
        <time>2024-08-08T13:19:50.909Z</time>
      </trkpt>
      <trkpt lat="60.142970" lon="10.659441">
        <ele>455.289605</ele>
        <time>2024-08-08T13:19:58.886Z</time>
      </trkpt>
      <trkpt lat="60.142925" lon="10.659688">
        <ele>455.088040</ele>
        <time>2024-08-08T13:20:03.479Z</time>
      </trkpt>
      <trkpt lat="60.142959" lon="10.659888">
        <ele>454.926080</ele>
        <time>2024-08-08T13:20:06.961Z</time>
      </trkpt>
      <trkpt lat="60.143406" lon="10.660721">
        <ele>453.987474</ele>
        <time>2024-08-08T13:20:26.457Z</time>
      </trkpt>
      <trkpt lat="60.143789" lon="10.661037">
        <ele>453.350105</ele>
        <time>2024-08-08T13:20:39.295Z</time>
      </trkpt>
      <trkpt lat="60.144109" lon="10.661186">
        <ele>452.929102</ele>
        <time>2024-08-08T13:20:49.731Z</time>
      </trkpt>
      <trkpt lat="60.144210" lon="10.661277">
        <ele>452.832771</ele>
        <time>2024-08-08T13:20:53.315Z</time>
      </trkpt>
      <trkpt lat="60.144277" lon="10.661400">
        <ele>452.753782</ele>
        <time>2024-08-08T13:20:56.300Z</time>
      </trkpt>
      <trkpt lat="60.144610" lon="10.662246">
        <ele>452.286548</ele>
        <time>2024-08-08T13:21:14.687Z</time>
      </trkpt>
      <trkpt lat="60.144671" lon="10.662495">
        <ele>452.166322</ele>
        <time>2024-08-08T13:21:19.558Z</time>
      </trkpt>
      <trkpt lat="60.144776" lon="10.663369">
        <ele>451.776818</ele>
        <time>2024-08-08T13:21:35.965Z</time>
      </trkpt>
      <trkpt lat="60.144822" lon="10.663598">
        <ele>451.669839</ele>
        <time>2024-08-08T13:21:40.636Z</time>
      </trkpt>
      <trkpt lat="60.145027" lon="10.664136">
        <ele>451.425156</ele>
        <time>2024-08-08T13:21:53.426Z</time>
      </trkpt>
      <trkpt lat="60.145340" lon="10.664620">
        <ele>451.253375</ele>
        <time>2024-08-08T13:22:08.694Z</time>
      </trkpt>
      <trkpt lat="60.145427" lon="10.664877">
        <ele>451.186091</ele>
        <time>2024-08-08T13:22:14.604Z</time>
      </trkpt>
      <trkpt lat="60.145527" lon="10.665343">
        <ele>451.076232</ele>
        <time>2024-08-08T13:22:24.367Z</time>
      </trkpt>
      <trkpt lat="60.145744" lon="10.666737">
        <ele>450.760034</ele>
        <time>2024-08-08T13:22:49.951Z</time>
      </trkpt>
      <trkpt lat="60.145757" lon="10.667068">
        <ele>450.677062</ele>
        <time>2024-08-08T13:22:55.403Z</time>
      </trkpt>
      <trkpt lat="60.145738" lon="10.667336">
        <ele>450.435814</ele>
        <time>2024-08-08T13:22:59.869Z</time>
      </trkpt>
      <trkpt lat="60.145599" lon="10.667883">
        <ele>449.888490</ele>
        <time>2024-08-08T13:23:09.762Z</time>
      </trkpt>
      <trkpt lat="60.145159" lon="10.669040">
        <ele>448.590914</ele>
        <time>2024-08-08T13:23:33.057Z</time>
      </trkpt>
      <trkpt lat="60.144988" lon="10.669360">
        <ele>448.172524</ele>
        <time>2024-08-08T13:23:40.755Z</time>
      </trkpt>
      <trkpt lat="60.144870" lon="10.669516">
        <ele>447.919628</ele>
        <time>2024-08-08T13:23:45.456Z</time>
      </trkpt>
      <trkpt lat="60.144422" lon="10.669829">
        <ele>447.136508</ele>
        <time>2024-08-08T13:24:01.464Z</time>
      </trkpt>
      <trkpt lat="60.143328" lon="10.670252">
        <ele>445.470343</ele>
        <time>2024-08-08T13:24:39.108Z</time>
      </trkpt>
      <trkpt lat="60.143092" lon="10.670390">
        <ele>445.102743</ele>
        <time>2024-08-08T13:24:47.341Z</time>
      </trkpt>
      <trkpt lat="60.142960" lon="10.670542">
        <ele>444.875193</ele>
        <time>2024-08-08T13:24:52.404Z</time>
      </trkpt>
      <trkpt lat="60.142794" lon="10.670897">
        <ele>444.187131</ele>
        <time>2024-08-08T13:25:00.431Z</time>
      </trkpt>
      <trkpt lat="60.142525" lon="10.671765">
        <ele>442.505328</ele>
        <time>2024-08-08T13:25:16.731Z</time>
      </trkpt>
      <trkpt lat="60.142304" lon="10.672106">
        <ele>441.584565</ele>
        <time>2024-08-08T13:25:25.361Z</time>
      </trkpt>
      <trkpt lat="60.141941" lon="10.672936">
        <ele>439.767292</ele>
        <time>2024-08-08T13:25:41.740Z</time>
      </trkpt>
      <trkpt lat="60.141705" lon="10.673239">
        <ele>438.841855</ele>
        <time>2024-08-08T13:25:49.841Z</time>
      </trkpt>
      <trkpt lat="60.141395" lon="10.673899">
        <ele>436.422157</ele>
        <time>2024-08-08T13:26:02.754Z</time>
      </trkpt>
      <trkpt lat="60.141048" lon="10.674404">
        <ele>434.125140</ele>
        <time>2024-08-08T13:26:14.920Z</time>
      </trkpt>
      <trkpt lat="60.140986" lon="10.674596">
        <ele>433.514388</ele>
        <time>2024-08-08T13:26:18.141Z</time>
      </trkpt>
      <trkpt lat="60.140972" lon="10.674800">
        <ele>432.964805</ele>
        <time>2024-08-08T13:26:21.032Z</time>
      </trkpt>
      <trkpt lat="60.140990" lon="10.674978">
        <ele>432.480058</ele>
        <time>2024-08-08T13:26:23.595Z</time>
      </trkpt>
      <trkpt lat="60.140990" lon="10.674978">
        <ele>432.480058</ele>
        <time>2024-08-08T13:26:23.598Z</time>
      </trkpt>
      <trkpt lat="60.141042" lon="10.675154">
        <ele>431.933868</ele>
        <time>2024-08-08T13:26:26.452Z</time>
      </trkpt>
      <trkpt lat="60.141134" lon="10.675273">
        <ele>431.347293</ele>
        <time>2024-08-08T13:26:29.534Z</time>
      </trkpt>
      <trkpt lat="60.141505" lon="10.675422">
        <ele>429.319197</ele>
        <time>2024-08-08T13:26:40.251Z</time>
      </trkpt>
      <trkpt lat="60.141616" lon="10.675514">
        <ele>428.784217</ele>
        <time>2024-08-08T13:26:43.650Z</time>
      </trkpt>
      <trkpt lat="60.141717" lon="10.675692">
        <ele>428.213987</ele>
        <time>2024-08-08T13:26:47.450Z</time>
      </trkpt>
      <trkpt lat="60.142064" lon="10.676885">
        <ele>425.294740</ele>
        <time>2024-08-08T13:27:07.280Z</time>
      </trkpt>
      <trkpt lat="60.142361" lon="10.677757">
        <ele>423.062484</ele>
        <time>2024-08-08T13:27:23.140Z</time>
      </trkpt>
      <trkpt lat="60.142551" lon="10.678090">
        <ele>421.992360</ele>
        <time>2024-08-08T13:27:30.992Z</time>
      </trkpt>
      <trkpt lat="60.142788" lon="10.678384">
        <ele>420.924751</ele>
        <time>2024-08-08T13:27:39.802Z</time>
      </trkpt>
      <trkpt lat="60.143265" lon="10.678735">
        <ele>419.096374</ele>
        <time>2024-08-08T13:27:55.901Z</time>
      </trkpt>
      <trkpt lat="60.143436" lon="10.678905">
        <ele>418.409662</ele>
        <time>2024-08-08T13:28:01.797Z</time>
      </trkpt>
      <trkpt lat="60.143691" lon="10.679361">
        <ele>417.180881</ele>
        <time>2024-08-08T13:28:12.193Z</time>
      </trkpt>
      <trkpt lat="60.144095" lon="10.680304">
        <ele>414.848156</ele>
        <time>2024-08-08T13:28:30.399Z</time>
      </trkpt>
      <trkpt lat="60.144257" lon="10.680539">
        <ele>413.592322</ele>
        <time>2024-08-08T13:28:36.107Z</time>
      </trkpt>
      <trkpt lat="60.144415" lon="10.680698">
        <ele>412.481709</ele>
        <time>2024-08-08T13:28:41.112Z</time>
      </trkpt>
      <trkpt lat="60.144638" lon="10.680837">
        <ele>411.014309</ele>
        <time>2024-08-08T13:28:47.630Z</time>
      </trkpt>
      <trkpt lat="60.145543" lon="10.681095">
        <ele>405.269695</ele>
        <time>2024-08-08T13:29:12.539Z</time>
      </trkpt>
      <trkpt lat="60.145872" lon="10.681275">
        <ele>403.208447</ele>
        <time>2024-08-08T13:29:21.793Z</time>
      </trkpt>
      <trkpt lat="60.146164" lon="10.681723">
        <ele>401.185274</ele>
        <time>2024-08-08T13:29:31.941Z</time>
      </trkpt>
      <trkpt lat="60.146481" lon="10.682512">
        <ele>398.406057</ele>
        <time>2024-08-08T13:29:46.228Z</time>
      </trkpt>
      <trkpt lat="60.146699" lon="10.682849">
        <ele>396.891389</ele>
        <time>2024-08-08T13:29:54.151Z</time>
      </trkpt>
      <trkpt lat="60.147531" lon="10.683428">
        <ele>392.388107</ele>
        <time>2024-08-08T13:30:19.951Z</time>
      </trkpt>
      <trkpt lat="60.147686" lon="10.683563">
        <ele>391.632393</ele>
        <time>2024-08-08T13:30:24.962Z</time>
      </trkpt>
      <trkpt lat="60.147831" lon="10.683753">
        <ele>390.857992</ele>
        <time>2024-08-08T13:30:30.100Z</time>
      </trkpt>
      <trkpt lat="60.147945" lon="10.684064">
        <ele>389.998001</ele>
        <time>2024-08-08T13:30:35.815Z</time>
      </trkpt>
      <trkpt lat="60.148163" lon="10.685875">
        <ele>385.849351</ele>
        <time>2024-08-08T13:31:02.960Z</time>
      </trkpt>
      <trkpt lat="60.148228" lon="10.686128">
        <ele>385.164113</ele>
        <time>2024-08-08T13:31:07.039Z</time>
      </trkpt>
      <trkpt lat="60.148315" lon="10.686302">
        <ele>384.569636</ele>
        <time>2024-08-08T13:31:10.556Z</time>
      </trkpt>
      <trkpt lat="60.148712" lon="10.686650">
        <ele>382.472112</ele>
        <time>2024-08-08T13:31:22.994Z</time>
      </trkpt>
      <trkpt lat="60.148889" lon="10.686745">
        <ele>381.584918</ele>
        <time>2024-08-08T13:31:28.287Z</time>
      </trkpt>
      <trkpt lat="60.149257" lon="10.686822">
        <ele>379.793218</ele>
        <time>2024-08-08T13:31:39.040Z</time>
      </trkpt>
      <trkpt lat="60.149702" lon="10.687174">
        <ele>377.477272</ele>
        <time>2024-08-08T13:31:52.956Z</time>
      </trkpt>
      <trkpt lat="60.149845" lon="10.687203">
        <ele>376.763967</ele>
        <time>2024-08-08T13:31:57.124Z</time>
      </trkpt>
      <trkpt lat="60.150213" lon="10.687057">
        <ele>374.856519</ele>
        <time>2024-08-08T13:32:07.951Z</time>
      </trkpt>
      <trkpt lat="60.150379" lon="10.687090">
        <ele>374.008273</ele>
        <time>2024-08-08T13:32:12.764Z</time>
      </trkpt>
      <trkpt lat="60.150531" lon="10.687179">
        <ele>373.203185</ele>
        <time>2024-08-08T13:32:17.340Z</time>
      </trkpt>
      <trkpt lat="60.150691" lon="10.687390">
        <ele>372.229965</ele>
        <time>2024-08-08T13:32:22.838Z</time>
      </trkpt>
      <trkpt lat="60.150810" lon="10.687702">
        <ele>371.235112</ele>
        <time>2024-08-08T13:32:28.476Z</time>
      </trkpt>
      <trkpt lat="60.150876" lon="10.688176">
        <ele>369.989385</ele>
        <time>2024-08-08T13:32:35.508Z</time>
      </trkpt>
      <trkpt lat="60.150885" lon="10.688502">
        <ele>369.163031</ele>
        <time>2024-08-08T13:32:40.167Z</time>
      </trkpt>
      <trkpt lat="60.150817" lon="10.688871">
        <ele>368.167155</ele>
        <time>2024-08-08T13:32:45.740Z</time>
      </trkpt>
      <trkpt lat="60.150699" lon="10.689171">
        <ele>367.176949</ele>
        <time>2024-08-08T13:32:51.135Z</time>
      </trkpt>
      <trkpt lat="60.150417" lon="10.689618">
        <ele>365.297911</ele>
        <time>2024-08-08T13:33:01.258Z</time>
      </trkpt>
      <trkpt lat="60.150230" lon="10.689842">
        <ele>364.159004</ele>
        <time>2024-08-08T13:33:07.395Z</time>
      </trkpt>
      <trkpt lat="60.150075" lon="10.690096">
        <ele>363.112657</ele>
        <time>2024-08-08T13:33:13.035Z</time>
      </trkpt>
      <trkpt lat="60.149940" lon="10.690390">
        <ele>362.071153</ele>
        <time>2024-08-08T13:33:18.698Z</time>
      </trkpt>
      <trkpt lat="60.149736" lon="10.691121">
        <ele>359.889051</ele>
        <time>2024-08-08T13:33:30.698Z</time>
      </trkpt>
      <trkpt lat="60.149674" lon="10.691563">
        <ele>358.693357</ele>
        <time>2024-08-08T13:33:37.359Z</time>
      </trkpt>
      <trkpt lat="60.149677" lon="10.691841">
        <ele>358.138869</ele>
        <time>2024-08-08T13:33:41.422Z</time>
      </trkpt>
      <trkpt lat="60.149724" lon="10.692091">
        <ele>357.638997</ele>
        <time>2024-08-08T13:33:45.313Z</time>
      </trkpt>
      <trkpt lat="60.149825" lon="10.692315">
        <ele>357.073646</ele>
        <time>2024-08-08T13:33:49.766Z</time>
      </trkpt>
      <trkpt lat="60.149975" lon="10.692555">
        <ele>356.353027</ele>
        <time>2024-08-08T13:33:55.451Z</time>
      </trkpt>
      <trkpt lat="60.150988" lon="10.693668">
        <ele>352.014088</ele>
        <time>2024-08-08T13:34:30.645Z</time>
      </trkpt>
      <trkpt lat="60.151199" lon="10.693922">
        <ele>351.116821</ele>
        <time>2024-08-08T13:34:38.250Z</time>
      </trkpt>
      <trkpt lat="60.151325" lon="10.694135">
        <ele>350.521229</ele>
        <time>2024-08-08T13:34:43.301Z</time>
      </trkpt>
      <trkpt lat="60.151534" lon="10.694710">
        <ele>349.239460</ele>
        <time>2024-08-08T13:34:54.128Z</time>
      </trkpt>
      <trkpt lat="60.151998" lon="10.696383">
        <ele>345.791700</ele>
        <time>2024-08-08T13:35:22.894Z</time>
      </trkpt>
      <trkpt lat="60.152035" lon="10.696579">
        <ele>345.414338</ele>
        <time>2024-08-08T13:35:25.993Z</time>
      </trkpt>
      <trkpt lat="60.152056" lon="10.696905">
        <ele>344.767691</ele>
        <time>2024-08-08T13:35:30.924Z</time>
      </trkpt>
      <trkpt lat="60.151992" lon="10.697309">
        <ele>343.917853</ele>
        <time>2024-08-08T13:35:37.082Z</time>
      </trkpt>
      <trkpt lat="60.151882" lon="10.697551">
        <ele>343.260911</ele>
        <time>2024-08-08T13:35:41.847Z</time>
      </trkpt>
      <trkpt lat="60.151569" lon="10.697952">
        <ele>341.765853</ele>
        <time>2024-08-08T13:35:52.692Z</time>
      </trkpt>
      <trkpt lat="60.151469" lon="10.698133">
        <ele>341.223784</ele>
        <time>2024-08-08T13:35:56.585Z</time>
      </trkpt>
      <trkpt lat="60.151393" lon="10.698378">
        <ele>340.645102</ele>
        <time>2024-08-08T13:36:00.880Z</time>
      </trkpt>
      <trkpt lat="60.151385" lon="10.698866">
        <ele>339.666371</ele>
        <time>2024-08-08T13:36:08.031Z</time>
      </trkpt>
      <trkpt lat="60.151470" lon="10.699212">
        <ele>338.892926</ele>
        <time>2024-08-08T13:36:13.827Z</time>
      </trkpt>
      <trkpt lat="60.151840" lon="10.699401">
        <ele>337.768219</ele>
        <time>2024-08-08T13:36:25.514Z</time>
      </trkpt>
      <trkpt lat="60.152037" lon="10.699403">
        <ele>337.438140</ele>
        <time>2024-08-08T13:36:31.667Z</time>
      </trkpt>
      <trkpt lat="60.152500" lon="10.699193">
        <ele>336.642860</ele>
        <time>2024-08-08T13:36:46.936Z</time>
      </trkpt>
      <trkpt lat="60.153600" lon="10.698365">
        <ele>335.224797</ele>
        <time>2024-08-08T13:37:27.764Z</time>
      </trkpt>
      <trkpt lat="60.154572" lon="10.697551">
        <ele>336.055631</ele>
        <time>2024-08-08T13:38:11.640Z</time>
      </trkpt>
      <trkpt lat="60.154722" lon="10.697355">
        <ele>336.196800</ele>
        <time>2024-08-08T13:38:19.785Z</time>
      </trkpt>
      <trkpt lat="60.154834" lon="10.697138">
        <ele>336.319554</ele>
        <time>2024-08-08T13:38:27.059Z</time>
      </trkpt>
      <trkpt lat="60.154944" lon="10.696827">
        <ele>336.466972</ele>
        <time>2024-08-08T13:38:35.772Z</time>
      </trkpt>
      <trkpt lat="60.155158" lon="10.696429">
        <ele>336.345755</ele>
        <time>2024-08-08T13:38:49.250Z</time>
      </trkpt>
      <trkpt lat="60.155591" lon="10.695730">
        <ele>336.114861</ele>
        <time>2024-08-08T13:39:12.206Z</time>
      </trkpt>
      <trkpt lat="60.155891" lon="10.695279">
        <ele>335.959110</ele>
        <time>2024-08-08T13:39:25.419Z</time>
      </trkpt>
      <trkpt lat="60.155995" lon="10.695173">
        <ele>335.910633</ele>
        <time>2024-08-08T13:39:29.309Z</time>
      </trkpt>
      <trkpt lat="60.156413" lon="10.694947">
        <ele>335.730687</ele>
        <time>2024-08-08T13:39:43.288Z</time>
      </trkpt>
      <trkpt lat="60.156781" lon="10.694528">
        <ele>333.568437</ele>
        <time>2024-08-08T13:39:56.254Z</time>
      </trkpt>
      <trkpt lat="60.157033" lon="10.694346">
        <ele>332.118824</ele>
        <time>2024-08-08T13:40:04.165Z</time>
      </trkpt>
      <trkpt lat="60.157435" lon="10.693911">
        <ele>329.647182</ele>
        <time>2024-08-08T13:40:17.079Z</time>
      </trkpt>
      <trkpt lat="60.158542" lon="10.693018">
        <ele>321.560005</ele>
        <time>2024-08-08T13:40:49.274Z</time>
      </trkpt>
      <trkpt lat="60.159186" lon="10.692567">
        <ele>315.714343</ele>
        <time>2024-08-08T13:41:07.317Z</time>
      </trkpt>
      <trkpt lat="60.159703" lon="10.692149">
        <ele>310.937657</ele>
        <time>2024-08-08T13:41:21.803Z</time>
      </trkpt>
      <trkpt lat="60.161003" lon="10.691307">
        <ele>297.511434</ele>
        <time>2024-08-08T13:41:56.851Z</time>
      </trkpt>
      <trkpt lat="60.161562" lon="10.690839">
        <ele>291.838869</ele>
        <time>2024-08-08T13:42:12.454Z</time>
      </trkpt>
      <trkpt lat="60.162143" lon="10.690636">
        <ele>287.407940</ele>
        <time>2024-08-08T13:42:28.002Z</time>
      </trkpt>
      <trkpt lat="60.162277" lon="10.690550">
        <ele>286.351020</ele>
        <time>2024-08-08T13:42:31.753Z</time>
      </trkpt>
      <trkpt lat="60.163063" lon="10.689799">
        <ele>279.811899</ele>
        <time>2024-08-08T13:42:55.795Z</time>
      </trkpt>
      <trkpt lat="60.163499" lon="10.689472">
        <ele>277.378021</ele>
        <time>2024-08-08T13:43:09.032Z</time>
      </trkpt>
      <trkpt lat="60.164016" lon="10.689158">
        <ele>274.766465</ele>
        <time>2024-08-08T13:43:24.637Z</time>
      </trkpt>
      <trkpt lat="60.164480" lon="10.689037">
        <ele>272.504020</ele>
        <time>2024-08-08T13:43:38.266Z</time>
      </trkpt>
      <trkpt lat="60.164599" lon="10.688969">
        <ele>271.905802</ele>
        <time>2024-08-08T13:43:41.884Z</time>
      </trkpt>
      <trkpt lat="60.164982" lon="10.688489">
        <ele>270.142229</ele>
        <time>2024-08-08T13:43:55.350Z</time>
      </trkpt>
      <trkpt lat="60.165069" lon="10.688451">
        <ele>269.917551</ele>
        <time>2024-08-08T13:43:58.064Z</time>
      </trkpt>
      <trkpt lat="60.165457" lon="10.688450">
        <ele>268.938389</ele>
        <time>2024-08-08T13:44:09.893Z</time>
      </trkpt>
      <trkpt lat="60.165634" lon="10.688349">
        <ele>268.474059</ele>
        <time>2024-08-08T13:44:15.521Z</time>
      </trkpt>
      <trkpt lat="60.165853" lon="10.688157">
        <ele>267.871107</ele>
        <time>2024-08-08T13:44:22.992Z</time>
      </trkpt>
      <trkpt lat="60.166060" lon="10.688099">
        <ele>267.343669</ele>
        <time>2024-08-08T13:44:29.540Z</time>
      </trkpt>
      <trkpt lat="60.166059" lon="10.687843">
        <ele>267.022259</ele>
        <time>2024-08-08T13:44:33.681Z</time>
      </trkpt>
      <trkpt lat="60.166108" lon="10.687579">
        <ele>266.668500</ele>
        <time>2024-08-08T13:44:38.247Z</time>
      </trkpt>
      <trkpt lat="60.166618" lon="10.686959">
        <ele>266.864500</ele>
        <time>2024-08-08T13:44:59.972Z</time>
      </trkpt>
      <trkpt lat="60.166699" lon="10.686810">
        <ele>267.113149</ele>
        <time>2024-08-08T13:45:04.633Z</time>
      </trkpt>
      <trkpt lat="60.166752" lon="10.686583">
        <ele>267.395651</ele>
        <time>2024-08-08T13:45:10.178Z</time>
      </trkpt>
      <trkpt lat="60.166726" lon="10.685871">
        <ele>268.199947</ele>
        <time>2024-08-08T13:45:28.056Z</time>
      </trkpt>
      <trkpt lat="60.166783" lon="10.685241">
        <ele>268.921345</ele>
        <time>2024-08-08T13:45:46.203Z</time>
      </trkpt>
      <trkpt lat="60.166570" lon="10.682809">
        <ele>272.244624</ele>
        <time>2024-08-08T13:46:55.174Z</time>
      </trkpt>
      <trkpt lat="60.166553" lon="10.682387">
        <ele>272.886076</ele>
        <time>2024-08-08T13:47:06.514Z</time>
      </trkpt>
      <trkpt lat="60.166571" lon="10.682061">
        <ele>273.383022</ele>
        <time>2024-08-08T13:47:15.570Z</time>
      </trkpt>
      <trkpt lat="60.167083" lon="10.679857">
        <ele>275.868027</ele>
        <time>2024-08-08T13:48:14.170Z</time>
      </trkpt>
      <trkpt lat="60.167324" lon="10.678132">
        <ele>276.346163</ele>
        <time>2024-08-08T13:48:47.239Z</time>
      </trkpt>
      <trkpt lat="60.167393" lon="10.677853">
        <ele>276.429309</ele>
        <time>2024-08-08T13:48:52.842Z</time>
      </trkpt>
      <trkpt lat="60.167550" lon="10.677523">
        <ele>276.551160</ele>
        <time>2024-08-08T13:49:01.171Z</time>
      </trkpt>
      <trkpt lat="60.168500" lon="10.676361">
        <ele>275.267076</ele>
        <time>2024-08-08T13:49:39.842Z</time>
      </trkpt>
      <trkpt lat="60.168706" lon="10.676155">
        <ele>274.984319</ele>
        <time>2024-08-08T13:49:47.417Z</time>
      </trkpt>
      <trkpt lat="60.168928" lon="10.676015">
        <ele>274.698383</ele>
        <time>2024-08-08T13:49:55.007Z</time>
      </trkpt>
      <trkpt lat="60.169298" lon="10.675927">
        <ele>274.182858</ele>
        <time>2024-08-08T13:50:07.030Z</time>
      </trkpt>
      <trkpt lat="60.172428" lon="10.676658">
        <ele>269.134105</ele>
        <time>2024-08-08T13:51:50.868Z</time>
      </trkpt>
      <trkpt lat="60.172615" lon="10.676667">
        <ele>268.876306</ele>
        <time>2024-08-08T13:51:57.448Z</time>
      </trkpt>
      <trkpt lat="60.172922" lon="10.676551">
        <ele>268.863050</ele>
        <time>2024-08-08T13:52:08.766Z</time>
      </trkpt>
      <trkpt lat="60.173198" lon="10.676328">
        <ele>269.253049</ele>
        <time>2024-08-08T13:52:20.213Z</time>
      </trkpt>
      <trkpt lat="60.173330" lon="10.675986">
        <ele>269.535350</ele>
        <time>2024-08-08T13:52:29.045Z</time>
      </trkpt>
      <trkpt lat="60.173457" lon="10.675736">
        <ele>269.768386</ele>
        <time>2024-08-08T13:52:36.542Z</time>
      </trkpt>
      <trkpt lat="60.174018" lon="10.674988">
        <ele>270.650970</ele>
        <time>2024-08-08T13:53:07.779Z</time>
      </trkpt>
      <trkpt lat="60.174121" lon="10.674790">
        <ele>270.837809</ele>
        <time>2024-08-08T13:53:14.803Z</time>
      </trkpt>
      <trkpt lat="60.174957" lon="10.672858">
        <ele>274.252917</ele>
        <time>2024-08-08T13:54:22.555Z</time>
      </trkpt>
      <trkpt lat="60.175149" lon="10.672221">
        <ele>275.307565</ele>
        <time>2024-08-08T13:54:41.812Z</time>
      </trkpt>
      <trkpt lat="60.175337" lon="10.671366">
        <ele>276.468928</ele>
        <time>2024-08-08T13:55:04.554Z</time>
      </trkpt>
      <trkpt lat="60.175435" lon="10.671032">
        <ele>276.837170</ele>
        <time>2024-08-08T13:55:13.583Z</time>
      </trkpt>
      <trkpt lat="60.175545" lon="10.670815">
        <ele>277.131399</ele>
        <time>2024-08-08T13:55:20.703Z</time>
      </trkpt>
      <trkpt lat="60.175658" lon="10.670627">
        <ele>277.411432</ele>
        <time>2024-08-08T13:55:27.286Z</time>
      </trkpt>
      <trkpt lat="60.175806" lon="10.670482">
        <ele>277.725769</ele>
        <time>2024-08-08T13:55:34.626Z</time>
      </trkpt>
      <trkpt lat="60.176446" lon="10.670066">
        <ele>279.009987</ele>
        <time>2024-08-08T13:56:04.888Z</time>
      </trkpt>
      <trkpt lat="60.176567" lon="10.669892">
        <ele>279.294014</ele>
        <time>2024-08-08T13:56:11.865Z</time>
      </trkpt>
      <trkpt lat="60.176845" lon="10.668879">
        <ele>281.085700</ele>
        <time>2024-08-08T13:56:39.024Z</time>
      </trkpt>
      <trkpt lat="60.177108" lon="10.668374">
        <ele>282.366866</ele>
        <time>2024-08-08T13:56:57.649Z</time>
      </trkpt>
      <trkpt lat="60.177765" lon="10.667483">
        <ele>285.158732</ele>
        <time>2024-08-08T13:57:43.279Z</time>
      </trkpt>
      <trkpt lat="60.178152" lon="10.666797">
        <ele>287.374106</ele>
        <time>2024-08-08T13:58:16.106Z</time>
      </trkpt>
      <trkpt lat="60.178314" lon="10.666563">
        <ele>288.338845</ele>
        <time>2024-08-08T13:58:28.917Z</time>
      </trkpt>
      <trkpt lat="60.178909" lon="10.665753">
        <ele>291.814122</ele>
        <time>2024-08-08T13:59:14.255Z</time>
      </trkpt>
      <trkpt lat="60.179212" lon="10.665439">
        <ele>293.462791</ele>
        <time>2024-08-08T13:59:34.693Z</time>
      </trkpt>
      <trkpt lat="60.179336" lon="10.665259">
        <ele>294.202475</ele>
        <time>2024-08-08T13:59:43.700Z</time>
      </trkpt>
      <trkpt lat="60.179878" lon="10.664182">
        <ele>297.148081</ele>
        <time>2024-08-08T14:00:27.184Z</time>
      </trkpt>
      <trkpt lat="60.180085" lon="10.663255">
        <ele>299.040739</ele>
        <time>2024-08-08T14:00:55.674Z</time>
      </trkpt>
      <trkpt lat="60.180309" lon="10.662484">
        <ele>300.703872</ele>
        <time>2024-08-08T14:01:19.917Z</time>
      </trkpt>
      <trkpt lat="60.180403" lon="10.661879">
        <ele>301.868375</ele>
        <time>2024-08-08T14:01:36.363Z</time>
      </trkpt>
      <trkpt lat="60.180416" lon="10.661281">
        <ele>302.950038</ele>
        <time>2024-08-08T14:01:51.357Z</time>
      </trkpt>
      <trkpt lat="60.180450" lon="10.660965">
        <ele>303.534287</ele>
        <time>2024-08-08T14:01:59.815Z</time>
      </trkpt>
      <trkpt lat="60.180507" lon="10.660708">
        <ele>304.042804</ele>
        <time>2024-08-08T14:02:07.127Z</time>
      </trkpt>
      <trkpt lat="60.180607" lon="10.660492">
        <ele>304.576108</ele>
        <time>2024-08-08T14:02:15.008Z</time>
      </trkpt>
      <trkpt lat="60.180715" lon="10.660318">
        <ele>305.078998</ele>
        <time>2024-08-08T14:02:22.693Z</time>
      </trkpt>
      <trkpt lat="60.180874" lon="10.660197">
        <ele>305.696789</ele>
        <time>2024-08-08T14:02:32.064Z</time>
      </trkpt>
      <trkpt lat="60.181018" lon="10.660145">
        <ele>306.228453</ele>
        <time>2024-08-08T14:02:40.547Z</time>
      </trkpt>
      <trkpt lat="60.181547" lon="10.660205">
        <ele>308.269840</ele>
        <time>2024-08-08T14:03:11.884Z</time>
      </trkpt>
      <trkpt lat="60.182333" lon="10.660316">
        <ele>312.353242</ele>
        <time>2024-08-08T14:03:58.777Z</time>
      </trkpt>
      <trkpt lat="60.182486" lon="10.660264">
        <ele>313.157394</ele>
        <time>2024-08-08T14:04:08.258Z</time>
      </trkpt>
      <trkpt lat="60.182667" lon="10.660118">
        <ele>314.168046</ele>
        <time>2024-08-08T14:04:20.419Z</time>
      </trkpt>
      <trkpt lat="60.182883" lon="10.659860">
        <ele>315.469990</ele>
        <time>2024-08-08T14:04:36.722Z</time>
      </trkpt>
      <trkpt lat="60.183058" lon="10.659729">
        <ele>316.437698</ele>
        <time>2024-08-08T14:04:49.807Z</time>
      </trkpt>
      <trkpt lat="60.183220" lon="10.659712">
        <ele>317.298350</ele>
        <time>2024-08-08T14:05:01.035Z</time>
      </trkpt>
      <trkpt lat="60.183355" lon="10.659758">
        <ele>318.195947</ele>
        <time>2024-08-08T14:05:10.906Z</time>
      </trkpt>
      <trkpt lat="60.183471" lon="10.659854">
        <ele>319.018244</ele>
        <time>2024-08-08T14:05:19.833Z</time>
      </trkpt>
      <trkpt lat="60.183583" lon="10.659998">
        <ele>319.889664</ele>
        <time>2024-08-08T14:05:29.250Z</time>
      </trkpt>
      <trkpt lat="60.183820" lon="10.660517">
        <ele>322.186529</ele>
        <time>2024-08-08T14:05:54.515Z</time>
      </trkpt>
      <trkpt lat="60.183927" lon="10.660650">
        <ele>323.011114</ele>
        <time>2024-08-08T14:06:03.709Z</time>
      </trkpt>
      <trkpt lat="60.184049" lon="10.660680">
        <ele>323.816835</ele>
        <time>2024-08-08T14:06:12.480Z</time>
      </trkpt>
      <trkpt lat="60.184146" lon="10.660615">
        <ele>324.487079</ele>
        <time>2024-08-08T14:06:19.617Z</time>
      </trkpt>
      <trkpt lat="60.184222" lon="10.660448">
        <ele>325.224989</ele>
        <time>2024-08-08T14:06:27.602Z</time>
      </trkpt>
      <trkpt lat="60.184255" lon="10.660301">
        <ele>325.750701</ele>
        <time>2024-08-08T14:06:33.207Z</time>
      </trkpt>
      <trkpt lat="60.184260" lon="10.660084">
        <ele>326.458761</ele>
        <time>2024-08-08T14:06:40.419Z</time>
      </trkpt>
      <trkpt lat="60.184226" lon="10.659604">
        <ele>328.039093</ele>
        <time>2024-08-08T14:06:56.869Z</time>
      </trkpt>
      <trkpt lat="60.184233" lon="10.659283">
        <ele>329.081736</ele>
        <time>2024-08-08T14:07:07.595Z</time>
      </trkpt>
      <trkpt lat="60.184278" lon="10.658916">
        <ele>330.251839</ele>
        <time>2024-08-08T14:07:20.384Z</time>
      </trkpt>
      <trkpt lat="60.184459" lon="10.658060">
        <ele>333.131283</ele>
        <time>2024-08-08T14:07:52.116Z</time>
      </trkpt>
      <trkpt lat="60.184476" lon="10.657851">
        <ele>333.786850</ele>
        <time>2024-08-08T14:07:59.621Z</time>
      </trkpt>
      <trkpt lat="60.184458" lon="10.657592">
        <ele>334.596387</ele>
        <time>2024-08-08T14:08:09.027Z</time>
      </trkpt>
      <trkpt lat="60.184419" lon="10.657408">
        <ele>335.215560</ele>
        <time>2024-08-08T14:08:16.365Z</time>
      </trkpt>
      <trkpt lat="60.184017" lon="10.656480">
        <ele>339.025569</ele>
        <time>2024-08-08T14:08:56.360Z</time>
      </trkpt>
      <trkpt lat="60.183962" lon="10.656166">
        <ele>340.056131</ele>
        <time>2024-08-08T14:09:07.162Z</time>
      </trkpt>
      <trkpt lat="60.183977" lon="10.655919">
        <ele>340.952526</ele>
        <time>2024-08-08T14:09:15.264Z</time>
      </trkpt>
      <trkpt lat="60.184019" lon="10.655704">
        <ele>341.809732</ele>
        <time>2024-08-08T14:09:23.462Z</time>
      </trkpt>
      <trkpt lat="60.184162" lon="10.655349">
        <ele>343.505154</ele>
        <time>2024-08-08T14:09:38.701Z</time>
      </trkpt>
      <trkpt lat="60.184185" lon="10.655169">
        <ele>344.194812</ele>
        <time>2024-08-08T14:09:45.649Z</time>
      </trkpt>
      <trkpt lat="60.184165" lon="10.654965">
        <ele>344.966402</ele>
        <time>2024-08-08T14:09:53.324Z</time>
      </trkpt>
      <trkpt lat="60.184104" lon="10.654778">
        <ele>345.796343</ele>
        <time>2024-08-08T14:10:00.646Z</time>
      </trkpt>
      <trkpt lat="60.183874" lon="10.654359">
        <ele>348.112408</ele>
        <time>2024-08-08T14:10:24.216Z</time>
      </trkpt>
      <trkpt lat="60.183830" lon="10.654154">
        <ele>348.940992</ele>
        <time>2024-08-08T14:10:32.694Z</time>
      </trkpt>
      <trkpt lat="60.183834" lon="10.653915">
        <ele>349.828398</ele>
        <time>2024-08-08T14:10:42.482Z</time>
      </trkpt>
      <trkpt lat="60.183915" lon="10.653531">
        <ele>351.376308</ele>
        <time>2024-08-08T14:10:58.648Z</time>
      </trkpt>
      <trkpt lat="60.183940" lon="10.653098">
        <ele>352.993917</ele>
        <time>2024-08-08T14:11:16.948Z</time>
      </trkpt>
      <trkpt lat="60.183881" lon="10.652214">
        <ele>356.852548</ele>
        <time>2024-08-08T14:11:52.160Z</time>
      </trkpt>
      <trkpt lat="60.183895" lon="10.651956">
        <ele>358.012272</ele>
        <time>2024-08-08T14:12:02.459Z</time>
      </trkpt>
      <trkpt lat="60.184113" lon="10.651249">
        <ele>361.729681</ele>
        <time>2024-08-08T14:12:36.905Z</time>
      </trkpt>
      <trkpt lat="60.184172" lon="10.650962">
        <ele>363.117428</ele>
        <time>2024-08-08T14:12:50.080Z</time>
      </trkpt>
      <trkpt lat="60.184195" lon="10.650630">
        <ele>364.615295</ele>
        <time>2024-08-08T14:13:04.532Z</time>
      </trkpt>
      <trkpt lat="60.184026" lon="10.648755">
        <ele>372.308817</ele>
        <time>2024-08-08T14:14:22.966Z</time>
      </trkpt>
      <trkpt lat="60.184022" lon="10.647157">
        <ele>377.698586</ele>
        <time>2024-08-08T14:15:19.559Z</time>
      </trkpt>
      <trkpt lat="60.184049" lon="10.646918">
        <ele>378.525225</ele>
        <time>2024-08-08T14:15:27.712Z</time>
      </trkpt>
      <trkpt lat="60.184112" lon="10.646684">
        <ele>379.422727</ele>
        <time>2024-08-08T14:15:36.350Z</time>
      </trkpt>
      <trkpt lat="60.184450" lon="10.645555">
        <ele>382.850017</ele>
        <time>2024-08-08T14:16:17.619Z</time>
      </trkpt>
      <trkpt lat="60.184758" lon="10.644825">
        <ele>384.337380</ele>
        <time>2024-08-08T14:16:43.353Z</time>
      </trkpt>
      <trkpt lat="60.185119" lon="10.644295">
        <ele>385.733873</ele>
        <time>2024-08-08T14:17:04.858Z</time>
      </trkpt>
      <trkpt lat="60.185211" lon="10.644104">
        <ele>386.146999</ele>
        <time>2024-08-08T14:17:11.025Z</time>
      </trkpt>
      <trkpt lat="60.185279" lon="10.643867">
        <ele>386.572085</ele>
        <time>2024-08-08T14:17:17.248Z</time>
      </trkpt>
      <trkpt lat="60.185305" lon="10.643652">
        <ele>386.915824</ele>
        <time>2024-08-08T14:17:22.583Z</time>
      </trkpt>
      <trkpt lat="60.185311" lon="10.643312">
        <ele>387.444346</ele>
        <time>2024-08-08T14:17:30.619Z</time>
      </trkpt>
      <trkpt lat="60.185302" lon="10.643158">
        <ele>387.693766</ele>
        <time>2024-08-08T14:17:34.221Z</time>
      </trkpt>
      <trkpt lat="60.185239" lon="10.642890">
        <ele>388.200937</ele>
        <time>2024-08-08T14:17:41.530Z</time>
      </trkpt>
      <trkpt lat="60.185062" lon="10.642890">
        <ele>388.809990</ele>
        <time>2024-08-08T14:17:50.215Z</time>
      </trkpt>
      <trkpt lat="60.184982" lon="10.642890">
        <ele>389.085268</ele>
        <time>2024-08-08T14:17:54.262Z</time>
      </trkpt>
      <trkpt lat="60.184862" lon="10.642870">
        <ele>389.499601</ele>
        <time>2024-08-08T14:18:00.666Z</time>
      </trkpt>
      <trkpt lat="60.184331" lon="10.642302">
        <ele>391.569109</ele>
        <time>2024-08-08T14:18:33.044Z</time>
      </trkpt>
      <trkpt lat="60.183949" lon="10.641584">
        <ele>393.368227</ele>
        <time>2024-08-08T14:19:02.387Z</time>
      </trkpt>
      <trkpt lat="60.183872" lon="10.641321">
        <ele>393.969207</ele>
        <time>2024-08-08T14:19:11.125Z</time>
      </trkpt>
      <trkpt lat="60.183835" lon="10.640918">
        <ele>395.220904</ele>
        <time>2024-08-08T14:19:23.928Z</time>
      </trkpt>
      <trkpt lat="60.183865" lon="10.640201">
        <ele>397.418588</ele>
        <time>2024-08-08T14:19:47.670Z</time>
      </trkpt>
      <trkpt lat="60.183866" lon="10.639472">
        <ele>399.645192</ele>
        <time>2024-08-08T14:20:12.668Z</time>
      </trkpt>
      <trkpt lat="60.183819" lon="10.639131">
        <ele>400.725989</ele>
        <time>2024-08-08T14:20:25.053Z</time>
      </trkpt>
      <trkpt lat="60.183758" lon="10.639030">
        <ele>401.211347</ele>
        <time>2024-08-08T14:20:30.581Z</time>
      </trkpt>
      <trkpt lat="60.183404" lon="10.638712">
        <ele>403.592957</ele>
        <time>2024-08-08T14:20:58.045Z</time>
      </trkpt>
      <trkpt lat="60.183260" lon="10.638653">
        <ele>404.495691</ele>
        <time>2024-08-08T14:21:08.626Z</time>
      </trkpt>
      <trkpt lat="60.182524" lon="10.638548">
        <ele>410.096096</ele>
        <time>2024-08-08T14:22:02.783Z</time>
      </trkpt>
      <trkpt lat="60.182431" lon="10.638489">
        <ele>410.847829</ele>
        <time>2024-08-08T14:22:11.041Z</time>
      </trkpt>
      <trkpt lat="60.182358" lon="10.638377">
        <ele>411.555624</ele>
        <time>2024-08-08T14:22:18.032Z</time>
      </trkpt>
      <trkpt lat="60.182302" lon="10.638214">
        <ele>412.315045</ele>
        <time>2024-08-08T14:22:26.061Z</time>
      </trkpt>
      <trkpt lat="60.182274" lon="10.638010">
        <ele>413.126239</ele>
        <time>2024-08-08T14:22:35.305Z</time>
      </trkpt>
      <trkpt lat="60.182276" lon="10.637804">
        <ele>413.916007</ele>
        <time>2024-08-08T14:22:43.587Z</time>
      </trkpt>
      <trkpt lat="60.182377" lon="10.636714">
        <ele>418.165996</ele>
        <time>2024-08-08T14:23:26.329Z</time>
      </trkpt>
      <trkpt lat="60.182289" lon="10.636197">
        <ele>419.770204</ele>
        <time>2024-08-08T14:23:45.283Z</time>
      </trkpt>
      <trkpt lat="60.182299" lon="10.635905">
        <ele>420.538677</ele>
        <time>2024-08-08T14:23:54.105Z</time>
      </trkpt>
      <trkpt lat="60.182349" lon="10.635754">
        <ele>421.014994</ele>
        <time>2024-08-08T14:23:59.088Z</time>
      </trkpt>
      <trkpt lat="60.182567" lon="10.635406">
        <ele>422.484621</ele>
        <time>2024-08-08T14:24:17.138Z</time>
      </trkpt>
      <trkpt lat="60.182833" lon="10.634819">
        <ele>424.569787</ele>
        <time>2024-08-08T14:24:42.093Z</time>
      </trkpt>
      <trkpt lat="60.183241" lon="10.633931">
        <ele>427.744157</ele>
        <time>2024-08-08T14:25:09.232Z</time>
      </trkpt>
      <trkpt lat="60.183357" lon="10.633748">
        <ele>428.294063</ele>
        <time>2024-08-08T14:25:16.564Z</time>
      </trkpt>
      <trkpt lat="60.183759" lon="10.633380">
        <ele>428.968087</ele>
        <time>2024-08-08T14:25:31.606Z</time>
      </trkpt>
      <trkpt lat="60.183822" lon="10.633211">
        <ele>429.128357</ele>
        <time>2024-08-08T14:25:34.593Z</time>
      </trkpt>
      <trkpt lat="60.184070" lon="10.632092">
        <ele>430.057945</ele>
        <time>2024-08-08T14:25:50.407Z</time>
      </trkpt>
      <trkpt lat="60.184310" lon="10.631215">
        <ele>430.817511</ele>
        <time>2024-08-08T14:26:03.157Z</time>
      </trkpt>
      <trkpt lat="60.184369" lon="10.630860">
        <ele>431.115224</ele>
        <time>2024-08-08T14:26:08.196Z</time>
      </trkpt>
      <trkpt lat="60.184438" lon="10.630626">
        <ele>431.339832</ele>
        <time>2024-08-08T14:26:11.972Z</time>
      </trkpt>
      <trkpt lat="60.184659" lon="10.630163">
        <ele>431.869713</ele>
        <time>2024-08-08T14:26:21.933Z</time>
      </trkpt>
      <trkpt lat="60.184724" lon="10.629953">
        <ele>432.073936</ele>
        <time>2024-08-08T14:26:25.755Z</time>
      </trkpt>
      <trkpt lat="60.185011" lon="10.628594">
        <ele>433.292915</ele>
        <time>2024-08-08T14:26:49.789Z</time>
      </trkpt>
      <trkpt lat="60.185036" lon="10.628314">
        <ele>433.527775</ele>
        <time>2024-08-08T14:26:54.677Z</time>
      </trkpt>
      <trkpt lat="60.185039" lon="10.627911">
        <ele>433.860520</ele>
        <time>2024-08-08T14:27:00.973Z</time>
      </trkpt>
      <trkpt lat="60.185066" lon="10.626956">
        <ele>435.072247</ele>
        <time>2024-08-08T14:27:17.342Z</time>
      </trkpt>
      <trkpt lat="60.184969" lon="10.625120">
        <ele>437.492851</ele>
        <time>2024-08-08T14:27:50.881Z</time>
      </trkpt>
      <trkpt lat="60.184962" lon="10.623812">
        <ele>439.275930</ele>
        <time>2024-08-08T14:28:15.819Z</time>
      </trkpt>
      <trkpt lat="60.185027" lon="10.623578">
        <ele>439.672310</ele>
        <time>2024-08-08T14:28:20.907Z</time>
      </trkpt>
      <trkpt lat="60.185474" lon="10.622768">
        <ele>441.461803</ele>
        <time>2024-08-08T14:28:45.272Z</time>
      </trkpt>
      <trkpt lat="60.185641" lon="10.622363">
        <ele>442.239871</ele>
        <time>2024-08-08T14:28:55.619Z</time>
      </trkpt>
      <trkpt lat="60.185711" lon="10.622025">
        <ele>442.781321</ele>
        <time>2024-08-08T14:29:02.925Z</time>
      </trkpt>
      <trkpt lat="60.185696" lon="10.621427">
        <ele>443.666745</ele>
        <time>2024-08-08T14:29:13.926Z</time>
      </trkpt>
      <trkpt lat="60.185745" lon="10.621246">
        <ele>443.971506</ele>
        <time>2024-08-08T14:29:17.438Z</time>
      </trkpt>
      <trkpt lat="60.185853" lon="10.621016">
        <ele>444.163284</ele>
        <time>2024-08-08T14:29:22.615Z</time>
      </trkpt>
      <trkpt lat="60.185919" lon="10.620683">
        <ele>444.340378</ele>
        <time>2024-08-08T14:29:28.489Z</time>
      </trkpt>
      <trkpt lat="60.185914" lon="10.620337">
        <ele>444.511378</ele>
        <time>2024-08-08T14:29:33.651Z</time>
      </trkpt>
      <trkpt lat="60.185867" lon="10.620145">
        <ele>444.617101</ele>
        <time>2024-08-08T14:29:37.017Z</time>
      </trkpt>
      <trkpt lat="60.185611" lon="10.619437">
        <ele>445.049575</ele>
        <time>2024-08-08T14:29:49.718Z</time>
      </trkpt>
      <trkpt lat="60.185557" lon="10.619181">
        <ele>445.186954</ele>
        <time>2024-08-08T14:29:53.545Z</time>
      </trkpt>
      <trkpt lat="60.185554" lon="10.618959">
        <ele>445.296666</ele>
        <time>2024-08-08T14:29:56.576Z</time>
      </trkpt>
      <trkpt lat="60.185611" lon="10.617736">
        <ele>445.782835</ele>
        <time>2024-08-08T14:30:10.559Z</time>
      </trkpt>
      <trkpt lat="60.185639" lon="10.617313">
        <ele>445.715786</ele>
        <time>2024-08-08T14:30:15.074Z</time>
      </trkpt>
      <trkpt lat="60.185778" lon="10.616582">
        <ele>445.592816</ele>
        <time>2024-08-08T14:30:23.004Z</time>
      </trkpt>
      <trkpt lat="60.186060" lon="10.615660">
        <ele>445.422735</ele>
        <time>2024-08-08T14:30:34.230Z</time>
      </trkpt>
      <trkpt lat="60.186197" lon="10.615368">
        <ele>445.359653</ele>
        <time>2024-08-08T14:30:38.765Z</time>
      </trkpt>
      <trkpt lat="60.186678" lon="10.614617">
        <ele>445.463994</ele>
        <time>2024-08-08T14:30:55.428Z</time>
      </trkpt>
      <trkpt lat="60.186956" lon="10.614001">
        <ele>445.841547</ele>
        <time>2024-08-08T14:31:07.625Z</time>
      </trkpt>
      <trkpt lat="60.187592" lon="10.613005">
        <ele>446.577306</ele>
        <time>2024-08-08T14:31:30.157Z</time>
      </trkpt>
      <trkpt lat="60.188247" lon="10.612340">
        <ele>447.001685</ele>
        <time>2024-08-08T14:31:50.415Z</time>
      </trkpt>
      <trkpt lat="60.188809" lon="10.611800">
        <ele>447.184531</ele>
        <time>2024-08-08T14:32:06.306Z</time>
      </trkpt>
      <trkpt lat="60.189021" lon="10.611482">
        <ele>447.262168</ele>
        <time>2024-08-08T14:32:12.269Z</time>
      </trkpt>
      <trkpt lat="60.189021" lon="10.611481">
        <ele>447.262314</ele>
        <time>2024-08-08T14:32:12.278Z</time>
      </trkpt>
      <trkpt lat="60.189118" lon="10.611220">
        <ele>447.309874</ele>
        <time>2024-08-08T14:32:15.826Z</time>
      </trkpt>
      <trkpt lat="60.189273" lon="10.610622">
        <ele>447.408300</ele>
        <time>2024-08-08T14:32:23.340Z</time>
      </trkpt>
      <trkpt lat="60.189355" lon="10.610197">
        <ele>447.562954</ele>
        <time>2024-08-08T14:32:28.537Z</time>
      </trkpt>
      <trkpt lat="60.189273" lon="10.610622">
        <ele>447.724921</ele>
        <time>2024-08-08T14:32:33.865Z</time>
      </trkpt>
      <trkpt lat="60.189118" lon="10.611220">
        <ele>447.964522</ele>
        <time>2024-08-08T14:32:42.201Z</time>
      </trkpt>
      <trkpt lat="60.189021" lon="10.611481">
        <ele>448.080298</ele>
        <time>2024-08-08T14:32:46.466Z</time>
      </trkpt>
      <trkpt lat="60.189021" lon="10.611482">
        <ele>448.080653</ele>
        <time>2024-08-08T14:32:46.477Z</time>
      </trkpt>
      <trkpt lat="60.188809" lon="10.611800">
        <ele>448.269647</ele>
        <time>2024-08-08T14:32:53.652Z</time>
      </trkpt>
      <trkpt lat="60.188247" lon="10.612340">
        <ele>448.752899</ele>
        <time>2024-08-08T14:33:11.953Z</time>
      </trkpt>
      <trkpt lat="60.188257" lon="10.612096">
        <ele>449.047925</ele>
        <time>2024-08-08T14:33:15.688Z</time>
      </trkpt>
      <trkpt lat="60.188308" lon="10.611841">
        <ele>449.379141</ele>
        <time>2024-08-08T14:33:20.147Z</time>
      </trkpt>
      <trkpt lat="60.188524" lon="10.611103">
        <ele>450.411121</ele>
        <time>2024-08-08T14:33:35.068Z</time>
      </trkpt>
      <trkpt lat="60.188544" lon="10.610912">
        <ele>450.646331</ele>
        <time>2024-08-08T14:33:38.618Z</time>
      </trkpt>
      <trkpt lat="60.188520" lon="10.610661">
        <ele>450.954335</ele>
        <time>2024-08-08T14:33:43.288Z</time>
      </trkpt>
      <trkpt lat="60.188395" lon="10.610213">
        <ele>451.573398</ele>
        <time>2024-08-08T14:33:52.960Z</time>
      </trkpt>
      <trkpt lat="60.188245" lon="10.610069">
        <ele>451.976265</ele>
        <time>2024-08-08T14:33:59.043Z</time>
      </trkpt>
      <trkpt lat="60.188010" lon="10.610100">
        <ele>452.547099</ele>
        <time>2024-08-08T14:34:07.865Z</time>
      </trkpt>
      <trkpt lat="60.187779" lon="10.609888">
        <ele>453.205953</ele>
        <time>2024-08-08T14:34:17.209Z</time>
      </trkpt>
      <trkpt lat="60.187685" lon="10.609859">
        <ele>453.532631</ele>
        <time>2024-08-08T14:34:20.771Z</time>
      </trkpt>
      <trkpt lat="60.186530" lon="10.610000">
        <ele>457.507500</ele>
        <time>2024-08-08T14:35:04.671Z</time>
      </trkpt>
      <trkpt lat="60.186108" lon="10.610078">
        <ele>458.963230</ele>
        <time>2024-08-08T14:35:22.307Z</time>
      </trkpt>
      <trkpt lat="60.185277" lon="10.609691">
        <ele>464.209384</ele>
        <time>2024-08-08T14:36:06.125Z</time>
      </trkpt>
      <trkpt lat="60.184908" lon="10.609655">
        <ele>466.584933</ele>
        <time>2024-08-08T14:36:27.705Z</time>
      </trkpt>
      <trkpt lat="60.184592" lon="10.609727">
        <ele>468.629886</ele>
        <time>2024-08-08T14:36:46.894Z</time>
      </trkpt>
      <trkpt lat="60.184261" lon="10.609559">
        <ele>470.824235</ele>
        <time>2024-08-08T14:37:07.918Z</time>
      </trkpt>
      <trkpt lat="60.184015" lon="10.609361">
        <ele>472.467651</ele>
        <time>2024-08-08T14:37:24.376Z</time>
      </trkpt>
      <trkpt lat="60.183726" lon="10.608586">
        <ele>475.455154</ele>
        <time>2024-08-08T14:37:53.845Z</time>
      </trkpt>
      <trkpt lat="60.183636" lon="10.608432">
        <ele>476.188059</ele>
        <time>2024-08-08T14:38:00.627Z</time>
      </trkpt>
      <trkpt lat="60.183525" lon="10.608280">
        <ele>477.020950</ele>
        <time>2024-08-08T14:38:08.159Z</time>
      </trkpt>
      <trkpt lat="60.183167" lon="10.607929">
        <ele>479.491181</ele>
        <time>2024-08-08T14:38:28.692Z</time>
      </trkpt>
      <trkpt lat="60.182789" lon="10.607622">
        <ele>482.004308</ele>
        <time>2024-08-08T14:38:46.962Z</time>
      </trkpt>
      <trkpt lat="60.182476" lon="10.607204">
        <ele>483.750911</ele>
        <time>2024-08-08T14:39:02.674Z</time>
      </trkpt>
      <trkpt lat="60.181937" lon="10.606717">
        <ele>486.497783</ele>
        <time>2024-08-08T14:39:27.587Z</time>
      </trkpt>
      <trkpt lat="60.181782" lon="10.606633">
        <ele>487.244025</ele>
        <time>2024-08-08T14:39:34.902Z</time>
      </trkpt>
      <trkpt lat="60.181350" lon="10.606648">
        <ele>489.252534</ele>
        <time>2024-08-08T14:39:55.716Z</time>
      </trkpt>
      <trkpt lat="60.180718" lon="10.606546">
        <ele>493.058379</ele>
        <time>2024-08-08T14:40:29.229Z</time>
      </trkpt>
      <trkpt lat="60.180082" lon="10.606633">
        <ele>497.374777</ele>
        <time>2024-08-08T14:41:07.667Z</time>
      </trkpt>
      <trkpt lat="60.179812" lon="10.606744">
        <ele>499.240799</ele>
        <time>2024-08-08T14:41:24.377Z</time>
      </trkpt>
      <trkpt lat="60.178930" lon="10.607563">
        <ele>505.499281</ele>
        <time>2024-08-08T14:42:19.856Z</time>
      </trkpt>
      <trkpt lat="60.178815" lon="10.607594">
        <ele>506.209296</ele>
        <time>2024-08-08T14:42:26.145Z</time>
      </trkpt>
      <trkpt lat="60.178716" lon="10.607529">
        <ele>506.846581</ele>
        <time>2024-08-08T14:42:31.921Z</time>
      </trkpt>
      <trkpt lat="60.178598" lon="10.607249">
        <ele>507.963461</ele>
        <time>2024-08-08T14:42:41.503Z</time>
      </trkpt>
      <trkpt lat="60.178250" lon="10.605820">
        <ele>512.805517</ele>
        <time>2024-08-08T14:43:21.793Z</time>
      </trkpt>
      <trkpt lat="60.178140" lon="10.605206">
        <ele>514.934396</ele>
        <time>2024-08-08T14:43:38.684Z</time>
      </trkpt>
      <trkpt lat="60.178085" lon="10.605114">
        <ele>515.420788</ele>
        <time>2024-08-08T14:43:42.553Z</time>
      </trkpt>
      <trkpt lat="60.177538" lon="10.604727">
        <ele>519.363149</ele>
        <time>2024-08-08T14:44:15.067Z</time>
      </trkpt>
      <trkpt lat="60.177377" lon="10.604664">
        <ele>520.478272</ele>
        <time>2024-08-08T14:44:24.520Z</time>
      </trkpt>
      <trkpt lat="60.177253" lon="10.604630">
        <ele>521.329112</ele>
        <time>2024-08-08T14:44:31.906Z</time>
      </trkpt>
      <trkpt lat="60.177086" lon="10.604483">
        <ele>522.568518</ele>
        <time>2024-08-08T14:44:42.645Z</time>
      </trkpt>
      <trkpt lat="60.176460" lon="10.603621">
        <ele>527.644538</ele>
        <time>2024-08-08T14:45:28.996Z</time>
      </trkpt>
      <trkpt lat="60.176301" lon="10.603333">
        <ele>529.039406</ele>
        <time>2024-08-08T14:45:42.238Z</time>
      </trkpt>
      <trkpt lat="60.176106" lon="10.602697">
        <ele>531.461403</ele>
        <time>2024-08-08T14:46:04.574Z</time>
      </trkpt>
      <trkpt lat="60.175875" lon="10.602290">
        <ele>533.463341</ele>
        <time>2024-08-08T14:46:22.903Z</time>
      </trkpt>
      <trkpt lat="60.175728" lon="10.602112">
        <ele>534.581828</ele>
        <time>2024-08-08T14:46:32.474Z</time>
      </trkpt>
      <trkpt lat="60.175624" lon="10.602043">
        <ele>535.295656</ele>
        <time>2024-08-08T14:46:38.275Z</time>
      </trkpt>
      <trkpt lat="60.175158" lon="10.601840">
        <ele>537.758227</ele>
        <time>2024-08-08T14:47:00.420Z</time>
      </trkpt>
      <trkpt lat="60.174883" lon="10.601897">
        <ele>538.331498</ele>
        <time>2024-08-08T14:47:11.338Z</time>
      </trkpt>
      <trkpt lat="60.174504" lon="10.601847">
        <ele>539.119095</ele>
        <time>2024-08-08T14:47:25.076Z</time>
      </trkpt>
      <trkpt lat="60.174230" lon="10.601997">
        <ele>539.707955</ele>
        <time>2024-08-08T14:47:34.482Z</time>
      </trkpt>
      <trkpt lat="60.173286" lon="10.602689">
        <ele>540.835677</ele>
        <time>2024-08-08T14:48:00.408Z</time>
      </trkpt>
      <trkpt lat="60.172871" lon="10.603301">
        <ele>540.215803</ele>
        <time>2024-08-08T14:48:11.006Z</time>
      </trkpt>
      <trkpt lat="60.172495" lon="10.603695">
        <ele>539.705124</ele>
        <time>2024-08-08T14:48:19.369Z</time>
      </trkpt>
      <trkpt lat="60.172208" lon="10.603783">
        <ele>539.355459</ele>
        <time>2024-08-08T14:48:24.960Z</time>
      </trkpt>
      <trkpt lat="60.171869" lon="10.603777">
        <ele>538.807581</ele>
        <time>2024-08-08T14:48:31.451Z</time>
      </trkpt>
      <trkpt lat="60.171729" lon="10.603825">
        <ele>538.311318</ele>
        <time>2024-08-08T14:48:34.096Z</time>
      </trkpt>
      <trkpt lat="60.171334" lon="10.604100">
        <ele>536.850656</ele>
        <time>2024-08-08T14:48:41.849Z</time>
      </trkpt>
      <trkpt lat="60.171177" lon="10.604163">
        <ele>536.291231</ele>
        <time>2024-08-08T14:48:44.783Z</time>
      </trkpt>
      <trkpt lat="60.170613" lon="10.604248">
        <ele>534.314922</ele>
        <time>2024-08-08T14:48:54.605Z</time>
      </trkpt>
      <trkpt lat="60.170419" lon="10.604278">
        <ele>533.635027</ele>
        <time>2024-08-08T14:48:57.925Z</time>
      </trkpt>
      <trkpt lat="60.170321" lon="10.604237">
        <ele>533.285250</ele>
        <time>2024-08-08T14:48:59.579Z</time>
      </trkpt>
      <trkpt lat="60.170240" lon="10.604168">
        <ele>532.977851</ele>
        <time>2024-08-08T14:49:01.042Z</time>
      </trkpt>
      <trkpt lat="60.170088" lon="10.603938">
        <ele>532.236656</ele>
        <time>2024-08-08T14:49:04.260Z</time>
      </trkpt>
      <trkpt lat="60.169738" lon="10.603145">
        <ele>530.060610</ele>
        <time>2024-08-08T14:49:13.039Z</time>
      </trkpt>
      <trkpt lat="60.169347" lon="10.602039">
        <ele>527.275511</ele>
        <time>2024-08-08T14:49:24.587Z</time>
      </trkpt>
      <trkpt lat="60.168663" lon="10.601289">
        <ele>524.350403</ele>
        <time>2024-08-08T14:49:38.456Z</time>
      </trkpt>
      <trkpt lat="60.168217" lon="10.600972">
        <ele>522.849916</ele>
        <time>2024-08-08T14:49:47.233Z</time>
      </trkpt>
      <trkpt lat="60.168011" lon="10.600671">
        <ele>522.042132</ele>
        <time>2024-08-08T14:49:51.946Z</time>
      </trkpt>
      <trkpt lat="60.167882" lon="10.600388">
        <ele>521.436471</ele>
        <time>2024-08-08T14:49:55.459Z</time>
      </trkpt>
      <trkpt lat="60.167742" lon="10.599854">
        <ele>520.484020</ele>
        <time>2024-08-08T14:50:00.871Z</time>
      </trkpt>
      <trkpt lat="60.167631" lon="10.599274">
        <ele>519.477065</ele>
        <time>2024-08-08T14:50:06.276Z</time>
      </trkpt>
      <trkpt lat="60.167574" lon="10.598726">
        <ele>518.372027</ele>
        <time>2024-08-08T14:50:11.063Z</time>
      </trkpt>
      <trkpt lat="60.167527" lon="10.598502">
        <ele>517.892174</ele>
        <time>2024-08-08T14:50:13.119Z</time>
      </trkpt>
      <trkpt lat="60.167306" lon="10.597893">
        <ele>516.404276</ele>
        <time>2024-08-08T14:50:19.500Z</time>
      </trkpt>
      <trkpt lat="60.167129" lon="10.597296">
        <ele>515.032495</ele>
        <time>2024-08-08T14:50:25.433Z</time>
      </trkpt>
      <trkpt lat="60.166995" lon="10.597052">
        <ele>514.315115</ele>
        <time>2024-08-08T14:50:28.553Z</time>
      </trkpt>
      <trkpt lat="60.166422" lon="10.596523">
        <ele>511.899107</ele>
        <time>2024-08-08T14:50:39.608Z</time>
      </trkpt>
      <trkpt lat="60.166254" lon="10.596253">
        <ele>511.156849</ele>
        <time>2024-08-08T14:50:43.353Z</time>
      </trkpt>
      <trkpt lat="60.166105" lon="10.595753">
        <ele>510.156262</ele>
        <time>2024-08-08T14:50:48.389Z</time>
      </trkpt>
      <trkpt lat="60.165942" lon="10.594927">
        <ele>508.630742</ele>
        <time>2024-08-08T14:50:56.171Z</time>
      </trkpt>
      <trkpt lat="60.165886" lon="10.594749">
        <ele>508.269183</ele>
        <time>2024-08-08T14:50:58.049Z</time>
      </trkpt>
      <trkpt lat="60.165537" lon="10.593961">
        <ele>506.457959</ele>
        <time>2024-08-08T14:51:07.622Z</time>
      </trkpt>
      <trkpt lat="60.165394" lon="10.593303">
        <ele>504.943459</ele>
        <time>2024-08-08T14:51:14.168Z</time>
      </trkpt>
      <trkpt lat="60.165296" lon="10.593030">
        <ele>504.208916</ele>
        <time>2024-08-08T14:51:17.143Z</time>
      </trkpt>
      <trkpt lat="60.164971" lon="10.592407">
        <ele>502.239256</ele>
        <time>2024-08-08T14:51:24.907Z</time>
      </trkpt>
      <trkpt lat="60.164854" lon="10.592247">
        <ele>501.618618</ele>
        <time>2024-08-08T14:51:27.276Z</time>
      </trkpt>
      <trkpt lat="60.164602" lon="10.592065">
        <ele>500.444217</ele>
        <time>2024-08-08T14:51:31.697Z</time>
      </trkpt>
      <trkpt lat="60.164473" lon="10.591912">
        <ele>499.787296</ele>
        <time>2024-08-08T14:51:34.156Z</time>
      </trkpt>
      <trkpt lat="60.164318" lon="10.591404">
        <ele>498.486991</ele>
        <time>2024-08-08T14:51:39.009Z</time>
      </trkpt>
      <trkpt lat="60.163726" lon="10.590128">
        <ele>493.894144</ele>
        <time>2024-08-08T14:51:53.131Z</time>
      </trkpt>
      <trkpt lat="60.163260" lon="10.589308">
        <ele>490.600365</ele>
        <time>2024-08-08T14:52:03.332Z</time>
      </trkpt>
      <trkpt lat="60.162896" lon="10.588556">
        <ele>488.192759</ele>
        <time>2024-08-08T14:52:12.099Z</time>
      </trkpt>
      <trkpt lat="60.162687" lon="10.588334">
        <ele>487.404848</ele>
        <time>2024-08-08T14:52:16.107Z</time>
      </trkpt>
      <trkpt lat="60.162434" lon="10.588152">
        <ele>486.509193</ele>
        <time>2024-08-08T14:52:20.666Z</time>
      </trkpt>
      <trkpt lat="60.161541" lon="10.588036">
        <ele>483.526543</ele>
        <time>2024-08-08T14:52:36.464Z</time>
      </trkpt>
      <trkpt lat="60.161312" lon="10.587957">
        <ele>482.845531</ele>
        <time>2024-08-08T14:52:41.189Z</time>
      </trkpt>
      <trkpt lat="60.161010" lon="10.587800">
        <ele>483.317383</ele>
        <time>2024-08-08T14:52:48.365Z</time>
      </trkpt>
      <trkpt lat="60.160785" lon="10.587612">
        <ele>483.685967</ele>
        <time>2024-08-08T14:52:55.373Z</time>
      </trkpt>
      <trkpt lat="60.160564" lon="10.587221">
        <ele>484.131337</ele>
        <time>2024-08-08T14:53:04.417Z</time>
      </trkpt>
      <trkpt lat="60.160451" lon="10.586922">
        <ele>484.413932</ele>
        <time>2024-08-08T14:53:10.541Z</time>
      </trkpt>
      <trkpt lat="60.160395" lon="10.586693">
        <ele>484.605979</ele>
        <time>2024-08-08T14:53:14.825Z</time>
      </trkpt>
      <trkpt lat="60.160165" lon="10.586797">
        <ele>484.962582</ele>
        <time>2024-08-08T14:53:26.554Z</time>
      </trkpt>
      <trkpt lat="60.159928" lon="10.586811">
        <ele>485.321232</ele>
        <time>2024-08-08T14:53:39.001Z</time>
      </trkpt>
      <trkpt lat="60.159612" lon="10.586529">
        <ele>486.354250</ele>
        <time>2024-08-08T14:53:58.046Z</time>
      </trkpt>
      <trkpt lat="60.159484" lon="10.586474">
        <ele>486.880988</ele>
        <time>2024-08-08T14:54:05.455Z</time>
      </trkpt>
      <trkpt lat="60.159355" lon="10.586486">
        <ele>487.400665</ele>
        <time>2024-08-08T14:54:12.997Z</time>
      </trkpt>
      <trkpt lat="60.159233" lon="10.586569">
        <ele>487.918984</ele>
        <time>2024-08-08T14:54:20.948Z</time>
      </trkpt>
      <trkpt lat="60.158384" lon="10.587425">
        <ele>491.741393</ele>
        <time>2024-08-08T14:55:18.628Z</time>
      </trkpt>
      <trkpt lat="60.158222" lon="10.587654">
        <ele>492.538436</ele>
        <time>2024-08-08T14:55:29.632Z</time>
      </trkpt>
      <trkpt lat="60.157688" lon="10.588925">
        <ele>494.906829</ele>
        <time>2024-08-08T14:56:11.750Z</time>
      </trkpt>
      <trkpt lat="60.157535" lon="10.589524">
        <ele>495.835672</ele>
        <time>2024-08-08T14:56:27.868Z</time>
      </trkpt>
      <trkpt lat="60.157449" lon="10.589761">
        <ele>496.240319</ele>
        <time>2024-08-08T14:56:34.856Z</time>
      </trkpt>
      <trkpt lat="60.157262" lon="10.590033">
        <ele>496.880287</ele>
        <time>2024-08-08T14:56:46.232Z</time>
      </trkpt>
      <trkpt lat="60.156474" lon="10.590958">
        <ele>498.713798</ele>
        <time>2024-08-08T14:57:32.637Z</time>
      </trkpt>
      <trkpt lat="60.156361" lon="10.591147">
        <ele>498.949212</ele>
        <time>2024-08-08T14:57:40.145Z</time>
      </trkpt>
      <trkpt lat="60.156269" lon="10.591383">
        <ele>499.188095</ele>
        <time>2024-08-08T14:57:47.467Z</time>
      </trkpt>
      <trkpt lat="60.156081" lon="10.592156">
        <ele>499.873673</ele>
        <time>2024-08-08T14:58:07.123Z</time>
      </trkpt>
      <trkpt lat="60.155965" lon="10.592456">
        <ele>500.176404</ele>
        <time>2024-08-08T14:58:15.047Z</time>
      </trkpt>
      <trkpt lat="60.155823" lon="10.592662">
        <ele>500.456841</ele>
        <time>2024-08-08T14:58:21.846Z</time>
      </trkpt>
      <trkpt lat="60.155628" lon="10.592811">
        <ele>500.242304</ele>
        <time>2024-08-08T14:58:29.521Z</time>
      </trkpt>
      <trkpt lat="60.155077" lon="10.593059">
        <ele>497.825210</ele>
        <time>2024-08-08T14:58:48.705Z</time>
      </trkpt>
      <trkpt lat="60.153112" lon="10.594117">
        <ele>486.393455</ele>
        <time>2024-08-08T14:59:44.841Z</time>
      </trkpt>
      <trkpt lat="60.152913" lon="10.594281">
        <ele>484.817191</ele>
        <time>2024-08-08T14:59:50.473Z</time>
      </trkpt>
      <trkpt lat="60.152696" lon="10.594565">
        <ele>482.919319</ele>
        <time>2024-08-08T14:59:57.275Z</time>
      </trkpt>
      <trkpt lat="60.152309" lon="10.594860">
        <ele>479.885968</ele>
        <time>2024-08-08T15:00:08.273Z</time>
      </trkpt>
      <trkpt lat="60.152141" lon="10.595042">
        <ele>478.906188</ele>
        <time>2024-08-08T15:00:13.424Z</time>
      </trkpt>
      <trkpt lat="60.151954" lon="10.595409">
        <ele>477.620652</ele>
        <time>2024-08-08T15:00:20.614Z</time>
      </trkpt>
      <trkpt lat="60.151558" lon="10.596538">
        <ele>474.240014</ele>
        <time>2024-08-08T15:00:40.165Z</time>
      </trkpt>
      <trkpt lat="60.151461" lon="10.596697">
        <ele>473.624375</ele>
        <time>2024-08-08T15:00:43.882Z</time>
      </trkpt>
      <trkpt lat="60.151319" lon="10.596849">
        <ele>472.833124</ele>
        <time>2024-08-08T15:00:48.764Z</time>
      </trkpt>
      <trkpt lat="60.151154" lon="10.596868">
        <ele>472.020354</ele>
        <time>2024-08-08T15:00:53.908Z</time>
      </trkpt>
      <trkpt lat="60.150128" lon="10.596818">
        <ele>469.389820</ele>
        <time>2024-08-08T15:01:28.066Z</time>
      </trkpt>
      <trkpt lat="60.149945" lon="10.596773">
        <ele>469.038937</ele>
        <time>2024-08-08T15:01:34.385Z</time>
      </trkpt>
      <trkpt lat="60.149505" lon="10.596472">
        <ele>468.154318</ele>
        <time>2024-08-08T15:01:50.104Z</time>
      </trkpt>
      <trkpt lat="60.149187" lon="10.596339">
        <ele>467.536127</ele>
        <time>2024-08-08T15:02:00.627Z</time>
      </trkpt>
      <trkpt lat="60.147582" lon="10.596533">
        <ele>462.600021</ele>
        <time>2024-08-08T15:02:49.785Z</time>
      </trkpt>
      <trkpt lat="60.147175" lon="10.596689">
        <ele>461.547598</ele>
        <time>2024-08-08T15:03:02.547Z</time>
      </trkpt>
      <trkpt lat="60.146949" lon="10.596821">
        <ele>461.086954</ele>
        <time>2024-08-08T15:03:09.886Z</time>
      </trkpt>
      <trkpt lat="60.146719" lon="10.597093">
        <ele>460.564588</ele>
        <time>2024-08-08T15:03:18.349Z</time>
      </trkpt>
      <trkpt lat="60.146592" lon="10.597400">
        <ele>460.175686</ele>
        <time>2024-08-08T15:03:24.781Z</time>
      </trkpt>
      <trkpt lat="60.146289" lon="10.598320">
        <ele>459.100934</ele>
        <time>2024-08-08T15:03:42.907Z</time>
      </trkpt>
      <trkpt lat="60.146210" lon="10.598502">
        <ele>458.865670</ele>
        <time>2024-08-08T15:03:47.004Z</time>
      </trkpt>
      <trkpt lat="60.146088" lon="10.598690">
        <ele>458.564731</ele>
        <time>2024-08-08T15:03:52.327Z</time>
      </trkpt>
      <trkpt lat="60.145767" lon="10.599087">
        <ele>458.462238</ele>
        <time>2024-08-08T15:04:05.752Z</time>
      </trkpt>
      <trkpt lat="60.144282" lon="10.600514">
        <ele>458.848683</ele>
        <time>2024-08-08T15:05:09.414Z</time>
      </trkpt>
      <trkpt lat="60.144119" lon="10.600738">
        <ele>459.081299</ele>
        <time>2024-08-08T15:05:17.946Z</time>
      </trkpt>
      <trkpt lat="60.143782" lon="10.601370">
        <ele>459.624331</ele>
        <time>2024-08-08T15:05:37.990Z</time>
      </trkpt>
      <trkpt lat="60.143551" lon="10.601747">
        <ele>459.974895</ele>
        <time>2024-08-08T15:05:51.791Z</time>
      </trkpt>
      <trkpt lat="60.143340" lon="10.601956">
        <ele>460.251993</ele>
        <time>2024-08-08T15:06:03.017Z</time>
      </trkpt>
      <trkpt lat="60.142894" lon="10.602135">
        <ele>460.787693</ele>
        <time>2024-08-08T15:06:23.474Z</time>
      </trkpt>
      <trkpt lat="60.142238" lon="10.602300">
        <ele>460.639789</ele>
        <time>2024-08-08T15:06:48.284Z</time>
      </trkpt>
      <trkpt lat="60.142068" lon="10.602287">
        <ele>460.601025</ele>
        <time>2024-08-08T15:06:54.494Z</time>
      </trkpt>
      <trkpt lat="60.141824" lon="10.602167">
        <ele>460.543786</ele>
        <time>2024-08-08T15:07:03.079Z</time>
      </trkpt>
      <trkpt lat="60.141706" lon="10.602026">
        <ele>460.512501</ele>
        <time>2024-08-08T15:07:08.217Z</time>
      </trkpt>
      <trkpt lat="60.141577" lon="10.601821">
        <ele>460.475020</ele>
        <time>2024-08-08T15:07:13.807Z</time>
      </trkpt>
      <trkpt lat="60.141505" lon="10.601621">
        <ele>460.447022</ele>
        <time>2024-08-08T15:07:18.136Z</time>
      </trkpt>
      <trkpt lat="60.141378" lon="10.600985">
        <ele>460.313129</ele>
        <time>2024-08-08T15:07:30.322Z</time>
      </trkpt>
      <trkpt lat="60.141189" lon="10.599688">
        <ele>459.367569</ele>
        <time>2024-08-08T15:07:53.350Z</time>
      </trkpt>
      <trkpt lat="60.141044" lon="10.599120">
        <ele>458.920949</ele>
        <time>2024-08-08T15:08:03.565Z</time>
      </trkpt>
      <trkpt lat="60.140834" lon="10.598508">
        <ele>458.400888</ele>
        <time>2024-08-08T15:08:15.489Z</time>
      </trkpt>
      <trkpt lat="60.140476" lon="10.597674">
        <ele>457.737384</ele>
        <time>2024-08-08T15:08:34.132Z</time>
      </trkpt>
      <trkpt lat="60.140353" lon="10.597229">
        <ele>457.552883</ele>
        <time>2024-08-08T15:08:42.929Z</time>
      </trkpt>
      <trkpt lat="60.140272" lon="10.596544">
        <ele>457.297667</ele>
        <time>2024-08-08T15:08:55.350Z</time>
      </trkpt>
      <trkpt lat="60.140169" lon="10.594942">
        <ele>456.712128</ele>
        <time>2024-08-08T15:09:23.143Z</time>
      </trkpt>
      <trkpt lat="60.140157" lon="10.594699">
        <ele>456.623609</ele>
        <time>2024-08-08T15:09:27.504Z</time>
      </trkpt>
      <trkpt lat="60.140061" lon="10.593723">
        <ele>457.076609</ele>
        <time>2024-08-08T15:09:46.126Z</time>
      </trkpt>
      <trkpt lat="60.139976" lon="10.593331">
        <ele>457.372212</ele>
        <time>2024-08-08T15:09:55.772Z</time>
      </trkpt>
      <trkpt lat="60.139849" lon="10.593009">
        <ele>457.656220</ele>
        <time>2024-08-08T15:10:04.786Z</time>
      </trkpt>
      <trkpt lat="60.139764" lon="10.592850">
        <ele>457.817513</ele>
        <time>2024-08-08T15:10:10.435Z</time>
      </trkpt>
      <trkpt lat="60.139547" lon="10.592607">
        <ele>458.162512</ele>
        <time>2024-08-08T15:10:22.040Z</time>
      </trkpt>
      <trkpt lat="60.139181" lon="10.592335">
        <ele>458.704421</ele>
        <time>2024-08-08T15:10:41.385Z</time>
      </trkpt>
      <trkpt lat="60.138961" lon="10.592347">
        <ele>459.010028</ele>
        <time>2024-08-08T15:10:51.981Z</time>
      </trkpt>
      <trkpt lat="60.138681" lon="10.592431">
        <ele>459.300138</ele>
        <time>2024-08-08T15:11:05.315Z</time>
      </trkpt>
      <trkpt lat="60.138514" lon="10.592541">
        <ele>459.474872</ele>
        <time>2024-08-08T15:11:12.820Z</time>
      </trkpt>
      <trkpt lat="60.137733" lon="10.593432">
        <ele>460.367878</ele>
        <time>2024-08-08T15:11:51.510Z</time>
      </trkpt>
      <trkpt lat="60.136854" lon="10.594516">
        <ele>460.649952</ele>
        <time>2024-08-08T15:12:29.243Z</time>
      </trkpt>
      <trkpt lat="60.136617" lon="10.594712">
        <ele>460.569299</ele>
        <time>2024-08-08T15:12:38.374Z</time>
      </trkpt>
      <trkpt lat="60.136483" lon="10.594743">
        <ele>460.526854</ele>
        <time>2024-08-08T15:12:43.093Z</time>
      </trkpt>
      <trkpt lat="60.136287" lon="10.594705">
        <ele>460.464891</ele>
        <time>2024-08-08T15:12:49.986Z</time>
      </trkpt>
      <trkpt lat="60.135198" lon="10.594219">
        <ele>461.055147</ele>
        <time>2024-08-08T15:13:30.192Z</time>
      </trkpt>
      <trkpt lat="60.134865" lon="10.594277">
        <ele>461.615109</ele>
        <time>2024-08-08T15:13:44.602Z</time>
      </trkpt>
      <trkpt lat="60.134493" lon="10.594437">
        <ele>462.252446</ele>
        <time>2024-08-08T15:14:02.864Z</time>
      </trkpt>
      <trkpt lat="60.134247" lon="10.594417">
        <ele>462.664902</ele>
        <time>2024-08-08T15:14:15.644Z</time>
      </trkpt>
      <trkpt lat="60.134093" lon="10.594261">
        <ele>462.953860</ele>
        <time>2024-08-08T15:14:24.983Z</time>
      </trkpt>
      <trkpt lat="60.133802" lon="10.593719">
        <ele>463.748840</ele>
        <time>2024-08-08T15:14:46.319Z</time>
      </trkpt>
      <trkpt lat="60.133563" lon="10.593461">
        <ele>464.375870</ele>
        <time>2024-08-08T15:15:00.660Z</time>
      </trkpt>
      <trkpt lat="60.133421" lon="10.593427">
        <ele>464.706331</ele>
        <time>2024-08-08T15:15:08.652Z</time>
      </trkpt>
      <trkpt lat="60.133271" lon="10.593457">
        <ele>465.054670</ele>
        <time>2024-08-08T15:15:16.612Z</time>
      </trkpt>
      <trkpt lat="60.133098" lon="10.593576">
        <ele>465.477246</ele>
        <time>2024-08-08T15:15:26.741Z</time>
      </trkpt>
      <trkpt lat="60.132781" lon="10.593985">
        <ele>466.347951</ele>
        <time>2024-08-08T15:15:46.679Z</time>
      </trkpt>
      <trkpt lat="60.131792" lon="10.595544">
        <ele>465.035595</ele>
        <time>2024-08-08T15:16:33.064Z</time>
      </trkpt>
      <trkpt lat="60.131313" lon="10.596165">
        <ele>463.301671</ele>
        <time>2024-08-08T15:16:49.588Z</time>
      </trkpt>
      <trkpt lat="60.130894" lon="10.596891">
        <ele>461.390616</ele>
        <time>2024-08-08T15:17:05.038Z</time>
      </trkpt>
      <trkpt lat="60.130487" lon="10.597292">
        <ele>459.097518</ele>
        <time>2024-08-08T15:17:17.499Z</time>
      </trkpt>
      <trkpt lat="60.129987" lon="10.597605">
        <ele>456.448436</ele>
        <time>2024-08-08T15:17:32.186Z</time>
      </trkpt>
      <trkpt lat="60.129840" lon="10.597738">
        <ele>455.632904</ele>
        <time>2024-08-08T15:17:36.807Z</time>
      </trkpt>
      <trkpt lat="60.129198" lon="10.598604">
        <ele>452.728847</ele>
        <time>2024-08-08T15:18:00.120Z</time>
      </trkpt>
      <trkpt lat="60.128482" lon="10.599424">
        <ele>452.233359</ele>
        <time>2024-08-08T15:18:28.691Z</time>
      </trkpt>
      <trkpt lat="60.128325" lon="10.599668">
        <ele>452.114015</ele>
        <time>2024-08-08T15:18:36.987Z</time>
      </trkpt>
      <trkpt lat="60.127709" lon="10.600870">
        <ele>451.656147</ele>
        <time>2024-08-08T15:19:14.861Z</time>
      </trkpt>
      <trkpt lat="60.127178" lon="10.601786">
        <ele>451.367677</ele>
        <time>2024-08-08T15:19:42.814Z</time>
      </trkpt>
      <trkpt lat="60.126225" lon="10.602644">
        <ele>449.825443</ele>
        <time>2024-08-08T15:20:17.509Z</time>
      </trkpt>
      <trkpt lat="60.125481" lon="10.603648">
        <ele>445.550323</ele>
        <time>2024-08-08T15:20:43.567Z</time>
      </trkpt>
      <trkpt lat="60.125051" lon="10.604125">
        <ele>443.207459</ele>
        <time>2024-08-08T15:20:57.253Z</time>
      </trkpt>
      <trkpt lat="60.124665" lon="10.605102">
        <ele>439.208612</ele>
        <time>2024-08-08T15:21:14.223Z</time>
      </trkpt>
      <trkpt lat="60.124446" lon="10.605458">
        <ele>437.237157</ele>
        <time>2024-08-08T15:21:21.896Z</time>
      </trkpt>
      <trkpt lat="60.124227" lon="10.605728">
        <ele>435.439148</ele>
        <time>2024-08-08T15:21:28.915Z</time>
      </trkpt>
      <trkpt lat="60.123571" lon="10.606273">
        <ele>430.472203</ele>
        <time>2024-08-08T15:21:48.191Z</time>
      </trkpt>
      <trkpt lat="60.122927" lon="10.607031">
        <ele>425.368766</ele>
        <time>2024-08-08T15:22:08.430Z</time>
      </trkpt>
      <trkpt lat="60.122164" lon="10.607689">
        <ele>419.708738</ele>
        <time>2024-08-08T15:22:31.084Z</time>
      </trkpt>
      <trkpt lat="60.122006" lon="10.607902">
        <ele>418.411538</ele>
        <time>2024-08-08T15:22:36.391Z</time>
      </trkpt>
      <trkpt lat="60.121581" lon="10.608645">
        <ele>416.018088</ele>
        <time>2024-08-08T15:22:52.292Z</time>
      </trkpt>
      <trkpt lat="60.121316" lon="10.609047">
        <ele>414.828180</ele>
        <time>2024-08-08T15:23:01.908Z</time>
      </trkpt>
      <trkpt lat="60.120967" lon="10.609406">
        <ele>413.423346</ele>
        <time>2024-08-08T15:23:13.831Z</time>
      </trkpt>
      <trkpt lat="60.119789" lon="10.610260">
        <ele>410.179078</ele>
        <time>2024-08-08T15:23:56.404Z</time>
      </trkpt>
      <trkpt lat="60.119718" lon="10.610151">
        <ele>410.036314</ele>
        <time>2024-08-08T15:23:58.667Z</time>
      </trkpt>
      <trkpt lat="60.119501" lon="10.609897">
        <ele>409.635105</ele>
        <time>2024-08-08T15:24:04.369Z</time>
      </trkpt>
      <trkpt lat="60.119423" lon="10.609865">
        <ele>409.507950</ele>
        <time>2024-08-08T15:24:06.318Z</time>
      </trkpt>
      <trkpt lat="60.118498" lon="10.609751">
        <ele>407.481003</ele>
        <time>2024-08-08T15:24:25.352Z</time>
      </trkpt>
      <trkpt lat="60.118237" lon="10.609468">
        <ele>406.076058</ele>
        <time>2024-08-08T15:24:30.979Z</time>
      </trkpt>
      <trkpt lat="60.118080" lon="10.609208">
        <ele>405.112081</ele>
        <time>2024-08-08T15:24:34.761Z</time>
      </trkpt>
      <trkpt lat="60.117970" lon="10.608860">
        <ele>404.139627</ele>
        <time>2024-08-08T15:24:38.372Z</time>
      </trkpt>
      <trkpt lat="60.117944" lon="10.608539">
        <ele>403.372256</ele>
        <time>2024-08-08T15:24:41.237Z</time>
      </trkpt>
      <trkpt lat="60.117981" lon="10.608005">
        <ele>402.100112</ele>
        <time>2024-08-08T15:24:45.926Z</time>
      </trkpt>
      <trkpt lat="60.118146" lon="10.606476">
        <ele>398.460274</ele>
        <time>2024-08-08T15:24:59.471Z</time>
      </trkpt>
      <trkpt lat="60.118259" lon="10.605971">
        <ele>397.202925</ele>
        <time>2024-08-08T15:25:04.270Z</time>
      </trkpt>
      <trkpt lat="60.118806" lon="10.604024">
        <ele>392.126221</ele>
        <time>2024-08-08T15:25:24.632Z</time>
      </trkpt>
      <trkpt lat="60.118844" lon="10.603620">
        <ele>391.519922</ele>
        <time>2024-08-08T15:25:28.795Z</time>
      </trkpt>
      <trkpt lat="60.118826" lon="10.602738">
        <ele>391.175300</ele>
        <time>2024-08-08T15:25:38.272Z</time>
      </trkpt>
      <trkpt lat="60.118869" lon="10.602477">
        <ele>391.067979</ele>
        <time>2024-08-08T15:25:41.389Z</time>
      </trkpt>
      <trkpt lat="60.119263" lon="10.601484">
        <ele>390.572391</ele>
        <time>2024-08-08T15:25:56.519Z</time>
      </trkpt>
      <trkpt lat="60.119405" lon="10.601052">
        <ele>390.370340</ele>
        <time>2024-08-08T15:26:03.170Z</time>
      </trkpt>
      <trkpt lat="60.119454" lon="10.600672">
        <ele>390.217102</ele>
        <time>2024-08-08T15:26:08.433Z</time>
      </trkpt>
      <trkpt lat="60.119463" lon="10.599865">
        <ele>390.390535</ele>
        <time>2024-08-08T15:26:19.528Z</time>
      </trkpt>
      <trkpt lat="60.119550" lon="10.599278">
        <ele>390.573940</ele>
        <time>2024-08-08T15:26:28.089Z</time>
      </trkpt>
      <trkpt lat="60.119721" lon="10.598617">
        <ele>390.796990</ele>
        <time>2024-08-08T15:26:38.477Z</time>
      </trkpt>
      <trkpt lat="60.119717" lon="10.598330">
        <ele>390.882972</ele>
        <time>2024-08-08T15:26:42.442Z</time>
      </trkpt>
      <trkpt lat="60.119643" lon="10.598023">
        <ele>390.985106</ele>
        <time>2024-08-08T15:26:47.294Z</time>
      </trkpt>
      <trkpt lat="60.119537" lon="10.597798">
        <ele>391.077844</ele>
        <time>2024-08-08T15:26:51.588Z</time>
      </trkpt>
      <trkpt lat="60.119228" lon="10.597419">
        <ele>391.350834</ele>
        <time>2024-08-08T15:27:01.613Z</time>
      </trkpt>
      <trkpt lat="60.119171" lon="10.597315">
        <ele>391.468534</ele>
        <time>2024-08-08T15:27:03.666Z</time>
      </trkpt>
      <trkpt lat="60.119107" lon="10.597048">
        <ele>391.694087</ele>
        <time>2024-08-08T15:27:07.868Z</time>
      </trkpt>
      <trkpt lat="60.119116" lon="10.596661">
        <ele>391.989009</ele>
        <time>2024-08-08T15:27:13.271Z</time>
      </trkpt>
      <trkpt lat="60.119299" lon="10.595085">
        <ele>393.220878</ele>
        <time>2024-08-08T15:27:37.984Z</time>
      </trkpt>
      <trkpt lat="60.119314" lon="10.594794">
        <ele>393.443580</ele>
        <time>2024-08-08T15:27:43.036Z</time>
      </trkpt>
      <trkpt lat="60.119282" lon="10.594568">
        <ele>393.622434</ele>
        <time>2024-08-08T15:27:47.174Z</time>
      </trkpt>
      <trkpt lat="60.119235" lon="10.594443">
        <ele>393.741647</ele>
        <time>2024-08-08T15:27:50.138Z</time>
      </trkpt>
      <trkpt lat="60.118949" lon="10.594068">
        <ele>394.412888</ele>
        <time>2024-08-08T15:28:03.832Z</time>
      </trkpt>
      <trkpt lat="60.118810" lon="10.593755">
        <ele>394.918421</ele>
        <time>2024-08-08T15:28:12.907Z</time>
      </trkpt>
      <trkpt lat="60.118768" lon="10.593555">
        <ele>395.180101</ele>
        <time>2024-08-08T15:28:17.410Z</time>
      </trkpt>
      <trkpt lat="60.118716" lon="10.593005">
        <ele>395.855054</ele>
        <time>2024-08-08T15:28:29.169Z</time>
      </trkpt>
      <trkpt lat="60.118688" lon="10.592131">
        <ele>396.910986</ele>
        <time>2024-08-08T15:28:46.103Z</time>
      </trkpt>
      <trkpt lat="60.118705" lon="10.591598">
        <ele>397.554924</ele>
        <time>2024-08-08T15:28:55.424Z</time>
      </trkpt>
      <trkpt lat="60.118786" lon="10.590823">
        <ele>398.321086</ele>
        <time>2024-08-08T15:29:07.645Z</time>
      </trkpt>
      <trkpt lat="60.118757" lon="10.590452">
        <ele>398.200558</ele>
        <time>2024-08-08T15:29:12.996Z</time>
      </trkpt>
      <trkpt lat="60.118640" lon="10.590176">
        <ele>398.084249</ele>
        <time>2024-08-08T15:29:17.874Z</time>
      </trkpt>
      <trkpt lat="60.118475" lon="10.589974">
        <ele>397.959744</ele>
        <time>2024-08-08T15:29:22.902Z</time>
      </trkpt>
      <trkpt lat="60.118190" lon="10.589718">
        <ele>397.758599</ele>
        <time>2024-08-08T15:29:30.323Z</time>
      </trkpt>
      <trkpt lat="60.117876" lon="10.589570">
        <ele>397.550815</ele>
        <time>2024-08-08T15:29:37.354Z</time>
      </trkpt>
      <trkpt lat="60.117735" lon="10.589387">
        <ele>397.442647</ele>
        <time>2024-08-08T15:29:40.853Z</time>
      </trkpt>
      <trkpt lat="60.117548" lon="10.589043">
        <ele>397.279238</ele>
        <time>2024-08-08T15:29:45.966Z</time>
      </trkpt>
      <trkpt lat="60.117433" lon="10.588688">
        <ele>397.134930</ele>
        <time>2024-08-08T15:29:50.151Z</time>
      </trkpt>
      <trkpt lat="60.117238" lon="10.587426">
        <ele>396.650156</ele>
        <time>2024-08-08T15:30:03.622Z</time>
      </trkpt>
      <trkpt lat="60.117106" lon="10.586904">
        <ele>396.435382</ele>
        <time>2024-08-08T15:30:10.164Z</time>
      </trkpt>
      <trkpt lat="60.116916" lon="10.586459">
        <ele>396.220363</ele>
        <time>2024-08-08T15:30:17.382Z</time>
      </trkpt>
      <trkpt lat="60.116852" lon="10.586074">
        <ele>396.071453</ele>
        <time>2024-08-08T15:30:22.908Z</time>
      </trkpt>
      <trkpt lat="60.116871" lon="10.585797">
        <ele>395.968864</ele>
        <time>2024-08-08T15:30:26.756Z</time>
      </trkpt>
      <trkpt lat="60.117052" lon="10.585004">
        <ele>396.916348</ele>
        <time>2024-08-08T15:30:40.263Z</time>
      </trkpt>
      <trkpt lat="60.117057" lon="10.584486">
        <ele>397.779875</ele>
        <time>2024-08-08T15:30:49.249Z</time>
      </trkpt>
      <trkpt lat="60.117155" lon="10.583566">
        <ele>399.347916</ele>
        <time>2024-08-08T15:31:07.700Z</time>
      </trkpt>
      <trkpt lat="60.117129" lon="10.583199">
        <ele>399.965757</ele>
        <time>2024-08-08T15:31:15.942Z</time>
      </trkpt>
      <trkpt lat="60.116862" lon="10.581641">
        <ele>403.520594</ele>
        <time>2024-08-08T15:31:58.809Z</time>
      </trkpt>
      <trkpt lat="60.116712" lon="10.581174">
        <ele>405.363069</ele>
        <time>2024-08-08T15:32:13.907Z</time>
      </trkpt>
      <trkpt lat="60.116187" lon="10.580312">
        <ele>409.877435</ele>
        <time>2024-08-08T15:32:51.912Z</time>
      </trkpt>
      <trkpt lat="60.115843" lon="10.579503">
        <ele>413.404281</ele>
        <time>2024-08-08T15:33:26.104Z</time>
      </trkpt>
      <trkpt lat="60.115671" lon="10.579246">
        <ele>414.823887</ele>
        <time>2024-08-08T15:33:40.693Z</time>
      </trkpt>
      <trkpt lat="60.114911" lon="10.578981">
        <ele>419.917756</ele>
        <time>2024-08-08T15:34:29.128Z</time>
      </trkpt>
      <trkpt lat="60.114728" lon="10.578854">
        <ele>421.196412</ele>
        <time>2024-08-08T15:34:40.491Z</time>
      </trkpt>
      <trkpt lat="60.114513" lon="10.578627">
        <ele>422.800652</ele>
        <time>2024-08-08T15:34:53.164Z</time>
      </trkpt>
      <trkpt lat="60.114381" lon="10.578602">
        <ele>423.676193</ele>
        <time>2024-08-08T15:35:00.213Z</time>
      </trkpt>
      <trkpt lat="60.114263" lon="10.578660">
        <ele>424.478440</ele>
        <time>2024-08-08T15:35:05.722Z</time>
      </trkpt>
      <trkpt lat="60.114175" lon="10.578789">
        <ele>425.198061</ele>
        <time>2024-08-08T15:35:11.011Z</time>
      </trkpt>
      <trkpt lat="60.114091" lon="10.579021">
        <ele>425.954144</ele>
        <time>2024-08-08T15:35:18.550Z</time>
      </trkpt>
      <trkpt lat="60.113938" lon="10.580034">
        <ele>427.799584</ele>
        <time>2024-08-08T15:35:43.720Z</time>
      </trkpt>
      <trkpt lat="60.113844" lon="10.580942">
        <ele>429.416425</ele>
        <time>2024-08-08T15:36:05.069Z</time>
      </trkpt>
      <trkpt lat="60.113766" lon="10.581249">
        <ele>430.017223</ele>
        <time>2024-08-08T15:36:11.661Z</time>
      </trkpt>
      <trkpt lat="60.113513" lon="10.581772">
        <ele>431.288066</ele>
        <time>2024-08-08T15:36:23.145Z</time>
      </trkpt>
      <trkpt lat="60.113451" lon="10.582000">
        <ele>431.740915</ele>
        <time>2024-08-08T15:36:27.367Z</time>
      </trkpt>
      <trkpt lat="60.113413" lon="10.582472">
        <ele>432.180363</ele>
        <time>2024-08-08T15:36:35.762Z</time>
      </trkpt>
      <trkpt lat="60.113400" lon="10.583222">
        <ele>432.530965</ele>
        <time>2024-08-08T15:36:48.967Z</time>
      </trkpt>
      <trkpt lat="60.113346" lon="10.583412">
        <ele>432.633154</ele>
        <time>2024-08-08T15:36:52.666Z</time>
      </trkpt>
      <trkpt lat="60.113248" lon="10.583602">
        <ele>432.760912</ele>
        <time>2024-08-08T15:36:57.220Z</time>
      </trkpt>
      <trkpt lat="60.113139" lon="10.583729">
        <ele>432.879084</ele>
        <time>2024-08-08T15:37:01.259Z</time>
      </trkpt>
      <trkpt lat="60.113036" lon="10.583786">
        <ele>432.979260</ele>
        <time>2024-08-08T15:37:04.359Z</time>
      </trkpt>
      <trkpt lat="60.112484" lon="10.583992">
        <ele>433.505681</ele>
        <time>2024-08-08T15:37:19.255Z</time>
      </trkpt>
      <trkpt lat="60.112260" lon="10.584006">
        <ele>433.715803</ele>
        <time>2024-08-08T15:37:24.578Z</time>
      </trkpt>
      <trkpt lat="60.111941" lon="10.583934">
        <ele>433.446463</ele>
        <time>2024-08-08T15:37:31.980Z</time>
      </trkpt>
      <trkpt lat="60.111831" lon="10.583865">
        <ele>433.345123</ele>
        <time>2024-08-08T15:37:34.520Z</time>
      </trkpt>
      <trkpt lat="60.111707" lon="10.583779">
        <ele>433.229760</ele>
        <time>2024-08-08T15:37:37.460Z</time>
      </trkpt>
      <trkpt lat="60.111504" lon="10.583534">
        <ele>433.021464</ele>
        <time>2024-08-08T15:37:42.612Z</time>
      </trkpt>
      <trkpt lat="60.110403" lon="10.581780">
        <ele>432.045980</ele>
        <time>2024-08-08T15:38:13.641Z</time>
      </trkpt>
      <trkpt lat="60.110143" lon="10.581413">
        <ele>431.971357</ele>
        <time>2024-08-08T15:38:21.492Z</time>
      </trkpt>
      <trkpt lat="60.109898" lon="10.581163">
        <ele>431.906833</ele>
        <time>2024-08-08T15:38:28.821Z</time>
      </trkpt>
      <trkpt lat="60.108533" lon="10.580058">
        <ele>429.872117</ele>
        <time>2024-08-08T15:39:05.537Z</time>
      </trkpt>
      <trkpt lat="60.108378" lon="10.579893">
        <ele>429.388777</ele>
        <time>2024-08-08T15:39:09.151Z</time>
      </trkpt>
      <trkpt lat="60.108121" lon="10.579455">
        <ele>428.459931</ele>
        <time>2024-08-08T15:39:15.678Z</time>
      </trkpt>
      <trkpt lat="60.107968" lon="10.579369">
        <ele>428.022241</ele>
        <time>2024-08-08T15:39:18.618Z</time>
      </trkpt>
      <trkpt lat="60.107147" lon="10.579299">
        <ele>423.698261</ele>
        <time>2024-08-08T15:39:33.028Z</time>
      </trkpt>
      <trkpt lat="60.107003" lon="10.579338">
        <ele>422.477702</ele>
        <time>2024-08-08T15:39:35.481Z</time>
      </trkpt>
      <trkpt lat="60.106637" lon="10.579569">
        <ele>419.254817</ele>
        <time>2024-08-08T15:39:41.816Z</time>
      </trkpt>
      <trkpt lat="60.106534" lon="10.579588">
        <ele>418.385975</ele>
        <time>2024-08-08T15:39:43.504Z</time>
      </trkpt>
      <trkpt lat="60.106428" lon="10.579553">
        <ele>417.483607</ele>
        <time>2024-08-08T15:39:45.245Z</time>
      </trkpt>
      <trkpt lat="60.106160" lon="10.579313">
        <ele>415.018379</ele>
        <time>2024-08-08T15:39:49.963Z</time>
      </trkpt>
      <trkpt lat="60.105871" lon="10.578800">
        <ele>411.777137</ele>
        <time>2024-08-08T15:39:56.120Z</time>
      </trkpt>
      <trkpt lat="60.105726" lon="10.578692">
        <ele>410.257000</ele>
        <time>2024-08-08T15:39:58.565Z</time>
      </trkpt>
      <trkpt lat="60.105523" lon="10.578666">
        <ele>408.227771</ele>
        <time>2024-08-08T15:40:01.801Z</time>
      </trkpt>
      <trkpt lat="60.103985" lon="10.579051">
        <ele>393.062833</ele>
        <time>2024-08-08T15:40:26.625Z</time>
      </trkpt>
      <trkpt lat="60.103652" lon="10.579087">
        <ele>390.779728</ele>
        <time>2024-08-08T15:40:32.103Z</time>
      </trkpt>
      <trkpt lat="60.103295" lon="10.579064">
        <ele>388.334361</ele>
        <time>2024-08-08T15:40:38.091Z</time>
      </trkpt>
      <trkpt lat="60.102492" lon="10.578762">
        <ele>382.741070</ele>
        <time>2024-08-08T15:40:52.321Z</time>
      </trkpt>
      <trkpt lat="60.101690" lon="10.578758">
        <ele>378.452086</ele>
        <time>2024-08-08T15:41:07.127Z</time>
      </trkpt>
      <trkpt lat="60.100434" lon="10.578182">
        <ele>371.939498</ele>
        <time>2024-08-08T15:41:30.454Z</time>
      </trkpt>
      <trkpt lat="60.099995" lon="10.578121">
        <ele>368.662011</ele>
        <time>2024-08-08T15:41:38.081Z</time>
      </trkpt>
      <trkpt lat="60.099553" lon="10.577908">
        <ele>365.276362</ele>
        <time>2024-08-08T15:41:45.720Z</time>
      </trkpt>
      <trkpt lat="60.099211" lon="10.577354">
        <ele>362.002374</ele>
        <time>2024-08-08T15:41:52.941Z</time>
      </trkpt>
      <trkpt lat="60.098922" lon="10.576707">
        <ele>358.642598</ele>
        <time>2024-08-08T15:42:00.012Z</time>
      </trkpt>
      <trkpt lat="60.098547" lon="10.575987">
        <ele>353.691911</ele>
        <time>2024-08-08T15:42:08.456Z</time>
      </trkpt>
      <trkpt lat="60.098407" lon="10.575294">
        <ele>350.136817</ele>
        <time>2024-08-08T15:42:14.480Z</time>
      </trkpt>
      <trkpt lat="60.098253" lon="10.574708">
        <ele>346.987273</ele>
        <time>2024-08-08T15:42:19.765Z</time>
      </trkpt>
      <trkpt lat="60.098190" lon="10.574200">
        <ele>344.498384</ele>
        <time>2024-08-08T15:42:23.933Z</time>
      </trkpt>
      <trkpt lat="60.098081" lon="10.573822">
        <ele>342.422184</ele>
        <time>2024-08-08T15:42:27.394Z</time>
      </trkpt>
      <trkpt lat="60.097862" lon="10.573359">
        <ele>339.985280</ele>
        <time>2024-08-08T15:42:32.506Z</time>
      </trkpt>
      <trkpt lat="60.097761" lon="10.573051">
        <ele>338.618463</ele>
        <time>2024-08-08T15:42:35.486Z</time>
      </trkpt>
      <trkpt lat="60.097670" lon="10.572599">
        <ele>336.811160</ele>
        <time>2024-08-08T15:42:39.494Z</time>
      </trkpt>
      <trkpt lat="60.097595" lon="10.572141">
        <ele>335.023842</ele>
        <time>2024-08-08T15:42:43.538Z</time>
      </trkpt>
      <trkpt lat="60.097426" lon="10.571730">
        <ele>333.048574</ele>
        <time>2024-08-08T15:42:48.062Z</time>
      </trkpt>
      <trkpt lat="60.097369" lon="10.571413">
        <ele>331.799162</ele>
        <time>2024-08-08T15:42:50.961Z</time>
      </trkpt>
      <trkpt lat="60.097380" lon="10.571118">
        <ele>330.702373</ele>
        <time>2024-08-08T15:42:53.508Z</time>
      </trkpt>
      <trkpt lat="60.097526" lon="10.570648">
        <ele>328.707514</ele>
        <time>2024-08-08T15:42:58.391Z</time>
      </trkpt>
      <trkpt lat="60.097768" lon="10.569451">
        <ele>327.605769</ele>
        <time>2024-08-08T15:43:10.375Z</time>
      </trkpt>
      <trkpt lat="60.097796" lon="10.569071">
        <ele>327.278128</ele>
        <time>2024-08-08T15:43:14.247Z</time>
      </trkpt>
      <trkpt lat="60.097769" lon="10.568743">
        <ele>326.994573</ele>
        <time>2024-08-08T15:43:17.938Z</time>
      </trkpt>
      <trkpt lat="60.097521" lon="10.567915">
        <ele>326.170665</ele>
        <time>2024-08-08T15:43:29.924Z</time>
      </trkpt>
      <trkpt lat="60.097290" lon="10.567614">
        <ele>325.699366</ele>
        <time>2024-08-08T15:43:38.251Z</time>
      </trkpt>
      <trkpt lat="60.097146" lon="10.567599">
        <ele>325.900529</ele>
        <time>2024-08-08T15:43:42.922Z</time>
      </trkpt>
      <trkpt lat="60.096800" lon="10.567774">
        <ele>326.693088</ele>
        <time>2024-08-08T15:43:55.074Z</time>
      </trkpt>
      <trkpt lat="60.096620" lon="10.567787">
        <ele>327.093146</ele>
        <time>2024-08-08T15:44:01.568Z</time>
      </trkpt>
      <trkpt lat="60.096165" lon="10.567618">
        <ele>328.120932</ele>
        <time>2024-08-08T15:44:18.970Z</time>
      </trkpt>
      <trkpt lat="60.095277" lon="10.567096">
        <ele>329.967103</ele>
        <time>2024-08-08T15:44:54.713Z</time>
      </trkpt>
      <trkpt lat="60.094979" lon="10.566854">
        <ele>330.401375</ele>
        <time>2024-08-08T15:45:06.284Z</time>
      </trkpt>
      <trkpt lat="60.094856" lon="10.566679">
        <ele>330.605076</ele>
        <time>2024-08-08T15:45:11.597Z</time>
      </trkpt>
      <trkpt lat="60.094718" lon="10.566298">
        <ele>330.922226</ele>
        <time>2024-08-08T15:45:19.104Z</time>
      </trkpt>
      <trkpt lat="60.094648" lon="10.566184">
        <ele>331.044024</ele>
        <time>2024-08-08T15:45:22.192Z</time>
      </trkpt>
      <trkpt lat="60.094540" lon="10.566115">
        <ele>331.197130</ele>
        <time>2024-08-08T15:45:25.790Z</time>
      </trkpt>
      <trkpt lat="60.094377" lon="10.566108">
        <ele>331.417357</ele>
        <time>2024-08-08T15:45:30.363Z</time>
      </trkpt>
      <trkpt lat="60.092548" lon="10.566383">
        <ele>331.789275</ele>
        <time>2024-08-08T15:46:14.760Z</time>
      </trkpt>
      <trkpt lat="60.092272" lon="10.566359">
        <ele>331.731375</ele>
        <time>2024-08-08T15:46:21.148Z</time>
      </trkpt>
      <trkpt lat="60.092052" lon="10.566492">
        <ele>331.696525</ele>
        <time>2024-08-08T15:46:26.525Z</time>
      </trkpt>
      <trkpt lat="60.091537" lon="10.567186">
        <ele>331.711822</ele>
        <time>2024-08-08T15:46:41.463Z</time>
      </trkpt>
      <trkpt lat="60.091282" lon="10.567834">
        <ele>331.721970</ele>
        <time>2024-08-08T15:46:52.015Z</time>
      </trkpt>
      <trkpt lat="60.091161" lon="10.569476">
        <ele>331.763788</ele>
        <time>2024-08-08T15:47:13.201Z</time>
      </trkpt>
      <trkpt lat="60.090876" lon="10.570666">
        <ele>331.899607</ele>
        <time>2024-08-08T15:47:31.067Z</time>
      </trkpt>
      <trkpt lat="60.090692" lon="10.571021">
        <ele>331.952288</ele>
        <time>2024-08-08T15:47:37.432Z</time>
      </trkpt>
      <trkpt lat="60.090613" lon="10.571061">
        <ele>331.969100</ele>
        <time>2024-08-08T15:47:39.716Z</time>
      </trkpt>
      <trkpt lat="60.090431" lon="10.571015">
        <ele>332.006949</ele>
        <time>2024-08-08T15:47:44.169Z</time>
      </trkpt>
      <trkpt lat="60.090338" lon="10.570982">
        <ele>332.026436</ele>
        <time>2024-08-08T15:47:46.544Z</time>
      </trkpt>
      <trkpt lat="60.090149" lon="10.570879">
        <ele>332.066847</ele>
        <time>2024-08-08T15:47:51.514Z</time>
      </trkpt>
      <trkpt lat="60.089999" lon="10.570853">
        <ele>332.097912</ele>
        <time>2024-08-08T15:47:55.250Z</time>
      </trkpt>
      <trkpt lat="60.089796" lon="10.570891">
        <ele>332.131425</ele>
        <time>2024-08-08T15:48:00.382Z</time>
      </trkpt>
      <trkpt lat="60.089543" lon="10.571017">
        <ele>332.169559</ele>
        <time>2024-08-08T15:48:07.007Z</time>
      </trkpt>
      <trkpt lat="60.089106" lon="10.571324">
        <ele>332.237295</ele>
        <time>2024-08-08T15:48:18.404Z</time>
      </trkpt>
      <trkpt lat="60.088409" lon="10.571927">
        <ele>332.348339</ele>
        <time>2024-08-08T15:48:38.146Z</time>
      </trkpt>
      <trkpt lat="60.086198" lon="10.573032">
        <ele>332.595348</ele>
        <time>2024-08-08T15:49:38.445Z</time>
      </trkpt>
      <trkpt lat="60.085979" lon="10.573113">
        <ele>332.373248</ele>
        <time>2024-08-08T15:49:43.649Z</time>
      </trkpt>
      <trkpt lat="60.085476" lon="10.573203">
        <ele>331.869597</ele>
        <time>2024-08-08T15:49:54.996Z</time>
      </trkpt>
      <trkpt lat="60.085262" lon="10.573294">
        <ele>331.651422</ele>
        <time>2024-08-08T15:49:59.688Z</time>
      </trkpt>
      <trkpt lat="60.084384" lon="10.574021">
        <ele>330.680232</ele>
        <time>2024-08-08T15:50:19.227Z</time>
      </trkpt>
      <trkpt lat="60.084162" lon="10.574119">
        <ele>330.440137</ele>
        <time>2024-08-08T15:50:23.958Z</time>
      </trkpt>
      <trkpt lat="60.083578" lon="10.574144">
        <ele>329.823166</ele>
        <time>2024-08-08T15:50:36.792Z</time>
      </trkpt>
      <trkpt lat="60.083014" lon="10.574257">
        <ele>329.224494</ele>
        <time>2024-08-08T15:50:50.354Z</time>
      </trkpt>
      <trkpt lat="60.082846" lon="10.574202">
        <ele>329.462889</ele>
        <time>2024-08-08T15:50:54.867Z</time>
      </trkpt>
      <trkpt lat="60.082684" lon="10.574056">
        <ele>329.757014</ele>
        <time>2024-08-08T15:50:59.462Z</time>
      </trkpt>
      <trkpt lat="60.082485" lon="10.573596">
        <ele>330.259947</ele>
        <time>2024-08-08T15:51:08.090Z</time>
      </trkpt>
      <trkpt lat="60.082419" lon="10.573492">
        <ele>330.398956</ele>
        <time>2024-08-08T15:51:10.650Z</time>
      </trkpt>
      <trkpt lat="60.082325" lon="10.573442">
        <ele>330.560004</ele>
        <time>2024-08-08T15:51:13.818Z</time>
      </trkpt>
      <trkpt lat="60.082254" lon="10.573478">
        <ele>330.681281</ele>
        <time>2024-08-08T15:51:16.212Z</time>
      </trkpt>
      <trkpt lat="60.081679" lon="10.574248">
        <ele>331.826329</ele>
        <time>2024-08-08T15:51:41.959Z</time>
      </trkpt>
      <trkpt lat="60.081260" lon="10.574582">
        <ele>332.909161</ele>
        <time>2024-08-08T15:52:00.399Z</time>
      </trkpt>
      <trkpt lat="60.080996" lon="10.574683">
        <ele>333.740881</ele>
        <time>2024-08-08T15:52:11.251Z</time>
      </trkpt>
      <trkpt lat="60.080612" lon="10.574591">
        <ele>334.937669</ele>
        <time>2024-08-08T15:52:26.459Z</time>
      </trkpt>
      <trkpt lat="60.080508" lon="10.574619">
        <ele>335.262399</ele>
        <time>2024-08-08T15:52:30.616Z</time>
      </trkpt>
      <trkpt lat="60.080399" lon="10.574778">
        <ele>335.679547</ele>
        <time>2024-08-08T15:52:36.050Z</time>
      </trkpt>
      <trkpt lat="60.080248" lon="10.575128">
        <ele>336.393844</ele>
        <time>2024-08-08T15:52:45.364Z</time>
      </trkpt>
      <trkpt lat="60.079669" lon="10.576045">
        <ele>338.453779</ele>
        <time>2024-08-08T15:53:16.053Z</time>
      </trkpt>
      <trkpt lat="60.079344" lon="10.576396">
        <ele>339.320192</ele>
        <time>2024-08-08T15:53:30.632Z</time>
      </trkpt>
      <trkpt lat="60.078691" lon="10.577257">
        <ele>341.154541</ele>
        <time>2024-08-08T15:53:58.179Z</time>
      </trkpt>
      <trkpt lat="60.078367" lon="10.577558">
        <ele>341.983523</ele>
        <time>2024-08-08T15:54:09.873Z</time>
      </trkpt>
      <trkpt lat="60.078068" lon="10.578208">
        <ele>342.522292</ele>
        <time>2024-08-08T15:54:23.785Z</time>
      </trkpt>
      <trkpt lat="60.077881" lon="10.578515">
        <ele>342.817545</ele>
        <time>2024-08-08T15:54:31.043Z</time>
      </trkpt>
      <trkpt lat="60.077493" lon="10.579017">
        <ele>343.381645</ele>
        <time>2024-08-08T15:54:44.595Z</time>
      </trkpt>
      <trkpt lat="60.076832" lon="10.579570">
        <ele>344.276407</ele>
        <time>2024-08-08T15:55:05.815Z</time>
      </trkpt>
      <trkpt lat="60.076420" lon="10.579727">
        <ele>344.907011</ele>
        <time>2024-08-08T15:55:19.652Z</time>
      </trkpt>
      <trkpt lat="60.075467" lon="10.579819">
        <ele>346.341667</ele>
        <time>2024-08-08T15:55:51.837Z</time>
      </trkpt>
      <trkpt lat="60.075328" lon="10.579744">
        <ele>346.558116</ele>
        <time>2024-08-08T15:55:56.586Z</time>
      </trkpt>
      <trkpt lat="60.075112" lon="10.579489">
        <ele>346.908276</ele>
        <time>2024-08-08T15:56:04.382Z</time>
      </trkpt>
      <trkpt lat="60.074971" lon="10.579394">
        <ele>347.031692</ele>
        <time>2024-08-08T15:56:09.017Z</time>
      </trkpt>
      <trkpt lat="60.074915" lon="10.579397">
        <ele>347.078171</ele>
        <time>2024-08-08T15:56:10.726Z</time>
      </trkpt>
      <trkpt lat="60.073934" lon="10.579658">
        <ele>347.899225</ele>
        <time>2024-08-08T15:56:38.599Z</time>
      </trkpt>
      <trkpt lat="60.073260" lon="10.580021">
        <ele>348.551648</ele>
        <time>2024-08-08T15:56:57.983Z</time>
      </trkpt>
      <trkpt lat="60.072997" lon="10.579996">
        <ele>348.914984</ele>
        <time>2024-08-08T15:57:05.402Z</time>
      </trkpt>
      <trkpt lat="60.072810" lon="10.579914">
        <ele>349.179138</ele>
        <time>2024-08-08T15:57:10.922Z</time>
      </trkpt>
      <trkpt lat="60.072416" lon="10.579650">
        <ele>349.752414</ele>
        <time>2024-08-08T15:57:23.213Z</time>
      </trkpt>
      <trkpt lat="60.072322" lon="10.579618">
        <ele>349.883987</ele>
        <time>2024-08-08T15:57:26.171Z</time>
      </trkpt>
      <trkpt lat="60.072094" lon="10.579640">
        <ele>350.198981</ele>
        <time>2024-08-08T15:57:33.528Z</time>
      </trkpt>
      <trkpt lat="60.071934" lon="10.579540">
        <ele>350.430258</ele>
        <time>2024-08-08T15:57:39.218Z</time>
      </trkpt>
      <trkpt lat="60.071770" lon="10.579321">
        <ele>350.702197</ele>
        <time>2024-08-08T15:57:46.340Z</time>
      </trkpt>
      <trkpt lat="60.071551" lon="10.578865">
        <ele>351.465208</ele>
        <time>2024-08-08T15:57:58.312Z</time>
      </trkpt>
      <trkpt lat="60.071043" lon="10.578404">
        <ele>353.108175</ele>
        <time>2024-08-08T15:58:20.345Z</time>
      </trkpt>
      <trkpt lat="60.070611" lon="10.577719">
        <ele>354.731109</ele>
        <time>2024-08-08T15:58:42.562Z</time>
      </trkpt>
      <trkpt lat="60.070153" lon="10.577181">
        <ele>356.367911</ele>
        <time>2024-08-08T15:59:03.799Z</time>
      </trkpt>
      <trkpt lat="60.069980" lon="10.577073">
        <ele>357.167293</ele>
        <time>2024-08-08T15:59:10.755Z</time>
      </trkpt>
      <trkpt lat="60.069902" lon="10.577063">
        <ele>357.512105</ele>
        <time>2024-08-08T15:59:14.143Z</time>
      </trkpt>
      <trkpt lat="60.069753" lon="10.577128">
        <ele>358.184833</ele>
        <time>2024-08-08T15:59:20.782Z</time>
      </trkpt>
      <trkpt lat="60.069477" lon="10.577429">
        <ele>359.571040</ele>
        <time>2024-08-08T15:59:34.974Z</time>
      </trkpt>
      <trkpt lat="60.069332" lon="10.577533">
        <ele>360.250458</ele>
        <time>2024-08-08T15:59:41.725Z</time>
      </trkpt>
      <trkpt lat="60.068619" lon="10.577880">
        <ele>363.487378</ele>
        <time>2024-08-08T16:00:17.855Z</time>
      </trkpt>
      <trkpt lat="60.067569" lon="10.577720">
        <ele>369.600201</ele>
        <time>2024-08-08T16:01:15.447Z</time>
      </trkpt>
      <trkpt lat="60.066758" lon="10.577882">
        <ele>374.498680</ele>
        <time>2024-08-08T16:02:02.361Z</time>
      </trkpt>
      <trkpt lat="60.066609" lon="10.577999">
        <ele>375.249596</ele>
        <time>2024-08-08T16:02:11.411Z</time>
      </trkpt>
      <trkpt lat="60.066013" lon="10.578853">
        <ele>378.012977</ele>
        <time>2024-08-08T16:02:49.012Z</time>
      </trkpt>
      <trkpt lat="60.065911" lon="10.578938">
        <ele>378.429619</ele>
        <time>2024-08-08T16:02:53.987Z</time>
      </trkpt>
      <trkpt lat="60.065578" lon="10.579080">
        <ele>379.713690</ele>
        <time>2024-08-08T16:03:08.011Z</time>
      </trkpt>
      <trkpt lat="60.065264" lon="10.579305">
        <ele>380.971415</ele>
        <time>2024-08-08T16:03:19.624Z</time>
      </trkpt>
      <trkpt lat="60.065103" lon="10.579356">
        <ele>381.586186</ele>
        <time>2024-08-08T16:03:24.824Z</time>
      </trkpt>
      <trkpt lat="60.064871" lon="10.579450">
        <ele>381.358104</ele>
        <time>2024-08-08T16:03:31.239Z</time>
      </trkpt>
      <trkpt lat="60.064733" lon="10.579556">
        <ele>381.135389</ele>
        <time>2024-08-08T16:03:35.121Z</time>
      </trkpt>
      <trkpt lat="60.064328" lon="10.580043">
        <ele>380.423622</ele>
        <time>2024-08-08T16:03:45.890Z</time>
      </trkpt>
      <trkpt lat="60.063074" lon="10.582373">
        <ele>377.439116</ele>
        <time>2024-08-08T16:04:19.166Z</time>
      </trkpt>
      <trkpt lat="60.062807" lon="10.582712">
        <ele>376.789679</ele>
        <time>2024-08-08T16:04:25.554Z</time>
      </trkpt>
      <trkpt lat="60.062214" lon="10.583321">
        <ele>375.420583</ele>
        <time>2024-08-08T16:04:39.998Z</time>
      </trkpt>
      <trkpt lat="60.062088" lon="10.583368">
        <ele>375.279152</ele>
        <time>2024-08-08T16:04:42.995Z</time>
      </trkpt>
      <trkpt lat="60.061978" lon="10.583338">
        <ele>375.293255</ele>
        <time>2024-08-08T16:04:45.593Z</time>
      </trkpt>
      <trkpt lat="60.061652" lon="10.582916">
        <ele>375.342562</ele>
        <time>2024-08-08T16:04:54.949Z</time>
      </trkpt>
      <trkpt lat="60.061534" lon="10.582869">
        <ele>375.357846</ele>
        <time>2024-08-08T16:04:57.946Z</time>
      </trkpt>
      <trkpt lat="60.061445" lon="10.582900">
        <ele>375.369322</ele>
        <time>2024-08-08T16:05:00.369Z</time>
      </trkpt>
      <trkpt lat="60.061313" lon="10.583043">
        <ele>375.388386</ele>
        <time>2024-08-08T16:05:04.369Z</time>
      </trkpt>
      <trkpt lat="60.060771" lon="10.583827">
        <ele>375.473310</ele>
        <time>2024-08-08T16:05:23.716Z</time>
      </trkpt>
      <trkpt lat="60.059858" lon="10.584688">
        <ele>375.120455</ele>
        <time>2024-08-08T16:05:50.244Z</time>
      </trkpt>
      <trkpt lat="60.058538" lon="10.585473">
        <ele>374.249467</ele>
        <time>2024-08-08T16:06:20.474Z</time>
      </trkpt>
      <trkpt lat="60.058100" lon="10.585784">
        <ele>373.762564</ele>
        <time>2024-08-08T16:06:30.706Z</time>
      </trkpt>
      <trkpt lat="60.057480" lon="10.586503">
        <ele>373.011951</ele>
        <time>2024-08-08T16:06:46.938Z</time>
      </trkpt>
      <trkpt lat="60.057318" lon="10.586605">
        <ele>372.834023</ele>
        <time>2024-08-08T16:06:50.712Z</time>
      </trkpt>
      <trkpt lat="60.057138" lon="10.586647">
        <ele>372.605354</ele>
        <time>2024-08-08T16:06:54.682Z</time>
      </trkpt>
      <trkpt lat="60.056955" lon="10.586619">
        <ele>372.346092</ele>
        <time>2024-08-08T16:06:58.697Z</time>
      </trkpt>
      <trkpt lat="60.056370" lon="10.586216">
        <ele>371.472224</ele>
        <time>2024-08-08T16:07:12.046Z</time>
      </trkpt>
      <trkpt lat="60.056029" lon="10.586172">
        <ele>370.989524</ele>
        <time>2024-08-08T16:07:19.310Z</time>
      </trkpt>
      <trkpt lat="60.054796" lon="10.586621">
        <ele>369.210923</ele>
        <time>2024-08-08T16:07:45.962Z</time>
      </trkpt>
      <trkpt lat="60.054573" lon="10.586782">
        <ele>368.873283</ele>
        <time>2024-08-08T16:07:50.913Z</time>
      </trkpt>
      <trkpt lat="60.053967" lon="10.587348">
        <ele>367.920890</ele>
        <time>2024-08-08T16:08:05.474Z</time>
      </trkpt>
      <trkpt lat="60.053740" lon="10.587480">
        <ele>367.616484</ele>
        <time>2024-08-08T16:08:10.739Z</time>
      </trkpt>
      <trkpt lat="60.052976" lon="10.587818">
        <ele>367.026631</ele>
        <time>2024-08-08T16:08:28.556Z</time>
      </trkpt>
      <trkpt lat="60.052648" lon="10.588098">
        <ele>366.757837</ele>
        <time>2024-08-08T16:08:36.688Z</time>
      </trkpt>
      <trkpt lat="60.051917" lon="10.588995">
        <ele>366.242590</ele>
        <time>2024-08-08T16:08:56.324Z</time>
      </trkpt>
      <trkpt lat="60.051769" lon="10.589130">
        <ele>366.206715</ele>
        <time>2024-08-08T16:09:00.087Z</time>
      </trkpt>
      <trkpt lat="60.051628" lon="10.589195">
        <ele>366.174796</ele>
        <time>2024-08-08T16:09:03.437Z</time>
      </trkpt>
      <trkpt lat="60.048942" lon="10.590061">
        <ele>365.658309</ele>
        <time>2024-08-08T16:10:10.705Z</time>
      </trkpt>
      <trkpt lat="60.048815" lon="10.590073">
        <ele>365.637475</ele>
        <time>2024-08-08T16:10:14.019Z</time>
      </trkpt>
      <trkpt lat="60.048315" lon="10.589898">
        <ele>364.765557</ele>
        <time>2024-08-08T16:10:26.217Z</time>
      </trkpt>
      <trkpt lat="60.047154" lon="10.590073">
        <ele>361.622083</ele>
        <time>2024-08-08T16:10:49.457Z</time>
      </trkpt>
      <trkpt lat="60.046148" lon="10.590112">
        <ele>356.708140</ele>
        <time>2024-08-08T16:11:07.231Z</time>
      </trkpt>
      <trkpt lat="60.045453" lon="10.590517">
        <ele>352.424692</ele>
        <time>2024-08-08T16:11:19.591Z</time>
      </trkpt>
      <trkpt lat="60.045105" lon="10.590816">
        <ele>350.183773</ele>
        <time>2024-08-08T16:11:26.081Z</time>
      </trkpt>
      <trkpt lat="60.044688" lon="10.591288">
        <ele>348.133914</ele>
        <time>2024-08-08T16:11:34.502Z</time>
      </trkpt>
      <trkpt lat="60.044224" lon="10.591569">
        <ele>346.082110</ele>
        <time>2024-08-08T16:11:43.399Z</time>
      </trkpt>
      <trkpt lat="60.043889" lon="10.591662">
        <ele>344.650596</ele>
        <time>2024-08-08T16:11:49.893Z</time>
      </trkpt>
      <trkpt lat="60.043416" lon="10.591634">
        <ele>342.647654</ele>
        <time>2024-08-08T16:11:59.138Z</time>
      </trkpt>
      <trkpt lat="60.043117" lon="10.591700">
        <ele>342.088277</ele>
        <time>2024-08-08T16:12:05.081Z</time>
      </trkpt>
      <trkpt lat="60.042918" lon="10.591798">
        <ele>341.774984</ele>
        <time>2024-08-08T16:12:09.165Z</time>
      </trkpt>
      <trkpt lat="60.042767" lon="10.591959">
        <ele>341.513455</ele>
        <time>2024-08-08T16:12:12.621Z</time>
      </trkpt>
      <trkpt lat="60.042606" lon="10.592509">
        <ele>341.026754</ele>
        <time>2024-08-08T16:12:19.317Z</time>
      </trkpt>
      <trkpt lat="60.042338" lon="10.592820">
        <ele>340.553218</ele>
        <time>2024-08-08T16:12:26.201Z</time>
      </trkpt>
      <trkpt lat="60.042205" lon="10.592848">
        <ele>340.348769</ele>
        <time>2024-08-08T16:12:29.216Z</time>
      </trkpt>
      <trkpt lat="60.041867" lon="10.592737">
        <ele>339.825135</ele>
        <time>2024-08-08T16:12:37.497Z</time>
      </trkpt>
      <trkpt lat="60.041790" lon="10.592755">
        <ele>339.710149</ele>
        <time>2024-08-08T16:12:39.359Z</time>
      </trkpt>
      <trkpt lat="60.041613" lon="10.592930">
        <ele>339.438360</ele>
        <time>2024-08-08T16:12:44.374Z</time>
      </trkpt>
      <trkpt lat="60.041500" lon="10.593153">
        <ele>339.219921</ele>
        <time>2024-08-08T16:12:48.291Z</time>
      </trkpt>
      <trkpt lat="60.041176" lon="10.594376">
        <ele>338.268022</ele>
        <time>2024-08-08T16:13:04.395Z</time>
      </trkpt>
      <trkpt lat="60.041096" lon="10.594590">
        <ele>338.084220</ele>
        <time>2024-08-08T16:13:07.342Z</time>
      </trkpt>
      <trkpt lat="60.040570" lon="10.595334">
        <ele>336.955152</ele>
        <time>2024-08-08T16:13:20.291Z</time>
      </trkpt>
      <trkpt lat="60.040461" lon="10.595415">
        <ele>336.225537</ele>
        <time>2024-08-08T16:13:22.500Z</time>
      </trkpt>
      <trkpt lat="60.040123" lon="10.595385">
        <ele>334.102328</ele>
        <time>2024-08-08T16:13:28.724Z</time>
      </trkpt>
      <trkpt lat="60.039940" lon="10.595466">
        <ele>332.926185</ele>
        <time>2024-08-08T16:13:32.025Z</time>
      </trkpt>
      <trkpt lat="60.039469" lon="10.596032">
        <ele>329.478999</ele>
        <time>2024-08-08T16:13:41.418Z</time>
      </trkpt>
      <trkpt lat="60.038980" lon="10.596269">
        <ele>326.321656</ele>
        <time>2024-08-08T16:13:49.730Z</time>
      </trkpt>
      <trkpt lat="60.038607" lon="10.596828">
        <ele>322.044245</ele>
        <time>2024-08-08T16:13:57.282Z</time>
      </trkpt>
      <trkpt lat="60.038263" lon="10.597052">
        <ele>318.583341</ele>
        <time>2024-08-08T16:14:03.038Z</time>
      </trkpt>
      <trkpt lat="60.038007" lon="10.597282">
        <ele>315.898784</ele>
        <time>2024-08-08T16:14:07.513Z</time>
      </trkpt>
      <trkpt lat="60.037720" lon="10.597425">
        <ele>313.069154</ele>
        <time>2024-08-08T16:14:12.231Z</time>
      </trkpt>
      <trkpt lat="60.037425" lon="10.597702">
        <ele>309.951778</ele>
        <time>2024-08-08T16:14:17.517Z</time>
      </trkpt>
      <trkpt lat="60.037007" lon="10.597952">
        <ele>305.698391</ele>
        <time>2024-08-08T16:14:24.694Z</time>
      </trkpt>
      <trkpt lat="60.036855" lon="10.598149">
        <ele>303.919980</ele>
        <time>2024-08-08T16:14:27.613Z</time>
      </trkpt>
      <trkpt lat="60.036801" lon="10.598254">
        <ele>303.180647</ele>
        <time>2024-08-08T16:14:28.855Z</time>
      </trkpt>
      <trkpt lat="60.036629" lon="10.598672">
        <ele>300.523852</ele>
        <time>2024-08-08T16:14:33.210Z</time>
      </trkpt>
      <trkpt lat="60.036536" lon="10.599107">
        <ele>298.202659</ele>
        <time>2024-08-08T16:14:37.025Z</time>
      </trkpt>
      <trkpt lat="60.036463" lon="10.600060">
        <ele>293.473006</ele>
        <time>2024-08-08T16:14:44.633Z</time>
      </trkpt>
      <trkpt lat="60.036409" lon="10.600338">
        <ele>292.009753</ele>
        <time>2024-08-08T16:14:46.995Z</time>
      </trkpt>
      <trkpt lat="60.036351" lon="10.600454">
        <ele>291.204558</ele>
        <time>2024-08-08T16:14:48.288Z</time>
      </trkpt>
      <trkpt lat="60.036195" lon="10.600496">
        <ele>289.780500</ele>
        <time>2024-08-08T16:14:50.754Z</time>
      </trkpt>
      <trkpt lat="60.035976" lon="10.600302">
        <ele>287.626895</ele>
        <time>2024-08-08T16:14:54.667Z</time>
      </trkpt>
      <trkpt lat="60.035828" lon="10.600247">
        <ele>286.273208</ele>
        <time>2024-08-08T16:14:57.136Z</time>
      </trkpt>
      <trkpt lat="60.035379" lon="10.600551">
        <ele>282.010754</ele>
        <time>2024-08-08T16:15:05.004Z</time>
      </trkpt>
      <trkpt lat="60.035087" lon="10.600619">
        <ele>279.367114</ele>
        <time>2024-08-08T16:15:09.816Z</time>
      </trkpt>
      <trkpt lat="60.034986" lon="10.600767">
        <ele>278.241544</ele>
        <time>2024-08-08T16:15:11.858Z</time>
      </trkpt>
      <trkpt lat="60.034939" lon="10.600955">
        <ele>277.297229</ele>
        <time>2024-08-08T16:15:13.538Z</time>
      </trkpt>
      <trkpt lat="60.034928" lon="10.601179">
        <ele>276.286233</ele>
        <time>2024-08-08T16:15:15.381Z</time>
      </trkpt>
      <trkpt lat="60.035102" lon="10.602037">
        <ele>272.315187</ele>
        <time>2024-08-08T16:15:22.968Z</time>
      </trkpt>
      <trkpt lat="60.035116" lon="10.602873">
        <ele>268.810672</ele>
        <time>2024-08-08T16:15:29.835Z</time>
      </trkpt>
      <trkpt lat="60.035083" lon="10.603328">
        <ele>266.884388</ele>
        <time>2024-08-08T16:15:33.631Z</time>
      </trkpt>
      <trkpt lat="60.035016" lon="10.603691">
        <ele>265.263023</ele>
        <time>2024-08-08T16:15:36.837Z</time>
      </trkpt>
      <trkpt lat="60.034861" lon="10.604065">
        <ele>263.226915</ele>
        <time>2024-08-08T16:15:40.936Z</time>
      </trkpt>
      <trkpt lat="60.034730" lon="10.604285">
        <ele>261.792666</ele>
        <time>2024-08-08T16:15:43.782Z</time>
      </trkpt>
      <trkpt lat="60.034518" lon="10.604545">
        <ele>259.699852</ele>
        <time>2024-08-08T16:15:47.884Z</time>
      </trkpt>
      <trkpt lat="60.034326" lon="10.604655">
        <ele>257.932071</ele>
        <time>2024-08-08T16:15:51.126Z</time>
      </trkpt>
      <trkpt lat="60.033946" lon="10.604789">
        <ele>254.516574</ele>
        <time>2024-08-08T16:15:57.377Z</time>
      </trkpt>
      <trkpt lat="60.032758" lon="10.605787">
        <ele>243.205486</ele>
        <time>2024-08-08T16:16:18.373Z</time>
      </trkpt>
      <trkpt lat="60.032441" lon="10.606117">
        <ele>240.407996</ele>
        <time>2024-08-08T16:16:24.290Z</time>
      </trkpt>
      <trkpt lat="60.032229" lon="10.606456">
        <ele>238.283613</ele>
        <time>2024-08-08T16:16:28.797Z</time>
      </trkpt>
      <trkpt lat="60.031713" lon="10.607606">
        <ele>232.237840</ele>
        <time>2024-08-08T16:16:41.649Z</time>
      </trkpt>
      <trkpt lat="60.031509" lon="10.608123">
        <ele>229.694039</ele>
        <time>2024-08-08T16:16:47.184Z</time>
      </trkpt>
      <trkpt lat="60.031162" lon="10.609263">
        <ele>225.451836</ele>
        <time>2024-08-08T16:16:58.714Z</time>
      </trkpt>
      <trkpt lat="60.030974" lon="10.609618">
        <ele>223.807766</ele>
        <time>2024-08-08T16:17:03.177Z</time>
      </trkpt>
      <trkpt lat="60.030842" lon="10.609759">
        <ele>222.855980</ele>
        <time>2024-08-08T16:17:05.775Z</time>
      </trkpt>
      <trkpt lat="60.030619" lon="10.609883">
        <ele>221.383651</ele>
        <time>2024-08-08T16:17:09.748Z</time>
      </trkpt>
      <trkpt lat="60.030354" lon="10.609967">
        <ele>219.676844</ele>
        <time>2024-08-08T16:17:14.368Z</time>
      </trkpt>
      <trkpt lat="60.030044" lon="10.609967">
        <ele>217.911479</ele>
        <time>2024-08-08T16:17:19.749Z</time>
      </trkpt>
      <trkpt lat="60.029819" lon="10.610027">
        <ele>216.900056</ele>
        <time>2024-08-08T16:17:23.770Z</time>
      </trkpt>
      <trkpt lat="60.029671" lon="10.610150">
        <ele>216.186014</ele>
        <time>2024-08-08T16:17:26.623Z</time>
      </trkpt>
      <trkpt lat="60.029437" lon="10.610462">
        <ele>214.933225</ele>
        <time>2024-08-08T16:17:31.763Z</time>
      </trkpt>
      <trkpt lat="60.028989" lon="10.611200">
        <ele>212.347968</ele>
        <time>2024-08-08T16:17:42.710Z</time>
      </trkpt>
      <trkpt lat="60.028817" lon="10.611360">
        <ele>211.502849</ele>
        <time>2024-08-08T16:17:46.299Z</time>
      </trkpt>
      <trkpt lat="60.028663" lon="10.611430">
        <ele>210.799178</ele>
        <time>2024-08-08T16:17:49.253Z</time>
      </trkpt>
      <trkpt lat="60.027874" lon="10.611533">
        <ele>208.147277</ele>
        <time>2024-08-08T16:18:04.162Z</time>
      </trkpt>
      <trkpt lat="60.027379" lon="10.611758">
        <ele>206.520266</ele>
        <time>2024-08-08T16:18:14.064Z</time>
      </trkpt>
      <trkpt lat="60.027130" lon="10.611778">
        <ele>205.721507</ele>
        <time>2024-08-08T16:18:18.980Z</time>
      </trkpt>
      <trkpt lat="60.026979" lon="10.611656">
        <ele>205.199568</ele>
        <time>2024-08-08T16:18:22.177Z</time>
      </trkpt>
      <trkpt lat="60.026751" lon="10.611169">
        <ele>204.233648</ele>
        <time>2024-08-08T16:18:28.727Z</time>
      </trkpt>
      <trkpt lat="60.026655" lon="10.611130">
        <ele>203.986335</ele>
        <time>2024-08-08T16:18:30.663Z</time>
      </trkpt>
      <trkpt lat="60.026330" lon="10.611149">
        <ele>203.165457</ele>
        <time>2024-08-08T16:18:37.064Z</time>
      </trkpt>
      <trkpt lat="60.025746" lon="10.611324">
        <ele>201.674599</ele>
        <time>2024-08-08T16:18:48.896Z</time>
      </trkpt>
      <trkpt lat="60.025546" lon="10.611460">
        <ele>201.141313</ele>
        <time>2024-08-08T16:18:53.305Z</time>
      </trkpt>
      <trkpt lat="60.025245" lon="10.611798">
        <ele>200.269950</ele>
        <time>2024-08-08T16:19:00.375Z</time>
      </trkpt>
      <trkpt lat="60.024501" lon="10.612818">
        <ele>197.715407</ele>
        <time>2024-08-08T16:19:18.446Z</time>
      </trkpt>
      <trkpt lat="60.024240" lon="10.613162">
        <ele>196.821101</ele>
        <time>2024-08-08T16:19:24.798Z</time>
      </trkpt>
      <trkpt lat="60.024026" lon="10.613529">
        <ele>196.014634</ele>
        <time>2024-08-08T16:19:30.421Z</time>
      </trkpt>
      <trkpt lat="60.023461" lon="10.615153">
        <ele>191.597179</ele>
        <time>2024-08-08T16:19:48.806Z</time>
      </trkpt>
      <trkpt lat="60.023250" lon="10.615736">
        <ele>189.629468</ele>
        <time>2024-08-08T16:19:55.154Z</time>
      </trkpt>
      <trkpt lat="60.023112" lon="10.616026">
        <ele>188.534798</ele>
        <time>2024-08-08T16:19:58.624Z</time>
      </trkpt>
      <trkpt lat="60.022994" lon="10.616197">
        <ele>187.737807</ele>
        <time>2024-08-08T16:20:01.158Z</time>
      </trkpt>
      <trkpt lat="60.022846" lon="10.616338">
        <ele>186.841099</ele>
        <time>2024-08-08T16:20:03.979Z</time>
      </trkpt>
      <trkpt lat="60.022599" lon="10.616442">
        <ele>185.460269</ele>
        <time>2024-08-08T16:20:08.283Z</time>
      </trkpt>
      <trkpt lat="60.022415" lon="10.616427">
        <ele>184.199184</ele>
        <time>2024-08-08T16:20:11.419Z</time>
      </trkpt>
      <trkpt lat="60.021858" lon="10.616200">
        <ele>179.846051</ele>
        <time>2024-08-08T16:20:20.953Z</time>
      </trkpt>
      <trkpt lat="60.021423" lon="10.616268">
        <ele>176.504607</ele>
        <time>2024-08-08T16:20:28.126Z</time>
      </trkpt>
      <trkpt lat="60.021202" lon="10.616250">
        <ele>174.810755</ele>
        <time>2024-08-08T16:20:31.761Z</time>
      </trkpt>
      <trkpt lat="60.020880" lon="10.615991">
        <ele>172.153112</ele>
        <time>2024-08-08T16:20:37.496Z</time>
      </trkpt>
      <trkpt lat="60.020633" lon="10.615643">
        <ele>170.224461</ele>
        <time>2024-08-08T16:20:42.593Z</time>
      </trkpt>
      <trkpt lat="60.020347" lon="10.615155">
        <ele>168.097773</ele>
        <time>2024-08-08T16:20:49.065Z</time>
      </trkpt>
      <trkpt lat="60.020024" lon="10.614847">
        <ele>166.073221</ele>
        <time>2024-08-08T16:20:55.390Z</time>
      </trkpt>
      <trkpt lat="60.019931" lon="10.614796">
        <ele>165.527585</ele>
        <time>2024-08-08T16:20:57.078Z</time>
      </trkpt>
      <trkpt lat="60.019764" lon="10.614743">
        <ele>164.570817</ele>
        <time>2024-08-08T16:21:00.075Z</time>
      </trkpt>
      <trkpt lat="60.019623" lon="10.614766">
        <ele>163.770330</ele>
        <time>2024-08-08T16:21:02.612Z</time>
      </trkpt>
      <trkpt lat="60.019454" lon="10.614905">
        <ele>162.736436</ele>
        <time>2024-08-08T16:21:05.896Z</time>
      </trkpt>
      <trkpt lat="60.019354" lon="10.615066">
        <ele>162.010199</ele>
        <time>2024-08-08T16:21:08.260Z</time>
      </trkpt>
      <trkpt lat="60.019114" lon="10.615981">
        <ele>160.241530</ele>
        <time>2024-08-08T16:21:17.852Z</time>
      </trkpt>
      <trkpt lat="60.019020" lon="10.616244">
        <ele>159.842324</ele>
        <time>2024-08-08T16:21:20.931Z</time>
      </trkpt>
      <trkpt lat="60.019142" lon="10.616491">
        <ele>159.413553</ele>
        <time>2024-08-08T16:21:24.069Z</time>
      </trkpt>
      <trkpt lat="60.019191" lon="10.616684">
        <ele>159.146285</ele>
        <time>2024-08-08T16:21:26.041Z</time>
      </trkpt>
      <trkpt lat="60.019159" lon="10.616752">
        <ele>159.030966</ele>
        <time>2024-08-08T16:21:26.883Z</time>
      </trkpt>
      <trkpt lat="60.019039" lon="10.617024">
        <ele>158.583007</ele>
        <time>2024-08-08T16:21:30.300Z</time>
      </trkpt>
      <trkpt lat="60.018122" lon="10.618767">
        <ele>156.340737</ele>
        <time>2024-08-08T16:21:54.772Z</time>
      </trkpt>
      <trkpt lat="60.017956" lon="10.618930">
        <ele>156.210769</ele>
        <time>2024-08-08T16:21:58.436Z</time>
      </trkpt>
      <trkpt lat="60.017883" lon="10.618963">
        <ele>156.158166</ele>
        <time>2024-08-08T16:22:00.047Z</time>
      </trkpt>
      <trkpt lat="60.017752" lon="10.619086">
        <ele>156.056457</ele>
        <time>2024-08-08T16:22:03.220Z</time>
      </trkpt>
      <trkpt lat="60.017691" lon="10.619257">
        <ele>155.982661</ele>
        <time>2024-08-08T16:22:05.486Z</time>
      </trkpt>
      <trkpt lat="60.017638" lon="10.619628">
        <ele>155.847126</ele>
        <time>2024-08-08T16:22:09.704Z</time>
      </trkpt>
      <trkpt lat="60.017555" lon="10.619929">
        <ele>155.726372</ele>
        <time>2024-08-08T16:22:13.359Z</time>
      </trkpt>
      <trkpt lat="60.017507" lon="10.620173">
        <ele>155.634265</ele>
        <time>2024-08-08T16:22:16.165Z</time>
      </trkpt>
      <trkpt lat="60.017402" lon="10.620652">
        <ele>155.450540</ele>
        <time>2024-08-08T16:22:21.916Z</time>
      </trkpt>
      <trkpt lat="60.017209" lon="10.621303">
        <ele>155.058945</ele>
        <time>2024-08-08T16:22:30.246Z</time>
      </trkpt>
      <trkpt lat="60.017063" lon="10.621615">
        <ele>154.831040</ele>
        <time>2024-08-08T16:22:34.884Z</time>
      </trkpt>
      <trkpt lat="60.016776" lon="10.621993">
        <ele>154.464447</ele>
        <time>2024-08-08T16:22:41.889Z</time>
      </trkpt>
      <trkpt lat="60.016241" lon="10.622575">
        <ele>153.814725</ele>
        <time>2024-08-08T16:22:53.353Z</time>
      </trkpt>
      <trkpt lat="60.015381" lon="10.623484">
        <ele>152.560276</ele>
        <time>2024-08-08T16:23:25.036Z</time>
      </trkpt>
      <trkpt lat="60.015300" lon="10.623564">
        <ele>152.435337</ele>
        <time>2024-08-08T16:23:27.992Z</time>
      </trkpt>
      <trkpt lat="60.014059" lon="10.624762">
        <ele>150.852604</ele>
        <time>2024-08-08T16:24:15.536Z</time>
      </trkpt>
      <trkpt lat="60.013427" lon="10.625321">
        <ele>150.525724</ele>
        <time>2024-08-08T16:24:40.435Z</time>
      </trkpt>
      <trkpt lat="60.013114" lon="10.625701">
        <ele>150.352532</ele>
        <time>2024-08-08T16:24:53.717Z</time>
      </trkpt>
      <trkpt lat="60.011757" lon="10.628169">
        <ele>149.694102</ele>
        <time>2024-08-08T16:25:59.913Z</time>
      </trkpt>
      <trkpt lat="60.011251" lon="10.629022">
        <ele>149.629838</ele>
        <time>2024-08-08T16:26:23.715Z</time>
      </trkpt>
      <trkpt lat="60.011006" lon="10.629300">
        <ele>149.676283</ele>
        <time>2024-08-08T16:26:34.176Z</time>
      </trkpt>
      <trkpt lat="60.010495" lon="10.629710">
        <ele>149.767068</ele>
        <time>2024-08-08T16:26:55.028Z</time>
      </trkpt>
      <trkpt lat="60.010168" lon="10.629920">
        <ele>149.823698</ele>
        <time>2024-08-08T16:27:03.482Z</time>
      </trkpt>
      <trkpt lat="60.010073" lon="10.629950">
        <ele>149.839557</ele>
        <time>2024-08-08T16:27:05.950Z</time>
      </trkpt>
      <trkpt lat="60.009977" lon="10.629981">
        <ele>149.855592</ele>
        <time>2024-08-08T16:27:08.401Z</time>
      </trkpt>
      <trkpt lat="60.009878" lon="10.630009">
        <ele>149.872079</ele>
        <time>2024-08-08T16:27:10.793Z</time>
      </trkpt>
      <trkpt lat="60.009794" lon="10.630020">
        <ele>149.913953</ele>
        <time>2024-08-08T16:27:12.921Z</time>
      </trkpt>
      <trkpt lat="60.007465" lon="10.629962">
        <ele>151.421135</ele>
        <time>2024-08-08T16:28:11.961Z</time>
      </trkpt>
      <trkpt lat="60.006720" lon="10.630210">
        <ele>152.022433</ele>
        <time>2024-08-08T16:28:31.463Z</time>
      </trkpt>
      <trkpt lat="60.005777" lon="10.630358">
        <ele>152.830437</ele>
        <time>2024-08-08T16:28:57.744Z</time>
      </trkpt>
      <trkpt lat="60.005421" lon="10.630362">
        <ele>153.153134</ele>
        <time>2024-08-08T16:29:07.242Z</time>
      </trkpt>
      <trkpt lat="60.004946" lon="10.630273">
        <ele>153.585577</ele>
        <time>2024-08-08T16:29:27.680Z</time>
      </trkpt>
      <trkpt lat="60.004491" lon="10.630230">
        <ele>153.998467</ele>
        <time>2024-08-08T16:29:46.427Z</time>
      </trkpt>
      <trkpt lat="60.003404" lon="10.630222">
        <ele>153.786069</ele>
        <time>2024-08-08T16:30:27.334Z</time>
      </trkpt>
      <trkpt lat="60.002878" lon="10.630346">
        <ele>153.676030</ele>
        <time>2024-08-08T16:30:45.734Z</time>
      </trkpt>
      <trkpt lat="60.002429" lon="10.630527">
        <ele>153.392018</ele>
        <time>2024-08-08T16:31:01.676Z</time>
      </trkpt>
      <trkpt lat="60.002058" lon="10.630619">
        <ele>153.046893</ele>
        <time>2024-08-08T16:31:14.696Z</time>
      </trkpt>
      <trkpt lat="60.001656" lon="10.630635">
        <ele>152.675698</ele>
        <time>2024-08-08T16:31:28.611Z</time>
      </trkpt>
      <trkpt lat="60.000700" lon="10.630439">
        <ele>151.977327</ele>
        <time>2024-08-08T16:32:01.297Z</time>
      </trkpt>
      <trkpt lat="59.999359" lon="10.630537">
        <ele>151.991257</ele>
        <time>2024-08-08T16:32:50.833Z</time>
      </trkpt>
      <trkpt lat="59.998757" lon="10.630637">
        <ele>153.022416</ele>
        <time>2024-08-08T16:33:16.266Z</time>
      </trkpt>
      <trkpt lat="59.997936" lon="10.630329">
        <ele>155.480040</ele>
        <time>2024-08-08T16:33:57.241Z</time>
      </trkpt>
      <trkpt lat="59.997760" lon="10.630157">
        <ele>156.056375</ele>
        <time>2024-08-08T16:34:08.760Z</time>
      </trkpt>
      <trkpt lat="59.997201" lon="10.629430">
        <ele>158.448148</ele>
        <time>2024-08-08T16:34:51.373Z</time>
      </trkpt>
      <trkpt lat="59.997085" lon="10.629328">
        <ele>159.039803</ele>
        <time>2024-08-08T16:34:59.841Z</time>
      </trkpt>
      <trkpt lat="59.995843" lon="10.629315">
        <ele>164.838866</ele>
        <time>2024-08-08T16:36:16.961Z</time>
      </trkpt>
      <trkpt lat="59.995372" lon="10.629111">
        <ele>165.351314</ele>
        <time>2024-08-08T16:36:36.444Z</time>
      </trkpt>
      <trkpt lat="59.995001" lon="10.629055">
        <ele>164.940374</ele>
        <time>2024-08-08T16:36:47.234Z</time>
      </trkpt>
      <trkpt lat="59.994819" lon="10.628974">
        <ele>164.734434</ele>
        <time>2024-08-08T16:36:51.133Z</time>
      </trkpt>
      <trkpt lat="59.994700" lon="10.628836">
        <ele>164.582495</ele>
        <time>2024-08-08T16:36:53.772Z</time>
      </trkpt>
      <trkpt lat="59.994332" lon="10.628269">
        <ele>164.069374</ele>
        <time>2024-08-08T16:37:01.629Z</time>
      </trkpt>
      <trkpt lat="59.994003" lon="10.627501">
        <ele>162.730754</ele>
        <time>2024-08-08T16:37:09.559Z</time>
      </trkpt>
      <trkpt lat="59.993917" lon="10.627359">
        <ele>162.091812</ele>
        <time>2024-08-08T16:37:11.267Z</time>
      </trkpt>
      <trkpt lat="59.993565" lon="10.627136">
        <ele>159.976449</ele>
        <time>2024-08-08T16:37:16.875Z</time>
      </trkpt>
      <trkpt lat="59.993230" lon="10.627087">
        <ele>158.052139</ele>
        <time>2024-08-08T16:37:22.005Z</time>
      </trkpt>
      <trkpt lat="59.992735" lon="10.627143">
        <ele>155.211796</ele>
        <time>2024-08-08T16:37:29.578Z</time>
      </trkpt>
      <trkpt lat="59.992122" lon="10.627598">
        <ele>152.494803</ele>
        <time>2024-08-08T16:37:39.831Z</time>
      </trkpt>
      <trkpt lat="59.991903" lon="10.627790">
        <ele>151.856374</ele>
        <time>2024-08-08T16:37:43.902Z</time>
      </trkpt>
      <trkpt lat="59.991629" lon="10.626222">
        <ele>149.638578</ele>
        <time>2024-08-08T16:37:58.797Z</time>
      </trkpt>
      <trkpt lat="59.991538" lon="10.625573">
        <ele>148.738581</ele>
        <time>2024-08-08T16:38:05.864Z</time>
      </trkpt>
      <trkpt lat="59.991419" lon="10.624776">
        <ele>148.652975</ele>
        <time>2024-08-08T16:38:15.547Z</time>
      </trkpt>
      <trkpt lat="59.991073" lon="10.623931">
        <ele>148.747187</ele>
        <time>2024-08-08T16:38:28.582Z</time>
      </trkpt>
      <trkpt lat="59.990984" lon="10.623585">
        <ele>148.780752</ele>
        <time>2024-08-08T16:38:33.624Z</time>
      </trkpt>
      <trkpt lat="59.990961" lon="10.623322">
        <ele>148.803785</ele>
        <time>2024-08-08T16:38:37.324Z</time>
      </trkpt>
      <trkpt lat="59.990971" lon="10.623103">
        <ele>148.822757</ele>
        <time>2024-08-08T16:38:40.313Z</time>
      </trkpt>
      <trkpt lat="59.991042" lon="10.622871">
        <ele>148.846221</ele>
        <time>2024-08-08T16:38:43.886Z</time>
      </trkpt>
      <trkpt lat="59.991105" lon="10.622632">
        <ele>148.869528</ele>
        <time>2024-08-08T16:38:47.266Z</time>
      </trkpt>
      <trkpt lat="59.991020" lon="10.622550">
        <ele>148.885807</ele>
        <time>2024-08-08T16:38:49.635Z</time>
      </trkpt>
      <trkpt lat="59.990861" lon="10.622404">
        <ele>148.931890</ele>
        <time>2024-08-08T16:38:54.030Z</time>
      </trkpt>
      <trkpt lat="59.988470" lon="10.620774">
        <ele>149.321225</ele>
        <time>2024-08-08T16:39:53.944Z</time>
      </trkpt>
      <trkpt lat="59.988120" lon="10.620600">
        <ele>149.223915</ele>
        <time>2024-08-08T16:40:01.737Z</time>
      </trkpt>
      <trkpt lat="59.987818" lon="10.620555">
        <ele>149.142205</ele>
        <time>2024-08-08T16:40:08.039Z</time>
      </trkpt>
      <trkpt lat="59.987523" lon="10.620613">
        <ele>149.062227</ele>
        <time>2024-08-08T16:40:13.981Z</time>
      </trkpt>
      <trkpt lat="59.987160" lon="10.620796">
        <ele>148.698018</ele>
        <time>2024-08-08T16:40:21.200Z</time>
      </trkpt>
      <trkpt lat="59.985815" lon="10.621548">
        <ele>147.270723</ele>
        <time>2024-08-08T16:40:48.049Z</time>
      </trkpt>
      <trkpt lat="59.985429" lon="10.621671">
        <ele>147.868653</ele>
        <time>2024-08-08T16:40:56.853Z</time>
      </trkpt>
      <trkpt lat="59.984593" lon="10.621572">
        <ele>149.478446</ele>
        <time>2024-08-08T16:41:22.263Z</time>
      </trkpt>
      <trkpt lat="59.984292" lon="10.621540">
        <ele>150.057852</ele>
        <time>2024-08-08T16:41:33.577Z</time>
      </trkpt>
      <trkpt lat="59.984054" lon="10.621526">
        <ele>150.515538</ele>
        <time>2024-08-08T16:41:44.273Z</time>
      </trkpt>
      <trkpt lat="59.983287" lon="10.621639">
        <ele>153.147771</ele>
        <time>2024-08-08T16:42:18.156Z</time>
      </trkpt>
      <trkpt lat="59.982694" lon="10.621418">
        <ele>155.321645</ele>
        <time>2024-08-08T16:42:44.428Z</time>
      </trkpt>
      <trkpt lat="59.982189" lon="10.621284">
        <ele>157.157011</ele>
        <time>2024-08-08T16:43:03.734Z</time>
      </trkpt>
      <trkpt lat="59.980182" lon="10.621231">
        <ele>158.596240</ele>
        <time>2024-08-08T16:43:57.691Z</time>
      </trkpt>
      <trkpt lat="59.979752" lon="10.621286">
        <ele>157.701151</ele>
        <time>2024-08-08T16:44:05.735Z</time>
      </trkpt>
      <trkpt lat="59.979640" lon="10.621362">
        <ele>157.455444</ele>
        <time>2024-08-08T16:44:07.874Z</time>
      </trkpt>
      <trkpt lat="59.979444" lon="10.621496">
        <ele>157.025123</ele>
        <time>2024-08-08T16:44:11.664Z</time>
      </trkpt>
      <trkpt lat="59.978823" lon="10.622244">
        <ele>155.518943</ele>
        <time>2024-08-08T16:44:24.081Z</time>
      </trkpt>
      <trkpt lat="59.978762" lon="10.622322">
        <ele>155.368512</ele>
        <time>2024-08-08T16:44:25.233Z</time>
      </trkpt>
      <trkpt lat="59.978258" lon="10.622923">
        <ele>153.885400</ele>
        <time>2024-08-08T16:44:35.025Z</time>
      </trkpt>
      <trkpt lat="59.978023" lon="10.623046">
        <ele>153.264338</ele>
        <time>2024-08-08T16:44:39.139Z</time>
      </trkpt>
      <trkpt lat="59.977632" lon="10.623106">
        <ele>152.261764</ele>
        <time>2024-08-08T16:44:45.972Z</time>
      </trkpt>
      <trkpt lat="59.977419" lon="10.623211">
        <ele>151.700887</ele>
        <time>2024-08-08T16:44:49.955Z</time>
      </trkpt>
      <trkpt lat="59.977226" lon="10.623392">
        <ele>151.155842</ele>
        <time>2024-08-08T16:44:53.992Z</time>
      </trkpt>
      <trkpt lat="59.976990" lon="10.623690">
        <ele>150.689579</ele>
        <time>2024-08-08T16:44:59.616Z</time>
      </trkpt>
      <trkpt lat="59.976386" lon="10.624472">
        <ele>150.650041</ele>
        <time>2024-08-08T16:45:15.314Z</time>
      </trkpt>
      <trkpt lat="59.976453" lon="10.624618">
        <ele>150.644595</ele>
        <time>2024-08-08T16:45:18.228Z</time>
      </trkpt>
      <trkpt lat="59.976241" lon="10.624810">
        <ele>150.631807</ele>
        <time>2024-08-08T16:45:24.713Z</time>
      </trkpt>
      <trkpt lat="59.976168" lon="10.624744">
        <ele>150.627406</ele>
        <time>2024-08-08T16:45:26.462Z</time>
      </trkpt>
      <trkpt lat="59.976135" lon="10.624782">
        <ele>150.625313</ele>
        <time>2024-08-08T16:45:27.628Z</time>
      </trkpt>
      <trkpt lat="59.975366" lon="10.625726">
        <ele>151.254522</ele>
        <time>2024-08-08T16:45:49.583Z</time>
      </trkpt>
      <trkpt lat="59.975095" lon="10.626024">
        <ele>151.801198</ele>
        <time>2024-08-08T16:45:58.176Z</time>
      </trkpt>
      <trkpt lat="59.974930" lon="10.626151">
        <ele>152.113697</ele>
        <time>2024-08-08T16:46:02.879Z</time>
      </trkpt>
      <trkpt lat="59.974715" lon="10.626247">
        <ele>152.503052</ele>
        <time>2024-08-08T16:46:10.343Z</time>
      </trkpt>
      <trkpt lat="59.974232" lon="10.626367">
        <ele>153.363268</ele>
        <time>2024-08-08T16:46:26.932Z</time>
      </trkpt>
      <trkpt lat="59.973953" lon="10.626568">
        <ele>153.965754</ele>
        <time>2024-08-08T16:46:38.322Z</time>
      </trkpt>
      <trkpt lat="59.973785" lon="10.626813">
        <ele>154.589580</ele>
        <time>2024-08-08T16:46:46.899Z</time>
      </trkpt>
      <trkpt lat="59.973640" lon="10.627179">
        <ele>155.290255</ele>
        <time>2024-08-08T16:46:55.674Z</time>
      </trkpt>
      <trkpt lat="59.973486" lon="10.627750">
        <ele>156.263856</ele>
        <time>2024-08-08T16:47:08.687Z</time>
      </trkpt>
      <trkpt lat="59.973407" lon="10.627900">
        <ele>156.590721</ele>
        <time>2024-08-08T16:47:13.593Z</time>
      </trkpt>
      <trkpt lat="59.973328" lon="10.628051">
        <ele>156.918622</ele>
        <time>2024-08-08T16:47:18.165Z</time>
      </trkpt>
      <trkpt lat="59.973223" lon="10.628211">
        <ele>157.314686</ele>
        <time>2024-08-08T16:47:22.576Z</time>
      </trkpt>
      <trkpt lat="59.973053" lon="10.628510">
        <ele>157.993971</ele>
        <time>2024-08-08T16:47:32.046Z</time>
      </trkpt>
      <trkpt lat="59.972802" lon="10.629275">
        <ele>159.147609</ele>
        <time>2024-08-08T16:47:47.826Z</time>
      </trkpt>
      <trkpt lat="59.972747" lon="10.629438">
        <ele>159.113855</ele>
        <time>2024-08-08T16:47:50.702Z</time>
      </trkpt>
      <trkpt lat="59.972709" lon="10.629529">
        <ele>159.093505</ele>
        <time>2024-08-08T16:47:52.911Z</time>
      </trkpt>
      <trkpt lat="59.972157" lon="10.630405">
        <ele>158.851651</ele>
        <time>2024-08-08T16:48:10.049Z</time>
      </trkpt>
      <trkpt lat="59.972062" lon="10.630624">
        <ele>158.801887</ele>
        <time>2024-08-08T16:48:12.979Z</time>
      </trkpt>
      <trkpt lat="59.971985" lon="10.630888">
        <ele>158.749421</ele>
        <time>2024-08-08T16:48:15.894Z</time>
      </trkpt>
      <trkpt lat="59.971911" lon="10.631403">
        <ele>158.657422</ele>
        <time>2024-08-08T16:48:20.794Z</time>
      </trkpt>
      <trkpt lat="59.971888" lon="10.632961">
        <ele>157.736458</ele>
        <time>2024-08-08T16:48:34.489Z</time>
      </trkpt>
      <trkpt lat="59.971814" lon="10.633650">
        <ele>157.131090</ele>
        <time>2024-08-08T16:48:41.147Z</time>
      </trkpt>
      <trkpt lat="59.971702" lon="10.634297">
        <ele>156.542965</ele>
        <time>2024-08-08T16:48:47.760Z</time>
      </trkpt>
      <trkpt lat="59.971662" lon="10.634452">
        <ele>156.393149</ele>
        <time>2024-08-08T16:48:49.292Z</time>
      </trkpt>
      <trkpt lat="59.971542" lon="10.634817">
        <ele>156.017977</ele>
        <time>2024-08-08T16:48:53.727Z</time>
      </trkpt>
      <trkpt lat="59.971023" lon="10.636051">
        <ele>155.212084</ele>
        <time>2024-08-08T16:49:09.156Z</time>
      </trkpt>
      <trkpt lat="59.970145" lon="10.638136">
        <ele>154.512733</ele>
        <time>2024-08-08T16:49:39.392Z</time>
      </trkpt>
      <trkpt lat="59.970027" lon="10.638317">
        <ele>154.474314</ele>
        <time>2024-08-08T16:49:42.518Z</time>
      </trkpt>
      <trkpt lat="59.969912" lon="10.638423">
        <ele>154.441605</ele>
        <time>2024-08-08T16:49:44.976Z</time>
      </trkpt>
      <trkpt lat="59.969772" lon="10.638475">
        <ele>154.404829</ele>
        <time>2024-08-08T16:49:47.844Z</time>
      </trkpt>
      <trkpt lat="59.969512" lon="10.638408">
        <ele>154.337123</ele>
        <time>2024-08-08T16:49:53.080Z</time>
      </trkpt>
      <trkpt lat="59.969413" lon="10.638339">
        <ele>154.310044</ele>
        <time>2024-08-08T16:49:55.176Z</time>
      </trkpt>
      <trkpt lat="59.969334" lon="10.638271">
        <ele>154.287829</ele>
        <time>2024-08-08T16:49:57.008Z</time>
      </trkpt>
      <trkpt lat="59.968936" lon="10.637826">
        <ele>154.170041</ele>
        <time>2024-08-08T16:50:06.615Z</time>
      </trkpt>
      <trkpt lat="59.968743" lon="10.637659">
        <ele>154.115722</ele>
        <time>2024-08-08T16:50:11.390Z</time>
      </trkpt>
      <trkpt lat="59.968480" lon="10.637544">
        <ele>154.143473</ele>
        <time>2024-08-08T16:50:18.226Z</time>
      </trkpt>
      <trkpt lat="59.968074" lon="10.637459">
        <ele>154.727694</ele>
        <time>2024-08-08T16:50:28.800Z</time>
      </trkpt>
      <trkpt lat="59.967653" lon="10.637449">
        <ele>155.330244</ele>
        <time>2024-08-08T16:50:39.667Z</time>
      </trkpt>
      <trkpt lat="59.967312" lon="10.637530">
        <ele>155.821698</ele>
        <time>2024-08-08T16:50:49.866Z</time>
      </trkpt>
      <trkpt lat="59.967112" lon="10.637625">
        <ele>156.115902</ele>
        <time>2024-08-08T16:50:56.716Z</time>
      </trkpt>
      <trkpt lat="59.966595" lon="10.637987">
        <ele>157.179179</ele>
        <time>2024-08-08T16:51:16.280Z</time>
      </trkpt>
      <trkpt lat="59.966179" lon="10.638248">
        <ele>158.461402</ele>
        <time>2024-08-08T16:51:32.809Z</time>
      </trkpt>
      <trkpt lat="59.965730" lon="10.638451">
        <ele>159.815153</ele>
        <time>2024-08-08T16:51:50.485Z</time>
      </trkpt>
      <trkpt lat="59.964597" lon="10.638769">
        <ele>163.110247</ele>
        <time>2024-08-08T16:52:32.891Z</time>
      </trkpt>
      <trkpt lat="59.963999" lon="10.639150">
        <ele>164.853956</ele>
        <time>2024-08-08T16:52:55.439Z</time>
      </trkpt>
      <trkpt lat="59.963958" lon="10.639184">
        <ele>164.977279</ele>
        <time>2024-08-08T16:52:57.052Z</time>
      </trkpt>
      <trkpt lat="59.961961" lon="10.640563">
        <ele>170.021121</ele>
        <time>2024-08-08T16:54:11.727Z</time>
      </trkpt>
      <trkpt lat="59.961939" lon="10.640572">
        <ele>170.070381</ele>
        <time>2024-08-08T16:54:12.342Z</time>
      </trkpt>
      <trkpt lat="59.961949" lon="10.640640">
        <ele>170.148203</ele>
        <time>2024-08-08T16:54:13.261Z</time>
      </trkpt>
      <trkpt lat="59.961918" lon="10.640705">
        <ele>170.246784</ele>
        <time>2024-08-08T16:54:14.432Z</time>
      </trkpt>
      <trkpt lat="59.961773" lon="10.640816">
        <ele>170.587405</ele>
        <time>2024-08-08T16:54:18.724Z</time>
      </trkpt>
      <trkpt lat="59.961779" lon="10.640859">
        <ele>170.636421</ele>
        <time>2024-08-08T16:54:19.336Z</time>
      </trkpt>
      <trkpt lat="59.961928" lon="10.641721">
        <ele>171.432279</ele>
        <time>2024-08-08T16:54:31.516Z</time>
      </trkpt>
      <trkpt lat="59.961958" lon="10.641894">
        <ele>171.579746</ele>
        <time>2024-08-08T16:54:33.738Z</time>
      </trkpt>
      <trkpt lat="59.962035" lon="10.642333">
        <ele>171.954415</ele>
        <time>2024-08-08T16:54:40.576Z</time>
      </trkpt>
      <trkpt lat="59.962108" lon="10.642782">
        <ele>172.334656</ele>
        <time>2024-08-08T16:54:47.587Z</time>
      </trkpt>
      <trkpt lat="59.962185" lon="10.643253">
        <ele>172.733738</ele>
        <time>2024-08-08T16:54:55.576Z</time>
      </trkpt>
      <trkpt lat="59.962259" lon="10.643700">
        <ele>173.112949</ele>
        <time>2024-08-08T16:55:03.264Z</time>
      </trkpt>
      <trkpt lat="59.962316" lon="10.644046">
        <ele>173.406334</ele>
        <time>2024-08-08T16:55:08.924Z</time>
      </trkpt>
      <trkpt lat="59.962468" lon="10.644935">
        <ele>174.075264</ele>
        <time>2024-08-08T16:55:24.026Z</time>
      </trkpt>
      <trkpt lat="59.962532" lon="10.645197">
        <ele>174.258874</ele>
        <time>2024-08-08T16:55:28.768Z</time>
      </trkpt>
      <trkpt lat="59.962646" lon="10.645481">
        <ele>174.488148</ele>
        <time>2024-08-08T16:55:34.860Z</time>
      </trkpt>
      <trkpt lat="59.962839" lon="10.645751">
        <ele>174.784601</ele>
        <time>2024-08-08T16:55:42.423Z</time>
      </trkpt>
      <trkpt lat="59.962693" lon="10.646330">
        <ele>175.192914</ele>
        <time>2024-08-08T16:55:52.522Z</time>
      </trkpt>
      <trkpt lat="59.962693" lon="10.646330">
        <ele>175.192914</ele>
        <time>2024-08-08T16:55:52.533Z</time>
      </trkpt>
      <trkpt lat="59.962577" lon="10.646589">
        <ele>175.411798</ele>
        <time>2024-08-08T16:55:57.992Z</time>
      </trkpt>
      <trkpt lat="59.962422" lon="10.646807">
        <ele>175.650302</ele>
        <time>2024-08-08T16:56:03.558Z</time>
      </trkpt>
      <trkpt lat="59.962361" lon="10.646867">
        <ele>175.735850</ele>
        <time>2024-08-08T16:56:05.106Z</time>
      </trkpt>
      <trkpt lat="59.961857" lon="10.647207">
        <ele>175.517275</ele>
        <time>2024-08-08T16:56:16.101Z</time>
      </trkpt>
      <trkpt lat="59.961547" lon="10.647442">
        <ele>174.963354</ele>
        <time>2024-08-08T16:56:21.982Z</time>
      </trkpt>
      <trkpt lat="59.961134" lon="10.647929">
        <ele>174.162161</ele>
        <time>2024-08-08T16:56:30.516Z</time>
      </trkpt>
      <trkpt lat="59.960944" lon="10.648211">
        <ele>173.766725</ele>
        <time>2024-08-08T16:56:34.917Z</time>
      </trkpt>
      <trkpt lat="59.960673" lon="10.648735">
        <ele>173.136645</ele>
        <time>2024-08-08T16:56:42.056Z</time>
      </trkpt>
      <trkpt lat="59.960346" lon="10.649623">
        <ele>172.186865</ele>
        <time>2024-08-08T16:56:52.132Z</time>
      </trkpt>
      <trkpt lat="59.960257" lon="10.649883">
        <ele>171.914326</ele>
        <time>2024-08-08T16:56:55.159Z</time>
      </trkpt>
      <trkpt lat="59.960063" lon="10.650315">
        <ele>171.412160</ele>
        <time>2024-08-08T16:57:00.474Z</time>
      </trkpt>
      <trkpt lat="59.959830" lon="10.650667">
        <ele>170.907218</ele>
        <time>2024-08-08T16:57:05.666Z</time>
      </trkpt>
      <trkpt lat="59.959502" lon="10.651008">
        <ele>170.268089</ele>
        <time>2024-08-08T16:57:12.714Z</time>
      </trkpt>
      <trkpt lat="59.959121" lon="10.651235">
        <ele>169.529390</ele>
        <time>2024-08-08T16:57:20.890Z</time>
      </trkpt>
      <trkpt lat="59.958796" lon="10.651290">
        <ele>168.877441</ele>
        <time>2024-08-08T16:57:27.490Z</time>
      </trkpt>
      <trkpt lat="59.958464" lon="10.651344">
        <ele>168.211631</ele>
        <time>2024-08-08T16:57:33.504Z</time>
      </trkpt>
      <trkpt lat="59.958118" lon="10.651537">
        <ele>167.493573</ele>
        <time>2024-08-08T16:57:39.874Z</time>
      </trkpt>
      <trkpt lat="59.957566" lon="10.652113">
        <ele>166.234033</ele>
        <time>2024-08-08T16:57:51.045Z</time>
      </trkpt>
      <trkpt lat="59.957324" lon="10.652491">
        <ele>165.483358</ele>
        <time>2024-08-08T16:57:56.357Z</time>
      </trkpt>
      <trkpt lat="59.957100" lon="10.652944">
        <ele>164.704444</ele>
        <time>2024-08-08T16:58:02.041Z</time>
      </trkpt>
      <trkpt lat="59.956702" lon="10.654043">
        <ele>163.045101</ele>
        <time>2024-08-08T16:58:14.311Z</time>
      </trkpt>
      <trkpt lat="59.956466" lon="10.654728">
        <ele>162.027843</ele>
        <time>2024-08-08T16:58:21.533Z</time>
      </trkpt>
      <trkpt lat="59.956259" lon="10.655337">
        <ele>161.247457</ele>
        <time>2024-08-08T16:58:28.243Z</time>
      </trkpt>
      <trkpt lat="59.956160" lon="10.655629">
        <ele>160.881430</ele>
        <time>2024-08-08T16:58:31.505Z</time>
      </trkpt>
      <trkpt lat="59.956079" lon="10.655520">
        <ele>160.678954</ele>
        <time>2024-08-08T16:58:33.220Z</time>
      </trkpt>
      <trkpt lat="59.955919" lon="10.655338">
        <ele>160.297238</ele>
        <time>2024-08-08T16:58:36.506Z</time>
      </trkpt>
      <trkpt lat="59.955802" lon="10.655316">
        <ele>160.053613</ele>
        <time>2024-08-08T16:58:38.666Z</time>
      </trkpt>
      <trkpt lat="59.955726" lon="10.655403">
        <ele>159.872015</ele>
        <time>2024-08-08T16:58:40.212Z</time>
      </trkpt>
      <trkpt lat="59.955509" lon="10.655883">
        <ele>159.200754</ele>
        <time>2024-08-08T16:58:46.064Z</time>
      </trkpt>
      <trkpt lat="59.955402" lon="10.656122">
        <ele>158.867973</ele>
        <time>2024-08-08T16:58:49.017Z</time>
      </trkpt>
      <trkpt lat="59.955325" lon="10.656294">
        <ele>158.628488</ele>
        <time>2024-08-08T16:58:51.355Z</time>
      </trkpt>
      <trkpt lat="59.955273" lon="10.656409">
        <ele>158.467650</ele>
        <time>2024-08-08T16:58:52.806Z</time>
      </trkpt>
      <trkpt lat="59.955218" lon="10.656531">
        <ele>158.297251</ele>
        <time>2024-08-08T16:58:54.349Z</time>
      </trkpt>
      <trkpt lat="59.954778" lon="10.657497">
        <ele>156.794538</ele>
        <time>2024-08-08T16:59:06.793Z</time>
      </trkpt>
      <trkpt lat="59.954522" lon="10.657804">
        <ele>156.102561</ele>
        <time>2024-08-08T16:59:12.276Z</time>
      </trkpt>
      <trkpt lat="59.954253" lon="10.657975">
        <ele>155.448368</ele>
        <time>2024-08-08T16:59:17.280Z</time>
      </trkpt>
      <trkpt lat="59.954145" lon="10.657951">
        <ele>155.196545</ele>
        <time>2024-08-08T16:59:19.224Z</time>
      </trkpt>
      <trkpt lat="59.954027" lon="10.657991">
        <ele>154.919182</ele>
        <time>2024-08-08T16:59:21.295Z</time>
      </trkpt>
      <trkpt lat="59.953974" lon="10.658021">
        <ele>154.791522</ele>
        <time>2024-08-08T16:59:22.208Z</time>
      </trkpt>
      <trkpt lat="59.953899" lon="10.658104">
        <ele>154.592820</ele>
        <time>2024-08-08T16:59:23.686Z</time>
      </trkpt>
      <trkpt lat="59.953767" lon="10.658156">
        <ele>154.281030</ele>
        <time>2024-08-08T16:59:25.983Z</time>
      </trkpt>
      <trkpt lat="59.953497" lon="10.658311">
        <ele>153.436412</ele>
        <time>2024-08-08T16:59:30.784Z</time>
      </trkpt>
      <trkpt lat="59.953282" lon="10.658525">
        <ele>152.605377</ele>
        <time>2024-08-08T16:59:34.843Z</time>
      </trkpt>
      <trkpt lat="59.953081" lon="10.658835">
        <ele>151.726825</ele>
        <time>2024-08-08T16:59:39.161Z</time>
      </trkpt>
      <trkpt lat="59.952870" lon="10.659280">
        <ele>150.665229</ele>
        <time>2024-08-08T16:59:44.413Z</time>
      </trkpt>
      <trkpt lat="59.952772" lon="10.659584">
        <ele>150.038944</ele>
        <time>2024-08-08T16:59:47.523Z</time>
      </trkpt>
      <trkpt lat="59.952552" lon="10.660628">
        <ele>148.076899</ele>
        <time>2024-08-08T16:59:57.022Z</time>
      </trkpt>
      <trkpt lat="59.952377" lon="10.661315">
        <ele>146.299483</ele>
        <time>2024-08-08T17:00:03.337Z</time>
      </trkpt>
      <trkpt lat="59.952132" lon="10.662011">
        <ele>144.210164</ele>
        <time>2024-08-08T17:00:10.209Z</time>
      </trkpt>
      <trkpt lat="59.952097" lon="10.662109">
        <ele>143.914552</ele>
        <time>2024-08-08T17:00:11.181Z</time>
      </trkpt>
      <trkpt lat="59.951690" lon="10.663244">
        <ele>140.486184</ele>
        <time>2024-08-08T17:00:22.245Z</time>
      </trkpt>
      <trkpt lat="59.951370" lon="10.664137">
        <ele>137.943646</ele>
        <time>2024-08-08T17:00:30.681Z</time>
      </trkpt>
      <trkpt lat="59.951298" lon="10.664338">
        <ele>137.415404</ele>
        <time>2024-08-08T17:00:32.582Z</time>
      </trkpt>
      <trkpt lat="59.951234" lon="10.664518">
        <ele>136.943534</ele>
        <time>2024-08-08T17:00:34.291Z</time>
      </trkpt>
      <trkpt lat="59.951172" lon="10.664689">
        <ele>136.492271</ele>
        <time>2024-08-08T17:00:35.925Z</time>
      </trkpt>
      <trkpt lat="59.950541" lon="10.666452">
        <ele>131.860236</ele>
        <time>2024-08-08T17:00:53.583Z</time>
      </trkpt>
      <trkpt lat="59.950496" lon="10.666588">
        <ele>131.511803</ele>
        <time>2024-08-08T17:00:55.051Z</time>
      </trkpt>
      <trkpt lat="59.950557" lon="10.666692">
        <ele>131.308653</ele>
        <time>2024-08-08T17:00:56.505Z</time>
      </trkpt>
      <trkpt lat="59.950805" lon="10.667331">
        <ele>131.404334</ele>
        <time>2024-08-08T17:01:04.754Z</time>
      </trkpt>
      <trkpt lat="59.951441" lon="10.669469">
        <ele>131.698644</ele>
        <time>2024-08-08T17:01:38.590Z</time>
      </trkpt>
      <trkpt lat="59.951518" lon="10.669734">
        <ele>131.742127</ele>
        <time>2024-08-08T17:01:43.612Z</time>
      </trkpt>
      <trkpt lat="59.951592" lon="10.670128">
        <ele>131.834497</ele>
        <time>2024-08-08T17:01:50.323Z</time>
      </trkpt>
      <trkpt lat="59.951633" lon="10.670695">
        <ele>131.960248</ele>
        <time>2024-08-08T17:01:58.920Z</time>
      </trkpt>
      <trkpt lat="59.951634" lon="10.670739">
        <ele>131.969917</ele>
        <time>2024-08-08T17:01:59.562Z</time>
      </trkpt>
      <trkpt lat="59.951670" lon="10.671590">
        <ele>132.157382</ele>
        <time>2024-08-08T17:02:10.719Z</time>
      </trkpt>
      <trkpt lat="59.951695" lon="10.672192">
        <ele>132.289979</ele>
        <time>2024-08-08T17:02:18.342Z</time>
      </trkpt>
      <trkpt lat="59.951703" lon="10.672384">
        <ele>132.332269</ele>
        <time>2024-08-08T17:02:20.537Z</time>
      </trkpt>
      <trkpt lat="59.951728" lon="10.672928">
        <ele>132.452183</ele>
        <time>2024-08-08T17:02:26.077Z</time>
      </trkpt>
      <trkpt lat="59.951747" lon="10.673429">
        <ele>132.295101</ele>
        <time>2024-08-08T17:02:30.888Z</time>
      </trkpt>
      <trkpt lat="59.951760" lon="10.673673">
        <ele>132.046043</ele>
        <time>2024-08-08T17:02:33.274Z</time>
      </trkpt>
      <trkpt lat="59.951765" lon="10.673802">
        <ele>131.914717</ele>
        <time>2024-08-08T17:02:34.552Z</time>
      </trkpt>
      <trkpt lat="59.951768" lon="10.673877">
        <ele>131.838350</ele>
        <time>2024-08-08T17:02:35.265Z</time>
      </trkpt>
      <trkpt lat="59.951778" lon="10.674079">
        <ele>131.632321</ele>
        <time>2024-08-08T17:02:37.163Z</time>
      </trkpt>
      <trkpt lat="59.951780" lon="10.674285">
        <ele>131.423193</ele>
        <time>2024-08-08T17:02:39.099Z</time>
      </trkpt>
      <trkpt lat="59.951774" lon="10.674543">
        <ele>131.161042</ele>
        <time>2024-08-08T17:02:41.660Z</time>
      </trkpt>
      <trkpt lat="59.951727" lon="10.675193">
        <ele>130.494451</ele>
        <time>2024-08-08T17:02:47.746Z</time>
      </trkpt>
      <trkpt lat="59.951706" lon="10.675353">
        <ele>130.326565</ele>
        <time>2024-08-08T17:02:49.246Z</time>
      </trkpt>
      <trkpt lat="59.951629" lon="10.675761">
        <ele>129.884009</ele>
        <time>2024-08-08T17:02:53.098Z</time>
      </trkpt>
      <trkpt lat="59.951497" lon="10.676369">
        <ele>129.211378</ele>
        <time>2024-08-08T17:02:58.933Z</time>
      </trkpt>
      <trkpt lat="59.951449" lon="10.676595">
        <ele>128.962205</ele>
        <time>2024-08-08T17:03:01.082Z</time>
      </trkpt>
      <trkpt lat="59.951286" lon="10.677406">
        <ele>127.604549</ele>
        <time>2024-08-08T17:03:08.645Z</time>
      </trkpt>
      <trkpt lat="59.951099" lon="10.678261">
        <ele>126.096063</ele>
        <time>2024-08-08T17:03:16.171Z</time>
      </trkpt>
      <trkpt lat="59.951024" lon="10.678601">
        <ele>125.495369</ele>
        <time>2024-08-08T17:03:19.190Z</time>
      </trkpt>
      <trkpt lat="59.950941" lon="10.679012">
        <ele>124.778849</ele>
        <time>2024-08-08T17:03:22.902Z</time>
      </trkpt>
      <trkpt lat="59.950905" lon="10.679200">
        <ele>124.453418</ele>
        <time>2024-08-08T17:03:24.636Z</time>
      </trkpt>
      <trkpt lat="59.950816" lon="10.679690">
        <ele>123.610665</ele>
        <time>2024-08-08T17:03:29.290Z</time>
      </trkpt>
      <trkpt lat="59.950799" lon="10.679898">
        <ele>123.269914</ele>
        <time>2024-08-08T17:03:31.156Z</time>
      </trkpt>
      <trkpt lat="59.950780" lon="10.680060">
        <ele>123.067664</ele>
        <time>2024-08-08T17:03:32.738Z</time>
      </trkpt>
      <trkpt lat="59.950711" lon="10.680978">
        <ele>123.221824</ele>
        <time>2024-08-08T17:03:41.465Z</time>
      </trkpt>
      <trkpt lat="59.950703" lon="10.681265">
        <ele>123.269560</ele>
        <time>2024-08-08T17:03:44.297Z</time>
      </trkpt>
      <trkpt lat="59.950701" lon="10.681391">
        <ele>123.290495</ele>
        <time>2024-08-08T17:03:45.676Z</time>
      </trkpt>
      <trkpt lat="59.950690" lon="10.682007">
        <ele>123.392860</ele>
        <time>2024-08-08T17:03:52.603Z</time>
      </trkpt>
      <trkpt lat="59.950684" lon="10.682349">
        <ele>123.449690</ele>
        <time>2024-08-08T17:03:57.032Z</time>
      </trkpt>
      <trkpt lat="59.950663" lon="10.683515">
        <ele>123.643454</ele>
        <time>2024-08-08T17:04:14.534Z</time>
      </trkpt>
      <trkpt lat="59.950662" lon="10.683615">
        <ele>123.688492</ele>
        <time>2024-08-08T17:04:16.552Z</time>
      </trkpt>
      <trkpt lat="59.950661" lon="10.683657">
        <ele>123.789746</ele>
        <time>2024-08-08T17:04:17.397Z</time>
      </trkpt>
      <trkpt lat="59.950653" lon="10.684068">
        <ele>124.780213</ele>
        <time>2024-08-08T17:04:25.807Z</time>
      </trkpt>
      <trkpt lat="59.950647" lon="10.684364">
        <ele>125.493588</ele>
        <time>2024-08-08T17:04:33.110Z</time>
      </trkpt>
      <trkpt lat="59.950634" lon="10.685038">
        <ele>127.117837</ele>
        <time>2024-08-08T17:04:49.640Z</time>
      </trkpt>
      <trkpt lat="59.950623" lon="10.685638">
        <ele>128.563653</ele>
        <time>2024-08-08T17:05:04.092Z</time>
      </trkpt>
      <trkpt lat="59.950621" lon="10.685780">
        <ele>128.905735</ele>
        <time>2024-08-08T17:05:07.581Z</time>
      </trkpt>
      <trkpt lat="59.950609" lon="10.686579">
        <ele>130.830657</ele>
        <time>2024-08-08T17:05:26.413Z</time>
      </trkpt>
      <trkpt lat="59.950606" lon="10.686727">
        <ele>131.187345</ele>
        <time>2024-08-08T17:05:29.630Z</time>
      </trkpt>
      <trkpt lat="59.950600" lon="10.687184">
        <ele>132.288216</ele>
        <time>2024-08-08T17:05:41.124Z</time>
      </trkpt>
      <trkpt lat="59.950568" lon="10.688818">
        <ele>136.952089</ele>
        <time>2024-08-08T17:06:25.785Z</time>
      </trkpt>
      <trkpt lat="59.950564" lon="10.689041">
        <ele>137.589002</ele>
        <time>2024-08-08T17:06:31.781Z</time>
      </trkpt>
      <trkpt lat="59.950556" lon="10.689835">
        <ele>139.855764</ele>
        <time>2024-08-08T17:06:53.521Z</time>
      </trkpt>
      <trkpt lat="59.950574" lon="10.690205">
        <ele>140.916822</ele>
        <time>2024-08-08T17:07:03.319Z</time>
      </trkpt>
      <trkpt lat="59.950616" lon="10.690743">
        <ele>142.470975</ele>
        <time>2024-08-08T17:07:15.962Z</time>
      </trkpt>
      <trkpt lat="59.950741" lon="10.691657">
        <ele>143.255747</ele>
        <time>2024-08-08T17:07:35.085Z</time>
      </trkpt>
      <trkpt lat="59.950755" lon="10.692120">
        <ele>143.607960</ele>
        <time>2024-08-08T17:07:42.543Z</time>
      </trkpt>
      <trkpt lat="59.950751" lon="10.692339">
        <ele>143.774365</ele>
        <time>2024-08-08T17:07:46.599Z</time>
      </trkpt>
      <trkpt lat="59.950747" lon="10.692665">
        <ele>144.021983</ele>
        <time>2024-08-08T17:07:51.617Z</time>
      </trkpt>
      <trkpt lat="59.950754" lon="10.692800">
        <ele>144.125042</ele>
        <time>2024-08-08T17:07:53.827Z</time>
      </trkpt>
      <trkpt lat="59.950847" lon="10.693349">
        <ele>144.565125</ele>
        <time>2024-08-08T17:08:02.224Z</time>
      </trkpt>
      <trkpt lat="59.950869" lon="10.693641">
        <ele>144.789346</ele>
        <time>2024-08-08T17:08:05.492Z</time>
      </trkpt>
      <trkpt lat="59.950894" lon="10.693798">
        <ele>144.914444</ele>
        <time>2024-08-08T17:08:07.282Z</time>
      </trkpt>
      <trkpt lat="59.950560" lon="10.694061">
        <ele>144.860355</ele>
        <time>2024-08-08T17:08:14.054Z</time>
      </trkpt>
      <trkpt lat="59.950585" lon="10.694221">
        <ele>144.543248</ele>
        <time>2024-08-08T17:08:15.493Z</time>
      </trkpt>
      <trkpt lat="59.950622" lon="10.694495">
        <ele>144.006334</ele>
        <time>2024-08-08T17:08:17.913Z</time>
      </trkpt>
      <trkpt lat="59.950660" lon="10.694837">
        <ele>143.343549</ele>
        <time>2024-08-08T17:08:20.905Z</time>
      </trkpt>
      <trkpt lat="59.950570" lon="10.695081">
        <ele>142.770192</ele>
        <time>2024-08-08T17:08:23.357Z</time>
      </trkpt>
      <trkpt lat="59.949981" lon="10.695630">
        <ele>140.314325</ele>
        <time>2024-08-08T17:08:33.815Z</time>
      </trkpt>
      <trkpt lat="59.949846" lon="10.695819">
        <ele>139.691400</ele>
        <time>2024-08-08T17:08:36.477Z</time>
      </trkpt>
      <trkpt lat="59.949705" lon="10.696168">
        <ele>138.842982</ele>
        <time>2024-08-08T17:08:40.056Z</time>
      </trkpt>
      <trkpt lat="59.949642" lon="10.696490">
        <ele>138.147835</ele>
        <time>2024-08-08T17:08:42.822Z</time>
      </trkpt>
      <trkpt lat="59.949619" lon="10.696809">
        <ele>137.455353</ele>
        <time>2024-08-08T17:08:45.532Z</time>
      </trkpt>
      <trkpt lat="59.949618" lon="10.697757">
        <ele>135.418442</ele>
        <time>2024-08-08T17:08:53.182Z</time>
      </trkpt>
      <trkpt lat="59.949586" lon="10.698195">
        <ele>134.467376</ele>
        <time>2024-08-08T17:08:56.852Z</time>
      </trkpt>
      <trkpt lat="59.949505" lon="10.698679">
        <ele>133.370895</ele>
        <time>2024-08-08T17:09:00.977Z</time>
      </trkpt>
      <trkpt lat="59.949353" lon="10.699207">
        <ele>132.062304</ele>
        <time>2024-08-08T17:09:05.972Z</time>
      </trkpt>
      <trkpt lat="59.948954" lon="10.700203">
        <ele>129.307500</ele>
        <time>2024-08-08T17:09:16.473Z</time>
      </trkpt>
      <trkpt lat="59.948828" lon="10.700741">
        <ele>128.018850</ele>
        <time>2024-08-08T17:09:21.345Z</time>
      </trkpt>
      <trkpt lat="59.948779" lon="10.701168">
        <ele>127.068371</ele>
        <time>2024-08-08T17:09:24.814Z</time>
      </trkpt>
      <trkpt lat="59.948735" lon="10.702171">
        <ele>124.883818</ele>
        <time>2024-08-08T17:09:33.046Z</time>
      </trkpt>
      <trkpt lat="59.948654" lon="10.702961">
        <ele>123.134185</ele>
        <time>2024-08-08T17:09:39.652Z</time>
      </trkpt>
      <trkpt lat="59.948550" lon="10.703433">
        <ele>121.973325</ele>
        <time>2024-08-08T17:09:43.829Z</time>
      </trkpt>
      <trkpt lat="59.948389" lon="10.703948">
        <ele>120.598769</ele>
        <time>2024-08-08T17:09:48.723Z</time>
      </trkpt>
      <trkpt lat="59.948205" lon="10.704486">
        <ele>119.123721</ele>
        <time>2024-08-08T17:09:53.962Z</time>
      </trkpt>
      <trkpt lat="59.948147" lon="10.704656">
        <ele>118.657987</ele>
        <time>2024-08-08T17:09:55.600Z</time>
      </trkpt>
      <trkpt lat="59.948110" lon="10.704605">
        <ele>118.454723</ele>
        <time>2024-08-08T17:09:58.744Z</time>
      </trkpt>
      <trkpt lat="59.948058" lon="10.704747">
        <ele>118.056431</ele>
        <time>2024-08-08T17:10:04.837Z</time>
      </trkpt>
      <trkpt lat="59.947986" lon="10.704947">
        <ele>117.498746</ele>
        <time>2024-08-08T17:10:13.470Z</time>
      </trkpt>
      <trkpt lat="59.947345" lon="10.706716">
        <ele>112.882873</ele>
        <time>2024-08-08T17:11:29.507Z</time>
      </trkpt>
      <trkpt lat="59.947264" lon="10.707062">
        <ele>112.141691</ele>
        <time>2024-08-08T17:11:42.794Z</time>
      </trkpt>
      <trkpt lat="59.947239" lon="10.707251">
        <ele>111.762342</ele>
        <time>2024-08-08T17:11:49.612Z</time>
      </trkpt>
      <trkpt lat="59.947223" lon="10.707372">
        <ele>111.519483</ele>
        <time>2024-08-08T17:11:53.993Z</time>
      </trkpt>
      <trkpt lat="59.947209" lon="10.707802">
        <ele>110.683268</ele>
        <time>2024-08-08T17:12:08.989Z</time>
      </trkpt>
      <trkpt lat="59.947297" lon="10.708947">
        <ele>108.435282</ele>
        <time>2024-08-08T17:12:49.322Z</time>
      </trkpt>
      <trkpt lat="59.947303" lon="10.709285">
        <ele>107.843312</ele>
        <time>2024-08-08T17:13:01.098Z</time>
      </trkpt>
      <trkpt lat="59.947233" lon="10.709816">
        <ele>107.459366</ele>
        <time>2024-08-08T17:13:20.214Z</time>
      </trkpt>
      <trkpt lat="59.947122" lon="10.710155">
        <ele>107.176152</ele>
        <time>2024-08-08T17:13:34.292Z</time>
      </trkpt>
      <trkpt lat="59.947034" lon="10.710333">
        <ele>107.001255</ele>
        <time>2024-08-08T17:13:43.009Z</time>
      </trkpt>
      <trkpt lat="59.946887" lon="10.710520">
        <ele>106.757891</ele>
        <time>2024-08-08T17:13:55.108Z</time>
      </trkpt>
      <trkpt lat="59.946736" lon="10.710642">
        <ele>106.530451</ele>
        <time>2024-08-08T17:14:06.452Z</time>
      </trkpt>
      <trkpt lat="59.946747" lon="10.710708">
        <ele>106.481812</ele>
        <time>2024-08-08T17:14:08.873Z</time>
      </trkpt>
      <trkpt lat="59.946766" lon="10.710815">
        <ele>106.402428</ele>
        <time>2024-08-08T17:14:12.837Z</time>
      </trkpt>
      <trkpt lat="59.946917" lon="10.710691">
        <ele>106.174459</ele>
        <time>2024-08-08T17:14:16.225Z</time>
      </trkpt>
      <trkpt lat="59.947001" lon="10.710583">
        <ele>106.034963</ele>
        <time>2024-08-08T17:14:18.261Z</time>
      </trkpt>
      <trkpt lat="59.947066" lon="10.710414">
        <ele>105.885961</ele>
        <time>2024-08-08T17:14:20.304Z</time>
      </trkpt>
      <trkpt lat="59.947160" lon="10.710612">
        <ele>105.695187</ele>
        <time>2024-08-08T17:14:23.393Z</time>
      </trkpt>
      <trkpt lat="59.947265" lon="10.710824">
        <ele>105.486696</ele>
        <time>2024-08-08T17:14:26.635Z</time>
      </trkpt>
      <trkpt lat="59.947278" lon="10.710850">
        <ele>105.461005</ele>
        <time>2024-08-08T17:14:26.991Z</time>
      </trkpt>
      <trkpt lat="59.947380" lon="10.711056">
        <ele>105.397858</ele>
        <time>2024-08-08T17:14:30.339Z</time>
      </trkpt>
      <trkpt lat="59.947549" lon="10.711420">
        <ele>105.491675</ele>
        <time>2024-08-08T17:14:36.555Z</time>
      </trkpt>
      <trkpt lat="59.947696" lon="10.711736">
        <ele>105.573193</ele>
        <time>2024-08-08T17:14:42.587Z</time>
      </trkpt>
      <trkpt lat="59.947782" lon="10.712124">
        <ele>105.653389</ele>
        <time>2024-08-08T17:14:47.729Z</time>
      </trkpt>
      <trkpt lat="59.947694" lon="10.712198">
        <ele>105.689427</ele>
        <time>2024-08-08T17:14:50.604Z</time>
      </trkpt>
      <trkpt lat="59.947541" lon="10.712464">
        <ele>105.765991</ele>
        <time>2024-08-08T17:14:58.788Z</time>
      </trkpt>
      <trkpt lat="59.947526" lon="10.712503">
        <ele>105.775286</ele>
        <time>2024-08-08T17:14:59.377Z</time>
      </trkpt>
      <trkpt lat="59.947483" lon="10.712617">
        <ele>105.802261</ele>
        <time>2024-08-08T17:15:01.139Z</time>
      </trkpt>
      <trkpt lat="59.947423" lon="10.712867">
        <ele>105.854659</ele>
        <time>2024-08-08T17:15:04.609Z</time>
      </trkpt>
      <trkpt lat="59.947405" lon="10.712951">
        <ele>105.871928</ele>
        <time>2024-08-08T17:15:05.728Z</time>
      </trkpt>
      <trkpt lat="59.947357" lon="10.713062">
        <ele>105.899647</ele>
        <time>2024-08-08T17:15:07.744Z</time>
      </trkpt>
      <trkpt lat="59.947207" lon="10.713206">
        <ele>105.962462</ele>
        <time>2024-08-08T17:15:12.163Z</time>
      </trkpt>
      <trkpt lat="59.947098" lon="10.713221">
        <ele>106.003698</ele>
        <time>2024-08-08T17:15:14.940Z</time>
      </trkpt>
      <trkpt lat="59.946821" lon="10.713162">
        <ele>105.954708</ele>
        <time>2024-08-08T17:15:22.478Z</time>
      </trkpt>
      <trkpt lat="59.946751" lon="10.713189">
        <ele>105.914515</ele>
        <time>2024-08-08T17:15:24.055Z</time>
      </trkpt>
      <trkpt lat="59.946716" lon="10.713230">
        <ele>105.891639</ele>
        <time>2024-08-08T17:15:25.175Z</time>
      </trkpt>
      <trkpt lat="59.946537" lon="10.713331">
        <ele>105.786774</ele>
        <time>2024-08-08T17:15:29.705Z</time>
      </trkpt>
      <trkpt lat="59.946436" lon="10.713316">
        <ele>105.729677</ele>
        <time>2024-08-08T17:15:31.855Z</time>
      </trkpt>
      <trkpt lat="59.946405" lon="10.713291">
        <ele>105.710829</ele>
        <time>2024-08-08T17:15:32.500Z</time>
      </trkpt>
      <trkpt lat="59.945845" lon="10.712915">
        <ele>105.377753</ele>
        <time>2024-08-08T17:15:45.371Z</time>
      </trkpt>
      <trkpt lat="59.945748" lon="10.712933">
        <ele>105.322833</ele>
        <time>2024-08-08T17:15:47.288Z</time>
      </trkpt>
      <trkpt lat="59.945614" lon="10.713118">
        <ele>105.230990</ele>
        <time>2024-08-08T17:15:50.590Z</time>
      </trkpt>
      <trkpt lat="59.945543" lon="10.713487">
        <ele>105.119381</ele>
        <time>2024-08-08T17:15:54.370Z</time>
      </trkpt>
      <trkpt lat="59.945502" lon="10.713539">
        <ele>105.091998</ele>
        <time>2024-08-08T17:15:55.258Z</time>
      </trkpt>
      <trkpt lat="59.945368" lon="10.714170">
        <ele>104.431557</ele>
        <time>2024-08-08T17:16:01.562Z</time>
      </trkpt>
      <trkpt lat="59.945427" lon="10.714306">
        <ele>104.204450</ele>
        <time>2024-08-08T17:16:03.217Z</time>
      </trkpt>
      <trkpt lat="59.945566" lon="10.714202">
        <ele>103.830347</ele>
        <time>2024-08-08T17:16:05.934Z</time>
      </trkpt>
      <trkpt lat="59.945491" lon="10.714853">
        <ele>102.987192</ele>
        <time>2024-08-08T17:16:12.063Z</time>
      </trkpt>
      <trkpt lat="59.945471" lon="10.715545">
        <ele>102.112292</ele>
        <time>2024-08-08T17:16:18.198Z</time>
      </trkpt>
      <trkpt lat="59.945493" lon="10.716525">
        <ele>100.874089</ele>
        <time>2024-08-08T17:16:26.608Z</time>
      </trkpt>
      <trkpt lat="59.945548" lon="10.717057">
        <ele>100.170949</ele>
        <time>2024-08-08T17:16:31.170Z</time>
      </trkpt>
      <trkpt lat="59.945552" lon="10.717082">
        <ele>100.135963</ele>
        <time>2024-08-08T17:16:31.381Z</time>
      </trkpt>
      <trkpt lat="59.945658" lon="10.717701">
        <ele>99.263894</ele>
        <time>2024-08-08T17:16:36.881Z</time>
      </trkpt>
      <trkpt lat="59.945827" lon="10.718570">
        <ele>98.021195</ele>
        <time>2024-08-08T17:16:44.843Z</time>
      </trkpt>
      <trkpt lat="59.945834" lon="10.718603">
        <ele>97.973421</ele>
        <time>2024-08-08T17:16:45.139Z</time>
      </trkpt>
      <trkpt lat="59.946190" lon="10.719848">
        <ele>96.062317</ele>
        <time>2024-08-08T17:16:58.038Z</time>
      </trkpt>
      <trkpt lat="59.946315" lon="10.720360">
        <ele>95.640814</ele>
        <time>2024-08-08T17:17:03.631Z</time>
      </trkpt>
      <trkpt lat="59.946387" lon="10.720954">
        <ele>95.498272</ele>
        <time>2024-08-08T17:17:09.670Z</time>
      </trkpt>
      <trkpt lat="59.946445" lon="10.722011">
        <ele>95.250269</ele>
        <time>2024-08-08T17:17:20.777Z</time>
      </trkpt>
      <trkpt lat="59.946463" lon="10.722303">
        <ele>95.181651</ele>
        <time>2024-08-08T17:17:24.087Z</time>
      </trkpt>
      <trkpt lat="59.946509" lon="10.722570">
        <ele>95.115796</ele>
        <time>2024-08-08T17:17:27.302Z</time>
      </trkpt>
      <trkpt lat="59.946559" lon="10.722691">
        <ele>95.079208</ele>
        <time>2024-08-08T17:17:29.251Z</time>
      </trkpt>
      <trkpt lat="59.946677" lon="10.722821">
        <ele>95.016445</ele>
        <time>2024-08-08T17:17:32.532Z</time>
      </trkpt>
      <trkpt lat="59.947020" lon="10.723045">
        <ele>94.907447</ele>
        <time>2024-08-08T17:17:41.699Z</time>
      </trkpt>
      <trkpt lat="59.947092" lon="10.723138">
        <ele>94.956801</ele>
        <time>2024-08-08T17:17:43.884Z</time>
      </trkpt>
      <trkpt lat="59.947207" lon="10.723388">
        <ele>95.054645</ele>
        <time>2024-08-08T17:17:48.377Z</time>
      </trkpt>
      <trkpt lat="59.947565" lon="10.724318">
        <ele>95.392744</ele>
        <time>2024-08-08T17:18:03.109Z</time>
      </trkpt>
      <trkpt lat="59.947895" lon="10.725340">
        <ele>95.743240</ele>
        <time>2024-08-08T17:18:18.700Z</time>
      </trkpt>
      <trkpt lat="59.948478" lon="10.727600">
        <ele>96.549798</ele>
        <time>2024-08-08T17:18:51.514Z</time>
      </trkpt>
      <trkpt lat="59.948903" lon="10.729090">
        <ele>97.120679</ele>
        <time>2024-08-08T17:19:13.109Z</time>
      </trkpt>
      <trkpt lat="59.948923" lon="10.729166">
        <ele>97.160724</ele>
        <time>2024-08-08T17:19:14.191Z</time>
      </trkpt>
      <trkpt lat="59.948965" lon="10.729330">
        <ele>97.246641</ele>
        <time>2024-08-08T17:19:16.526Z</time>
      </trkpt>
      <trkpt lat="59.949219" lon="10.730347">
        <ele>97.776722</ele>
        <time>2024-08-08T17:19:30.754Z</time>
      </trkpt>
      <trkpt lat="59.949254" lon="10.730585">
        <ele>97.892419</ele>
        <time>2024-08-08T17:19:33.981Z</time>
      </trkpt>
      <trkpt lat="59.949493" lon="10.730412">
        <ele>98.129202</ele>
        <time>2024-08-08T17:19:40.775Z</time>
      </trkpt>
      <trkpt lat="59.949760" lon="10.730405">
        <ele>98.377913</ele>
        <time>2024-08-08T17:19:48.338Z</time>
      </trkpt>
      <trkpt lat="59.949920" lon="10.730280">
        <ele>98.537939</ele>
        <time>2024-08-08T17:19:53.578Z</time>
      </trkpt>
      <trkpt lat="59.950177" lon="10.729923">
        <ele>98.755549</ele>
        <time>2024-08-08T17:20:01.722Z</time>
      </trkpt>
      <trkpt lat="59.950372" lon="10.729667">
        <ele>98.755549</ele>
        <time>2024-08-08T17:20:08.393Z</time>
      </trkpt>
      <trkpt lat="59.950697" lon="10.729312">
        <ele>98.755549</ele>
        <time>2024-08-08T17:20:20.528Z</time>
      </trkpt>
      <trkpt lat="59.950724" lon="10.729398">
        <ele>98.755549</ele>
        <time>2024-08-08T17:20:24.069Z</time>
      </trkpt>
      <trkpt lat="59.950778" lon="10.729315">
        <ele>98.755549</ele>
        <time>2024-08-08T17:20:26.230Z</time>
      </trkpt>
      <trkpt lat="59.950823" lon="10.729432">
        <ele>98.755549</ele>
        <time>2024-08-08T17:20:28.579Z</time>
      </trkpt>
      <trkpt lat="59.950977" lon="10.729823">
        <ele>98.755549</ele>
        <time>2024-08-08T17:20:36.904Z</time>
      </trkpt>
      <trkpt lat="59.951026" lon="10.729961">
        <ele>98.755549</ele>
        <time>2024-08-08T17:20:39.565Z</time>
      </trkpt>
      <trkpt lat="59.951192" lon="10.730561">
        <ele>98.755549</ele>
        <time>2024-08-08T17:20:50.608Z</time>
      </trkpt>
      <trkpt lat="59.951633" lon="10.729980">
        <ele>98.755549</ele>
        <time>2024-08-08T17:21:07.455Z</time>
      </trkpt>
      <trkpt lat="59.951648" lon="10.729980">
        <ele>98.755549</ele>
        <time>2024-08-08T17:21:07.961Z</time>
      </trkpt>
    </trkseg>
  </trk>
</gpx>