<?xml version='1.0' encoding='UTF-8'?>
<gpx version="1.1" creator="https://www.komoot.de" xmlns="http://www.topografix.com/GPX/1/1" xmlns:xsi="http://www.w3.org/2001/XMLSchema-instance" xsi:schemaLocation="http://www.topografix.com/GPX/1/1 http://www.topografix.com/GPX/1/1/gpx.xsd">
  <metadata>
    <name>Rondane Loop (Incl Rondvassbu)</name>
    <author>
      <link href="https://www.komoot.de">
        <text>komoot</text>
        <type>text/html</type>
      </link>
    </author>
  </metadata>
  <trk>
    <name>Rondane Loop (Incl Rondvassbu)</name>
    <trkseg>
      <trkpt lat="61.772377" lon="9.542804">
        <ele>287.080202</ele>
        <time>2024-08-14T12:18:02.178Z</time>
      </trkpt>
      <trkpt lat="61.772406" lon="9.542672">
        <ele>287.080202</ele>
        <time>2024-08-14T12:18:03.400Z</time>
      </trkpt>
      <trkpt lat="61.772557" lon="9.542480">
        <ele>287.080202</ele>
        <time>2024-08-14T12:18:06.329Z</time>
      </trkpt>
      <trkpt lat="61.772627" lon="9.542356">
        <ele>287.080202</ele>
        <time>2024-08-14T12:18:07.886Z</time>
      </trkpt>
      <trkpt lat="61.773021" lon="9.541835">
        <ele>287.080202</ele>
        <time>2024-08-14T12:18:15.553Z</time>
      </trkpt>
      <trkpt lat="61.773198" lon="9.541596">
        <ele>287.097973</ele>
        <time>2024-08-14T12:18:18.776Z</time>
      </trkpt>
      <trkpt lat="61.773363" lon="9.541415">
        <ele>287.127528</ele>
        <time>2024-08-14T12:18:21.863Z</time>
      </trkpt>
      <trkpt lat="61.773954" lon="9.540836">
        <ele>287.231092</ele>
        <time>2024-08-14T12:18:31.998Z</time>
      </trkpt>
      <trkpt lat="61.774357" lon="9.540522">
        <ele>287.299379</ele>
        <time>2024-08-14T12:18:38.638Z</time>
      </trkpt>
      <trkpt lat="61.774760" lon="9.540420">
        <ele>287.363912</ele>
        <time>2024-08-14T12:18:44.896Z</time>
      </trkpt>
      <trkpt lat="61.775150" lon="9.540300">
        <ele>287.273111</ele>
        <time>2024-08-14T12:18:50.461Z</time>
      </trkpt>
      <trkpt lat="61.775312" lon="9.540181">
        <ele>287.231092</ele>
        <time>2024-08-14T12:18:52.769Z</time>
      </trkpt>
      <trkpt lat="61.775665" lon="9.539818">
        <ele>287.134916</ele>
        <time>2024-08-14T12:18:57.946Z</time>
      </trkpt>
      <trkpt lat="61.776072" lon="9.539182">
        <ele>287.010920</ele>
        <time>2024-08-14T12:19:04.902Z</time>
      </trkpt>
      <trkpt lat="61.776324" lon="9.538757">
        <ele>286.931943</ele>
        <time>2024-08-14T12:19:09.405Z</time>
      </trkpt>
      <trkpt lat="61.776626" lon="9.538598">
        <ele>286.984980</ele>
        <time>2024-08-14T12:19:13.934Z</time>
      </trkpt>
      <trkpt lat="61.776714" lon="9.538597">
        <ele>287.003358</ele>
        <time>2024-08-14T12:19:15.248Z</time>
      </trkpt>
      <trkpt lat="61.776922" lon="9.538709">
        <ele>287.048183</ele>
        <time>2024-08-14T12:19:18.514Z</time>
      </trkpt>
      <trkpt lat="61.777697" lon="9.539418">
        <ele>287.224531</ele>
        <time>2024-08-14T12:19:31.684Z</time>
      </trkpt>
      <trkpt lat="61.777712" lon="9.539270">
        <ele>287.239479</ele>
        <time>2024-08-14T12:19:33.139Z</time>
      </trkpt>
      <trkpt lat="61.777780" lon="9.539302">
        <ele>287.254027</ele>
        <time>2024-08-14T12:19:34.570Z</time>
      </trkpt>
      <trkpt lat="61.777805" lon="9.539269">
        <ele>287.260182</ele>
        <time>2024-08-14T12:19:35.204Z</time>
      </trkpt>
      <trkpt lat="61.777892" lon="9.538921">
        <ele>287.299057</ele>
        <time>2024-08-14T12:19:39.160Z</time>
      </trkpt>
      <trkpt lat="61.778313" lon="9.537182">
        <ele>288.593989</ele>
        <time>2024-08-14T12:20:01.989Z</time>
      </trkpt>
      <trkpt lat="61.778321" lon="9.537149">
        <ele>288.618795</ele>
        <time>2024-08-14T12:20:02.431Z</time>
      </trkpt>
      <trkpt lat="61.778084" lon="9.536865">
        <ele>289.004122</ele>
        <time>2024-08-14T12:20:10.014Z</time>
      </trkpt>
      <trkpt lat="61.777940" lon="9.536481">
        <ele>289.331947</ele>
        <time>2024-08-14T12:20:16.711Z</time>
      </trkpt>
      <trkpt lat="61.777858" lon="9.535966">
        <ele>289.695443</ele>
        <time>2024-08-14T12:20:23.682Z</time>
      </trkpt>
      <trkpt lat="61.777848" lon="9.535718">
        <ele>289.855317</ele>
        <time>2024-08-14T12:20:27.561Z</time>
      </trkpt>
      <trkpt lat="61.777045" lon="9.535389">
        <ele>290.550593</ele>
        <time>2024-08-14T12:20:49.460Z</time>
      </trkpt>
      <trkpt lat="61.776827" lon="9.535373">
        <ele>290.736013</ele>
        <time>2024-08-14T12:20:54.808Z</time>
      </trkpt>
      <trkpt lat="61.776337" lon="9.535432">
        <ele>291.153208</ele>
        <time>2024-08-14T12:21:05.365Z</time>
      </trkpt>
      <trkpt lat="61.776148" lon="9.535464">
        <ele>291.314380</ele>
        <time>2024-08-14T12:21:09.215Z</time>
      </trkpt>
      <trkpt lat="61.776136" lon="9.535612">
        <ele>291.373689</ele>
        <time>2024-08-14T12:21:10.375Z</time>
      </trkpt>
      <trkpt lat="61.776530" lon="9.535766">
        <ele>290.960241</ele>
        <time>2024-08-14T12:21:15.309Z</time>
      </trkpt>
      <trkpt lat="61.776907" lon="9.536021">
        <ele>290.551804</ele>
        <time>2024-08-14T12:21:19.946Z</time>
      </trkpt>
      <trkpt lat="61.777301" lon="9.536397">
        <ele>290.105759</ele>
        <time>2024-08-14T12:21:24.809Z</time>
      </trkpt>
      <trkpt lat="61.779812" lon="9.539131">
        <ele>287.995355</ele>
        <time>2024-08-14T12:21:59.898Z</time>
      </trkpt>
      <trkpt lat="61.780096" lon="9.539476">
        <ele>288.024782</ele>
        <time>2024-08-14T12:22:05.075Z</time>
      </trkpt>
      <trkpt lat="61.780542" lon="9.540052">
        <ele>288.071736</ele>
        <time>2024-08-14T12:22:13.842Z</time>
      </trkpt>
      <trkpt lat="61.780996" lon="9.540553">
        <ele>288.140829</ele>
        <time>2024-08-14T12:22:22.531Z</time>
      </trkpt>
      <trkpt lat="61.781251" lon="9.540788">
        <ele>288.488906</ele>
        <time>2024-08-14T12:22:27.377Z</time>
      </trkpt>
      <trkpt lat="61.781555" lon="9.540973">
        <ele>288.884756</ele>
        <time>2024-08-14T12:22:33.290Z</time>
      </trkpt>
      <trkpt lat="61.782670" lon="9.541369">
        <ele>290.299561</ele>
        <time>2024-08-14T12:22:57.273Z</time>
      </trkpt>
      <trkpt lat="61.782827" lon="9.541442">
        <ele>290.517371</ele>
        <time>2024-08-14T12:23:00.636Z</time>
      </trkpt>
      <trkpt lat="61.783160" lon="9.541660">
        <ele>291.007794</ele>
        <time>2024-08-14T12:23:07.401Z</time>
      </trkpt>
      <trkpt lat="61.783459" lon="9.541954">
        <ele>291.471690</ele>
        <time>2024-08-14T12:23:13.825Z</time>
      </trkpt>
      <trkpt lat="61.784149" lon="9.542940">
        <ele>292.643234</ele>
        <time>2024-08-14T12:23:30.369Z</time>
      </trkpt>
      <trkpt lat="61.784406" lon="9.543254">
        <ele>293.271287</ele>
        <time>2024-08-14T12:23:36.725Z</time>
      </trkpt>
      <trkpt lat="61.785464" lon="9.544270">
        <ele>297.009401</ele>
        <time>2024-08-14T12:24:04.935Z</time>
      </trkpt>
      <trkpt lat="61.786164" lon="9.545045">
        <ele>300.143004</ele>
        <time>2024-08-14T12:24:33.652Z</time>
      </trkpt>
      <trkpt lat="61.786411" lon="9.545231">
        <ele>301.561845</ele>
        <time>2024-08-14T12:24:43.906Z</time>
      </trkpt>
      <trkpt lat="61.786639" lon="9.545245">
        <ele>302.796207</ele>
        <time>2024-08-14T12:24:53.203Z</time>
      </trkpt>
      <trkpt lat="61.787289" lon="9.545100">
        <ele>306.333246</ele>
        <time>2024-08-14T12:25:18.472Z</time>
      </trkpt>
      <trkpt lat="61.788099" lon="9.545182">
        <ele>309.421669</ele>
        <time>2024-08-14T12:25:45.959Z</time>
      </trkpt>
      <trkpt lat="61.789549" lon="9.545204">
        <ele>312.661501</ele>
        <time>2024-08-14T12:26:16.607Z</time>
      </trkpt>
      <trkpt lat="61.789888" lon="9.545138">
        <ele>312.668753</ele>
        <time>2024-08-14T12:26:22.210Z</time>
      </trkpt>
      <trkpt lat="61.790698" lon="9.544854">
        <ele>312.686244</ele>
        <time>2024-08-14T12:26:35.018Z</time>
      </trkpt>
      <trkpt lat="61.791232" lon="9.544722">
        <ele>312.697697</ele>
        <time>2024-08-14T12:26:42.001Z</time>
      </trkpt>
      <trkpt lat="61.791766" lon="9.544645">
        <ele>311.298619</ele>
        <time>2024-08-14T12:26:48.155Z</time>
      </trkpt>
      <trkpt lat="61.792225" lon="9.544639">
        <ele>310.046216</ele>
        <time>2024-08-14T12:26:53.013Z</time>
      </trkpt>
      <trkpt lat="61.793543" lon="9.544607">
        <ele>306.252952</ele>
        <time>2024-08-14T12:27:05.941Z</time>
      </trkpt>
      <trkpt lat="61.793808" lon="9.544705">
        <ele>305.411160</ele>
        <time>2024-08-14T12:27:08.547Z</time>
      </trkpt>
      <trkpt lat="61.794224" lon="9.545015">
        <ele>304.031061</ele>
        <time>2024-08-14T12:27:12.880Z</time>
      </trkpt>
      <trkpt lat="61.794434" lon="9.545100">
        <ele>303.362027</ele>
        <time>2024-08-14T12:27:15.071Z</time>
      </trkpt>
      <trkpt lat="61.794682" lon="9.545123">
        <ele>302.585258</ele>
        <time>2024-08-14T12:27:17.718Z</time>
      </trkpt>
      <trkpt lat="61.795416" lon="9.544965">
        <ele>303.302570</ele>
        <time>2024-08-14T12:27:27.435Z</time>
      </trkpt>
      <trkpt lat="61.795779" lon="9.544835">
        <ele>303.999114</ele>
        <time>2024-08-14T12:27:35.255Z</time>
      </trkpt>
      <trkpt lat="61.796108" lon="9.544642">
        <ele>304.645044</ele>
        <time>2024-08-14T12:27:44.235Z</time>
      </trkpt>
      <trkpt lat="61.796368" lon="9.544400">
        <ele>305.182439</ele>
        <time>2024-08-14T12:27:53.023Z</time>
      </trkpt>
      <trkpt lat="61.796968" lon="9.543683">
        <ele>308.327463</ele>
        <time>2024-08-14T12:28:18.160Z</time>
      </trkpt>
      <trkpt lat="61.797157" lon="9.543508">
        <ele>309.498289</ele>
        <time>2024-08-14T12:28:26.891Z</time>
      </trkpt>
      <trkpt lat="61.798360" lon="9.542700">
        <ele>316.242669</ele>
        <time>2024-08-14T12:29:17.263Z</time>
      </trkpt>
      <trkpt lat="61.798901" lon="9.542414">
        <ele>317.915721</ele>
        <time>2024-08-14T12:29:33.300Z</time>
      </trkpt>
      <trkpt lat="61.799822" lon="9.542180">
        <ele>320.698849</ele>
        <time>2024-08-14T12:29:55.660Z</time>
      </trkpt>
      <trkpt lat="61.800250" lon="9.541945">
        <ele>321.020758</ele>
        <time>2024-08-14T12:30:05.136Z</time>
      </trkpt>
      <trkpt lat="61.801906" lon="9.540337">
        <ele>318.512603</ele>
        <time>2024-08-14T12:30:27.684Z</time>
      </trkpt>
      <trkpt lat="61.802469" lon="9.539955">
        <ele>315.220324</ele>
        <time>2024-08-14T12:30:33.198Z</time>
      </trkpt>
      <trkpt lat="61.802882" lon="9.539794">
        <ele>312.881823</ele>
        <time>2024-08-14T12:30:36.947Z</time>
      </trkpt>
      <trkpt lat="61.803301" lon="9.539810">
        <ele>310.548221</ele>
        <time>2024-08-14T12:30:40.644Z</time>
      </trkpt>
      <trkpt lat="61.803553" lon="9.539920">
        <ele>309.207225</ele>
        <time>2024-08-14T12:30:42.901Z</time>
      </trkpt>
      <trkpt lat="61.804280" lon="9.540411">
        <ele>305.312456</ele>
        <time>2024-08-14T12:30:49.702Z</time>
      </trkpt>
      <trkpt lat="61.804455" lon="9.540420">
        <ele>304.419035</ele>
        <time>2024-08-14T12:30:51.355Z</time>
      </trkpt>
      <trkpt lat="61.804786" lon="9.540289">
        <ele>302.700411</ele>
        <time>2024-08-14T12:30:54.705Z</time>
      </trkpt>
      <trkpt lat="61.806076" lon="9.539471">
        <ele>301.834818</ele>
        <time>2024-08-14T12:31:14.033Z</time>
      </trkpt>
      <trkpt lat="61.808739" lon="9.537368">
        <ele>306.743453</ele>
        <time>2024-08-14T12:32:22.896Z</time>
      </trkpt>
      <trkpt lat="61.809571" lon="9.536669">
        <ele>307.359706</ele>
        <time>2024-08-14T12:32:41.074Z</time>
      </trkpt>
      <trkpt lat="61.810566" lon="9.535722">
        <ele>306.613390</ele>
        <time>2024-08-14T12:32:54.715Z</time>
      </trkpt>
      <trkpt lat="61.811396" lon="9.534848">
        <ele>304.186711</ele>
        <time>2024-08-14T12:33:04.099Z</time>
      </trkpt>
      <trkpt lat="61.812035" lon="9.534102">
        <ele>302.313814</ele>
        <time>2024-08-14T12:33:11.315Z</time>
      </trkpt>
      <trkpt lat="61.812736" lon="9.533122">
        <ele>300.215612</ele>
        <time>2024-08-14T12:33:19.973Z</time>
      </trkpt>
      <trkpt lat="61.813316" lon="9.532034">
        <ele>298.572203</ele>
        <time>2024-08-14T12:33:28.799Z</time>
      </trkpt>
      <trkpt lat="61.813678" lon="9.531273">
        <ele>298.468384</ele>
        <time>2024-08-14T12:33:35.450Z</time>
      </trkpt>
      <trkpt lat="61.816237" lon="9.525193">
        <ele>299.070555</ele>
        <time>2024-08-14T12:34:36.823Z</time>
      </trkpt>
      <trkpt lat="61.817105" lon="9.523181">
        <ele>299.515362</ele>
        <time>2024-08-14T12:34:58.303Z</time>
      </trkpt>
      <trkpt lat="61.817459" lon="9.522340">
        <ele>299.673472</ele>
        <time>2024-08-14T12:35:06.893Z</time>
      </trkpt>
      <trkpt lat="61.818088" lon="9.520673">
        <ele>299.953575</ele>
        <time>2024-08-14T12:35:22.693Z</time>
      </trkpt>
      <trkpt lat="61.819513" lon="9.517251">
        <ele>299.835368</ele>
        <time>2024-08-14T12:35:56.015Z</time>
      </trkpt>
      <trkpt lat="61.821440" lon="9.512637">
        <ele>297.636883</ele>
        <time>2024-08-14T12:36:31.303Z</time>
      </trkpt>
      <trkpt lat="61.821474" lon="9.512554">
        <ele>297.595912</ele>
        <time>2024-08-14T12:36:31.933Z</time>
      </trkpt>
      <trkpt lat="61.822977" lon="9.509107">
        <ele>298.762309</ele>
        <time>2024-08-14T12:37:08.623Z</time>
      </trkpt>
      <trkpt lat="61.823440" lon="9.507830">
        <ele>300.471202</ele>
        <time>2024-08-14T12:37:26.273Z</time>
      </trkpt>
      <trkpt lat="61.823900" lon="9.506316">
        <ele>302.534329</ele>
        <time>2024-08-14T12:37:48.800Z</time>
      </trkpt>
      <trkpt lat="61.824270" lon="9.504626">
        <ele>306.603693</ele>
        <time>2024-08-14T12:38:16.244Z</time>
      </trkpt>
      <trkpt lat="61.825461" lon="9.497003">
        <ele>325.369487</ele>
        <time>2024-08-14T12:40:36.775Z</time>
      </trkpt>
      <trkpt lat="61.826031" lon="9.493705">
        <ele>330.340786</ele>
        <time>2024-08-14T12:41:14.701Z</time>
      </trkpt>
      <trkpt lat="61.826747" lon="9.489107">
        <ele>335.913875</ele>
        <time>2024-08-14T12:42:10.236Z</time>
      </trkpt>
      <trkpt lat="61.827251" lon="9.485597">
        <ele>340.680982</ele>
        <time>2024-08-14T12:42:58.874Z</time>
      </trkpt>
      <trkpt lat="61.827455" lon="9.484502">
        <ele>341.831196</ele>
        <time>2024-08-14T12:43:11.936Z</time>
      </trkpt>
      <trkpt lat="61.828027" lon="9.481862">
        <ele>342.515684</ele>
        <time>2024-08-14T12:43:32.856Z</time>
      </trkpt>
      <trkpt lat="61.828198" lon="9.480691">
        <ele>342.337498</ele>
        <time>2024-08-14T12:43:41.844Z</time>
      </trkpt>
      <trkpt lat="61.828360" lon="9.479441">
        <ele>341.767651</ele>
        <time>2024-08-14T12:43:49.374Z</time>
      </trkpt>
      <trkpt lat="61.828647" lon="9.477858">
        <ele>341.022198</ele>
        <time>2024-08-14T12:43:58.218Z</time>
      </trkpt>
      <trkpt lat="61.829087" lon="9.475908">
        <ele>340.136493</ele>
        <time>2024-08-14T12:44:12.224Z</time>
      </trkpt>
      <trkpt lat="61.829338" lon="9.474221">
        <ele>339.414905</ele>
        <time>2024-08-14T12:44:22.112Z</time>
      </trkpt>
      <trkpt lat="61.829533" lon="9.473506">
        <ele>338.182340</ele>
        <time>2024-08-14T12:44:27.037Z</time>
      </trkpt>
      <trkpt lat="61.829681" lon="9.472760">
        <ele>336.968086</ele>
        <time>2024-08-14T12:44:32.472Z</time>
      </trkpt>
      <trkpt lat="61.829951" lon="9.470893">
        <ele>334.038036</ele>
        <time>2024-08-14T12:44:41.495Z</time>
      </trkpt>
      <trkpt lat="61.830059" lon="9.470403">
        <ele>332.242421</ele>
        <time>2024-08-14T12:44:43.775Z</time>
      </trkpt>
      <trkpt lat="61.830258" lon="9.469810">
        <ele>328.859021</ele>
        <time>2024-08-14T12:44:46.813Z</time>
      </trkpt>
      <trkpt lat="61.830717" lon="9.468670">
        <ele>321.891393</ele>
        <time>2024-08-14T12:44:52.875Z</time>
      </trkpt>
      <trkpt lat="61.830878" lon="9.468317">
        <ele>319.608869</ele>
        <time>2024-08-14T12:44:54.834Z</time>
      </trkpt>
      <trkpt lat="61.831048" lon="9.468087">
        <ele>317.621845</ele>
        <time>2024-08-14T12:44:56.529Z</time>
      </trkpt>
      <trkpt lat="61.831100" lon="9.468041">
        <ele>317.066741</ele>
        <time>2024-08-14T12:44:57.019Z</time>
      </trkpt>
      <trkpt lat="61.831473" lon="9.467730">
        <ele>313.426673</ele>
        <time>2024-08-14T12:45:00.397Z</time>
      </trkpt>
      <trkpt lat="61.831645" lon="9.467577">
        <ele>311.787356</ele>
        <time>2024-08-14T12:45:01.960Z</time>
      </trkpt>
      <trkpt lat="61.832372" lon="9.466946">
        <ele>304.883337</ele>
        <time>2024-08-14T12:45:08.726Z</time>
      </trkpt>
      <trkpt lat="61.832447" lon="9.466880">
        <ele>304.169665</ele>
        <time>2024-08-14T12:45:09.475Z</time>
      </trkpt>
      <trkpt lat="61.834423" lon="9.465130">
        <ele>294.383143</ele>
        <time>2024-08-14T12:45:30.647Z</time>
      </trkpt>
      <trkpt lat="61.834700" lon="9.464791">
        <ele>293.866944</ele>
        <time>2024-08-14T12:45:34.545Z</time>
      </trkpt>
      <trkpt lat="61.834969" lon="9.464299">
        <ele>293.640914</ele>
        <time>2024-08-14T12:45:39.017Z</time>
      </trkpt>
      <trkpt lat="61.835192" lon="9.463676">
        <ele>293.406185</ele>
        <time>2024-08-14T12:45:43.824Z</time>
      </trkpt>
      <trkpt lat="61.835346" lon="9.462914">
        <ele>293.157337</ele>
        <time>2024-08-14T12:45:49.157Z</time>
      </trkpt>
      <trkpt lat="61.836582" lon="9.452295">
        <ele>294.231338</ele>
        <time>2024-08-14T12:47:11.461Z</time>
      </trkpt>
      <trkpt lat="61.836715" lon="9.451597">
        <ele>294.370490</ele>
        <time>2024-08-14T12:47:17.554Z</time>
      </trkpt>
      <trkpt lat="61.837669" lon="9.447291">
        <ele>295.523575</ele>
        <time>2024-08-14T12:47:56.043Z</time>
      </trkpt>
      <trkpt lat="61.837710" lon="9.446851">
        <ele>295.568515</ele>
        <time>2024-08-14T12:47:59.456Z</time>
      </trkpt>
      <trkpt lat="61.837736" lon="9.446044">
        <ele>295.649567</ele>
        <time>2024-08-14T12:48:05.502Z</time>
      </trkpt>
      <trkpt lat="61.837825" lon="9.440545">
        <ele>296.089896</ele>
        <time>2024-08-14T12:48:44.960Z</time>
      </trkpt>
      <trkpt lat="61.837811" lon="9.439686">
        <ele>296.164099</ele>
        <time>2024-08-14T12:48:51.460Z</time>
      </trkpt>
      <trkpt lat="61.837716" lon="9.438345">
        <ele>296.380312</ele>
        <time>2024-08-14T12:49:01.911Z</time>
      </trkpt>
      <trkpt lat="61.837698" lon="9.437780">
        <ele>296.470604</ele>
        <time>2024-08-14T12:49:06.307Z</time>
      </trkpt>
      <trkpt lat="61.837720" lon="9.437208">
        <ele>296.562110</ele>
        <time>2024-08-14T12:49:10.771Z</time>
      </trkpt>
      <trkpt lat="61.837826" lon="9.435881">
        <ele>296.757081</ele>
        <time>2024-08-14T12:49:21.154Z</time>
      </trkpt>
      <trkpt lat="61.838121" lon="9.432393">
        <ele>297.014187</ele>
        <time>2024-08-14T12:49:46.863Z</time>
      </trkpt>
      <trkpt lat="61.838197" lon="9.431155">
        <ele>297.247778</ele>
        <time>2024-08-14T12:49:55.200Z</time>
      </trkpt>
      <trkpt lat="61.838154" lon="9.430490">
        <ele>297.376014</ele>
        <time>2024-08-14T12:49:59.846Z</time>
      </trkpt>
      <trkpt lat="61.838071" lon="9.429881">
        <ele>297.497118</ele>
        <time>2024-08-14T12:50:04.428Z</time>
      </trkpt>
      <trkpt lat="61.837680" lon="9.428036">
        <ele>298.708489</ele>
        <time>2024-08-14T12:50:22.420Z</time>
      </trkpt>
      <trkpt lat="61.837646" lon="9.427876">
        <ele>298.942100</ele>
        <time>2024-08-14T12:50:24.445Z</time>
      </trkpt>
      <trkpt lat="61.837443" lon="9.426920">
        <ele>300.337760</ele>
        <time>2024-08-14T12:50:37.146Z</time>
      </trkpt>
      <trkpt lat="61.837359" lon="9.426521">
        <ele>300.919425</ele>
        <time>2024-08-14T12:50:43.301Z</time>
      </trkpt>
      <trkpt lat="61.837068" lon="9.425156">
        <ele>302.924370</ele>
        <time>2024-08-14T12:51:04.538Z</time>
      </trkpt>
      <trkpt lat="61.837022" lon="9.424847">
        <ele>303.405171</ele>
        <time>2024-08-14T12:51:09.122Z</time>
      </trkpt>
      <trkpt lat="61.837003" lon="9.424438">
        <ele>304.015030</ele>
        <time>2024-08-14T12:51:15.167Z</time>
      </trkpt>
      <trkpt lat="61.837015" lon="9.424130">
        <ele>304.473634</ele>
        <time>2024-08-14T12:51:19.367Z</time>
      </trkpt>
      <trkpt lat="61.837082" lon="9.423677">
        <ele>305.178085</ele>
        <time>2024-08-14T12:51:26.190Z</time>
      </trkpt>
      <trkpt lat="61.837561" lon="9.421952">
        <ele>308.147990</ele>
        <time>2024-08-14T12:51:52.195Z</time>
      </trkpt>
      <trkpt lat="61.837998" lon="9.419831">
        <ele>308.874324</ele>
        <time>2024-08-14T12:52:13.616Z</time>
      </trkpt>
      <trkpt lat="61.838124" lon="9.419378">
        <ele>308.974826</ele>
        <time>2024-08-14T12:52:17.795Z</time>
      </trkpt>
      <trkpt lat="61.839971" lon="9.413601">
        <ele>304.623520</ele>
        <time>2024-08-14T12:52:55.673Z</time>
      </trkpt>
      <trkpt lat="61.840158" lon="9.413158">
        <ele>304.032780</ele>
        <time>2024-08-14T12:52:58.554Z</time>
      </trkpt>
      <trkpt lat="61.840342" lon="9.412907">
        <ele>303.571908</ele>
        <time>2024-08-14T12:53:00.823Z</time>
      </trkpt>
      <trkpt lat="61.840474" lon="9.412802">
        <ele>303.274965</ele>
        <time>2024-08-14T12:53:02.307Z</time>
      </trkpt>
      <trkpt lat="61.840686" lon="9.412721">
        <ele>302.821282</ele>
        <time>2024-08-14T12:53:04.548Z</time>
      </trkpt>
      <trkpt lat="61.841192" lon="9.412668">
        <ele>301.799037</ele>
        <time>2024-08-14T12:53:09.895Z</time>
      </trkpt>
      <trkpt lat="61.841542" lon="9.412647">
        <ele>301.093169</ele>
        <time>2024-08-14T12:53:13.585Z</time>
      </trkpt>
      <trkpt lat="61.841949" lon="9.412622">
        <ele>300.272330</ele>
        <time>2024-08-14T12:53:18.019Z</time>
      </trkpt>
      <trkpt lat="61.842529" lon="9.412627">
        <ele>299.161096</ele>
        <time>2024-08-14T12:53:24.843Z</time>
      </trkpt>
      <trkpt lat="61.842868" lon="9.412723">
        <ele>299.038157</ele>
        <time>2024-08-14T12:53:29.103Z</time>
      </trkpt>
      <trkpt lat="61.843204" lon="9.412931">
        <ele>298.912331</ele>
        <time>2024-08-14T12:53:33.821Z</time>
      </trkpt>
      <trkpt lat="61.843675" lon="9.413340">
        <ele>298.729364</ele>
        <time>2024-08-14T12:53:41.043Z</time>
      </trkpt>
      <trkpt lat="61.843808" lon="9.413456">
        <ele>298.677665</ele>
        <time>2024-08-14T12:53:43.131Z</time>
      </trkpt>
      <trkpt lat="61.844305" lon="9.413892">
        <ele>298.525951</ele>
        <time>2024-08-14T12:53:51.297Z</time>
      </trkpt>
      <trkpt lat="61.844387" lon="9.413963">
        <ele>298.525059</ele>
        <time>2024-08-14T12:53:52.733Z</time>
      </trkpt>
      <trkpt lat="61.844899" lon="9.414412">
        <ele>298.519474</ele>
        <time>2024-08-14T12:54:01.625Z</time>
      </trkpt>
      <trkpt lat="61.845049" lon="9.414543">
        <ele>298.517839</ele>
        <time>2024-08-14T12:54:03.998Z</time>
      </trkpt>
      <trkpt lat="61.845222" lon="9.414695">
        <ele>298.515951</ele>
        <time>2024-08-14T12:54:06.682Z</time>
      </trkpt>
      <trkpt lat="61.845279" lon="9.414748">
        <ele>298.515324</ele>
        <time>2024-08-14T12:54:07.511Z</time>
      </trkpt>
      <trkpt lat="61.845337" lon="9.414801">
        <ele>298.514687</ele>
        <time>2024-08-14T12:54:08.388Z</time>
      </trkpt>
      <trkpt lat="61.845629" lon="9.415155">
        <ele>298.511296</ele>
        <time>2024-08-14T12:54:13.067Z</time>
      </trkpt>
      <trkpt lat="61.845915" lon="9.415672">
        <ele>298.513963</ele>
        <time>2024-08-14T12:54:18.586Z</time>
      </trkpt>
      <trkpt lat="61.846580" lon="9.417127">
        <ele>298.545341</ele>
        <time>2024-08-14T12:54:32.146Z</time>
      </trkpt>
      <trkpt lat="61.846937" lon="9.417835">
        <ele>298.561392</ele>
        <time>2024-08-14T12:54:39.307Z</time>
      </trkpt>
      <trkpt lat="61.847252" lon="9.418423">
        <ele>298.840318</ele>
        <time>2024-08-14T12:54:45.980Z</time>
      </trkpt>
      <trkpt lat="61.848201" lon="9.420372">
        <ele>300.503754</ele>
        <time>2024-08-14T12:55:14.190Z</time>
      </trkpt>
      <trkpt lat="61.848516" lon="9.421017">
        <ele>301.021702</ele>
        <time>2024-08-14T12:55:22.902Z</time>
      </trkpt>
      <trkpt lat="61.848821" lon="9.421645">
        <ele>301.476779</ele>
        <time>2024-08-14T12:55:30.861Z</time>
      </trkpt>
      <trkpt lat="61.848842" lon="9.421692">
        <ele>301.509463</ele>
        <time>2024-08-14T12:55:31.394Z</time>
      </trkpt>
      <trkpt lat="61.848907" lon="9.421871">
        <ele>301.623515</ele>
        <time>2024-08-14T12:55:33.313Z</time>
      </trkpt>
      <trkpt lat="61.849030" lon="9.422339">
        <ele>301.894010</ele>
        <time>2024-08-14T12:55:37.940Z</time>
      </trkpt>
      <trkpt lat="61.849109" lon="9.422799">
        <ele>302.141183</ele>
        <time>2024-08-14T12:55:42.104Z</time>
      </trkpt>
      <trkpt lat="61.849257" lon="9.423903">
        <ele>302.720679</ele>
        <time>2024-08-14T12:55:53.065Z</time>
      </trkpt>
      <trkpt lat="61.849272" lon="9.424003">
        <ele>302.783365</ele>
        <time>2024-08-14T12:55:53.967Z</time>
      </trkpt>
      <trkpt lat="61.849383" lon="9.424818">
        <ele>303.463186</ele>
        <time>2024-08-14T12:56:01.333Z</time>
      </trkpt>
      <trkpt lat="61.849505" lon="9.425689">
        <ele>304.191326</ele>
        <time>2024-08-14T12:56:09.131Z</time>
      </trkpt>
      <trkpt lat="61.849556" lon="9.426007">
        <ele>304.460496</ele>
        <time>2024-08-14T12:56:12.742Z</time>
      </trkpt>
      <trkpt lat="61.849667" lon="9.425934">
        <ele>304.657914</ele>
        <time>2024-08-14T12:56:15.961Z</time>
      </trkpt>
      <trkpt lat="61.849953" lon="9.425615">
        <ele>305.206887</ele>
        <time>2024-08-14T12:56:24.858Z</time>
      </trkpt>
      <trkpt lat="61.850340" lon="9.425132">
        <ele>306.143295</ele>
        <time>2024-08-14T12:56:38.399Z</time>
      </trkpt>
      <trkpt lat="61.850673" lon="9.424640">
        <ele>307.593247</ele>
        <time>2024-08-14T12:56:51.964Z</time>
      </trkpt>
      <trkpt lat="61.850921" lon="9.424223">
        <ele>308.723998</ele>
        <time>2024-08-14T12:57:03.765Z</time>
      </trkpt>
      <trkpt lat="61.851204" lon="9.423622">
        <ele>310.154965</ele>
        <time>2024-08-14T12:57:17.839Z</time>
      </trkpt>
      <trkpt lat="61.852086" lon="9.421510">
        <ele>315.050213</ele>
        <time>2024-08-14T12:58:05.413Z</time>
      </trkpt>
      <trkpt lat="61.852514" lon="9.420508">
        <ele>317.449159</ele>
        <time>2024-08-14T12:58:28.021Z</time>
      </trkpt>
      <trkpt lat="61.852801" lon="9.419892">
        <ele>318.985690</ele>
        <time>2024-08-14T12:58:42.205Z</time>
      </trkpt>
      <trkpt lat="61.853449" lon="9.418912">
        <ele>321.783285</ele>
        <time>2024-08-14T12:59:09.467Z</time>
      </trkpt>
      <trkpt lat="61.853629" lon="9.418565">
        <ele>322.637999</ele>
        <time>2024-08-14T12:59:17.599Z</time>
      </trkpt>
      <trkpt lat="61.854713" lon="9.416837">
        <ele>326.747976</ele>
        <time>2024-08-14T13:00:04.311Z</time>
      </trkpt>
      <trkpt lat="61.855418" lon="9.415790">
        <ele>328.820166</ele>
        <time>2024-08-14T13:00:28.993Z</time>
      </trkpt>
      <trkpt lat="61.855688" lon="9.415356">
        <ele>329.635858</ele>
        <time>2024-08-14T13:00:38.036Z</time>
      </trkpt>
      <trkpt lat="61.855906" lon="9.415004">
        <ele>329.831801</ele>
        <time>2024-08-14T13:00:45.353Z</time>
      </trkpt>
      <trkpt lat="61.856277" lon="9.414330">
        <ele>330.159679</ele>
        <time>2024-08-14T13:00:55.688Z</time>
      </trkpt>
      <trkpt lat="61.856488" lon="9.413863">
        <ele>330.364377</ele>
        <time>2024-08-14T13:01:01.265Z</time>
      </trkpt>
      <trkpt lat="61.856903" lon="9.412789">
        <ele>330.803845</ele>
        <time>2024-08-14T13:01:14.856Z</time>
      </trkpt>
      <trkpt lat="61.857169" lon="9.412073">
        <ele>332.220824</ele>
        <time>2024-08-14T13:01:26.059Z</time>
      </trkpt>
      <trkpt lat="61.857442" lon="9.411381">
        <ele>333.890924</ele>
        <time>2024-08-14T13:01:40.910Z</time>
      </trkpt>
      <trkpt lat="61.858143" lon="9.409816">
        <ele>337.886357</ele>
        <time>2024-08-14T13:02:23.276Z</time>
      </trkpt>
      <trkpt lat="61.858468" lon="9.409149">
        <ele>339.987155</ele>
        <time>2024-08-14T13:02:41.537Z</time>
      </trkpt>
      <trkpt lat="61.858804" lon="9.408564">
        <ele>342.012314</ele>
        <time>2024-08-14T13:03:00.000Z</time>
      </trkpt>
      <trkpt lat="61.858815" lon="9.408663">
        <ele>342.235764</ele>
        <time>2024-08-14T13:03:02.026Z</time>
      </trkpt>
      <trkpt lat="61.858924" lon="9.408791">
        <ele>342.816159</ele>
        <time>2024-08-14T13:03:07.646Z</time>
      </trkpt>
      <trkpt lat="61.858983" lon="9.408575">
        <ele>343.364529</ele>
        <time>2024-08-14T13:03:11.267Z</time>
      </trkpt>
      <trkpt lat="61.859446" lon="9.407044">
        <ele>346.841776</ele>
        <time>2024-08-14T13:03:36.689Z</time>
      </trkpt>
      <trkpt lat="61.859732" lon="9.406233">
        <ele>347.981691</ele>
        <time>2024-08-14T13:03:49.191Z</time>
      </trkpt>
      <trkpt lat="61.860119" lon="9.405268">
        <ele>349.407584</ele>
        <time>2024-08-14T13:04:01.468Z</time>
      </trkpt>
      <trkpt lat="61.860560" lon="9.404305">
        <ele>350.943830</ele>
        <time>2024-08-14T13:04:16.066Z</time>
      </trkpt>
      <trkpt lat="61.861153" lon="9.403140">
        <ele>353.021939</ele>
        <time>2024-08-14T13:04:35.670Z</time>
      </trkpt>
      <trkpt lat="61.862072" lon="9.401560">
        <ele>356.326985</ele>
        <time>2024-08-14T13:05:06.604Z</time>
      </trkpt>
      <trkpt lat="61.862845" lon="9.400491">
        <ele>359.435633</ele>
        <time>2024-08-14T13:05:33.502Z</time>
      </trkpt>
      <trkpt lat="61.863137" lon="9.400172">
        <ele>360.542089</ele>
        <time>2024-08-14T13:05:43.167Z</time>
      </trkpt>
      <trkpt lat="61.863466" lon="9.399884">
        <ele>361.650588</ele>
        <time>2024-08-14T13:05:53.450Z</time>
      </trkpt>
      <trkpt lat="61.863718" lon="9.399724">
        <ele>362.365648</ele>
        <time>2024-08-14T13:06:00.731Z</time>
      </trkpt>
      <trkpt lat="61.864083" lon="9.399589">
        <ele>363.372809</ele>
        <time>2024-08-14T13:06:10.616Z</time>
      </trkpt>
      <trkpt lat="61.864134" lon="9.399368">
        <ele>363.688202</ele>
        <time>2024-08-14T13:06:14.265Z</time>
      </trkpt>
      <trkpt lat="61.864226" lon="9.399259">
        <ele>363.974671</ele>
        <time>2024-08-14T13:06:17.569Z</time>
      </trkpt>
      <trkpt lat="61.865047" lon="9.398580">
        <ele>366.354876</ele>
        <time>2024-08-14T13:06:43.472Z</time>
      </trkpt>
      <trkpt lat="61.865340" lon="9.398417">
        <ele>367.118072</ele>
        <time>2024-08-14T13:06:51.899Z</time>
      </trkpt>
      <trkpt lat="61.865572" lon="9.398416">
        <ele>367.702601</ele>
        <time>2024-08-14T13:06:58.372Z</time>
      </trkpt>
      <trkpt lat="61.865648" lon="9.398463">
        <ele>367.902060</ele>
        <time>2024-08-14T13:07:00.595Z</time>
      </trkpt>
      <trkpt lat="61.865837" lon="9.398666">
        <ele>368.435840</ele>
        <time>2024-08-14T13:07:06.544Z</time>
      </trkpt>
      <trkpt lat="61.865942" lon="9.398850">
        <ele>368.779020</ele>
        <time>2024-08-14T13:07:10.709Z</time>
      </trkpt>
      <trkpt lat="61.866054" lon="9.399211">
        <ele>369.292410</ele>
        <time>2024-08-14T13:07:16.733Z</time>
      </trkpt>
      <trkpt lat="61.866305" lon="9.400609">
        <ele>371.283664</ele>
        <time>2024-08-14T13:07:39.930Z</time>
      </trkpt>
      <trkpt lat="61.866332" lon="9.400843">
        <ele>371.732722</ele>
        <time>2024-08-14T13:07:44.077Z</time>
      </trkpt>
      <trkpt lat="61.866302" lon="9.401138">
        <ele>372.295261</ele>
        <time>2024-08-14T13:07:49.050Z</time>
      </trkpt>
      <trkpt lat="61.866622" lon="9.401941">
        <ele>374.255051</ele>
        <time>2024-08-14T13:08:04.261Z</time>
      </trkpt>
      <trkpt lat="61.866884" lon="9.402928">
        <ele>376.366352</ele>
        <time>2024-08-14T13:08:21.779Z</time>
      </trkpt>
      <trkpt lat="61.867536" lon="9.407023">
        <ele>384.192902</ele>
        <time>2024-08-14T13:09:24.481Z</time>
      </trkpt>
      <trkpt lat="61.867789" lon="9.408268">
        <ele>386.673390</ele>
        <time>2024-08-14T13:09:40.824Z</time>
      </trkpt>
      <trkpt lat="61.868245" lon="9.410198">
        <ele>390.639007</ele>
        <time>2024-08-14T13:10:12.242Z</time>
      </trkpt>
      <trkpt lat="61.868540" lon="9.411430">
        <ele>392.837325</ele>
        <time>2024-08-14T13:10:35.141Z</time>
      </trkpt>
      <trkpt lat="61.868988" lon="9.413158">
        <ele>395.640210</ele>
        <time>2024-08-14T13:11:03.255Z</time>
      </trkpt>
      <trkpt lat="61.869240" lon="9.413900">
        <ele>396.939946</ele>
        <time>2024-08-14T13:11:12.183Z</time>
      </trkpt>
      <trkpt lat="61.869590" lon="9.414775">
        <ele>395.654657</ele>
        <time>2024-08-14T13:11:18.913Z</time>
      </trkpt>
      <trkpt lat="61.869917" lon="9.415443">
        <ele>394.315596</ele>
        <time>2024-08-14T13:11:23.525Z</time>
      </trkpt>
      <trkpt lat="61.870350" lon="9.416185">
        <ele>392.673757</ele>
        <time>2024-08-14T13:11:28.780Z</time>
      </trkpt>
      <trkpt lat="61.870760" lon="9.416756">
        <ele>391.381079</ele>
        <time>2024-08-14T13:11:33.390Z</time>
      </trkpt>
      <trkpt lat="61.871200" lon="9.417276">
        <ele>390.300509</ele>
        <time>2024-08-14T13:11:38.287Z</time>
      </trkpt>
      <trkpt lat="61.873544" lon="9.419888">
        <ele>387.210864</ele>
        <time>2024-08-14T13:12:12.754Z</time>
      </trkpt>
      <trkpt lat="61.873863" lon="9.420176">
        <ele>387.032736</ele>
        <time>2024-08-14T13:12:18.304Z</time>
      </trkpt>
      <trkpt lat="61.874169" lon="9.420391">
        <ele>386.826218</ele>
        <time>2024-08-14T13:12:23.132Z</time>
      </trkpt>
      <trkpt lat="61.874761" lon="9.420630">
        <ele>386.440137</ele>
        <time>2024-08-14T13:12:31.007Z</time>
      </trkpt>
      <trkpt lat="61.875398" lon="9.420708">
        <ele>386.031354</ele>
        <time>2024-08-14T13:12:38.890Z</time>
      </trkpt>
      <trkpt lat="61.875862" lon="9.420621">
        <ele>385.819732</ele>
        <time>2024-08-14T13:12:44.324Z</time>
      </trkpt>
      <trkpt lat="61.876332" lon="9.420347">
        <ele>385.638642</ele>
        <time>2024-08-14T13:12:50.180Z</time>
      </trkpt>
      <trkpt lat="61.876781" lon="9.419905">
        <ele>385.454743</ele>
        <time>2024-08-14T13:12:57.220Z</time>
      </trkpt>
      <trkpt lat="61.877032" lon="9.419559">
        <ele>385.343533</ele>
        <time>2024-08-14T13:13:01.692Z</time>
      </trkpt>
      <trkpt lat="61.877288" lon="9.419118">
        <ele>385.506730</ele>
        <time>2024-08-14T13:13:07.440Z</time>
      </trkpt>
      <trkpt lat="61.877551" lon="9.418545">
        <ele>386.162186</ele>
        <time>2024-08-14T13:13:15.131Z</time>
      </trkpt>
      <trkpt lat="61.877734" lon="9.418059">
        <ele>386.671967</ele>
        <time>2024-08-14T13:13:21.902Z</time>
      </trkpt>
      <trkpt lat="61.877911" lon="9.417485">
        <ele>387.234101</ele>
        <time>2024-08-14T13:13:29.542Z</time>
      </trkpt>
      <trkpt lat="61.878277" lon="9.415940">
        <ele>388.552491</ele>
        <time>2024-08-14T13:13:49.756Z</time>
      </trkpt>
      <trkpt lat="61.878808" lon="9.413531">
        <ele>389.880367</ele>
        <time>2024-08-14T13:14:12.867Z</time>
      </trkpt>
      <trkpt lat="61.879204" lon="9.411932">
        <ele>391.313315</ele>
        <time>2024-08-14T13:14:26.716Z</time>
      </trkpt>
      <trkpt lat="61.879418" lon="9.411161">
        <ele>392.256105</ele>
        <time>2024-08-14T13:14:36.629Z</time>
      </trkpt>
      <trkpt lat="61.879836" lon="9.409887">
        <ele>393.891711</ele>
        <time>2024-08-14T13:14:55.572Z</time>
      </trkpt>
      <trkpt lat="61.879872" lon="9.409802">
        <ele>394.012120</ele>
        <time>2024-08-14T13:14:56.413Z</time>
      </trkpt>
      <trkpt lat="61.880307" lon="9.408862">
        <ele>396.047426</ele>
        <time>2024-08-14T13:15:17.002Z</time>
      </trkpt>
      <trkpt lat="61.881522" lon="9.406711">
        <ele>400.796298</ele>
        <time>2024-08-14T13:16:04.708Z</time>
      </trkpt>
      <trkpt lat="61.882538" lon="9.404752">
        <ele>400.951176</ele>
        <time>2024-08-14T13:16:22.270Z</time>
      </trkpt>
      <trkpt lat="61.882981" lon="9.404160">
        <ele>400.688588</ele>
        <time>2024-08-14T13:16:28.239Z</time>
      </trkpt>
      <trkpt lat="61.883412" lon="9.403795">
        <ele>400.329103</ele>
        <time>2024-08-14T13:16:33.847Z</time>
      </trkpt>
      <trkpt lat="61.883826" lon="9.403603">
        <ele>400.000826</ele>
        <time>2024-08-14T13:16:39.248Z</time>
      </trkpt>
      <trkpt lat="61.884223" lon="9.403531">
        <ele>399.692166</ele>
        <time>2024-08-14T13:16:44.325Z</time>
      </trkpt>
      <trkpt lat="61.884982" lon="9.403517">
        <ele>400.116216</ele>
        <time>2024-08-14T13:16:55.923Z</time>
      </trkpt>
      <trkpt lat="61.885494" lon="9.403615">
        <ele>400.572138</ele>
        <time>2024-08-14T13:17:05.736Z</time>
      </trkpt>
      <trkpt lat="61.885745" lon="9.403719">
        <ele>400.798946</ele>
        <time>2024-08-14T13:17:10.633Z</time>
      </trkpt>
      <trkpt lat="61.886029" lon="9.403908">
        <ele>401.062912</ele>
        <time>2024-08-14T13:17:16.684Z</time>
      </trkpt>
      <trkpt lat="61.887101" lon="9.404998">
        <ele>404.522077</ele>
        <time>2024-08-14T13:17:45.543Z</time>
      </trkpt>
      <trkpt lat="61.887683" lon="9.405443">
        <ele>406.465556</ele>
        <time>2024-08-14T13:18:05.627Z</time>
      </trkpt>
      <trkpt lat="61.887988" lon="9.405591">
        <ele>407.671350</ele>
        <time>2024-08-14T13:18:16.273Z</time>
      </trkpt>
      <trkpt lat="61.888364" lon="9.405701">
        <ele>409.287879</ele>
        <time>2024-08-14T13:18:29.030Z</time>
      </trkpt>
      <trkpt lat="61.888712" lon="9.405732">
        <ele>410.771318</ele>
        <time>2024-08-14T13:18:40.484Z</time>
      </trkpt>
      <trkpt lat="61.889159" lon="9.405679">
        <ele>412.678061</ele>
        <time>2024-08-14T13:18:54.600Z</time>
      </trkpt>
      <trkpt lat="61.889627" lon="9.405518">
        <ele>414.629112</ele>
        <time>2024-08-14T13:19:08.914Z</time>
      </trkpt>
      <trkpt lat="61.890050" lon="9.405284">
        <ele>415.900488</ele>
        <time>2024-08-14T13:19:21.378Z</time>
      </trkpt>
      <trkpt lat="61.890504" lon="9.404943">
        <ele>417.301169</ele>
        <time>2024-08-14T13:19:34.255Z</time>
      </trkpt>
      <trkpt lat="61.891037" lon="9.404441">
        <ele>418.997145</ele>
        <time>2024-08-14T13:19:48.421Z</time>
      </trkpt>
      <trkpt lat="61.891591" lon="9.403808">
        <ele>420.707056</ele>
        <time>2024-08-14T13:20:03.880Z</time>
      </trkpt>
      <trkpt lat="61.892110" lon="9.403117">
        <ele>422.296895</ele>
        <time>2024-08-14T13:20:19.757Z</time>
      </trkpt>
      <trkpt lat="61.892532" lon="9.402480">
        <ele>423.640665</ele>
        <time>2024-08-14T13:20:33.147Z</time>
      </trkpt>
      <trkpt lat="61.893079" lon="9.401530">
        <ele>425.211477</ele>
        <time>2024-08-14T13:20:50.658Z</time>
      </trkpt>
      <trkpt lat="61.893837" lon="9.399980">
        <ele>427.285346</ele>
        <time>2024-08-14T13:21:14.891Z</time>
      </trkpt>
      <trkpt lat="61.894227" lon="9.399058">
        <ele>428.079122</ele>
        <time>2024-08-14T13:21:26.457Z</time>
      </trkpt>
      <trkpt lat="61.894763" lon="9.397681">
        <ele>428.579541</ele>
        <time>2024-08-14T13:21:40.753Z</time>
      </trkpt>
      <trkpt lat="61.895496" lon="9.395553">
        <ele>430.002345</ele>
        <time>2024-08-14T13:21:59.939Z</time>
      </trkpt>
      <trkpt lat="61.896494" lon="9.392260">
        <ele>435.066761</ele>
        <time>2024-08-14T13:22:46.295Z</time>
      </trkpt>
      <trkpt lat="61.896193" lon="9.391904">
        <ele>436.667246</ele>
        <time>2024-08-14T13:23:00.029Z</time>
      </trkpt>
      <trkpt lat="61.896070" lon="9.391907">
        <ele>437.238614</ele>
        <time>2024-08-14T13:23:05.067Z</time>
      </trkpt>
      <trkpt lat="61.895974" lon="9.392133">
        <ele>437.904485</ele>
        <time>2024-08-14T13:23:10.669Z</time>
      </trkpt>
      <trkpt lat="61.895893" lon="9.392601">
        <ele>438.995455</ele>
        <time>2024-08-14T13:23:22.106Z</time>
      </trkpt>
      <trkpt lat="61.895816" lon="9.392856">
        <ele>439.658218</ele>
        <time>2024-08-14T13:23:27.685Z</time>
      </trkpt>
      <trkpt lat="61.895747" lon="9.392828">
        <ele>439.984524</ele>
        <time>2024-08-14T13:23:31.466Z</time>
      </trkpt>
      <trkpt lat="61.895712" lon="9.392705">
        <ele>440.298954</ele>
        <time>2024-08-14T13:23:34.966Z</time>
      </trkpt>
      <trkpt lat="61.895767" lon="9.392250">
        <ele>441.511748</ele>
        <time>2024-08-14T13:23:44.276Z</time>
      </trkpt>
      <trkpt lat="61.896011" lon="9.390803">
        <ele>445.839435</ele>
        <time>2024-08-14T13:24:17.292Z</time>
      </trkpt>
      <trkpt lat="61.895862" lon="9.390665">
        <ele>446.811156</ele>
        <time>2024-08-14T13:24:25.454Z</time>
      </trkpt>
      <trkpt lat="61.895789" lon="9.390723">
        <ele>447.277073</ele>
        <time>2024-08-14T13:24:28.490Z</time>
      </trkpt>
      <trkpt lat="61.895133" lon="9.392618">
        <ele>453.895087</ele>
        <time>2024-08-14T13:25:15.291Z</time>
      </trkpt>
      <trkpt lat="61.894924" lon="9.392966">
        <ele>455.480344</ele>
        <time>2024-08-14T13:25:26.723Z</time>
      </trkpt>
      <trkpt lat="61.894556" lon="9.393279">
        <ele>457.846315</ele>
        <time>2024-08-14T13:25:42.560Z</time>
      </trkpt>
      <trkpt lat="61.894547" lon="9.393127">
        <ele>458.277026</ele>
        <time>2024-08-14T13:25:45.856Z</time>
      </trkpt>
      <trkpt lat="61.894600" lon="9.392963">
        <ele>458.836177</ele>
        <time>2024-08-14T13:25:49.972Z</time>
      </trkpt>
      <trkpt lat="61.894788" lon="9.392730">
        <ele>460.135401</ele>
        <time>2024-08-14T13:25:59.472Z</time>
      </trkpt>
      <trkpt lat="61.894848" lon="9.392589">
        <ele>460.669601</ele>
        <time>2024-08-14T13:26:03.886Z</time>
      </trkpt>
      <trkpt lat="61.894940" lon="9.391972">
        <ele>462.592037</ele>
        <time>2024-08-14T13:26:18.657Z</time>
      </trkpt>
      <trkpt lat="61.895033" lon="9.390685">
        <ele>467.425479</ele>
        <time>2024-08-14T13:26:50.287Z</time>
      </trkpt>
      <trkpt lat="61.895101" lon="9.388187">
        <ele>476.703905</ele>
        <time>2024-08-14T13:27:51.853Z</time>
      </trkpt>
      <trkpt lat="61.895221" lon="9.386741">
        <ele>482.007858</ele>
        <time>2024-08-14T13:28:31.190Z</time>
      </trkpt>
      <trkpt lat="61.895305" lon="9.384725">
        <ele>489.318850</ele>
        <time>2024-08-14T13:29:19.514Z</time>
      </trkpt>
      <trkpt lat="61.895521" lon="9.383543">
        <ele>491.744739</ele>
        <time>2024-08-14T13:29:43.842Z</time>
      </trkpt>
      <trkpt lat="61.895593" lon="9.383284">
        <ele>492.209634</ele>
        <time>2024-08-14T13:29:49.166Z</time>
      </trkpt>
      <trkpt lat="61.895975" lon="9.382561">
        <ele>493.889078</ele>
        <time>2024-08-14T13:30:06.294Z</time>
      </trkpt>
      <trkpt lat="61.896170" lon="9.382110">
        <ele>494.835399</ele>
        <time>2024-08-14T13:30:14.407Z</time>
      </trkpt>
      <trkpt lat="61.896316" lon="9.381743">
        <ele>495.577958</ele>
        <time>2024-08-14T13:30:20.035Z</time>
      </trkpt>
      <trkpt lat="61.896448" lon="9.381309">
        <ele>496.204146</ele>
        <time>2024-08-14T13:30:25.207Z</time>
      </trkpt>
      <trkpt lat="61.896628" lon="9.380550">
        <ele>496.853211</ele>
        <time>2024-08-14T13:30:32.916Z</time>
      </trkpt>
      <trkpt lat="61.897044" lon="9.378542">
        <ele>498.528730</ele>
        <time>2024-08-14T13:30:59.062Z</time>
      </trkpt>
      <trkpt lat="61.897118" lon="9.378094">
        <ele>498.891344</ele>
        <time>2024-08-14T13:31:06.584Z</time>
      </trkpt>
      <trkpt lat="61.897305" lon="9.376520">
        <ele>502.835807</ele>
        <time>2024-08-14T13:31:35.836Z</time>
      </trkpt>
      <trkpt lat="61.897394" lon="9.376021">
        <ele>504.178246</ele>
        <time>2024-08-14T13:31:46.689Z</time>
      </trkpt>
      <trkpt lat="61.897624" lon="9.375161">
        <ele>506.666364</ele>
        <time>2024-08-14T13:32:08.348Z</time>
      </trkpt>
      <trkpt lat="61.898018" lon="9.373475">
        <ele>510.987770</ele>
        <time>2024-08-14T13:32:50.165Z</time>
      </trkpt>
      <trkpt lat="61.898322" lon="9.372470">
        <ele>513.555310</ele>
        <time>2024-08-14T13:33:12.737Z</time>
      </trkpt>
      <trkpt lat="61.898671" lon="9.371515">
        <ele>516.153638</ele>
        <time>2024-08-14T13:33:31.544Z</time>
      </trkpt>
      <trkpt lat="61.898906" lon="9.370733">
        <ele>517.848385</ele>
        <time>2024-08-14T13:33:43.795Z</time>
      </trkpt>
      <trkpt lat="61.899064" lon="9.370316">
        <ele>518.749367</ele>
        <time>2024-08-14T13:33:49.876Z</time>
      </trkpt>
      <trkpt lat="61.899455" lon="9.369431">
        <ele>520.792134</ele>
        <time>2024-08-14T13:34:04.148Z</time>
      </trkpt>
      <trkpt lat="61.899839" lon="9.368813">
        <ele>522.514393</ele>
        <time>2024-08-14T13:34:24.413Z</time>
      </trkpt>
      <trkpt lat="61.900226" lon="9.367964">
        <ele>524.849174</ele>
        <time>2024-08-14T13:34:55.165Z</time>
      </trkpt>
      <trkpt lat="61.900320" lon="9.367723">
        <ele>525.515281</ele>
        <time>2024-08-14T13:35:01.357Z</time>
      </trkpt>
      <trkpt lat="61.900387" lon="9.367455">
        <ele>526.161176</ele>
        <time>2024-08-14T13:35:08.532Z</time>
      </trkpt>
      <trkpt lat="61.900514" lon="9.366590">
        <ele>528.089947</ele>
        <time>2024-08-14T13:35:25.824Z</time>
      </trkpt>
      <trkpt lat="61.900575" lon="9.366365">
        <ele>528.642597</ele>
        <time>2024-08-14T13:35:28.875Z</time>
      </trkpt>
      <trkpt lat="61.900866" lon="9.365789">
        <ele>530.440719</ele>
        <time>2024-08-14T13:35:40.756Z</time>
      </trkpt>
      <trkpt lat="61.901029" lon="9.365528">
        <ele>531.302737</ele>
        <time>2024-08-14T13:35:48.205Z</time>
      </trkpt>
      <trkpt lat="61.901854" lon="9.364467">
        <ele>528.712751</ele>
        <time>2024-08-14T13:36:07.229Z</time>
      </trkpt>
      <trkpt lat="61.902304" lon="9.363810">
        <ele>527.246308</ele>
        <time>2024-08-14T13:36:14.319Z</time>
      </trkpt>
      <trkpt lat="61.902813" lon="9.362756">
        <ele>524.954235</ele>
        <time>2024-08-14T13:36:23.390Z</time>
      </trkpt>
      <trkpt lat="61.902955" lon="9.362535">
        <ele>524.325204</ele>
        <time>2024-08-14T13:36:25.784Z</time>
      </trkpt>
      <trkpt lat="61.903141" lon="9.362316">
        <ele>523.565330</ele>
        <time>2024-08-14T13:36:28.929Z</time>
      </trkpt>
      <trkpt lat="61.903972" lon="9.360990">
        <ele>520.012116</ele>
        <time>2024-08-14T13:36:45.268Z</time>
      </trkpt>
      <trkpt lat="61.906459" lon="9.357330">
        <ele>517.132197</ele>
        <time>2024-08-14T13:37:39.229Z</time>
      </trkpt>
      <trkpt lat="61.906795" lon="9.356780">
        <ele>516.721537</ele>
        <time>2024-08-14T13:37:46.650Z</time>
      </trkpt>
      <trkpt lat="61.907479" lon="9.355464">
        <ele>514.408695</ele>
        <time>2024-08-14T13:38:01.327Z</time>
      </trkpt>
      <trkpt lat="61.907788" lon="9.355130">
        <ele>513.484978</ele>
        <time>2024-08-14T13:38:06.471Z</time>
      </trkpt>
      <trkpt lat="61.909285" lon="9.353737">
        <ele>507.691568</ele>
        <time>2024-08-14T13:38:29.567Z</time>
      </trkpt>
      <trkpt lat="61.910478" lon="9.352138">
        <ele>501.626785</ele>
        <time>2024-08-14T13:38:49.005Z</time>
      </trkpt>
      <trkpt lat="61.910641" lon="9.352020">
        <ele>500.839026</ele>
        <time>2024-08-14T13:38:51.376Z</time>
      </trkpt>
      <trkpt lat="61.910793" lon="9.351837">
        <ele>500.039763</ele>
        <time>2024-08-14T13:38:53.796Z</time>
      </trkpt>
      <trkpt lat="61.911317" lon="9.351044">
        <ele>497.096489</ele>
        <time>2024-08-14T13:39:02.731Z</time>
      </trkpt>
      <trkpt lat="61.912064" lon="9.350392">
        <ele>492.238950</ele>
        <time>2024-08-14T13:39:13.531Z</time>
      </trkpt>
      <trkpt lat="61.912219" lon="9.350205">
        <ele>491.094773</ele>
        <time>2024-08-14T13:39:15.843Z</time>
      </trkpt>
      <trkpt lat="61.912295" lon="9.350074">
        <ele>490.466534</ele>
        <time>2024-08-14T13:39:17.086Z</time>
      </trkpt>
      <trkpt lat="61.912386" lon="9.349819">
        <ele>489.499579</ele>
        <time>2024-08-14T13:39:19.026Z</time>
      </trkpt>
      <trkpt lat="61.912479" lon="9.349443">
        <ele>488.216055</ele>
        <time>2024-08-14T13:39:21.587Z</time>
      </trkpt>
      <trkpt lat="61.912517" lon="9.349556">
        <ele>487.796410</ele>
        <time>2024-08-14T13:39:27.653Z</time>
      </trkpt>
      <trkpt lat="61.912684" lon="9.349790">
        <ele>486.512267</ele>
        <time>2024-08-14T13:39:46.270Z</time>
      </trkpt>
      <trkpt lat="61.913099" lon="9.350200">
        <ele>483.271703</ele>
        <time>2024-08-14T13:40:28.394Z</time>
      </trkpt>
      <trkpt lat="61.913338" lon="9.350662">
        <ele>480.659765</ele>
        <time>2024-08-14T13:40:57.873Z</time>
      </trkpt>
      <trkpt lat="61.913730" lon="9.351594">
        <ele>475.904146</ele>
        <time>2024-08-14T13:41:51.165Z</time>
      </trkpt>
      <trkpt lat="61.913791" lon="9.351830">
        <ele>474.879675</ele>
        <time>2024-08-14T13:42:02.587Z</time>
      </trkpt>
      <trkpt lat="61.913818" lon="9.352289">
        <ele>473.119499</ele>
        <time>2024-08-14T13:42:22.163Z</time>
      </trkpt>
      <trkpt lat="61.914233" lon="9.352449">
        <ele>469.750172</ele>
        <time>2024-08-14T13:43:00.441Z</time>
      </trkpt>
      <trkpt lat="61.914559" lon="9.352853">
        <ele>466.944474</ele>
        <time>2024-08-14T13:43:35.177Z</time>
      </trkpt>
      <trkpt lat="61.915021" lon="9.353560">
        <ele>462.711621</ele>
        <time>2024-08-14T13:44:27.339Z</time>
      </trkpt>
      <trkpt lat="61.915177" lon="9.353943">
        <ele>460.939222</ele>
        <time>2024-08-14T13:44:49.133Z</time>
      </trkpt>
      <trkpt lat="61.915315" lon="9.354212">
        <ele>459.546881</ele>
        <time>2024-08-14T13:45:06.356Z</time>
      </trkpt>
      <trkpt lat="61.915538" lon="9.354543">
        <ele>457.524538</ele>
        <time>2024-08-14T13:45:31.641Z</time>
      </trkpt>
      <trkpt lat="61.915522" lon="9.354704">
        <ele>456.948686</ele>
        <time>2024-08-14T13:45:32.661Z</time>
      </trkpt>
      <trkpt lat="61.915551" lon="9.355126">
        <ele>455.939476</ele>
        <time>2024-08-14T13:45:35.282Z</time>
      </trkpt>
      <trkpt lat="61.915675" lon="9.355651">
        <ele>454.604675</ele>
        <time>2024-08-14T13:45:38.908Z</time>
      </trkpt>
      <trkpt lat="61.915698" lon="9.355735">
        <ele>454.383846</ele>
        <time>2024-08-14T13:45:39.533Z</time>
      </trkpt>
      <trkpt lat="61.915760" lon="9.355962">
        <ele>453.787457</ele>
        <time>2024-08-14T13:45:41.165Z</time>
      </trkpt>
      <trkpt lat="61.915830" lon="9.356069">
        <ele>453.371159</ele>
        <time>2024-08-14T13:45:42.329Z</time>
      </trkpt>
      <trkpt lat="61.915923" lon="9.356064">
        <ele>452.922086</ele>
        <time>2024-08-14T13:45:43.550Z</time>
      </trkpt>
      <trkpt lat="61.916039" lon="9.355972">
        <ele>452.324375</ele>
        <time>2024-08-14T13:45:45.234Z</time>
      </trkpt>
      <trkpt lat="61.917340" lon="9.354053">
        <ele>445.851254</ele>
        <time>2024-08-14T13:46:07.915Z</time>
      </trkpt>
      <trkpt lat="61.917685" lon="9.353353">
        <ele>444.325748</ele>
        <time>2024-08-14T13:46:15.014Z</time>
      </trkpt>
      <trkpt lat="61.917966" lon="9.352495">
        <ele>442.752458</ele>
        <time>2024-08-14T13:46:22.323Z</time>
      </trkpt>
      <trkpt lat="61.917966" lon="9.352495">
        <ele>442.752458</ele>
        <time>2024-08-14T13:46:22.326Z</time>
      </trkpt>
      <trkpt lat="61.918078" lon="9.352369">
        <ele>442.335238</ele>
        <time>2024-08-14T13:46:24.177Z</time>
      </trkpt>
      <trkpt lat="61.918147" lon="9.352353">
        <ele>442.063694</ele>
        <time>2024-08-14T13:46:25.190Z</time>
      </trkpt>
      <trkpt lat="61.918292" lon="9.353701">
        <ele>439.517244</ele>
        <time>2024-08-14T13:46:31.676Z</time>
      </trkpt>
      <trkpt lat="61.918281" lon="9.354162">
        <ele>438.667184</ele>
        <time>2024-08-14T13:46:33.742Z</time>
      </trkpt>
      <trkpt lat="61.918314" lon="9.354236">
        <ele>438.479464</ele>
        <time>2024-08-14T13:46:34.188Z</time>
      </trkpt>
      <trkpt lat="61.918335" lon="9.354491">
        <ele>438.002728</ele>
        <time>2024-08-14T13:46:35.336Z</time>
      </trkpt>
      <trkpt lat="61.918127" lon="9.355986">
        <ele>435.284563</ele>
        <time>2024-08-14T13:46:42.352Z</time>
      </trkpt>
      <trkpt lat="61.918139" lon="9.356223">
        <ele>435.134172</ele>
        <time>2024-08-14T13:46:43.496Z</time>
      </trkpt>
      <trkpt lat="61.918184" lon="9.356328">
        <ele>435.044583</ele>
        <time>2024-08-14T13:46:44.142Z</time>
      </trkpt>
      <trkpt lat="61.918531" lon="9.357016">
        <ele>434.408408</ele>
        <time>2024-08-14T13:46:49.291Z</time>
      </trkpt>
      <trkpt lat="61.918717" lon="9.357388">
        <ele>434.066018</ele>
        <time>2024-08-14T13:46:52.344Z</time>
      </trkpt>
      <trkpt lat="61.919297" lon="9.358541">
        <ele>433.001377</ele>
        <time>2024-08-14T13:47:02.960Z</time>
      </trkpt>
      <trkpt lat="61.919512" lon="9.358844">
        <ele>433.562163</ele>
        <time>2024-08-14T13:47:07.963Z</time>
      </trkpt>
      <trkpt lat="61.919642" lon="9.358295">
        <ele>434.354451</ele>
        <time>2024-08-14T13:47:15.140Z</time>
      </trkpt>
      <trkpt lat="61.919849" lon="9.357099">
        <ele>435.997265</ele>
        <time>2024-08-14T13:47:31.599Z</time>
      </trkpt>
      <trkpt lat="61.919986" lon="9.356548">
        <ele>436.800624</ele>
        <time>2024-08-14T13:47:40.035Z</time>
      </trkpt>
      <trkpt lat="61.920167" lon="9.355966">
        <ele>437.699909</ele>
        <time>2024-08-14T13:47:49.887Z</time>
      </trkpt>
      <trkpt lat="61.920315" lon="9.355523">
        <ele>438.884820</ele>
        <time>2024-08-14T13:47:57.453Z</time>
      </trkpt>
      <trkpt lat="61.920564" lon="9.354966">
        <ele>440.796973</ele>
        <time>2024-08-14T13:48:08.602Z</time>
      </trkpt>
      <trkpt lat="61.921393" lon="9.353532">
        <ele>446.450383</ele>
        <time>2024-08-14T13:48:48.189Z</time>
      </trkpt>
      <trkpt lat="61.921696" lon="9.353086">
        <ele>448.941022</ele>
        <time>2024-08-14T13:49:03.606Z</time>
      </trkpt>
      <trkpt lat="61.921941" lon="9.352915">
        <ele>451.036965</ele>
        <time>2024-08-14T13:49:15.153Z</time>
      </trkpt>
      <trkpt lat="61.922755" lon="9.352669">
        <ele>457.719376</ele>
        <time>2024-08-14T13:49:54.596Z</time>
      </trkpt>
      <trkpt lat="61.923073" lon="9.352455">
        <ele>460.430477</ele>
        <time>2024-08-14T13:50:11.814Z</time>
      </trkpt>
      <trkpt lat="61.923422" lon="9.352011">
        <ele>463.936314</ele>
        <time>2024-08-14T13:50:33.264Z</time>
      </trkpt>
      <trkpt lat="61.924526" lon="9.350278">
        <ele>476.382775</ele>
        <time>2024-08-14T13:51:43.531Z</time>
      </trkpt>
      <trkpt lat="61.925895" lon="9.348040">
        <ele>491.449860</ele>
        <time>2024-08-14T13:53:09.912Z</time>
      </trkpt>
      <trkpt lat="61.926226" lon="9.347425">
        <ele>495.209270</ele>
        <time>2024-08-14T13:53:30.987Z</time>
      </trkpt>
      <trkpt lat="61.927107" lon="9.345607">
        <ele>505.428356</ele>
        <time>2024-08-14T13:54:29.246Z</time>
      </trkpt>
      <trkpt lat="61.927321" lon="9.345273">
        <ele>507.637834</ele>
        <time>2024-08-14T13:54:42.325Z</time>
      </trkpt>
      <trkpt lat="61.927525" lon="9.345119">
        <ele>509.349809</ele>
        <time>2024-08-14T13:54:52.967Z</time>
      </trkpt>
      <trkpt lat="61.927690" lon="9.345051">
        <ele>510.520984</ele>
        <time>2024-08-14T13:55:01.509Z</time>
      </trkpt>
      <trkpt lat="61.928045" lon="9.345062">
        <ele>512.994957</ele>
        <time>2024-08-14T13:55:19.005Z</time>
      </trkpt>
      <trkpt lat="61.928170" lon="9.345114">
        <ele>513.882514</ele>
        <time>2024-08-14T13:55:25.149Z</time>
      </trkpt>
      <trkpt lat="61.928445" lon="9.345349">
        <ele>515.947900</ele>
        <time>2024-08-14T13:55:38.846Z</time>
      </trkpt>
      <trkpt lat="61.928611" lon="9.345529">
        <ele>517.246504</ele>
        <time>2024-08-14T13:55:46.768Z</time>
      </trkpt>
      <trkpt lat="61.928774" lon="9.345788">
        <ele>518.664718</ele>
        <time>2024-08-14T13:55:54.858Z</time>
      </trkpt>
      <trkpt lat="61.929086" lon="9.346598">
        <ele>521.453710</ele>
        <time>2024-08-14T13:56:12.201Z</time>
      </trkpt>
      <trkpt lat="61.929275" lon="9.346853">
        <ele>521.526646</ele>
        <time>2024-08-14T13:56:18.639Z</time>
      </trkpt>
      <trkpt lat="61.929419" lon="9.346883">
        <ele>521.573784</ele>
        <time>2024-08-14T13:56:22.494Z</time>
      </trkpt>
      <trkpt lat="61.929501" lon="9.346835">
        <ele>521.601494</ele>
        <time>2024-08-14T13:56:24.486Z</time>
      </trkpt>
      <trkpt lat="61.929573" lon="9.346744">
        <ele>521.628786</ele>
        <time>2024-08-14T13:56:26.404Z</time>
      </trkpt>
      <trkpt lat="61.929652" lon="9.346487">
        <ele>521.675846</ele>
        <time>2024-08-14T13:56:29.423Z</time>
      </trkpt>
      <trkpt lat="61.929668" lon="9.346221">
        <ele>521.716956</ele>
        <time>2024-08-14T13:56:31.601Z</time>
      </trkpt>
      <trkpt lat="61.929649" lon="9.346047">
        <ele>521.744339</ele>
        <time>2024-08-14T13:56:32.946Z</time>
      </trkpt>
      <trkpt lat="61.929466" lon="9.345277">
        <ele>521.876584</ele>
        <time>2024-08-14T13:56:37.879Z</time>
      </trkpt>
      <trkpt lat="61.929190" lon="9.343905">
        <ele>520.676223</ele>
        <time>2024-08-14T13:56:44.813Z</time>
      </trkpt>
      <trkpt lat="61.928948" lon="9.342674">
        <ele>517.873517</ele>
        <time>2024-08-14T13:56:50.669Z</time>
      </trkpt>
      <trkpt lat="61.928848" lon="9.341796">
        <ele>515.975735</ele>
        <time>2024-08-14T13:56:54.678Z</time>
      </trkpt>
      <trkpt lat="61.928816" lon="9.340976">
        <ele>514.247142</ele>
        <time>2024-08-14T13:56:58.401Z</time>
      </trkpt>
      <trkpt lat="61.928863" lon="9.340285">
        <ele>513.309796</ele>
        <time>2024-08-14T13:57:01.613Z</time>
      </trkpt>
      <trkpt lat="61.929003" lon="9.339378">
        <ele>512.190795</ele>
        <time>2024-08-14T13:57:06.048Z</time>
      </trkpt>
      <trkpt lat="61.929145" lon="9.338774">
        <ele>511.399288</ele>
        <time>2024-08-14T13:57:09.249Z</time>
      </trkpt>
      <trkpt lat="61.929234" lon="9.338513">
        <ele>511.021435</ele>
        <time>2024-08-14T13:57:10.932Z</time>
      </trkpt>
      <trkpt lat="61.929648" lon="9.337432">
        <ele>509.532135</ele>
        <time>2024-08-14T13:57:19.034Z</time>
      </trkpt>
      <trkpt lat="61.930087" lon="9.336473">
        <ele>510.028659</ele>
        <time>2024-08-14T13:57:29.754Z</time>
      </trkpt>
      <trkpt lat="61.930548" lon="9.335646">
        <ele>510.504453</ele>
        <time>2024-08-14T13:57:41.908Z</time>
      </trkpt>
      <trkpt lat="61.930833" lon="9.335046">
        <ele>510.820839</ele>
        <time>2024-08-14T13:57:49.831Z</time>
      </trkpt>
      <trkpt lat="61.931325" lon="9.333565">
        <ele>511.237007</ele>
        <time>2024-08-14T13:58:06.661Z</time>
      </trkpt>
      <trkpt lat="61.932593" lon="9.329668">
        <ele>511.852812</ele>
        <time>2024-08-14T13:58:38.843Z</time>
      </trkpt>
      <trkpt lat="61.932805" lon="9.329127">
        <ele>511.895089</ele>
        <time>2024-08-14T13:58:44.431Z</time>
      </trkpt>
      <trkpt lat="61.933238" lon="9.328347">
        <ele>512.091556</ele>
        <time>2024-08-14T13:58:53.991Z</time>
      </trkpt>
      <trkpt lat="61.933579" lon="9.327776">
        <ele>512.351361</ele>
        <time>2024-08-14T13:59:01.754Z</time>
      </trkpt>
      <trkpt lat="61.933840" lon="9.327256">
        <ele>512.565458</ele>
        <time>2024-08-14T13:59:08.484Z</time>
      </trkpt>
      <trkpt lat="61.934272" lon="9.326146">
        <ele>512.971078</ele>
        <time>2024-08-14T13:59:20.321Z</time>
      </trkpt>
      <trkpt lat="61.934963" lon="9.324287">
        <ele>513.493674</ele>
        <time>2024-08-14T13:59:36.260Z</time>
      </trkpt>
      <trkpt lat="61.935315" lon="9.323391">
        <ele>513.746702</ele>
        <time>2024-08-14T13:59:46.598Z</time>
      </trkpt>
      <trkpt lat="61.935595" lon="9.322789">
        <ele>513.906638</ele>
        <time>2024-08-14T13:59:54.748Z</time>
      </trkpt>
      <trkpt lat="61.936353" lon="9.321559">
        <ele>514.232451</ele>
        <time>2024-08-14T14:00:12.315Z</time>
      </trkpt>
      <trkpt lat="61.936786" lon="9.320774">
        <ele>514.426886</ele>
        <time>2024-08-14T14:00:21.500Z</time>
      </trkpt>
      <trkpt lat="61.937521" lon="9.319121">
        <ele>510.313643</ele>
        <time>2024-08-14T14:00:32.858Z</time>
      </trkpt>
      <trkpt lat="61.939476" lon="9.313383">
        <ele>489.538525</ele>
        <time>2024-08-14T14:01:02.866Z</time>
      </trkpt>
      <trkpt lat="61.939526" lon="9.313244">
        <ele>488.966337</ele>
        <time>2024-08-14T14:01:03.610Z</time>
      </trkpt>
      <trkpt lat="61.939993" lon="9.311959">
        <ele>483.656507</ele>
        <time>2024-08-14T14:01:10.464Z</time>
      </trkpt>
      <trkpt lat="61.940426" lon="9.311015">
        <ele>479.494215</ele>
        <time>2024-08-14T14:01:16.035Z</time>
      </trkpt>
      <trkpt lat="61.943290" lon="9.306526">
        <ele>458.177941</ele>
        <time>2024-08-14T14:01:48.383Z</time>
      </trkpt>
      <trkpt lat="61.943737" lon="9.305915">
        <ele>456.945205</ele>
        <time>2024-08-14T14:01:53.952Z</time>
      </trkpt>
      <trkpt lat="61.944868" lon="9.304742">
        <ele>455.154598</ele>
        <time>2024-08-14T14:02:11.209Z</time>
      </trkpt>
      <trkpt lat="61.945253" lon="9.304255">
        <ele>455.570897</ele>
        <time>2024-08-14T14:02:19.634Z</time>
      </trkpt>
      <trkpt lat="61.949405" lon="9.298285">
        <ele>461.118963</ele>
        <time>2024-08-14T14:03:55.908Z</time>
      </trkpt>
      <trkpt lat="61.949875" lon="9.297607">
        <ele>462.365636</ele>
        <time>2024-08-14T14:04:09.328Z</time>
      </trkpt>
      <trkpt lat="61.950296" lon="9.296969">
        <ele>463.500416</ele>
        <time>2024-08-14T14:04:22.865Z</time>
      </trkpt>
      <trkpt lat="61.950764" lon="9.296118">
        <ele>465.145131</ele>
        <time>2024-08-14T14:04:38.764Z</time>
      </trkpt>
      <trkpt lat="61.952342" lon="9.292995">
        <ele>473.520479</ele>
        <time>2024-08-14T14:05:38.552Z</time>
      </trkpt>
      <trkpt lat="61.952869" lon="9.291823">
        <ele>477.759368</ele>
        <time>2024-08-14T14:06:07.784Z</time>
      </trkpt>
      <trkpt lat="61.953287" lon="9.290705">
        <ele>482.908664</ele>
        <time>2024-08-14T14:06:39.576Z</time>
      </trkpt>
      <trkpt lat="61.954719" lon="9.286763">
        <ele>505.615602</ele>
        <time>2024-08-14T14:08:56.522Z</time>
      </trkpt>
      <trkpt lat="61.954901" lon="9.286337">
        <ele>508.005645</ele>
        <time>2024-08-14T14:09:10.031Z</time>
      </trkpt>
      <trkpt lat="61.955271" lon="9.285592">
        <ele>512.505245</ele>
        <time>2024-08-14T14:09:33.737Z</time>
      </trkpt>
      <trkpt lat="61.956486" lon="9.283337">
        <ele>519.630821</ele>
        <time>2024-08-14T14:10:26.172Z</time>
      </trkpt>
      <trkpt lat="61.956782" lon="9.282784">
        <ele>521.104011</ele>
        <time>2024-08-14T14:10:33.961Z</time>
      </trkpt>
      <trkpt lat="61.957255" lon="9.281877">
        <ele>522.536983</ele>
        <time>2024-08-14T14:10:45.591Z</time>
      </trkpt>
      <trkpt lat="61.957933" lon="9.280656">
        <ele>524.535936</ele>
        <time>2024-08-14T14:11:07.503Z</time>
      </trkpt>
      <trkpt lat="61.958239" lon="9.280200">
        <ele>525.847853</ele>
        <time>2024-08-14T14:11:17.412Z</time>
      </trkpt>
      <trkpt lat="61.958412" lon="9.280017">
        <ele>526.937429</ele>
        <time>2024-08-14T14:11:22.729Z</time>
      </trkpt>
      <trkpt lat="61.958552" lon="9.279870">
        <ele>527.817880</ele>
        <time>2024-08-14T14:11:28.367Z</time>
      </trkpt>
      <trkpt lat="61.958794" lon="9.279622">
        <ele>529.332713</ele>
        <time>2024-08-14T14:11:37.802Z</time>
      </trkpt>
      <trkpt lat="61.959345" lon="9.279019">
        <ele>532.827077</ele>
        <time>2024-08-14T14:12:02.280Z</time>
      </trkpt>
      <trkpt lat="61.959562" lon="9.278748">
        <ele>534.246112</ele>
        <time>2024-08-14T14:12:13.863Z</time>
      </trkpt>
      <trkpt lat="61.960424" lon="9.277444">
        <ele>541.732655</ele>
        <time>2024-08-14T14:13:02.287Z</time>
      </trkpt>
      <trkpt lat="61.960935" lon="9.276793">
        <ele>546.112943</ele>
        <time>2024-08-14T14:13:29.929Z</time>
      </trkpt>
      <trkpt lat="61.961643" lon="9.276041">
        <ele>550.299366</ele>
        <time>2024-08-14T14:14:01.852Z</time>
      </trkpt>
      <trkpt lat="61.962350" lon="9.275213">
        <ele>553.463632</ele>
        <time>2024-08-14T14:14:27.100Z</time>
      </trkpt>
      <trkpt lat="61.965050" lon="9.271751">
        <ele>559.112116</ele>
        <time>2024-08-14T14:15:28.737Z</time>
      </trkpt>
      <trkpt lat="61.965663" lon="9.271033">
        <ele>560.276842</ele>
        <time>2024-08-14T14:15:44.445Z</time>
      </trkpt>
      <trkpt lat="61.966384" lon="9.270352">
        <ele>562.123370</ele>
        <time>2024-08-14T14:16:02.871Z</time>
      </trkpt>
      <trkpt lat="61.967477" lon="9.269240">
        <ele>565.364405</ele>
        <time>2024-08-14T14:16:35.249Z</time>
      </trkpt>
      <trkpt lat="61.968115" lon="9.268649">
        <ele>567.530166</ele>
        <time>2024-08-14T14:16:53.280Z</time>
      </trkpt>
      <trkpt lat="61.968685" lon="9.268251">
        <ele>569.421764</ele>
        <time>2024-08-14T14:17:09.841Z</time>
      </trkpt>
      <trkpt lat="61.969580" lon="9.267689">
        <ele>571.946832</ele>
        <time>2024-08-14T14:17:37.337Z</time>
      </trkpt>
      <trkpt lat="61.969736" lon="9.267586">
        <ele>572.278119</ele>
        <time>2024-08-14T14:17:42.137Z</time>
      </trkpt>
      <trkpt lat="61.970400" lon="9.267216">
        <ele>573.670283</ele>
        <time>2024-08-14T14:17:57.051Z</time>
      </trkpt>
      <trkpt lat="61.970588" lon="9.267176">
        <ele>574.053494</ele>
        <time>2024-08-14T14:18:00.745Z</time>
      </trkpt>
      <trkpt lat="61.970831" lon="9.267225">
        <ele>574.548566</ele>
        <time>2024-08-14T14:18:06.131Z</time>
      </trkpt>
      <trkpt lat="61.971069" lon="9.267343">
        <ele>574.787029</ele>
        <time>2024-08-14T14:18:10.461Z</time>
      </trkpt>
      <trkpt lat="61.971969" lon="9.268128">
        <ele>574.244826</ele>
        <time>2024-08-14T14:18:24.115Z</time>
      </trkpt>
      <trkpt lat="61.972219" lon="9.268287">
        <ele>574.099374</ele>
        <time>2024-08-14T14:18:27.285Z</time>
      </trkpt>
      <trkpt lat="61.972520" lon="9.268338">
        <ele>573.931053</ele>
        <time>2024-08-14T14:18:30.631Z</time>
      </trkpt>
      <trkpt lat="61.972830" lon="9.268332">
        <ele>573.575582</ele>
        <time>2024-08-14T14:18:34.025Z</time>
      </trkpt>
      <trkpt lat="61.975183" lon="9.268133">
        <ele>569.602326</ele>
        <time>2024-08-14T14:19:00.328Z</time>
      </trkpt>
      <trkpt lat="61.975401" lon="9.268115">
        <ele>569.294790</ele>
        <time>2024-08-14T14:19:02.964Z</time>
      </trkpt>
      <trkpt lat="61.976350" lon="9.268035">
        <ele>568.010182</ele>
        <time>2024-08-14T14:19:14.087Z</time>
      </trkpt>
      <trkpt lat="61.979721" lon="9.267781">
        <ele>565.882804</ele>
        <time>2024-08-14T14:19:58.599Z</time>
      </trkpt>
      <trkpt lat="61.979930" lon="9.267812">
        <ele>565.572536</ele>
        <time>2024-08-14T14:20:01.951Z</time>
      </trkpt>
      <trkpt lat="61.980140" lon="9.267907">
        <ele>564.753592</ele>
        <time>2024-08-14T14:20:04.548Z</time>
      </trkpt>
      <trkpt lat="61.980564" lon="9.268069">
        <ele>563.110380</ele>
        <time>2024-08-14T14:20:09.240Z</time>
      </trkpt>
      <trkpt lat="61.980840" lon="9.268093">
        <ele>562.056688</ele>
        <time>2024-08-14T14:20:12.020Z</time>
      </trkpt>
      <trkpt lat="61.981160" lon="9.267976">
        <ele>560.818160</ele>
        <time>2024-08-14T14:20:15.128Z</time>
      </trkpt>
      <trkpt lat="61.981435" lon="9.267753">
        <ele>559.695628</ele>
        <time>2024-08-14T14:20:17.856Z</time>
      </trkpt>
      <trkpt lat="61.981549" lon="9.267637">
        <ele>559.213645</ele>
        <time>2024-08-14T14:20:18.986Z</time>
      </trkpt>
      <trkpt lat="61.981741" lon="9.267345">
        <ele>557.354571</ele>
        <time>2024-08-14T14:20:21.109Z</time>
      </trkpt>
      <trkpt lat="61.982072" lon="9.266673">
        <ele>552.894177</ele>
        <time>2024-08-14T14:20:25.107Z</time>
      </trkpt>
      <trkpt lat="61.982461" lon="9.265786">
        <ele>547.335433</ele>
        <time>2024-08-14T14:20:29.991Z</time>
      </trkpt>
      <trkpt lat="61.982784" lon="9.265102">
        <ele>542.892621</ele>
        <time>2024-08-14T14:20:33.854Z</time>
      </trkpt>
      <trkpt lat="61.983233" lon="9.264389">
        <ele>536.957058</ele>
        <time>2024-08-14T14:20:38.619Z</time>
      </trkpt>
      <trkpt lat="61.984209" lon="9.263276">
        <ele>524.869886</ele>
        <time>2024-08-14T14:20:48.068Z</time>
      </trkpt>
      <trkpt lat="61.984467" lon="9.262946">
        <ele>521.617934</ele>
        <time>2024-08-14T14:20:50.629Z</time>
      </trkpt>
      <trkpt lat="61.984740" lon="9.262453">
        <ele>518.487053</ele>
        <time>2024-08-14T14:20:53.705Z</time>
      </trkpt>
      <trkpt lat="61.985213" lon="9.260916">
        <ele>510.938603</ele>
        <time>2024-08-14T14:21:01.256Z</time>
      </trkpt>
      <trkpt lat="61.985365" lon="9.260495">
        <ele>508.757275</ele>
        <time>2024-08-14T14:21:03.446Z</time>
      </trkpt>
      <trkpt lat="61.985569" lon="9.260159">
        <ele>506.501542</ele>
        <time>2024-08-14T14:21:05.758Z</time>
      </trkpt>
      <trkpt lat="61.985983" lon="9.259866">
        <ele>504.072088</ele>
        <time>2024-08-14T14:21:09.666Z</time>
      </trkpt>
      <trkpt lat="61.986179" lon="9.259595">
        <ele>502.877027</ele>
        <time>2024-08-14T14:21:11.825Z</time>
      </trkpt>
      <trkpt lat="61.986274" lon="9.259241">
        <ele>501.897807</ele>
        <time>2024-08-14T14:21:13.586Z</time>
      </trkpt>
      <trkpt lat="61.986345" lon="9.258565">
        <ele>500.234121</ele>
        <time>2024-08-14T14:21:16.670Z</time>
      </trkpt>
      <trkpt lat="61.986592" lon="9.258618">
        <ele>498.964670</ele>
        <time>2024-08-14T14:21:19.177Z</time>
      </trkpt>
      <trkpt lat="61.986779" lon="9.258575">
        <ele>498.002872</ele>
        <time>2024-08-14T14:21:21.033Z</time>
      </trkpt>
      <trkpt lat="61.986951" lon="9.258412">
        <ele>497.040148</ele>
        <time>2024-08-14T14:21:22.899Z</time>
      </trkpt>
      <trkpt lat="61.987289" lon="9.257958">
        <ele>496.141968</ele>
        <time>2024-08-14T14:21:26.907Z</time>
      </trkpt>
      <trkpt lat="61.987848" lon="9.257307">
        <ele>494.923720</ele>
        <time>2024-08-14T14:21:33.705Z</time>
      </trkpt>
      <trkpt lat="61.988433" lon="9.256772">
        <ele>493.706380</ele>
        <time>2024-08-14T14:21:41.336Z</time>
      </trkpt>
      <trkpt lat="61.989034" lon="9.256335">
        <ele>493.586177</ele>
        <time>2024-08-14T14:21:50.407Z</time>
      </trkpt>
      <trkpt lat="61.990473" lon="9.255627">
        <ele>494.316809</ele>
        <time>2024-08-14T14:22:16.706Z</time>
      </trkpt>
      <trkpt lat="61.990810" lon="9.255423">
        <ele>494.710310</ele>
        <time>2024-08-14T14:22:23.225Z</time>
      </trkpt>
      <trkpt lat="61.991489" lon="9.254937">
        <ele>495.514862</ele>
        <time>2024-08-14T14:22:36.984Z</time>
      </trkpt>
      <trkpt lat="61.992148" lon="9.254333">
        <ele>496.371015</ele>
        <time>2024-08-14T14:22:51.365Z</time>
      </trkpt>
      <trkpt lat="61.993406" lon="9.252862">
        <ele>498.531218</ele>
        <time>2024-08-14T14:23:21.149Z</time>
      </trkpt>
      <trkpt lat="61.994360" lon="9.251575">
        <ele>500.601411</ele>
        <time>2024-08-14T14:23:46.095Z</time>
      </trkpt>
      <trkpt lat="61.995285" lon="9.250189">
        <ele>502.798980</ele>
        <time>2024-08-14T14:24:12.324Z</time>
      </trkpt>
      <trkpt lat="61.996606" lon="9.247939">
        <ele>506.317285</ele>
        <time>2024-08-14T14:24:50.703Z</time>
      </trkpt>
      <trkpt lat="61.997730" lon="9.245897">
        <ele>510.110082</ele>
        <time>2024-08-14T14:25:26.490Z</time>
      </trkpt>
      <trkpt lat="61.998016" lon="9.245438">
        <ele>511.478622</ele>
        <time>2024-08-14T14:25:37.091Z</time>
      </trkpt>
      <trkpt lat="61.998287" lon="9.245096">
        <ele>513.173659</ele>
        <time>2024-08-14T14:25:47.014Z</time>
      </trkpt>
      <trkpt lat="61.998612" lon="9.244824">
        <ele>515.052686</ele>
        <time>2024-08-14T14:25:58.508Z</time>
      </trkpt>
      <trkpt lat="61.998858" lon="9.244683">
        <ele>516.423532</ele>
        <time>2024-08-14T14:26:07.475Z</time>
      </trkpt>
      <trkpt lat="61.999311" lon="9.244377">
        <ele>518.980824</ele>
        <time>2024-08-14T14:26:26.011Z</time>
      </trkpt>
      <trkpt lat="62.000152" lon="9.243475">
        <ele>526.368083</ele>
        <time>2024-08-14T14:27:11.034Z</time>
      </trkpt>
      <trkpt lat="62.000601" lon="9.242855">
        <ele>531.029471</ele>
        <time>2024-08-14T14:27:37.070Z</time>
      </trkpt>
      <trkpt lat="62.000844" lon="9.242381">
        <ele>533.899821</ele>
        <time>2024-08-14T14:27:54.146Z</time>
      </trkpt>
      <trkpt lat="62.000923" lon="9.242275">
        <ele>534.713174</ele>
        <time>2024-08-14T14:27:59.163Z</time>
      </trkpt>
      <trkpt lat="62.001031" lon="9.242222">
        <ele>535.678650</ele>
        <time>2024-08-14T14:28:05.238Z</time>
      </trkpt>
      <trkpt lat="62.001073" lon="9.242324">
        <ele>536.302159</ele>
        <time>2024-08-14T14:28:08.809Z</time>
      </trkpt>
      <trkpt lat="62.001090" lon="9.242531">
        <ele>537.382927</ele>
        <time>2024-08-14T14:28:14.225Z</time>
      </trkpt>
      <trkpt lat="62.000986" lon="9.243190">
        <ele>540.958547</ele>
        <time>2024-08-14T14:28:33.151Z</time>
      </trkpt>
      <trkpt lat="62.000899" lon="9.244363">
        <ele>547.066137</ele>
        <time>2024-08-14T14:29:06.879Z</time>
      </trkpt>
      <trkpt lat="62.000787" lon="9.245350">
        <ele>552.288501</ele>
        <time>2024-08-14T14:29:36.908Z</time>
      </trkpt>
      <trkpt lat="62.000392" lon="9.247598">
        <ele>564.060026</ele>
        <time>2024-08-14T14:30:41.104Z</time>
      </trkpt>
      <trkpt lat="62.000382" lon="9.247854">
        <ele>565.296679</ele>
        <time>2024-08-14T14:30:47.715Z</time>
      </trkpt>
      <trkpt lat="62.000416" lon="9.247961">
        <ele>565.918679</ele>
        <time>2024-08-14T14:30:51.900Z</time>
      </trkpt>
      <trkpt lat="62.000478" lon="9.248041">
        <ele>566.661995</ele>
        <time>2024-08-14T14:30:56.076Z</time>
      </trkpt>
      <trkpt lat="62.000591" lon="9.248027">
        <ele>567.822689</ele>
        <time>2024-08-14T14:31:01.935Z</time>
      </trkpt>
      <trkpt lat="62.000964" lon="9.247418">
        <ele>572.641864</ele>
        <time>2024-08-14T14:31:27.599Z</time>
      </trkpt>
      <trkpt lat="62.001333" lon="9.246698">
        <ele>577.095186</ele>
        <time>2024-08-14T14:31:54.143Z</time>
      </trkpt>
      <trkpt lat="62.001442" lon="9.246541">
        <ele>578.194339</ele>
        <time>2024-08-14T14:31:59.987Z</time>
      </trkpt>
      <trkpt lat="62.001530" lon="9.246502">
        <ele>578.945189</ele>
        <time>2024-08-14T14:32:04.130Z</time>
      </trkpt>
      <trkpt lat="62.001577" lon="9.246554">
        <ele>579.387603</ele>
        <time>2024-08-14T14:32:07.359Z</time>
      </trkpt>
      <trkpt lat="62.001609" lon="9.246678">
        <ele>579.942503</ele>
        <time>2024-08-14T14:32:10.758Z</time>
      </trkpt>
      <trkpt lat="62.001605" lon="9.246794">
        <ele>580.398625</ele>
        <time>2024-08-14T14:32:13.109Z</time>
      </trkpt>
      <trkpt lat="62.001558" lon="9.246994">
        <ele>581.275713</ele>
        <time>2024-08-14T14:32:17.524Z</time>
      </trkpt>
      <trkpt lat="62.001329" lon="9.247686">
        <ele>584.595897</ele>
        <time>2024-08-14T14:32:34.798Z</time>
      </trkpt>
      <trkpt lat="62.000815" lon="9.248994">
        <ele>591.493882</ele>
        <time>2024-08-14T14:33:12.853Z</time>
      </trkpt>
      <trkpt lat="62.000050" lon="9.252070">
        <ele>606.622317</ele>
        <time>2024-08-14T14:34:37.820Z</time>
      </trkpt>
      <trkpt lat="61.999801" lon="9.252952">
        <ele>611.832141</ele>
        <time>2024-08-14T14:35:05.703Z</time>
      </trkpt>
      <trkpt lat="61.999402" lon="9.254120">
        <ele>619.144275</ele>
        <time>2024-08-14T14:35:45.326Z</time>
      </trkpt>
      <trkpt lat="61.998763" lon="9.255411">
        <ele>628.668548</ele>
        <time>2024-08-14T14:36:38.877Z</time>
      </trkpt>
      <trkpt lat="61.998249" lon="9.256322">
        <ele>635.933997</ele>
        <time>2024-08-14T14:37:18.152Z</time>
      </trkpt>
      <trkpt lat="61.997948" lon="9.256767">
        <ele>639.915115</ele>
        <time>2024-08-14T14:37:38.771Z</time>
      </trkpt>
      <trkpt lat="61.997678" lon="9.257316">
        <ele>643.970965</ele>
        <time>2024-08-14T14:37:59.624Z</time>
      </trkpt>
      <trkpt lat="61.996627" lon="9.259653">
        <ele>660.444296</ele>
        <time>2024-08-14T14:39:29.469Z</time>
      </trkpt>
      <trkpt lat="61.996414" lon="9.260078">
        <ele>663.608504</ele>
        <time>2024-08-14T14:39:45.968Z</time>
      </trkpt>
      <trkpt lat="61.995880" lon="9.261277">
        <ele>671.708615</ele>
        <time>2024-08-14T14:40:29.886Z</time>
      </trkpt>
      <trkpt lat="61.995250" lon="9.262602">
        <ele>680.931158</ele>
        <time>2024-08-14T14:41:20.671Z</time>
      </trkpt>
      <trkpt lat="61.994514" lon="9.264810">
        <ele>693.638149</ele>
        <time>2024-08-14T14:42:29.010Z</time>
      </trkpt>
      <trkpt lat="61.994264" lon="9.265487">
        <ele>697.651950</ele>
        <time>2024-08-14T14:42:51.841Z</time>
      </trkpt>
      <trkpt lat="61.993667" lon="9.267659">
        <ele>709.689703</ele>
        <time>2024-08-14T14:43:56.049Z</time>
      </trkpt>
      <trkpt lat="61.993370" lon="9.269046">
        <ele>717.045340</ele>
        <time>2024-08-14T14:44:37.001Z</time>
      </trkpt>
      <trkpt lat="61.993334" lon="9.269330">
        <ele>718.464771</ele>
        <time>2024-08-14T14:44:44.665Z</time>
      </trkpt>
      <trkpt lat="61.993140" lon="9.270192">
        <ele>723.382803</ele>
        <time>2024-08-14T14:45:10.431Z</time>
      </trkpt>
      <trkpt lat="61.993109" lon="9.270508">
        <ele>725.061169</ele>
        <time>2024-08-14T14:45:19.408Z</time>
      </trkpt>
      <trkpt lat="61.993150" lon="9.270697">
        <ele>726.143574</ele>
        <time>2024-08-14T14:45:25.087Z</time>
      </trkpt>
      <trkpt lat="61.993209" lon="9.270686">
        <ele>726.799305</ele>
        <time>2024-08-14T14:45:28.391Z</time>
      </trkpt>
      <trkpt lat="61.993342" lon="9.270561">
        <ele>728.408875</ele>
        <time>2024-08-14T14:45:37.309Z</time>
      </trkpt>
      <trkpt lat="61.993855" lon="9.269795">
        <ele>735.345709</ele>
        <time>2024-08-14T14:46:14.313Z</time>
      </trkpt>
      <trkpt lat="61.994004" lon="9.269619">
        <ele>737.232164</ele>
        <time>2024-08-14T14:46:24.557Z</time>
      </trkpt>
      <trkpt lat="61.994128" lon="9.269537">
        <ele>738.669724</ele>
        <time>2024-08-14T14:46:32.504Z</time>
      </trkpt>
      <trkpt lat="61.994364" lon="9.269319">
        <ele>741.579681</ele>
        <time>2024-08-14T14:46:49.095Z</time>
      </trkpt>
      <trkpt lat="61.995628" lon="9.268293">
        <ele>756.930923</ele>
        <time>2024-08-14T14:48:11.065Z</time>
      </trkpt>
      <trkpt lat="61.995902" lon="9.268086">
        <ele>760.199261</ele>
        <time>2024-08-14T14:48:28.117Z</time>
      </trkpt>
      <trkpt lat="61.996334" lon="9.267767">
        <ele>765.179721</ele>
        <time>2024-08-14T14:48:54.355Z</time>
      </trkpt>
      <trkpt lat="61.997055" lon="9.267559">
        <ele>773.105080</ele>
        <time>2024-08-14T14:49:37.424Z</time>
      </trkpt>
      <trkpt lat="61.997270" lon="9.267490">
        <ele>775.473449</ele>
        <time>2024-08-14T14:49:50.357Z</time>
      </trkpt>
      <trkpt lat="61.997673" lon="9.267203">
        <ele>780.054405</ele>
        <time>2024-08-14T14:50:14.169Z</time>
      </trkpt>
      <trkpt lat="61.997785" lon="9.267184">
        <ele>781.222766</ele>
        <time>2024-08-14T14:50:20.585Z</time>
      </trkpt>
      <trkpt lat="61.997862" lon="9.267242">
        <ele>782.072075</ele>
        <time>2024-08-14T14:50:25.686Z</time>
      </trkpt>
      <trkpt lat="61.997866" lon="9.267519">
        <ele>783.425115</ele>
        <time>2024-08-14T14:50:33.106Z</time>
      </trkpt>
      <trkpt lat="61.997802" lon="9.267883">
        <ele>785.322806</ele>
        <time>2024-08-14T14:50:43.613Z</time>
      </trkpt>
      <trkpt lat="61.997417" lon="9.269445">
        <ele>793.936044</ele>
        <time>2024-08-14T14:51:30.598Z</time>
      </trkpt>
      <trkpt lat="61.997276" lon="9.270371">
        <ele>798.735559</ele>
        <time>2024-08-14T14:51:55.646Z</time>
      </trkpt>
      <trkpt lat="61.997175" lon="9.271311">
        <ele>803.678345</ele>
        <time>2024-08-14T14:52:19.612Z</time>
      </trkpt>
      <trkpt lat="61.997149" lon="9.272854">
        <ele>811.592524</ele>
        <time>2024-08-14T14:53:02.362Z</time>
      </trkpt>
      <trkpt lat="61.997238" lon="9.274340">
        <ele>819.451465</ele>
        <time>2024-08-14T14:53:45.891Z</time>
      </trkpt>
      <trkpt lat="61.997370" lon="9.275341">
        <ele>825.291733</ele>
        <time>2024-08-14T14:54:17.433Z</time>
      </trkpt>
      <trkpt lat="61.997508" lon="9.276025">
        <ele>829.473512</ele>
        <time>2024-08-14T14:54:39.805Z</time>
      </trkpt>
      <trkpt lat="61.997883" lon="9.277637">
        <ele>839.527412</ele>
        <time>2024-08-14T14:55:32.854Z</time>
      </trkpt>
      <trkpt lat="61.998162" lon="9.278963">
        <ele>847.065212</ele>
        <time>2024-08-14T14:56:13.171Z</time>
      </trkpt>
      <trkpt lat="61.998312" lon="9.279936">
        <ele>852.377758</ele>
        <time>2024-08-14T14:56:41.304Z</time>
      </trkpt>
      <trkpt lat="61.998395" lon="9.280733">
        <ele>856.612645</ele>
        <time>2024-08-14T14:57:03.491Z</time>
      </trkpt>
      <trkpt lat="61.998477" lon="9.282117">
        <ele>863.766174</ele>
        <time>2024-08-14T14:57:41.506Z</time>
      </trkpt>
      <trkpt lat="61.998452" lon="9.285294">
        <ele>879.839629</ele>
        <time>2024-08-14T14:59:09.161Z</time>
      </trkpt>
      <trkpt lat="61.998470" lon="9.286330">
        <ele>884.680904</ele>
        <time>2024-08-14T14:59:36.734Z</time>
      </trkpt>
      <trkpt lat="61.998488" lon="9.286539">
        <ele>885.673187</ele>
        <time>2024-08-14T14:59:41.957Z</time>
      </trkpt>
      <trkpt lat="61.998542" lon="9.287329">
        <ele>889.401255</ele>
        <time>2024-08-14T15:00:02.531Z</time>
      </trkpt>
      <trkpt lat="61.998846" lon="9.291114">
        <ele>906.263814</ele>
        <time>2024-08-14T15:01:36.821Z</time>
      </trkpt>
      <trkpt lat="61.998884" lon="9.291836">
        <ele>909.330028</ele>
        <time>2024-08-14T15:01:53.695Z</time>
      </trkpt>
      <trkpt lat="61.998940" lon="9.292540">
        <ele>912.343526</ele>
        <time>2024-08-14T15:02:10.046Z</time>
      </trkpt>
      <trkpt lat="61.999021" lon="9.293785">
        <ele>916.695432</ele>
        <time>2024-08-14T15:02:37.485Z</time>
      </trkpt>
      <trkpt lat="61.999169" lon="9.295514">
        <ele>922.769167</ele>
        <time>2024-08-14T15:03:13.787Z</time>
      </trkpt>
      <trkpt lat="61.999267" lon="9.296449">
        <ele>926.024961</ele>
        <time>2024-08-14T15:03:32.180Z</time>
      </trkpt>
      <trkpt lat="61.999500" lon="9.298291">
        <ele>931.814415</ele>
        <time>2024-08-14T15:04:08.342Z</time>
      </trkpt>
      <trkpt lat="61.999629" lon="9.299100">
        <ele>934.407303</ele>
        <time>2024-08-14T15:04:24.243Z</time>
      </trkpt>
      <trkpt lat="61.999665" lon="9.299524">
        <ele>935.714921</ele>
        <time>2024-08-14T15:04:32.260Z</time>
      </trkpt>
      <trkpt lat="61.999954" lon="9.301618">
        <ele>942.824574</ele>
        <time>2024-08-14T15:05:15.270Z</time>
      </trkpt>
      <trkpt lat="62.000135" lon="9.302746">
        <ele>946.788028</ele>
        <time>2024-08-14T15:05:39.946Z</time>
      </trkpt>
      <trkpt lat="62.000210" lon="9.303366">
        <ele>948.916763</ele>
        <time>2024-08-14T15:05:53.440Z</time>
      </trkpt>
      <trkpt lat="62.000637" lon="9.305897">
        <ele>957.963903</ele>
        <time>2024-08-14T15:06:49.670Z</time>
      </trkpt>
      <trkpt lat="62.001993" lon="9.312482">
        <ele>981.232014</ele>
        <time>2024-08-14T15:09:11.954Z</time>
      </trkpt>
      <trkpt lat="62.002332" lon="9.314020">
        <ele>986.629204</ele>
        <time>2024-08-14T15:09:45.394Z</time>
      </trkpt>
      <trkpt lat="62.002529" lon="9.314864">
        <ele>989.400003</ele>
        <time>2024-08-14T15:10:03.749Z</time>
      </trkpt>
      <trkpt lat="62.002776" lon="9.315779">
        <ele>992.417927</ele>
        <time>2024-08-14T15:10:23.971Z</time>
      </trkpt>
      <trkpt lat="62.003810" lon="9.319296">
        <ele>1003.791676</ele>
        <time>2024-08-14T15:11:37.309Z</time>
      </trkpt>
      <trkpt lat="62.003940" lon="9.319858">
        <ele>1005.434818</ele>
        <time>2024-08-14T15:11:47.231Z</time>
      </trkpt>
      <trkpt lat="62.004038" lon="9.320421">
        <ele>1007.009585</ele>
        <time>2024-08-14T15:12:24.831Z</time>
      </trkpt>
      <trkpt lat="62.004408" lon="9.322857">
        <ele>1014.814425</ele>
        <time>2024-08-14T15:13:37.743Z</time>
      </trkpt>
      <trkpt lat="62.004438" lon="9.323083">
        <ele>1015.556286</ele>
        <time>2024-08-14T15:13:45.218Z</time>
      </trkpt>
      <trkpt lat="62.005049" lon="9.327076">
        <ele>1030.161696</ele>
        <time>2024-08-14T15:15:59.630Z</time>
      </trkpt>
      <trkpt lat="62.005302" lon="9.328255">
        <ele>1034.900102</ele>
        <time>2024-08-14T15:16:41.796Z</time>
      </trkpt>
      <trkpt lat="62.005699" lon="9.329762">
        <ele>1040.978029</ele>
        <time>2024-08-14T15:17:36.796Z</time>
      </trkpt>
      <trkpt lat="62.006123" lon="9.331114">
        <ele>1046.696726</ele>
        <time>2024-08-14T15:18:27.506Z</time>
      </trkpt>
      <trkpt lat="62.007053" lon="9.334368">
        <ele>1059.525077</ele>
        <time>2024-08-14T15:20:24.810Z</time>
      </trkpt>
      <trkpt lat="62.007215" lon="9.335008">
        <ele>1061.941430</ele>
        <time>2024-08-14T15:20:47.316Z</time>
      </trkpt>
      <trkpt lat="62.007373" lon="9.335467">
        <ele>1063.813820</ele>
        <time>2024-08-14T15:21:04.946Z</time>
      </trkpt>
      <trkpt lat="62.009763" lon="9.343729">
        <ele>1094.983469</ele>
        <time>2024-08-14T15:26:01.523Z</time>
      </trkpt>
      <trkpt lat="62.010113" lon="9.345183">
        <ele>1099.021251</ele>
        <time>2024-08-14T15:26:45.870Z</time>
      </trkpt>
      <trkpt lat="62.010231" lon="9.345930">
        <ele>1100.433302</ele>
        <time>2024-08-14T15:27:06.045Z</time>
      </trkpt>
      <trkpt lat="62.010348" lon="9.346975">
        <ele>1102.357989</ele>
        <time>2024-08-14T15:27:32.172Z</time>
      </trkpt>
      <trkpt lat="62.010399" lon="9.347671">
        <ele>1103.619997</ele>
        <time>2024-08-14T15:27:48.635Z</time>
      </trkpt>
      <trkpt lat="62.010455" lon="9.350711">
        <ele>1106.468800</ele>
        <time>2024-08-14T15:28:53.065Z</time>
      </trkpt>
      <trkpt lat="62.010526" lon="9.356351">
        <ele>1108.763094</ele>
        <time>2024-08-14T15:30:37.874Z</time>
      </trkpt>
      <trkpt lat="62.010610" lon="9.357755">
        <ele>1109.151352</ele>
        <time>2024-08-14T15:31:03.681Z</time>
      </trkpt>
      <trkpt lat="62.010776" lon="9.359566">
        <ele>1109.657524</ele>
        <time>2024-08-14T15:31:37.911Z</time>
      </trkpt>
      <trkpt lat="62.011127" lon="9.362073">
        <ele>1110.831734</ele>
        <time>2024-08-14T15:32:27.555Z</time>
      </trkpt>
      <trkpt lat="62.011580" lon="9.364475">
        <ele>1112.438669</ele>
        <time>2024-08-14T15:33:18.812Z</time>
      </trkpt>
      <trkpt lat="62.011718" lon="9.365336">
        <ele>1113.155129</ele>
        <time>2024-08-14T15:33:37.516Z</time>
      </trkpt>
      <trkpt lat="62.012387" lon="9.368992">
        <ele>1116.516694</ele>
        <time>2024-08-14T15:35:00.654Z</time>
      </trkpt>
      <trkpt lat="62.013062" lon="9.372711">
        <ele>1120.104667</ele>
        <time>2024-08-14T15:36:23.452Z</time>
      </trkpt>
      <trkpt lat="62.013238" lon="9.373533">
        <ele>1120.914285</ele>
        <time>2024-08-14T15:36:42.282Z</time>
      </trkpt>
      <trkpt lat="62.013758" lon="9.376496">
        <ele>1124.393421</ele>
        <time>2024-08-14T15:37:50.636Z</time>
      </trkpt>
      <trkpt lat="62.014063" lon="9.378082">
        <ele>1126.591498</ele>
        <time>2024-08-14T15:38:29.721Z</time>
      </trkpt>
      <trkpt lat="62.014350" lon="9.379282">
        <ele>1128.719483</ele>
        <time>2024-08-14T15:39:01.254Z</time>
      </trkpt>
      <trkpt lat="62.015162" lon="9.381788">
        <ele>1133.815957</ele>
        <time>2024-08-14T15:40:15.446Z</time>
      </trkpt>
      <trkpt lat="62.016082" lon="9.384511">
        <ele>1139.943753</ele>
        <time>2024-08-14T15:41:39.057Z</time>
      </trkpt>
      <trkpt lat="62.016690" lon="9.386425">
        <ele>1144.095055</ele>
        <time>2024-08-14T15:42:36.198Z</time>
      </trkpt>
      <trkpt lat="62.017164" lon="9.387776">
        <ele>1146.748932</ele>
        <time>2024-08-14T15:43:16.797Z</time>
      </trkpt>
      <trkpt lat="62.020700" lon="9.398371">
        <ele>1162.778235</ele>
        <time>2024-08-14T15:48:10.786Z</time>
      </trkpt>
      <trkpt lat="62.022630" lon="9.404117">
        <ele>1163.661061</ele>
        <time>2024-08-14T15:50:13.118Z</time>
      </trkpt>
      <trkpt lat="62.022600" lon="9.404330">
        <ele>1163.627182</ele>
        <time>2024-08-14T15:50:24.336Z</time>
      </trkpt>
      <trkpt lat="62.022631" lon="9.404531">
        <ele>1163.594950</ele>
        <time>2024-08-14T15:50:35.152Z</time>
      </trkpt>
      <trkpt lat="62.022870" lon="9.405527">
        <ele>1163.424528</ele>
        <time>2024-08-14T15:51:32.249Z</time>
      </trkpt>
      <trkpt lat="62.023369" lon="9.407830">
        <ele>1163.597113</ele>
        <time>2024-08-14T15:53:42.892Z</time>
      </trkpt>
      <trkpt lat="62.023610" lon="9.408598">
        <ele>1163.718909</ele>
        <time>2024-08-14T15:54:31.800Z</time>
      </trkpt>
      <trkpt lat="62.023692" lon="9.408776">
        <ele>1163.751793</ele>
        <time>2024-08-14T15:54:45.140Z</time>
      </trkpt>
      <trkpt lat="62.023944" lon="9.409376">
        <ele>1163.947516</ele>
        <time>2024-08-14T15:55:28.657Z</time>
      </trkpt>
      <trkpt lat="62.024847" lon="9.411139">
        <ele>1166.379005</ele>
        <time>2024-08-14T15:57:55.563Z</time>
      </trkpt>
      <trkpt lat="62.025009" lon="9.411504">
        <ele>1166.847060</ele>
        <time>2024-08-14T15:58:24.284Z</time>
      </trkpt>
      <trkpt lat="62.025107" lon="9.411286">
        <ele>1167.128313</ele>
        <time>2024-08-14T15:58:41.797Z</time>
      </trkpt>
      <trkpt lat="62.025178" lon="9.411450">
        <ele>1167.336191</ele>
        <time>2024-08-14T15:58:46.473Z</time>
      </trkpt>
      <trkpt lat="62.026035" lon="9.413446">
        <ele>1168.602750</ele>
        <time>2024-08-14T15:59:40.967Z</time>
      </trkpt>
      <trkpt lat="62.026349" lon="9.414131">
        <ele>1169.036764</ele>
        <time>2024-08-14T15:59:57.699Z</time>
      </trkpt>
      <trkpt lat="62.026607" lon="9.414843">
        <ele>1168.783689</ele>
        <time>2024-08-14T16:00:12.639Z</time>
      </trkpt>
      <trkpt lat="62.026966" lon="9.416101">
        <ele>1167.941367</ele>
        <time>2024-08-14T16:00:35.639Z</time>
      </trkpt>
      <trkpt lat="62.027613" lon="9.418121">
        <ele>1166.245014</ele>
        <time>2024-08-14T16:01:12.223Z</time>
      </trkpt>
      <trkpt lat="62.028137" lon="9.419511">
        <ele>1164.497500</ele>
        <time>2024-08-14T16:01:38.370Z</time>
      </trkpt>
      <trkpt lat="62.028238" lon="9.419881">
        <ele>1164.077996</ele>
        <time>2024-08-14T16:01:44.632Z</time>
      </trkpt>
      <trkpt lat="62.028392" lon="9.420862">
        <ele>1163.085063</ele>
        <time>2024-08-14T16:01:59.679Z</time>
      </trkpt>
      <trkpt lat="62.028499" lon="9.421780">
        <ele>1162.298853</ele>
        <time>2024-08-14T16:02:13.323Z</time>
      </trkpt>
      <trkpt lat="62.028569" lon="9.422212">
        <ele>1161.918970</ele>
        <time>2024-08-14T16:02:19.938Z</time>
      </trkpt>
      <trkpt lat="62.028766" lon="9.422999">
        <ele>1161.177527</ele>
        <time>2024-08-14T16:02:33.001Z</time>
      </trkpt>
      <trkpt lat="62.029028" lon="9.424767">
        <ele>1159.957162</ele>
        <time>2024-08-14T16:03:02.243Z</time>
      </trkpt>
      <trkpt lat="62.029208" lon="9.425555">
        <ele>1159.847748</ele>
        <time>2024-08-14T16:03:16.773Z</time>
      </trkpt>
      <trkpt lat="62.029395" lon="9.426070">
        <ele>1159.766444</ele>
        <time>2024-08-14T16:03:27.815Z</time>
      </trkpt>
      <trkpt lat="62.029503" lon="9.426413">
        <ele>1159.714873</ele>
        <time>2024-08-14T16:03:35.009Z</time>
      </trkpt>
      <trkpt lat="62.029719" lon="9.427724">
        <ele>1159.541415</ele>
        <time>2024-08-14T16:03:59.539Z</time>
      </trkpt>
      <trkpt lat="62.029801" lon="9.428281">
        <ele>1159.531516</ele>
        <time>2024-08-14T16:04:10.053Z</time>
      </trkpt>
      <trkpt lat="62.030263" lon="9.430339">
        <ele>1159.516084</ele>
        <time>2024-08-14T16:04:50.463Z</time>
      </trkpt>
      <trkpt lat="62.030347" lon="9.431182">
        <ele>1159.510255</ele>
        <time>2024-08-14T16:05:05.074Z</time>
      </trkpt>
      <trkpt lat="62.030674" lon="9.436330">
        <ele>1157.030255</ele>
        <time>2024-08-14T16:06:28.497Z</time>
      </trkpt>
      <trkpt lat="62.031073" lon="9.441108">
        <ele>1151.678874</ele>
        <time>2024-08-14T16:07:38.387Z</time>
      </trkpt>
      <trkpt lat="62.031206" lon="9.445158">
        <ele>1145.797173</ele>
        <time>2024-08-14T16:08:33.914Z</time>
      </trkpt>
      <trkpt lat="62.031275" lon="9.445929">
        <ele>1144.605532</ele>
        <time>2024-08-14T16:08:44.794Z</time>
      </trkpt>
      <trkpt lat="62.031429" lon="9.447119">
        <ele>1142.868813</ele>
        <time>2024-08-14T16:09:02.193Z</time>
      </trkpt>
      <trkpt lat="62.031494" lon="9.448915">
        <ele>1140.527710</ele>
        <time>2024-08-14T16:09:27.930Z</time>
      </trkpt>
      <trkpt lat="62.031678" lon="9.451033">
        <ele>1137.663496</ele>
        <time>2024-08-14T16:09:58.282Z</time>
      </trkpt>
      <trkpt lat="62.031685" lon="9.451847">
        <ele>1136.535043</ele>
        <time>2024-08-14T16:10:09.703Z</time>
      </trkpt>
      <trkpt lat="62.031591" lon="9.452722">
        <ele>1135.290816</ele>
        <time>2024-08-14T16:10:22.197Z</time>
      </trkpt>
      <trkpt lat="62.031589" lon="9.452912">
        <ele>1135.027395</ele>
        <time>2024-08-14T16:10:24.824Z</time>
      </trkpt>
      <trkpt lat="62.031597" lon="9.453150">
        <ele>1134.696663</ele>
        <time>2024-08-14T16:10:28.136Z</time>
      </trkpt>
      <trkpt lat="62.031749" lon="9.454192">
        <ele>1133.254799</ele>
        <time>2024-08-14T16:10:43.182Z</time>
      </trkpt>
      <trkpt lat="62.031780" lon="9.454574">
        <ele>1132.905637</ele>
        <time>2024-08-14T16:10:48.562Z</time>
      </trkpt>
      <trkpt lat="62.031741" lon="9.456927">
        <ele>1130.785077</ele>
        <time>2024-08-14T16:11:23.637Z</time>
      </trkpt>
      <trkpt lat="62.031754" lon="9.457537">
        <ele>1130.235112</ele>
        <time>2024-08-14T16:11:33.119Z</time>
      </trkpt>
      <trkpt lat="62.031825" lon="9.458103">
        <ele>1129.869986</ele>
        <time>2024-08-14T16:11:42.267Z</time>
      </trkpt>
      <trkpt lat="62.031977" lon="9.458778">
        <ele>1129.684324</ele>
        <time>2024-08-14T16:11:54.136Z</time>
      </trkpt>
      <trkpt lat="62.032065" lon="9.459326">
        <ele>1129.540702</ele>
        <time>2024-08-14T16:12:03.692Z</time>
      </trkpt>
      <trkpt lat="62.032256" lon="9.461494">
        <ele>1128.993742</ele>
        <time>2024-08-14T16:12:41.512Z</time>
      </trkpt>
      <trkpt lat="62.032295" lon="9.461726">
        <ele>1128.934923</ele>
        <time>2024-08-14T16:12:45.630Z</time>
      </trkpt>
      <trkpt lat="62.032447" lon="9.462297">
        <ele>1128.779864</ele>
        <time>2024-08-14T16:12:56.671Z</time>
      </trkpt>
      <trkpt lat="62.032695" lon="9.463531">
        <ele>1128.462806</ele>
        <time>2024-08-14T16:13:18.232Z</time>
      </trkpt>
      <trkpt lat="62.033293" lon="9.465584">
        <ele>1127.963864</ele>
        <time>2024-08-14T16:13:58.478Z</time>
      </trkpt>
      <trkpt lat="62.033441" lon="9.466238">
        <ele>1127.859671</ele>
        <time>2024-08-14T16:14:10.694Z</time>
      </trkpt>
      <trkpt lat="62.033817" lon="9.467199">
        <ele>1127.680097</ele>
        <time>2024-08-14T16:14:31.877Z</time>
      </trkpt>
      <trkpt lat="62.034048" lon="9.468145">
        <ele>1127.527066</ele>
        <time>2024-08-14T16:14:50.588Z</time>
      </trkpt>
      <trkpt lat="62.034604" lon="9.469923">
        <ele>1125.290276</ele>
        <time>2024-08-14T16:15:24.967Z</time>
      </trkpt>
      <trkpt lat="62.034712" lon="9.470165">
        <ele>1124.938286</ele>
        <time>2024-08-14T16:15:29.833Z</time>
      </trkpt>
      <trkpt lat="62.035178" lon="9.470669">
        <ele>1123.764297</ele>
        <time>2024-08-14T16:15:44.932Z</time>
      </trkpt>
      <trkpt lat="62.035275" lon="9.470859">
        <ele>1123.434785</ele>
        <time>2024-08-14T16:15:48.623Z</time>
      </trkpt>
      <trkpt lat="62.035477" lon="9.472556">
        <ele>1117.483862</ele>
        <time>2024-08-14T16:16:10.371Z</time>
      </trkpt>
      <trkpt lat="62.035898" lon="9.474433">
        <ele>1110.413895</ele>
        <time>2024-08-14T16:16:34.795Z</time>
      </trkpt>
      <trkpt lat="62.036338" lon="9.475926">
        <ele>1104.771295</ele>
        <time>2024-08-14T16:16:55.536Z</time>
      </trkpt>
      <trkpt lat="62.036843" lon="9.478223">
        <ele>1097.576600</ele>
        <time>2024-08-14T16:17:27.551Z</time>
      </trkpt>
      <trkpt lat="62.037295" lon="9.479548">
        <ele>1095.520002</ele>
        <time>2024-08-14T16:17:51.313Z</time>
      </trkpt>
      <trkpt lat="62.037447" lon="9.480134">
        <ele>1094.679465</ele>
        <time>2024-08-14T16:18:01.616Z</time>
      </trkpt>
      <trkpt lat="62.037650" lon="9.480571">
        <ele>1093.907389</ele>
        <time>2024-08-14T16:18:11.330Z</time>
      </trkpt>
      <trkpt lat="62.037972" lon="9.481134">
        <ele>1092.064938</ele>
        <time>2024-08-14T16:18:24.672Z</time>
      </trkpt>
      <trkpt lat="62.038117" lon="9.481302">
        <ele>1091.054163</ele>
        <time>2024-08-14T16:18:41.537Z</time>
      </trkpt>
      <trkpt lat="62.038255" lon="9.481357">
        <ele>1090.194235</ele>
        <time>2024-08-14T16:18:45.673Z</time>
      </trkpt>
      <trkpt lat="62.038510" lon="9.481343">
        <ele>1088.631759</ele>
        <time>2024-08-14T16:18:52.889Z</time>
      </trkpt>
      <trkpt lat="62.038640" lon="9.481403">
        <ele>1087.817034</ele>
        <time>2024-08-14T16:18:56.566Z</time>
      </trkpt>
      <trkpt lat="62.039036" lon="9.481892">
        <ele>1085.014171</ele>
        <time>2024-08-14T16:19:08.589Z</time>
      </trkpt>
      <trkpt lat="62.039274" lon="9.482381">
        <ele>1082.989922</ele>
        <time>2024-08-14T16:19:16.827Z</time>
      </trkpt>
      <trkpt lat="62.039672" lon="9.483148">
        <ele>1075.466122</ele>
        <time>2024-08-14T16:19:29.507Z</time>
      </trkpt>
      <trkpt lat="62.040056" lon="9.483776">
        <ele>1067.737123</ele>
        <time>2024-08-14T16:19:40.580Z</time>
      </trkpt>
      <trkpt lat="62.040257" lon="9.484330">
        <ele>1062.491216</ele>
        <time>2024-08-14T16:19:47.986Z</time>
      </trkpt>
      <trkpt lat="62.040402" lon="9.484599">
        <ele>1059.421684</ele>
        <time>2024-08-14T16:19:52.332Z</time>
      </trkpt>
      <trkpt lat="62.040853" lon="9.485267">
        <ele>1051.029788</ele>
        <time>2024-08-14T16:20:04.734Z</time>
      </trkpt>
      <trkpt lat="62.041114" lon="9.485587">
        <ele>1046.835802</ele>
        <time>2024-08-14T16:20:11.565Z</time>
      </trkpt>
      <trkpt lat="62.041358" lon="9.485986">
        <ele>1042.552529</ele>
        <time>2024-08-14T16:20:18.625Z</time>
      </trkpt>
      <trkpt lat="62.041504" lon="9.486367">
        <ele>1039.338560</ele>
        <time>2024-08-14T16:20:23.968Z</time>
      </trkpt>
      <trkpt lat="62.041939" lon="9.487301">
        <ele>1030.739781</ele>
        <time>2024-08-14T16:20:38.665Z</time>
      </trkpt>
      <trkpt lat="62.042251" lon="9.488073">
        <ele>1027.060043</ele>
        <time>2024-08-14T16:20:50.806Z</time>
      </trkpt>
      <trkpt lat="62.042734" lon="9.489116">
        <ele>1023.860511</ele>
        <time>2024-08-14T16:21:10.229Z</time>
      </trkpt>
      <trkpt lat="62.043270" lon="9.490400">
        <ele>1020.135393</ele>
        <time>2024-08-14T16:21:35.095Z</time>
      </trkpt>
      <trkpt lat="62.043461" lon="9.490699">
        <ele>1019.441555</ele>
        <time>2024-08-14T16:21:42.390Z</time>
      </trkpt>
      <trkpt lat="62.043728" lon="9.490995">
        <ele>1018.560314</ele>
        <time>2024-08-14T16:21:51.519Z</time>
      </trkpt>
      <trkpt lat="62.044124" lon="9.492179">
        <ele>1016.563477</ele>
        <time>2024-08-14T16:22:11.842Z</time>
      </trkpt>
      <trkpt lat="62.044512" lon="9.493481">
        <ele>1014.415649</ele>
        <time>2024-08-14T16:22:33.070Z</time>
      </trkpt>
      <trkpt lat="62.045097" lon="9.494927">
        <ele>1011.627022</ele>
        <time>2024-08-14T16:22:59.266Z</time>
      </trkpt>
      <trkpt lat="62.045378" lon="9.495546">
        <ele>1010.369002</ele>
        <time>2024-08-14T16:23:11.271Z</time>
      </trkpt>
      <trkpt lat="62.045535" lon="9.495992">
        <ele>1009.554708</ele>
        <time>2024-08-14T16:23:19.146Z</time>
      </trkpt>
      <trkpt lat="62.045944" lon="9.497290">
        <ele>1008.052768</ele>
        <time>2024-08-14T16:23:41.662Z</time>
      </trkpt>
      <trkpt lat="62.046490" lon="9.499478">
        <ele>1005.841964</ele>
        <time>2024-08-14T16:24:18.977Z</time>
      </trkpt>
      <trkpt lat="62.046994" lon="9.500944">
        <ele>1005.227123</ele>
        <time>2024-08-14T16:24:47.776Z</time>
      </trkpt>
      <trkpt lat="62.047920" lon="9.503282">
        <ele>1004.550359</ele>
        <time>2024-08-14T16:25:39.534Z</time>
      </trkpt>
      <trkpt lat="62.049360" lon="9.506134">
        <ele>1004.615645</ele>
        <time>2024-08-14T16:26:52.936Z</time>
      </trkpt>
      <trkpt lat="62.049892" lon="9.507326">
        <ele>1004.711639</ele>
        <time>2024-08-14T16:27:22.065Z</time>
      </trkpt>
      <trkpt lat="62.049969" lon="9.507514">
        <ele>1004.726200</ele>
        <time>2024-08-14T16:27:26.520Z</time>
      </trkpt>
      <trkpt lat="62.050349" lon="9.508123">
        <ele>1004.735468</ele>
        <time>2024-08-14T16:27:44.261Z</time>
      </trkpt>
      <trkpt lat="62.050774" lon="9.509115">
        <ele>1004.681897</ele>
        <time>2024-08-14T16:28:07.720Z</time>
      </trkpt>
      <trkpt lat="62.051383" lon="9.510409">
        <ele>1004.608803</ele>
        <time>2024-08-14T16:28:39.094Z</time>
      </trkpt>
      <trkpt lat="62.051620" lon="9.511094">
        <ele>1004.477536</ele>
        <time>2024-08-14T16:28:53.203Z</time>
      </trkpt>
      <trkpt lat="62.051891" lon="9.512088">
        <ele>1004.271703</ele>
        <time>2024-08-14T16:29:12.356Z</time>
      </trkpt>
      <trkpt lat="62.052135" lon="9.512853">
        <ele>1004.106074</ele>
        <time>2024-08-14T16:29:27.728Z</time>
      </trkpt>
      <trkpt lat="62.052443" lon="9.513666">
        <ele>1003.918958</ele>
        <time>2024-08-14T16:29:45.235Z</time>
      </trkpt>
      <trkpt lat="62.052670" lon="9.514806">
        <ele>1003.743073</ele>
        <time>2024-08-14T16:30:06.061Z</time>
      </trkpt>
      <trkpt lat="62.053241" lon="9.516839">
        <ele>1003.407775</ele>
        <time>2024-08-14T16:30:45.992Z</time>
      </trkpt>
      <trkpt lat="62.053776" lon="9.517847">
        <ele>1003.235761</ele>
        <time>2024-08-14T16:31:11.828Z</time>
      </trkpt>
      <trkpt lat="62.053965" lon="9.518258">
        <ele>1003.173895</ele>
        <time>2024-08-14T16:31:21.574Z</time>
      </trkpt>
      <trkpt lat="62.054208" lon="9.518876">
        <ele>1003.087223</ele>
        <time>2024-08-14T16:31:35.239Z</time>
      </trkpt>
      <trkpt lat="62.054576" lon="9.519986">
        <ele>1002.950762</ele>
        <time>2024-08-14T16:31:58.305Z</time>
      </trkpt>
      <trkpt lat="62.054682" lon="9.520372">
        <ele>1002.926537</ele>
        <time>2024-08-14T16:32:05.899Z</time>
      </trkpt>
      <trkpt lat="62.054995" lon="9.522202">
        <ele>1002.821054</ele>
        <time>2024-08-14T16:32:39.124Z</time>
      </trkpt>
      <trkpt lat="62.055212" lon="9.523205">
        <ele>1002.761237</ele>
        <time>2024-08-14T16:32:58.289Z</time>
      </trkpt>
      <trkpt lat="62.055385" lon="9.523836">
        <ele>1002.796644</ele>
        <time>2024-08-14T16:33:11.103Z</time>
      </trkpt>
      <trkpt lat="62.055670" lon="9.524659">
        <ele>1002.875011</ele>
        <time>2024-08-14T16:33:29.105Z</time>
      </trkpt>
      <trkpt lat="62.055885" lon="9.525005">
        <ele>1002.919017</ele>
        <time>2024-08-14T16:33:39.312Z</time>
      </trkpt>
      <trkpt lat="62.056415" lon="9.525647">
        <ele>1003.018609</ele>
        <time>2024-08-14T16:34:02.459Z</time>
      </trkpt>
      <trkpt lat="62.056669" lon="9.525851">
        <ele>1003.038344</ele>
        <time>2024-08-14T16:34:12.718Z</time>
      </trkpt>
      <trkpt lat="62.057017" lon="9.525989">
        <ele>1003.008917</ele>
        <time>2024-08-14T16:34:26.140Z</time>
      </trkpt>
      <trkpt lat="62.057186" lon="9.526154">
        <ele>1002.993466</ele>
        <time>2024-08-14T16:34:33.138Z</time>
      </trkpt>
      <trkpt lat="62.057524" lon="9.526609">
        <ele>1002.960243</ele>
        <time>2024-08-14T16:34:47.995Z</time>
      </trkpt>
      <trkpt lat="62.058227" lon="9.527188">
        <ele>1002.897597</ele>
        <time>2024-08-14T16:35:15.232Z</time>
      </trkpt>
      <trkpt lat="62.058816" lon="9.527561">
        <ele>1002.399593</ele>
        <time>2024-08-14T16:35:36.602Z</time>
      </trkpt>
      <trkpt lat="62.059202" lon="9.527962">
        <ele>1002.048616</ele>
        <time>2024-08-14T16:35:50.943Z</time>
      </trkpt>
      <trkpt lat="62.059433" lon="9.528369">
        <ele>1001.803721</ele>
        <time>2024-08-14T16:36:01.091Z</time>
      </trkpt>
      <trkpt lat="62.059791" lon="9.529423">
        <ele>1001.335964</ele>
        <time>2024-08-14T16:36:22.030Z</time>
      </trkpt>
      <trkpt lat="62.059895" lon="9.529663">
        <ele>1001.242586</ele>
        <time>2024-08-14T16:36:27.058Z</time>
      </trkpt>
      <trkpt lat="62.060245" lon="9.530424">
        <ele>1000.937993</ele>
        <time>2024-08-14T16:36:44.644Z</time>
      </trkpt>
      <trkpt lat="62.060324" lon="9.530820">
        <ele>1000.815055</ele>
        <time>2024-08-14T16:36:51.607Z</time>
      </trkpt>
      <trkpt lat="62.060485" lon="9.531996">
        <ele>1000.465102</ele>
        <time>2024-08-14T16:37:11.973Z</time>
      </trkpt>
      <trkpt lat="62.060680" lon="9.534019">
        <ele>999.920813</ele>
        <time>2024-08-14T16:37:45.830Z</time>
      </trkpt>
      <trkpt lat="62.060735" lon="9.535177">
        <ele>999.621714</ele>
        <time>2024-08-14T16:38:05.231Z</time>
      </trkpt>
      <trkpt lat="62.060707" lon="9.536319">
        <ele>999.320584</ele>
        <time>2024-08-14T16:38:24.040Z</time>
      </trkpt>
      <trkpt lat="62.060611" lon="9.537767">
        <ele>998.771858</ele>
        <time>2024-08-14T16:38:47.634Z</time>
      </trkpt>
      <trkpt lat="62.060621" lon="9.538438">
        <ele>998.519959</ele>
        <time>2024-08-14T16:38:58.374Z</time>
      </trkpt>
      <trkpt lat="62.060654" lon="9.538931">
        <ele>998.333099</ele>
        <time>2024-08-14T16:39:06.350Z</time>
      </trkpt>
      <trkpt lat="62.060716" lon="9.539614">
        <ele>998.072060</ele>
        <time>2024-08-14T16:39:17.624Z</time>
      </trkpt>
      <trkpt lat="62.060899" lon="9.541139">
        <ele>997.033624</ele>
        <time>2024-08-14T16:39:42.718Z</time>
      </trkpt>
      <trkpt lat="62.061040" lon="9.543070">
        <ele>995.522010</ele>
        <time>2024-08-14T16:40:12.120Z</time>
      </trkpt>
      <trkpt lat="62.061433" lon="9.545987">
        <ele>991.887954</ele>
        <time>2024-08-14T16:40:55.551Z</time>
      </trkpt>
      <trkpt lat="62.061417" lon="9.547091">
        <ele>990.409054</ele>
        <time>2024-08-14T16:41:10.745Z</time>
      </trkpt>
      <trkpt lat="62.061297" lon="9.548225">
        <ele>988.657916</ele>
        <time>2024-08-14T16:41:26.610Z</time>
      </trkpt>
      <trkpt lat="62.061283" lon="9.548350">
        <ele>988.450272</ele>
        <time>2024-08-14T16:41:28.360Z</time>
      </trkpt>
      <trkpt lat="62.061058" lon="9.549885">
        <ele>985.851725</ele>
        <time>2024-08-14T16:41:50.004Z</time>
      </trkpt>
      <trkpt lat="62.060614" lon="9.553572">
        <ele>980.705073</ele>
        <time>2024-08-14T16:42:42.831Z</time>
      </trkpt>
      <trkpt lat="62.060576" lon="9.554193">
        <ele>979.954330</ele>
        <time>2024-08-14T16:42:52.024Z</time>
      </trkpt>
      <trkpt lat="62.060615" lon="9.555756">
        <ele>978.569085</ele>
        <time>2024-08-14T16:43:15.732Z</time>
      </trkpt>
      <trkpt lat="62.060702" lon="9.557170">
        <ele>977.780360</ele>
        <time>2024-08-14T16:43:38.489Z</time>
      </trkpt>
      <trkpt lat="62.060813" lon="9.558440">
        <ele>977.065875</ele>
        <time>2024-08-14T16:43:59.256Z</time>
      </trkpt>
      <trkpt lat="62.060982" lon="9.560011">
        <ele>976.246711</ele>
        <time>2024-08-14T16:44:23.979Z</time>
      </trkpt>
      <trkpt lat="62.061133" lon="9.560986">
        <ele>975.738101</ele>
        <time>2024-08-14T16:44:39.926Z</time>
      </trkpt>
      <trkpt lat="62.061340" lon="9.562048">
        <ele>975.168401</ele>
        <time>2024-08-14T16:44:58.309Z</time>
      </trkpt>
      <trkpt lat="62.061555" lon="9.562972">
        <ele>974.680828</ele>
        <time>2024-08-14T16:45:15.149Z</time>
      </trkpt>
      <trkpt lat="62.062084" lon="9.564849">
        <ele>973.678437</ele>
        <time>2024-08-14T16:45:50.103Z</time>
      </trkpt>
      <trkpt lat="62.062180" lon="9.565273">
        <ele>973.462938</ele>
        <time>2024-08-14T16:45:57.531Z</time>
      </trkpt>
      <trkpt lat="62.062432" lon="9.566872">
        <ele>972.301282</ele>
        <time>2024-08-14T16:46:23.615Z</time>
      </trkpt>
      <trkpt lat="62.062546" lon="9.568076">
        <ele>971.315940</ele>
        <time>2024-08-14T16:46:41.962Z</time>
      </trkpt>
      <trkpt lat="62.062667" lon="9.570107">
        <ele>969.643803</ele>
        <time>2024-08-14T16:47:12.036Z</time>
      </trkpt>
      <trkpt lat="62.062704" lon="9.572509">
        <ele>967.589699</ele>
        <time>2024-08-14T16:47:47.691Z</time>
      </trkpt>
      <trkpt lat="62.062773" lon="9.573588">
        <ele>966.702628</ele>
        <time>2024-08-14T16:48:04.327Z</time>
      </trkpt>
      <trkpt lat="62.062792" lon="9.574241">
        <ele>966.273028</ele>
        <time>2024-08-14T16:48:14.339Z</time>
      </trkpt>
      <trkpt lat="62.062800" lon="9.574366">
        <ele>966.190189</ele>
        <time>2024-08-14T16:48:16.316Z</time>
      </trkpt>
      <trkpt lat="62.062855" lon="9.575599">
        <ele>965.376915</ele>
        <time>2024-08-14T16:48:35.282Z</time>
      </trkpt>
      <trkpt lat="62.062832" lon="9.576023">
        <ele>965.096649</ele>
        <time>2024-08-14T16:48:41.763Z</time>
      </trkpt>
      <trkpt lat="62.062742" lon="9.576546">
        <ele>964.730804</ele>
        <time>2024-08-14T16:48:50.229Z</time>
      </trkpt>
      <trkpt lat="62.062475" lon="9.577535">
        <ele>964.032527</ele>
        <time>2024-08-14T16:49:08.096Z</time>
      </trkpt>
      <trkpt lat="62.061961" lon="9.579016">
        <ele>963.001807</ele>
        <time>2024-08-14T16:49:37.180Z</time>
      </trkpt>
      <trkpt lat="62.061413" lon="9.580481">
        <ele>961.882623</ele>
        <time>2024-08-14T16:50:06.175Z</time>
      </trkpt>
      <trkpt lat="62.061088" lon="9.581249">
        <ele>961.122785</ele>
        <time>2024-08-14T16:50:21.846Z</time>
      </trkpt>
      <trkpt lat="62.060420" lon="9.583479">
        <ele>959.159254</ele>
        <time>2024-08-14T16:51:01.900Z</time>
      </trkpt>
      <trkpt lat="62.060237" lon="9.584256">
        <ele>958.449889</ele>
        <time>2024-08-14T16:51:14.885Z</time>
      </trkpt>
      <trkpt lat="62.060015" lon="9.585383">
        <ele>957.452654</ele>
        <time>2024-08-14T16:51:33.160Z</time>
      </trkpt>
      <trkpt lat="62.059897" lon="9.586162">
        <ele>956.784837</ele>
        <time>2024-08-14T16:51:45.445Z</time>
      </trkpt>
      <trkpt lat="62.059427" lon="9.590193">
        <ele>953.281698</ele>
        <time>2024-08-14T16:52:47.687Z</time>
      </trkpt>
      <trkpt lat="62.059182" lon="9.591993">
        <ele>951.657330</ele>
        <time>2024-08-14T16:53:15.214Z</time>
      </trkpt>
      <trkpt lat="62.059001" lon="9.593688">
        <ele>950.143253</ele>
        <time>2024-08-14T16:53:41.138Z</time>
      </trkpt>
      <trkpt lat="62.058964" lon="9.594908">
        <ele>949.231902</ele>
        <time>2024-08-14T16:53:59.681Z</time>
      </trkpt>
      <trkpt lat="62.058987" lon="9.598203">
        <ele>947.155624</ele>
        <time>2024-08-14T16:54:50.918Z</time>
      </trkpt>
      <trkpt lat="62.059044" lon="9.601420">
        <ele>944.886972</ele>
        <time>2024-08-14T16:55:40.287Z</time>
      </trkpt>
      <trkpt lat="62.059094" lon="9.602600">
        <ele>943.855583</ele>
        <time>2024-08-14T16:55:57.745Z</time>
      </trkpt>
      <trkpt lat="62.059147" lon="9.603158">
        <ele>943.283266</ele>
        <time>2024-08-14T16:56:06.087Z</time>
      </trkpt>
      <trkpt lat="62.059315" lon="9.604363">
        <ele>942.019504</ele>
        <time>2024-08-14T16:56:24.393Z</time>
      </trkpt>
      <trkpt lat="62.059564" lon="9.606423">
        <ele>939.953246</ele>
        <time>2024-08-14T16:56:55.208Z</time>
      </trkpt>
      <trkpt lat="62.059797" lon="9.607829">
        <ele>938.594266</ele>
        <time>2024-08-14T16:57:17.109Z</time>
      </trkpt>
      <trkpt lat="62.059989" lon="9.608560">
        <ele>937.830631</ele>
        <time>2024-08-14T16:57:29.618Z</time>
      </trkpt>
      <trkpt lat="62.060168" lon="9.609006">
        <ele>937.295509</ele>
        <time>2024-08-14T16:57:38.434Z</time>
      </trkpt>
      <trkpt lat="62.060473" lon="9.609905">
        <ele>936.568411</ele>
        <time>2024-08-14T16:57:55.316Z</time>
      </trkpt>
      <trkpt lat="62.061249" lon="9.611779">
        <ele>935.032570</ele>
        <time>2024-08-14T16:58:34.124Z</time>
      </trkpt>
      <trkpt lat="62.061763" lon="9.612651">
        <ele>934.418602</ele>
        <time>2024-08-14T16:58:56.438Z</time>
      </trkpt>
      <trkpt lat="62.062003" lon="9.612944">
        <ele>934.198842</ele>
        <time>2024-08-14T16:59:05.919Z</time>
      </trkpt>
      <trkpt lat="62.062382" lon="9.613592">
        <ele>933.812868</ele>
        <time>2024-08-14T16:59:22.591Z</time>
      </trkpt>
      <trkpt lat="62.062604" lon="9.614047">
        <ele>933.568238</ele>
        <time>2024-08-14T16:59:33.234Z</time>
      </trkpt>
      <trkpt lat="62.062804" lon="9.614608">
        <ele>933.333491</ele>
        <time>2024-08-14T16:59:44.717Z</time>
      </trkpt>
      <trkpt lat="62.063201" lon="9.615897">
        <ele>933.011260</ele>
        <time>2024-08-14T17:00:10.181Z</time>
      </trkpt>
      <trkpt lat="62.063421" lon="9.616704">
        <ele>932.816226</ele>
        <time>2024-08-14T17:00:25.743Z</time>
      </trkpt>
      <trkpt lat="62.063685" lon="9.617400">
        <ele>932.629164</ele>
        <time>2024-08-14T17:00:40.774Z</time>
      </trkpt>
      <trkpt lat="62.063988" lon="9.617914">
        <ele>932.508990</ele>
        <time>2024-08-14T17:00:54.727Z</time>
      </trkpt>
      <trkpt lat="62.064623" lon="9.618781">
        <ele>932.332384</ele>
        <time>2024-08-14T17:01:22.029Z</time>
      </trkpt>
      <trkpt lat="62.065487" lon="9.619896">
        <ele>932.115077</ele>
        <time>2024-08-14T17:01:58.679Z</time>
      </trkpt>
      <trkpt lat="62.066953" lon="9.621882">
        <ele>931.941630</ele>
        <time>2024-08-14T17:03:01.937Z</time>
      </trkpt>
      <trkpt lat="62.067767" lon="9.622762">
        <ele>932.273161</ele>
        <time>2024-08-14T17:03:36.632Z</time>
      </trkpt>
      <trkpt lat="62.069828" lon="9.624368">
        <ele>933.382608</ele>
        <time>2024-08-14T17:05:04.410Z</time>
      </trkpt>
      <trkpt lat="62.071725" lon="9.625747">
        <ele>933.555151</ele>
        <time>2024-08-14T17:06:19.411Z</time>
      </trkpt>
      <trkpt lat="62.073038" lon="9.626900">
        <ele>932.831908</ele>
        <time>2024-08-14T17:07:08.163Z</time>
      </trkpt>
      <trkpt lat="62.073951" lon="9.627847">
        <ele>932.555597</ele>
        <time>2024-08-14T17:07:44.290Z</time>
      </trkpt>
      <trkpt lat="62.074626" lon="9.628257">
        <ele>932.573298</ele>
        <time>2024-08-14T17:08:11.190Z</time>
      </trkpt>
      <trkpt lat="62.075268" lon="9.628468">
        <ele>932.563975</ele>
        <time>2024-08-14T17:08:35.919Z</time>
      </trkpt>
      <trkpt lat="62.075913" lon="9.628770">
        <ele>932.261995</ele>
        <time>2024-08-14T17:09:00.191Z</time>
      </trkpt>
      <trkpt lat="62.076839" lon="9.629414">
        <ele>931.816623</ele>
        <time>2024-08-14T17:09:33.945Z</time>
      </trkpt>
      <trkpt lat="62.077056" lon="9.629615">
        <ele>931.649129</ele>
        <time>2024-08-14T17:09:41.874Z</time>
      </trkpt>
      <trkpt lat="62.077169" lon="9.629752">
        <ele>931.528214</ele>
        <time>2024-08-14T17:09:46.263Z</time>
      </trkpt>
      <trkpt lat="62.077585" lon="9.630425">
        <ele>931.042572</ele>
        <time>2024-08-14T17:10:03.558Z</time>
      </trkpt>
      <trkpt lat="62.078950" lon="9.632795">
        <ele>929.812527</ele>
        <time>2024-08-14T17:11:04.051Z</time>
      </trkpt>
      <trkpt lat="62.079566" lon="9.634127">
        <ele>929.480357</ele>
        <time>2024-08-14T17:11:36.104Z</time>
      </trkpt>
      <trkpt lat="62.080091" lon="9.635468">
        <ele>929.223600</ele>
        <time>2024-08-14T17:12:06.386Z</time>
      </trkpt>
      <trkpt lat="62.080945" lon="9.636702">
        <ele>928.919676</ele>
        <time>2024-08-14T17:12:43.454Z</time>
      </trkpt>
      <trkpt lat="62.082557" lon="9.638796">
        <ele>927.516137</ele>
        <time>2024-08-14T17:13:47.797Z</time>
      </trkpt>
      <trkpt lat="62.084320" lon="9.640573">
        <ele>926.633766</ele>
        <time>2024-08-14T17:14:56.910Z</time>
      </trkpt>
      <trkpt lat="62.084832" lon="9.641142">
        <ele>926.543331</ele>
        <time>2024-08-14T17:15:17.479Z</time>
      </trkpt>
      <trkpt lat="62.085062" lon="9.641549">
        <ele>926.496532</ele>
        <time>2024-08-14T17:15:28.122Z</time>
      </trkpt>
      <trkpt lat="62.085221" lon="9.641930">
        <ele>926.459092</ele>
        <time>2024-08-14T17:15:36.827Z</time>
      </trkpt>
      <trkpt lat="62.085335" lon="9.642314">
        <ele>926.425737</ele>
        <time>2024-08-14T17:15:44.791Z</time>
      </trkpt>
      <trkpt lat="62.085401" lon="9.642653">
        <ele>926.398805</ele>
        <time>2024-08-14T17:15:51.155Z</time>
      </trkpt>
      <trkpt lat="62.085543" lon="9.643477">
        <ele>926.534894</ele>
        <time>2024-08-14T17:16:06.961Z</time>
      </trkpt>
      <trkpt lat="62.085670" lon="9.644061">
        <ele>926.765511</ele>
        <time>2024-08-14T17:16:18.837Z</time>
      </trkpt>
      <trkpt lat="62.086487" lon="9.647618">
        <ele>928.283897</ele>
        <time>2024-08-14T17:17:34.741Z</time>
      </trkpt>
      <trkpt lat="62.086759" lon="9.648904">
        <ele>928.903489</ele>
        <time>2024-08-14T17:18:01.852Z</time>
      </trkpt>
      <trkpt lat="62.086863" lon="9.649388">
        <ele>929.137312</ele>
        <time>2024-08-14T17:18:12.086Z</time>
      </trkpt>
      <trkpt lat="62.086988" lon="9.650115">
        <ele>929.470348</ele>
        <time>2024-08-14T17:18:26.658Z</time>
      </trkpt>
      <trkpt lat="62.087012" lon="9.650272">
        <ele>929.531804</ele>
        <time>2024-08-14T17:18:29.611Z</time>
      </trkpt>
      <trkpt lat="62.087488" lon="9.653570">
        <ele>930.815987</ele>
        <time>2024-08-14T17:19:35.125Z</time>
      </trkpt>
      <trkpt lat="62.087538" lon="9.654148">
        <ele>930.735556</ele>
        <time>2024-08-14T17:19:46.037Z</time>
      </trkpt>
      <trkpt lat="62.087547" lon="9.654678">
        <ele>930.592886</ele>
        <time>2024-08-14T17:19:55.600Z</time>
      </trkpt>
      <trkpt lat="62.087524" lon="9.655074">
        <ele>930.485541</ele>
        <time>2024-08-14T17:20:02.749Z</time>
      </trkpt>
      <trkpt lat="62.087275" lon="9.656629">
        <ele>930.043431</ele>
        <time>2024-08-14T17:20:29.979Z</time>
      </trkpt>
      <trkpt lat="62.085812" lon="9.665928">
        <ele>919.968593</ele>
        <time>2024-08-14T17:22:50.752Z</time>
      </trkpt>
      <trkpt lat="62.085718" lon="9.666542">
        <ele>919.399362</ele>
        <time>2024-08-14T17:23:00.251Z</time>
      </trkpt>
      <trkpt lat="62.085130" lon="9.670226">
        <ele>916.657801</ele>
        <time>2024-08-14T17:23:59.906Z</time>
      </trkpt>
      <trkpt lat="62.084966" lon="9.671380">
        <ele>916.006106</ele>
        <time>2024-08-14T17:24:19.068Z</time>
      </trkpt>
      <trkpt lat="62.084784" lon="9.673183">
        <ele>915.210189</ele>
        <time>2024-08-14T17:24:48.586Z</time>
      </trkpt>
      <trkpt lat="62.084731" lon="9.673927">
        <ele>914.926590</ele>
        <time>2024-08-14T17:25:00.666Z</time>
      </trkpt>
      <trkpt lat="62.084668" lon="9.676084">
        <ele>914.136228</ele>
        <time>2024-08-14T17:25:35.546Z</time>
      </trkpt>
      <trkpt lat="62.084688" lon="9.677908">
        <ele>913.595273</ele>
        <time>2024-08-14T17:26:04.995Z</time>
      </trkpt>
      <trkpt lat="62.084777" lon="9.679414">
        <ele>913.145210</ele>
        <time>2024-08-14T17:26:29.695Z</time>
      </trkpt>
      <trkpt lat="62.084877" lon="9.680481">
        <ele>913.055559</ele>
        <time>2024-08-14T17:26:47.996Z</time>
      </trkpt>
      <trkpt lat="62.085031" lon="9.681684">
        <ele>913.012890</ele>
        <time>2024-08-14T17:27:09.748Z</time>
      </trkpt>
      <trkpt lat="62.085340" lon="9.683741">
        <ele>912.873263</ele>
        <time>2024-08-14T17:27:47.582Z</time>
      </trkpt>
      <trkpt lat="62.085439" lon="9.684278">
        <ele>912.769945</ele>
        <time>2024-08-14T17:27:57.729Z</time>
      </trkpt>
      <trkpt lat="62.085569" lon="9.685106">
        <ele>912.613603</ele>
        <time>2024-08-14T17:28:12.623Z</time>
      </trkpt>
      <trkpt lat="62.085753" lon="9.686194">
        <ele>912.406513</ele>
        <time>2024-08-14T17:28:31.771Z</time>
      </trkpt>
      <trkpt lat="62.085895" lon="9.687233">
        <ele>912.095474</ele>
        <time>2024-08-14T17:28:49.111Z</time>
      </trkpt>
      <trkpt lat="62.086005" lon="9.688340">
        <ele>911.452656</ele>
        <time>2024-08-14T17:29:06.535Z</time>
      </trkpt>
      <trkpt lat="62.086253" lon="9.691362">
        <ele>909.712519</ele>
        <time>2024-08-14T17:29:53.964Z</time>
      </trkpt>
      <trkpt lat="62.086390" lon="9.693852">
        <ele>908.298349</ele>
        <time>2024-08-14T17:30:32.821Z</time>
      </trkpt>
      <trkpt lat="62.086441" lon="9.695392">
        <ele>907.653371</ele>
        <time>2024-08-14T17:30:57.198Z</time>
      </trkpt>
      <trkpt lat="62.086439" lon="9.695955">
        <ele>907.482279</ele>
        <time>2024-08-14T17:31:06.149Z</time>
      </trkpt>
      <trkpt lat="62.086334" lon="9.697376">
        <ele>907.045112</ele>
        <time>2024-08-14T17:31:29.316Z</time>
      </trkpt>
      <trkpt lat="62.085982" lon="9.699635">
        <ele>906.738628</ele>
        <time>2024-08-14T17:32:10.654Z</time>
      </trkpt>
      <trkpt lat="62.085853" lon="9.700354">
        <ele>906.732633</ele>
        <time>2024-08-14T17:32:24.816Z</time>
      </trkpt>
      <trkpt lat="62.085245" lon="9.703042">
        <ele>906.373229</ele>
        <time>2024-08-14T17:33:15.608Z</time>
      </trkpt>
      <trkpt lat="62.084848" lon="9.704745">
        <ele>905.874527</ele>
        <time>2024-08-14T17:33:46.238Z</time>
      </trkpt>
      <trkpt lat="62.083132" lon="9.712103">
        <ele>902.540954</ele>
        <time>2024-08-14T17:35:57.199Z</time>
      </trkpt>
      <trkpt lat="62.082834" lon="9.713427">
        <ele>901.986968</ele>
        <time>2024-08-14T17:36:20.968Z</time>
      </trkpt>
      <trkpt lat="62.082625" lon="9.714548">
        <ele>901.534609</ele>
        <time>2024-08-14T17:36:40.426Z</time>
      </trkpt>
      <trkpt lat="62.082482" lon="9.715511">
        <ele>901.155854</ele>
        <time>2024-08-14T17:36:56.713Z</time>
      </trkpt>
      <trkpt lat="62.082380" lon="9.716409">
        <ele>900.811503</ele>
        <time>2024-08-14T17:37:11.577Z</time>
      </trkpt>
      <trkpt lat="62.081591" lon="9.724934">
        <ele>897.510576</ele>
        <time>2024-08-14T17:39:31.272Z</time>
      </trkpt>
      <trkpt lat="62.081567" lon="9.726595">
        <ele>896.811639</ele>
        <time>2024-08-14T17:39:57.584Z</time>
      </trkpt>
      <trkpt lat="62.081612" lon="9.727339">
        <ele>896.508010</ele>
        <time>2024-08-14T17:40:09.482Z</time>
      </trkpt>
      <trkpt lat="62.081697" lon="9.728159">
        <ele>896.192525</ele>
        <time>2024-08-14T17:40:22.807Z</time>
      </trkpt>
      <trkpt lat="62.081797" lon="9.728886">
        <ele>895.907892</ele>
        <time>2024-08-14T17:40:34.892Z</time>
      </trkpt>
      <trkpt lat="62.082245" lon="9.731395">
        <ele>894.998603</ele>
        <time>2024-08-14T17:41:18.499Z</time>
      </trkpt>
      <trkpt lat="62.082733" lon="9.733216">
        <ele>894.505907</ele>
        <time>2024-08-14T17:41:53.375Z</time>
      </trkpt>
      <trkpt lat="62.082836" lon="9.733743">
        <ele>894.371809</ele>
        <time>2024-08-14T17:42:02.884Z</time>
      </trkpt>
      <trkpt lat="62.082988" lon="9.734997">
        <ele>893.978024</ele>
        <time>2024-08-14T17:42:24.344Z</time>
      </trkpt>
      <trkpt lat="62.083015" lon="9.735566">
        <ele>893.781894</ele>
        <time>2024-08-14T17:42:33.715Z</time>
      </trkpt>
      <trkpt lat="62.083013" lon="9.736291">
        <ele>893.533261</ele>
        <time>2024-08-14T17:42:45.475Z</time>
      </trkpt>
      <trkpt lat="62.082999" lon="9.736595">
        <ele>893.428505</ele>
        <time>2024-08-14T17:42:50.334Z</time>
      </trkpt>
      <trkpt lat="62.082994" lon="9.736725">
        <ele>893.383773</ele>
        <time>2024-08-14T17:42:52.414Z</time>
      </trkpt>
      <trkpt lat="62.082978" lon="9.736989">
        <ele>893.292482</ele>
        <time>2024-08-14T17:42:56.674Z</time>
      </trkpt>
      <trkpt lat="62.082800" lon="9.739416">
        <ele>892.328168</ele>
        <time>2024-08-14T17:43:35.549Z</time>
      </trkpt>
      <trkpt lat="62.082801" lon="9.740126">
        <ele>892.024716</ele>
        <time>2024-08-14T17:43:46.854Z</time>
      </trkpt>
      <trkpt lat="62.082842" lon="9.740543">
        <ele>891.842605</ele>
        <time>2024-08-14T17:43:53.614Z</time>
      </trkpt>
      <trkpt lat="62.083066" lon="9.741688">
        <ele>891.312237</ele>
        <time>2024-08-14T17:44:13.400Z</time>
      </trkpt>
      <trkpt lat="62.083711" lon="9.744182">
        <ele>890.284544</ele>
        <time>2024-08-14T17:44:59.258Z</time>
      </trkpt>
      <trkpt lat="62.083985" lon="9.745403">
        <ele>889.831886</ele>
        <time>2024-08-14T17:45:21.375Z</time>
      </trkpt>
      <trkpt lat="62.084355" lon="9.747504">
        <ele>889.254849</ele>
        <time>2024-08-14T17:45:58.260Z</time>
      </trkpt>
      <trkpt lat="62.084440" lon="9.748224">
        <ele>889.063970</ele>
        <time>2024-08-14T17:46:10.558Z</time>
      </trkpt>
      <trkpt lat="62.084662" lon="9.751118">
        <ele>888.328217</ele>
        <time>2024-08-14T17:46:58.768Z</time>
      </trkpt>
      <trkpt lat="62.084858" lon="9.753251">
        <ele>887.796685</ele>
        <time>2024-08-14T17:47:34.443Z</time>
      </trkpt>
      <trkpt lat="62.085129" lon="9.755292">
        <ele>887.298251</ele>
        <time>2024-08-14T17:48:09.472Z</time>
      </trkpt>
      <trkpt lat="62.085310" lon="9.756274">
        <ele>887.053014</ele>
        <time>2024-08-14T17:48:26.941Z</time>
      </trkpt>
      <trkpt lat="62.085463" lon="9.757320">
        <ele>886.830776</ele>
        <time>2024-08-14T17:48:45.180Z</time>
      </trkpt>
      <trkpt lat="62.085531" lon="9.757627">
        <ele>886.761901</ele>
        <time>2024-08-14T17:48:50.856Z</time>
      </trkpt>
      <trkpt lat="62.085618" lon="9.758316">
        <ele>886.617183</ele>
        <time>2024-08-14T17:49:02.722Z</time>
      </trkpt>
      <trkpt lat="62.086087" lon="9.761264">
        <ele>885.961110</ele>
        <time>2024-08-14T17:49:54.349Z</time>
      </trkpt>
      <trkpt lat="62.086375" lon="9.762630">
        <ele>885.632754</ele>
        <time>2024-08-14T17:50:19.332Z</time>
      </trkpt>
      <trkpt lat="62.087045" lon="9.765456">
        <ele>884.611891</ele>
        <time>2024-08-14T17:51:11.135Z</time>
      </trkpt>
      <trkpt lat="62.088011" lon="9.769539">
        <ele>882.576679</ele>
        <time>2024-08-14T17:52:23.430Z</time>
      </trkpt>
      <trkpt lat="62.088567" lon="9.772439">
        <ele>881.241536</ele>
        <time>2024-08-14T17:53:12.659Z</time>
      </trkpt>
      <trkpt lat="62.088800" lon="9.773984">
        <ele>880.628956</ele>
        <time>2024-08-14T17:53:39.003Z</time>
      </trkpt>
      <trkpt lat="62.088887" lon="9.774691">
        <ele>880.583826</ele>
        <time>2024-08-14T17:53:51.139Z</time>
      </trkpt>
      <trkpt lat="62.089394" lon="9.779730">
        <ele>880.273482</ele>
        <time>2024-08-14T17:55:20.614Z</time>
      </trkpt>
      <trkpt lat="62.090115" lon="9.787066">
        <ele>879.232933</ele>
        <time>2024-08-14T17:57:27.064Z</time>
      </trkpt>
      <trkpt lat="62.090173" lon="9.787832">
        <ele>879.064190</ele>
        <time>2024-08-14T17:57:39.622Z</time>
      </trkpt>
      <trkpt lat="62.090202" lon="9.788679">
        <ele>878.879505</ele>
        <time>2024-08-14T17:57:53.354Z</time>
      </trkpt>
      <trkpt lat="62.090193" lon="9.790245">
        <ele>878.401371</ele>
        <time>2024-08-14T17:58:18.730Z</time>
      </trkpt>
      <trkpt lat="62.090146" lon="9.791124">
        <ele>878.117906</ele>
        <time>2024-08-14T17:58:33.023Z</time>
      </trkpt>
      <trkpt lat="62.090070" lon="9.792016">
        <ele>877.827411</ele>
        <time>2024-08-14T17:58:47.708Z</time>
      </trkpt>
      <trkpt lat="62.089936" lon="9.793145">
        <ele>877.504503</ele>
        <time>2024-08-14T17:59:06.730Z</time>
      </trkpt>
      <trkpt lat="62.089550" lon="9.795213">
        <ele>877.039989</ele>
        <time>2024-08-14T17:59:43.745Z</time>
      </trkpt>
      <trkpt lat="62.089115" lon="9.796913">
        <ele>876.863253</ele>
        <time>2024-08-14T18:00:16.098Z</time>
      </trkpt>
      <trkpt lat="62.088881" lon="9.797487">
        <ele>876.929009</ele>
        <time>2024-08-14T18:00:29.078Z</time>
      </trkpt>
      <trkpt lat="62.087936" lon="9.799029">
        <ele>877.204263</ele>
        <time>2024-08-14T18:01:15.383Z</time>
      </trkpt>
      <trkpt lat="62.087449" lon="9.799750">
        <ele>877.620465</ele>
        <time>2024-08-14T18:01:39.348Z</time>
      </trkpt>
      <trkpt lat="62.087042" lon="9.800242">
        <ele>877.948951</ele>
        <time>2024-08-14T18:01:58.175Z</time>
      </trkpt>
      <trkpt lat="62.086778" lon="9.800625">
        <ele>878.173113</ele>
        <time>2024-08-14T18:02:10.985Z</time>
      </trkpt>
      <trkpt lat="62.086421" lon="9.801310">
        <ele>878.372333</ele>
        <time>2024-08-14T18:02:30.043Z</time>
      </trkpt>
      <trkpt lat="62.085853" lon="9.802511">
        <ele>878.279000</ele>
        <time>2024-08-14T18:03:00.283Z</time>
      </trkpt>
      <trkpt lat="62.084034" lon="9.805891">
        <ele>877.116772</ele>
        <time>2024-08-14T18:04:24.123Z</time>
      </trkpt>
      <trkpt lat="62.083643" lon="9.806693">
        <ele>876.736438</ele>
        <time>2024-08-14T18:04:42.681Z</time>
      </trkpt>
      <trkpt lat="62.083269" lon="9.807359">
        <ele>876.385785</ele>
        <time>2024-08-14T18:04:59.390Z</time>
      </trkpt>
      <trkpt lat="62.083025" lon="9.807769">
        <ele>876.162216</ele>
        <time>2024-08-14T18:05:10.063Z</time>
      </trkpt>
      <trkpt lat="62.082600" lon="9.808360">
        <ele>875.797012</ele>
        <time>2024-08-14T18:05:27.613Z</time>
      </trkpt>
      <trkpt lat="62.080572" lon="9.810525">
        <ele>874.722362</ele>
        <time>2024-08-14T18:06:47.853Z</time>
      </trkpt>
      <trkpt lat="62.079600" lon="9.811625">
        <ele>874.290966</ele>
        <time>2024-08-14T18:07:27.134Z</time>
      </trkpt>
      <trkpt lat="62.079302" lon="9.811914">
        <ele>874.162615</ele>
        <time>2024-08-14T18:07:38.864Z</time>
      </trkpt>
      <trkpt lat="62.078986" lon="9.812139">
        <ele>874.084773</ele>
        <time>2024-08-14T18:07:50.805Z</time>
      </trkpt>
      <trkpt lat="62.077935" lon="9.813019">
        <ele>873.871700</ele>
        <time>2024-08-14T18:08:31.763Z</time>
      </trkpt>
      <trkpt lat="62.075384" lon="9.815038">
        <ele>873.613716</ele>
        <time>2024-08-14T18:10:12.126Z</time>
      </trkpt>
      <trkpt lat="62.074833" lon="9.815591">
        <ele>873.494995</ele>
        <time>2024-08-14T18:10:34.381Z</time>
      </trkpt>
      <trkpt lat="62.074442" lon="9.816085">
        <ele>873.406403</ele>
        <time>2024-08-14T18:10:50.796Z</time>
      </trkpt>
      <trkpt lat="62.074230" lon="9.816427">
        <ele>873.333107</ele>
        <time>2024-08-14T18:11:00.272Z</time>
      </trkpt>
      <trkpt lat="62.073972" lon="9.816947">
        <ele>873.081958</ele>
        <time>2024-08-14T18:11:12.812Z</time>
      </trkpt>
      <trkpt lat="62.073684" lon="9.817617">
        <ele>872.780455</ele>
        <time>2024-08-14T18:11:27.738Z</time>
      </trkpt>
      <trkpt lat="62.071953" lon="9.822570">
        <ele>870.261826</ele>
        <time>2024-08-14T18:13:06.094Z</time>
      </trkpt>
      <trkpt lat="62.071603" lon="9.823748">
        <ele>869.573984</ele>
        <time>2024-08-14T18:13:27.918Z</time>
      </trkpt>
      <trkpt lat="62.071376" lon="9.824731">
        <ele>869.033586</ele>
        <time>2024-08-14T18:13:44.993Z</time>
      </trkpt>
      <trkpt lat="62.070702" lon="9.829198">
        <ele>867.166481</ele>
        <time>2024-08-14T18:14:59.402Z</time>
      </trkpt>
      <trkpt lat="62.070528" lon="9.829947">
        <ele>867.435939</ele>
        <time>2024-08-14T18:15:14.072Z</time>
      </trkpt>
      <trkpt lat="62.070253" lon="9.830720">
        <ele>868.020112</ele>
        <time>2024-08-14T18:15:31.999Z</time>
      </trkpt>
      <trkpt lat="62.067863" lon="9.836151">
        <ele>874.937444</ele>
        <time>2024-08-14T18:18:11.440Z</time>
      </trkpt>
      <trkpt lat="62.067425" lon="9.837464">
        <ele>876.950642</ele>
        <time>2024-08-14T18:18:47.912Z</time>
      </trkpt>
      <trkpt lat="62.067278" lon="9.838024">
        <ele>877.752390</ele>
        <time>2024-08-14T18:19:02.729Z</time>
      </trkpt>
      <trkpt lat="62.067118" lon="9.838788">
        <ele>878.735506</ele>
        <time>2024-08-14T18:19:22.422Z</time>
      </trkpt>
      <trkpt lat="62.066857" lon="9.840537">
        <ele>880.834521</ele>
        <time>2024-08-14T18:20:04.158Z</time>
      </trkpt>
      <trkpt lat="62.066812" lon="9.841118">
        <ele>881.507918</ele>
        <time>2024-08-14T18:20:17.129Z</time>
      </trkpt>
      <trkpt lat="62.066790" lon="9.841791">
        <ele>882.279371</ele>
        <time>2024-08-14T18:20:31.740Z</time>
      </trkpt>
      <trkpt lat="62.066650" lon="9.855941">
        <ele>884.826638</ele>
        <time>2024-08-14T18:24:47.808Z</time>
      </trkpt>
      <trkpt lat="62.066624" lon="9.860824">
        <ele>883.251755</ele>
        <time>2024-08-14T18:26:05.228Z</time>
      </trkpt>
      <trkpt lat="62.066596" lon="9.861381">
        <ele>882.991732</ele>
        <time>2024-08-14T18:26:14.295Z</time>
      </trkpt>
      <trkpt lat="62.066415" lon="9.862722">
        <ele>882.280705</ele>
        <time>2024-08-14T18:26:36.912Z</time>
      </trkpt>
      <trkpt lat="62.066063" lon="9.864713">
        <ele>881.196452</ele>
        <time>2024-08-14T18:27:10.374Z</time>
      </trkpt>
      <trkpt lat="62.065573" lon="9.867835">
        <ele>877.944818</ele>
        <time>2024-08-14T18:27:58.934Z</time>
      </trkpt>
      <trkpt lat="62.064784" lon="9.873242">
        <ele>869.950181</ele>
        <time>2024-08-14T18:29:17.096Z</time>
      </trkpt>
      <trkpt lat="62.064502" lon="9.874979">
        <ele>867.371097</ele>
        <time>2024-08-14T18:29:42.862Z</time>
      </trkpt>
      <trkpt lat="62.064190" lon="9.877384">
        <ele>864.154006</ele>
        <time>2024-08-14T18:30:18.068Z</time>
      </trkpt>
      <trkpt lat="62.063705" lon="9.884091">
        <ele>856.940351</ele>
        <time>2024-08-14T18:31:55.403Z</time>
      </trkpt>
      <trkpt lat="62.063399" lon="9.888666">
        <ele>855.348421</ele>
        <time>2024-08-14T18:33:14.373Z</time>
      </trkpt>
      <trkpt lat="62.063158" lon="9.891756">
        <ele>853.756778</ele>
        <time>2024-08-14T18:34:03.680Z</time>
      </trkpt>
      <trkpt lat="62.062771" lon="9.897004">
        <ele>849.328730</ele>
        <time>2024-08-14T18:35:20.565Z</time>
      </trkpt>
      <trkpt lat="62.062697" lon="9.898379">
        <ele>848.329931</ele>
        <time>2024-08-14T18:35:43.113Z</time>
      </trkpt>
      <trkpt lat="62.062724" lon="9.899779">
        <ele>848.552713</ele>
        <time>2024-08-14T18:36:08.255Z</time>
      </trkpt>
      <trkpt lat="62.063174" lon="9.904926">
        <ele>849.661557</ele>
        <time>2024-08-14T18:37:46.709Z</time>
      </trkpt>
      <trkpt lat="62.063349" lon="9.906392">
        <ele>849.879829</ele>
        <time>2024-08-14T18:38:12.032Z</time>
      </trkpt>
      <trkpt lat="62.063607" lon="9.907800">
        <ele>849.840191</ele>
        <time>2024-08-14T18:38:37.214Z</time>
      </trkpt>
      <trkpt lat="62.064099" lon="9.909570">
        <ele>849.808687</ele>
        <time>2024-08-14T18:39:13.349Z</time>
      </trkpt>
      <trkpt lat="62.065126" lon="9.913030">
        <ele>850.364159</ele>
        <time>2024-08-14T18:40:29.065Z</time>
      </trkpt>
      <trkpt lat="62.065399" lon="9.914225">
        <ele>849.873217</ele>
        <time>2024-08-14T18:40:50.510Z</time>
      </trkpt>
      <trkpt lat="62.065539" lon="9.914964">
        <ele>849.578866</ele>
        <time>2024-08-14T18:41:02.911Z</time>
      </trkpt>
      <trkpt lat="62.065944" lon="9.917610">
        <ele>848.400490</ele>
        <time>2024-08-14T18:41:45.875Z</time>
      </trkpt>
      <trkpt lat="62.066197" lon="9.919828">
        <ele>847.317984</ele>
        <time>2024-08-14T18:42:23.168Z</time>
      </trkpt>
      <trkpt lat="62.066310" lon="9.922318">
        <ele>845.072256</ele>
        <time>2024-08-14T18:43:01.458Z</time>
      </trkpt>
      <trkpt lat="62.066327" lon="9.923462">
        <ele>844.019769</ele>
        <time>2024-08-14T18:43:17.602Z</time>
      </trkpt>
      <trkpt lat="62.066294" lon="9.925009">
        <ele>842.281199</ele>
        <time>2024-08-14T18:43:38.861Z</time>
      </trkpt>
      <trkpt lat="62.066200" lon="9.927495">
        <ele>839.351248</ele>
        <time>2024-08-14T18:44:14.220Z</time>
      </trkpt>
      <trkpt lat="62.066215" lon="9.929475">
        <ele>839.627839</ele>
        <time>2024-08-14T18:44:48.015Z</time>
      </trkpt>
      <trkpt lat="62.066348" lon="9.931184">
        <ele>840.007540</ele>
        <time>2024-08-14T18:45:23.103Z</time>
      </trkpt>
      <trkpt lat="62.066455" lon="9.932025">
        <ele>840.356192</ele>
        <time>2024-08-14T18:45:41.175Z</time>
      </trkpt>
      <trkpt lat="62.066671" lon="9.933336">
        <ele>841.007633</ele>
        <time>2024-08-14T18:46:09.340Z</time>
      </trkpt>
      <trkpt lat="62.066746" lon="9.933636">
        <ele>841.167032</ele>
        <time>2024-08-14T18:46:15.953Z</time>
      </trkpt>
      <trkpt lat="62.067032" lon="9.934499">
        <ele>841.662563</ele>
        <time>2024-08-14T18:46:35.629Z</time>
      </trkpt>
      <trkpt lat="62.067291" lon="9.935080">
        <ele>841.684009</ele>
        <time>2024-08-14T18:46:49.407Z</time>
      </trkpt>
      <trkpt lat="62.067291" lon="9.935080">
        <ele>841.684009</ele>
        <time>2024-08-14T18:46:49.411Z</time>
      </trkpt>
      <trkpt lat="62.067675" lon="9.935768">
        <ele>841.189812</ele>
        <time>2024-08-14T18:47:06.589Z</time>
      </trkpt>
      <trkpt lat="62.068266" lon="9.936669">
        <ele>840.473902</ele>
        <time>2024-08-14T18:47:30.235Z</time>
      </trkpt>
      <trkpt lat="62.069193" lon="9.938340">
        <ele>839.254546</ele>
        <time>2024-08-14T18:48:10.294Z</time>
      </trkpt>
      <trkpt lat="62.069426" lon="9.938700">
        <ele>838.962833</ele>
        <time>2024-08-14T18:48:20.060Z</time>
      </trkpt>
      <trkpt lat="62.069667" lon="9.938934">
        <ele>838.694310</ele>
        <time>2024-08-14T18:48:29.140Z</time>
      </trkpt>
      <trkpt lat="62.069927" lon="9.939270">
        <ele>838.386060</ele>
        <time>2024-08-14T18:48:39.695Z</time>
      </trkpt>
      <trkpt lat="62.070345" lon="9.940064">
        <ele>837.591484</ele>
        <time>2024-08-14T18:48:59.483Z</time>
      </trkpt>
      <trkpt lat="62.070768" lon="9.940722">
        <ele>836.789135</ele>
        <time>2024-08-14T18:49:17.768Z</time>
      </trkpt>
      <trkpt lat="62.070894" lon="9.940860">
        <ele>836.572037</ele>
        <time>2024-08-14T18:49:22.466Z</time>
      </trkpt>
      <trkpt lat="62.071353" lon="9.941196">
        <ele>835.828156</ele>
        <time>2024-08-14T18:49:37.846Z</time>
      </trkpt>
      <trkpt lat="62.071470" lon="9.941324">
        <ele>835.626613</ele>
        <time>2024-08-14T18:49:41.770Z</time>
      </trkpt>
      <trkpt lat="62.071663" lon="9.941673">
        <ele>834.508360</ele>
        <time>2024-08-14T18:49:49.133Z</time>
      </trkpt>
      <trkpt lat="62.071864" lon="9.942307">
        <ele>832.450707</ele>
        <time>2024-08-14T18:49:59.139Z</time>
      </trkpt>
      <trkpt lat="62.072117" lon="9.943318">
        <ele>829.369956</ele>
        <time>2024-08-14T18:50:13.472Z</time>
      </trkpt>
      <trkpt lat="62.072233" lon="9.944427">
        <ele>826.315943</ele>
        <time>2024-08-14T18:50:27.281Z</time>
      </trkpt>
      <trkpt lat="62.072422" lon="9.945523">
        <ele>823.045440</ele>
        <time>2024-08-14T18:50:41.250Z</time>
      </trkpt>
      <trkpt lat="62.072492" lon="9.946211">
        <ele>821.029200</ele>
        <time>2024-08-14T18:50:49.740Z</time>
      </trkpt>
      <trkpt lat="62.072545" lon="9.948010">
        <ele>815.867078</ele>
        <time>2024-08-14T18:51:12.286Z</time>
      </trkpt>
      <trkpt lat="62.072701" lon="9.948780">
        <ele>813.822217</ele>
        <time>2024-08-14T18:51:23.262Z</time>
      </trkpt>
      <trkpt lat="62.072800" lon="9.949104">
        <ele>813.263694</ele>
        <time>2024-08-14T18:51:25.823Z</time>
      </trkpt>
      <trkpt lat="62.072945" lon="9.949443">
        <ele>812.600872</ele>
        <time>2024-08-14T18:51:28.944Z</time>
      </trkpt>
      <trkpt lat="62.073276" lon="9.950007">
        <ele>811.295444</ele>
        <time>2024-08-14T18:51:35.247Z</time>
      </trkpt>
      <trkpt lat="62.073823" lon="9.950758">
        <ele>809.290747</ele>
        <time>2024-08-14T18:51:45.362Z</time>
      </trkpt>
      <trkpt lat="62.074235" lon="9.951552">
        <ele>807.281209</ele>
        <time>2024-08-14T18:51:53.778Z</time>
      </trkpt>
      <trkpt lat="62.074594" lon="9.952365">
        <ele>805.214104</ele>
        <time>2024-08-14T18:52:01.275Z</time>
      </trkpt>
      <trkpt lat="62.074826" lon="9.952973">
        <ele>803.763289</ele>
        <time>2024-08-14T18:52:06.353Z</time>
      </trkpt>
      <trkpt lat="62.075247" lon="9.954255">
        <ele>800.656902</ele>
        <time>2024-08-14T18:52:16.274Z</time>
      </trkpt>
      <trkpt lat="62.075364" lon="9.954539">
        <ele>799.737935</ele>
        <time>2024-08-14T18:52:18.633Z</time>
      </trkpt>
      <trkpt lat="62.075811" lon="9.955422">
        <ele>796.578872</ele>
        <time>2024-08-14T18:52:26.668Z</time>
      </trkpt>
      <trkpt lat="62.075877" lon="9.955568">
        <ele>796.085871</ele>
        <time>2024-08-14T18:52:27.940Z</time>
      </trkpt>
      <trkpt lat="62.075915" lon="9.955663">
        <ele>795.782338</ele>
        <time>2024-08-14T18:52:28.720Z</time>
      </trkpt>
      <trkpt lat="62.076145" lon="9.956239">
        <ele>793.943325</ele>
        <time>2024-08-14T18:52:33.457Z</time>
      </trkpt>
      <trkpt lat="62.076213" lon="9.956657">
        <ele>792.868285</ele>
        <time>2024-08-14T18:52:36.244Z</time>
      </trkpt>
      <trkpt lat="62.076222" lon="9.956859">
        <ele>792.375320</ele>
        <time>2024-08-14T18:52:37.554Z</time>
      </trkpt>
      <trkpt lat="62.076178" lon="9.957555">
        <ele>791.402338</ele>
        <time>2024-08-14T18:52:42.100Z</time>
      </trkpt>
      <trkpt lat="62.076043" lon="9.958136">
        <ele>790.578633</ele>
        <time>2024-08-14T18:52:46.453Z</time>
      </trkpt>
      <trkpt lat="62.075816" lon="9.958862">
        <ele>789.469981</ele>
        <time>2024-08-14T18:52:52.590Z</time>
      </trkpt>
      <trkpt lat="62.075695" lon="9.959483">
        <ele>788.615760</ele>
        <time>2024-08-14T18:52:57.488Z</time>
      </trkpt>
      <trkpt lat="62.075627" lon="9.960040">
        <ele>787.884717</ele>
        <time>2024-08-14T18:53:01.881Z</time>
      </trkpt>
      <trkpt lat="62.075620" lon="9.960519">
        <ele>787.313516</ele>
        <time>2024-08-14T18:53:05.637Z</time>
      </trkpt>
      <trkpt lat="62.075645" lon="9.960981">
        <ele>787.151424</ele>
        <time>2024-08-14T18:53:09.424Z</time>
      </trkpt>
      <trkpt lat="62.075710" lon="9.961450">
        <ele>786.980955</ele>
        <time>2024-08-14T18:53:14.022Z</time>
      </trkpt>
      <trkpt lat="62.075862" lon="9.962111">
        <ele>786.724301</ele>
        <time>2024-08-14T18:53:20.645Z</time>
      </trkpt>
      <trkpt lat="62.075987" lon="9.962654">
        <ele>786.513421</ele>
        <time>2024-08-14T18:53:25.926Z</time>
      </trkpt>
      <trkpt lat="62.076252" lon="9.963618">
        <ele>786.123834</ele>
        <time>2024-08-14T18:53:35.544Z</time>
      </trkpt>
      <trkpt lat="62.076300" lon="9.963807">
        <ele>786.048899</ele>
        <time>2024-08-14T18:53:37.294Z</time>
      </trkpt>
      <trkpt lat="62.076376" lon="9.964132">
        <ele>785.835579</ele>
        <time>2024-08-14T18:53:40.443Z</time>
      </trkpt>
      <trkpt lat="62.075606" lon="9.965584">
        <ele>784.078074</ele>
        <time>2024-08-14T18:53:52.201Z</time>
      </trkpt>
      <trkpt lat="62.075377" lon="9.966080">
        <ele>783.520018</ele>
        <time>2024-08-14T18:53:55.747Z</time>
      </trkpt>
      <trkpt lat="62.075062" lon="9.966872">
        <ele>782.651359</ele>
        <time>2024-08-14T18:54:00.905Z</time>
      </trkpt>
      <trkpt lat="62.074864" lon="9.967460">
        <ele>781.977651</ele>
        <time>2024-08-14T18:54:04.493Z</time>
      </trkpt>
      <trkpt lat="62.074570" lon="9.968514">
        <ele>780.836417</ele>
        <time>2024-08-14T18:54:10.656Z</time>
      </trkpt>
      <trkpt lat="62.073975" lon="9.971412">
        <ele>778.626390</ele>
        <time>2024-08-14T18:54:27.616Z</time>
      </trkpt>
      <trkpt lat="62.073777" lon="9.972194">
        <ele>778.218884</ele>
        <time>2024-08-14T18:54:32.854Z</time>
      </trkpt>
      <trkpt lat="62.073604" lon="9.972706">
        <ele>777.929472</ele>
        <time>2024-08-14T18:54:36.688Z</time>
      </trkpt>
      <trkpt lat="62.073427" lon="9.973133">
        <ele>777.668074</ele>
        <time>2024-08-14T18:54:40.311Z</time>
      </trkpt>
      <trkpt lat="62.072840" lon="9.974127">
        <ele>777.407101</ele>
        <time>2024-08-14T18:54:51.015Z</time>
      </trkpt>
      <trkpt lat="62.072691" lon="9.974425">
        <ele>777.353890</ele>
        <time>2024-08-14T18:54:53.820Z</time>
      </trkpt>
      <trkpt lat="62.072192" lon="9.975770">
        <ele>777.144434</ele>
        <time>2024-08-14T18:55:05.035Z</time>
      </trkpt>
      <trkpt lat="62.071988" lon="9.976224">
        <ele>776.984608</ele>
        <time>2024-08-14T18:55:08.996Z</time>
      </trkpt>
      <trkpt lat="62.071698" lon="9.976686">
        <ele>776.704313</ele>
        <time>2024-08-14T18:55:13.849Z</time>
      </trkpt>
      <trkpt lat="62.071173" lon="9.977291">
        <ele>776.242159</ele>
        <time>2024-08-14T18:55:21.694Z</time>
      </trkpt>
      <trkpt lat="62.070931" lon="9.977691">
        <ele>776.005078</ele>
        <time>2024-08-14T18:55:25.476Z</time>
      </trkpt>
      <trkpt lat="62.069328" lon="9.980705">
        <ele>773.280953</ele>
        <time>2024-08-14T18:55:50.184Z</time>
      </trkpt>
      <trkpt lat="62.068438" lon="9.982338">
        <ele>772.165466</ele>
        <time>2024-08-14T18:56:04.303Z</time>
      </trkpt>
      <trkpt lat="62.068154" lon="9.982871">
        <ele>771.811078</ele>
        <time>2024-08-14T18:56:09.038Z</time>
      </trkpt>
      <trkpt lat="62.067549" lon="9.984050">
        <ele>771.844407</ele>
        <time>2024-08-14T18:56:20.208Z</time>
      </trkpt>
      <trkpt lat="62.066860" lon="9.985384">
        <ele>772.360399</ele>
        <time>2024-08-14T18:56:36.312Z</time>
      </trkpt>
      <trkpt lat="62.065390" lon="9.988172">
        <ele>775.885449</ele>
        <time>2024-08-14T18:57:20.294Z</time>
      </trkpt>
      <trkpt lat="62.064701" lon="9.989342">
        <ele>778.577715</ele>
        <time>2024-08-14T18:57:44.507Z</time>
      </trkpt>
      <trkpt lat="62.063622" lon="9.991105">
        <ele>782.948830</ele>
        <time>2024-08-14T18:58:24.036Z</time>
      </trkpt>
      <trkpt lat="62.063355" lon="9.991653">
        <ele>784.034746</ele>
        <time>2024-08-14T18:58:34.211Z</time>
      </trkpt>
      <trkpt lat="62.063149" lon="9.992241">
        <ele>785.043189</ele>
        <time>2024-08-14T18:58:43.487Z</time>
      </trkpt>
      <trkpt lat="62.063049" lon="9.992629">
        <ele>785.651420</ele>
        <time>2024-08-14T18:58:49.095Z</time>
      </trkpt>
      <trkpt lat="62.062366" lon="9.995819">
        <ele>789.394570</ele>
        <time>2024-08-14T18:59:29.035Z</time>
      </trkpt>
      <trkpt lat="62.062203" lon="9.996431">
        <ele>790.021884</ele>
        <time>2024-08-14T18:59:35.775Z</time>
      </trkpt>
      <trkpt lat="62.061963" lon="9.997052">
        <ele>790.739234</ele>
        <time>2024-08-14T18:59:43.546Z</time>
      </trkpt>
      <trkpt lat="62.061247" lon="9.998316">
        <ele>791.609362</ele>
        <time>2024-08-14T19:00:00.345Z</time>
      </trkpt>
      <trkpt lat="62.060844" lon="9.998905">
        <ele>792.040807</ele>
        <time>2024-08-14T19:00:09.279Z</time>
      </trkpt>
      <trkpt lat="62.060537" lon="9.999249">
        <ele>792.347089</ele>
        <time>2024-08-14T19:00:15.420Z</time>
      </trkpt>
      <trkpt lat="62.059712" lon="9.999939">
        <ele>793.099409</ele>
        <time>2024-08-14T19:00:31.671Z</time>
      </trkpt>
      <trkpt lat="62.059263" lon="10.000206">
        <ele>793.493502</ele>
        <time>2024-08-14T19:00:39.872Z</time>
      </trkpt>
      <trkpt lat="62.057593" lon="10.000530">
        <ele>795.112460</ele>
        <time>2024-08-14T19:01:10.574Z</time>
      </trkpt>
      <trkpt lat="62.056098" lon="10.000769">
        <ele>796.659710</ele>
        <time>2024-08-14T19:01:40.810Z</time>
      </trkpt>
      <trkpt lat="62.055781" lon="10.000782">
        <ele>796.989681</ele>
        <time>2024-08-14T19:01:47.125Z</time>
      </trkpt>
      <trkpt lat="62.055193" lon="10.000658">
        <ele>797.604608</ele>
        <time>2024-08-14T19:01:58.235Z</time>
      </trkpt>
      <trkpt lat="62.052715" lon="9.999648">
        <ele>797.099010</ele>
        <time>2024-08-14T19:02:34.305Z</time>
      </trkpt>
      <trkpt lat="62.052317" lon="9.999423">
        <ele>796.796052</ele>
        <time>2024-08-14T19:02:39.484Z</time>
      </trkpt>
      <trkpt lat="62.051649" lon="9.998850">
        <ele>796.245923</ele>
        <time>2024-08-14T19:02:48.097Z</time>
      </trkpt>
      <trkpt lat="62.050959" lon="9.998195">
        <ele>794.644197</ele>
        <time>2024-08-14T19:02:56.582Z</time>
      </trkpt>
      <trkpt lat="62.050374" lon="9.997754">
        <ele>793.328301</ele>
        <time>2024-08-14T19:03:03.252Z</time>
      </trkpt>
      <trkpt lat="62.049956" lon="9.997595">
        <ele>792.407534</ele>
        <time>2024-08-14T19:03:07.692Z</time>
      </trkpt>
      <trkpt lat="62.048942" lon="9.997341">
        <ele>788.974276</ele>
        <time>2024-08-14T19:03:18.116Z</time>
      </trkpt>
      <trkpt lat="62.048390" lon="9.997112">
        <ele>787.083266</ele>
        <time>2024-08-14T19:03:23.657Z</time>
      </trkpt>
      <trkpt lat="62.047948" lon="9.996877">
        <ele>785.392503</ele>
        <time>2024-08-14T19:03:28.081Z</time>
      </trkpt>
      <trkpt lat="62.046797" lon="9.996207">
        <ele>780.641033</ele>
        <time>2024-08-14T19:03:39.693Z</time>
      </trkpt>
      <trkpt lat="62.046289" lon="9.996060">
        <ele>778.858113</ele>
        <time>2024-08-14T19:03:44.755Z</time>
      </trkpt>
      <trkpt lat="62.046055" lon="9.996067">
        <ele>778.296282</ele>
        <time>2024-08-14T19:03:47.064Z</time>
      </trkpt>
      <trkpt lat="62.045744" lon="9.996172">
        <ele>777.540356</ele>
        <time>2024-08-14T19:03:50.236Z</time>
      </trkpt>
      <trkpt lat="62.045500" lon="9.996324">
        <ele>776.930108</ele>
        <time>2024-08-14T19:03:52.871Z</time>
      </trkpt>
      <trkpt lat="62.045196" lon="9.996598">
        <ele>776.137810</ele>
        <time>2024-08-14T19:03:56.464Z</time>
      </trkpt>
      <trkpt lat="62.045132" lon="9.996671">
        <ele>775.963577</ele>
        <time>2024-08-14T19:03:57.324Z</time>
      </trkpt>
      <trkpt lat="62.044590" lon="9.997497">
        <ele>775.000135</ele>
        <time>2024-08-14T19:04:05.382Z</time>
      </trkpt>
      <trkpt lat="62.041897" lon="10.002055">
        <ele>776.822353</ele>
        <time>2024-08-14T19:05:05.378Z</time>
      </trkpt>
      <trkpt lat="62.041592" lon="10.002552">
        <ele>777.287172</ele>
        <time>2024-08-14T19:05:12.705Z</time>
      </trkpt>
      <trkpt lat="62.041404" lon="10.002842">
        <ele>777.568146</ele>
        <time>2024-08-14T19:05:17.316Z</time>
      </trkpt>
      <trkpt lat="62.040917" lon="10.003503">
        <ele>778.267206</ele>
        <time>2024-08-14T19:05:28.504Z</time>
      </trkpt>
      <trkpt lat="62.040168" lon="10.004300">
        <ele>779.481835</ele>
        <time>2024-08-14T19:05:46.248Z</time>
      </trkpt>
      <trkpt lat="62.039719" lon="10.004680">
        <ele>780.381322</ele>
        <time>2024-08-14T19:05:56.687Z</time>
      </trkpt>
      <trkpt lat="62.038958" lon="10.005204">
        <ele>781.870378</ele>
        <time>2024-08-14T19:06:14.618Z</time>
      </trkpt>
      <trkpt lat="62.038486" lon="10.005595">
        <ele>782.865735</ele>
        <time>2024-08-14T19:06:26.680Z</time>
      </trkpt>
      <trkpt lat="62.037992" lon="10.006108">
        <ele>783.985272</ele>
        <time>2024-08-14T19:06:40.094Z</time>
      </trkpt>
      <trkpt lat="62.037346" lon="10.006733">
        <ele>785.430648</ele>
        <time>2024-08-14T19:06:56.476Z</time>
      </trkpt>
      <trkpt lat="62.036428" lon="10.007341">
        <ele>786.635101</ele>
        <time>2024-08-14T19:07:16.779Z</time>
      </trkpt>
      <trkpt lat="62.035870" lon="10.007691">
        <ele>787.211434</ele>
        <time>2024-08-14T19:07:27.644Z</time>
      </trkpt>
      <trkpt lat="62.035417" lon="10.008039">
        <ele>787.688541</ele>
        <time>2024-08-14T19:07:35.575Z</time>
      </trkpt>
      <trkpt lat="62.034343" lon="10.009101">
        <ele>787.460786</ele>
        <time>2024-08-14T19:07:51.835Z</time>
      </trkpt>
      <trkpt lat="62.034273" lon="10.009163">
        <ele>787.445053</ele>
        <time>2024-08-14T19:07:52.893Z</time>
      </trkpt>
      <trkpt lat="62.033886" lon="10.009430">
        <ele>787.360628</ele>
        <time>2024-08-14T19:07:58.451Z</time>
      </trkpt>
      <trkpt lat="62.033596" lon="10.009504">
        <ele>787.290575</ele>
        <time>2024-08-14T19:08:02.438Z</time>
      </trkpt>
      <trkpt lat="62.033306" lon="10.009510">
        <ele>787.211494</ele>
        <time>2024-08-14T19:08:06.387Z</time>
      </trkpt>
      <trkpt lat="62.032536" lon="10.009410">
        <ele>787.001142</ele>
        <time>2024-08-14T19:08:17.010Z</time>
      </trkpt>
      <trkpt lat="62.032240" lon="10.009489">
        <ele>786.919799</ele>
        <time>2024-08-14T19:08:21.196Z</time>
      </trkpt>
      <trkpt lat="62.031983" lon="10.009622">
        <ele>786.847686</ele>
        <time>2024-08-14T19:08:25.022Z</time>
      </trkpt>
      <trkpt lat="62.031504" lon="10.010027">
        <ele>786.606511</ele>
        <time>2024-08-14T19:08:32.565Z</time>
      </trkpt>
      <trkpt lat="62.031151" lon="10.010474">
        <ele>786.409464</ele>
        <time>2024-08-14T19:08:38.121Z</time>
      </trkpt>
      <trkpt lat="62.030400" lon="10.011734">
        <ele>785.906357</ele>
        <time>2024-08-14T19:08:50.359Z</time>
      </trkpt>
      <trkpt lat="62.029965" lon="10.012323">
        <ele>785.228532</ele>
        <time>2024-08-14T19:08:56.627Z</time>
      </trkpt>
      <trkpt lat="62.029117" lon="10.013236">
        <ele>783.978927</ele>
        <time>2024-08-14T19:09:07.707Z</time>
      </trkpt>
      <trkpt lat="62.028344" lon="10.013908">
        <ele>782.693467</ele>
        <time>2024-08-14T19:09:17.112Z</time>
      </trkpt>
      <trkpt lat="62.027343" lon="10.014583">
        <ele>780.957770</ele>
        <time>2024-08-14T19:09:29.024Z</time>
      </trkpt>
      <trkpt lat="62.026408" lon="10.015034">
        <ele>779.493541</ele>
        <time>2024-08-14T19:09:39.827Z</time>
      </trkpt>
      <trkpt lat="62.025724" lon="10.015248">
        <ele>778.459687</ele>
        <time>2024-08-14T19:09:47.860Z</time>
      </trkpt>
      <trkpt lat="62.024965" lon="10.015359">
        <ele>777.413053</ele>
        <time>2024-08-14T19:09:56.788Z</time>
      </trkpt>
      <trkpt lat="62.024291" lon="10.015313">
        <ele>776.551558</ele>
        <time>2024-08-14T19:10:04.715Z</time>
      </trkpt>
      <trkpt lat="62.023126" lon="10.015080">
        <ele>775.109383</ele>
        <time>2024-08-14T19:10:18.624Z</time>
      </trkpt>
      <trkpt lat="62.022676" lon="10.015036">
        <ele>774.585060</ele>
        <time>2024-08-14T19:10:23.937Z</time>
      </trkpt>
      <trkpt lat="62.022192" lon="10.015180">
        <ele>774.016252</ele>
        <time>2024-08-14T19:10:29.847Z</time>
      </trkpt>
      <trkpt lat="62.021645" lon="10.015455">
        <ele>773.293756</ele>
        <time>2024-08-14T19:10:36.777Z</time>
      </trkpt>
      <trkpt lat="62.021313" lon="10.015534">
        <ele>772.767643</ele>
        <time>2024-08-14T19:10:40.817Z</time>
      </trkpt>
      <trkpt lat="62.020909" lon="10.015472">
        <ele>772.129739</ele>
        <time>2024-08-14T19:10:45.639Z</time>
      </trkpt>
      <trkpt lat="62.020540" lon="10.015267">
        <ele>771.529188</ele>
        <time>2024-08-14T19:10:50.081Z</time>
      </trkpt>
      <trkpt lat="62.017846" lon="10.013059">
        <ele>764.787811</ele>
        <time>2024-08-14T19:11:20.747Z</time>
      </trkpt>
      <trkpt lat="62.017419" lon="10.012871">
        <ele>763.581937</ele>
        <time>2024-08-14T19:11:25.224Z</time>
      </trkpt>
      <trkpt lat="62.017094" lon="10.012830">
        <ele>762.681522</ele>
        <time>2024-08-14T19:11:28.567Z</time>
      </trkpt>
      <trkpt lat="62.016889" lon="10.012852">
        <ele>762.113842</ele>
        <time>2024-08-14T19:11:30.699Z</time>
      </trkpt>
      <trkpt lat="62.016450" lon="10.012944">
        <ele>760.822264</ele>
        <time>2024-08-14T19:11:35.216Z</time>
      </trkpt>
      <trkpt lat="62.016068" lon="10.013029">
        <ele>759.611485</ele>
        <time>2024-08-14T19:11:39.139Z</time>
      </trkpt>
      <trkpt lat="62.015670" lon="10.013079">
        <ele>758.354634</ele>
        <time>2024-08-14T19:11:43.193Z</time>
      </trkpt>
      <trkpt lat="62.015349" lon="10.013058">
        <ele>757.342222</ele>
        <time>2024-08-14T19:11:46.440Z</time>
      </trkpt>
      <trkpt lat="62.013849" lon="10.012782">
        <ele>752.267483</ele>
        <time>2024-08-14T19:12:01.633Z</time>
      </trkpt>
      <trkpt lat="62.013016" lon="10.012567">
        <ele>749.327487</ele>
        <time>2024-08-14T19:12:09.969Z</time>
      </trkpt>
      <trkpt lat="62.012096" lon="10.012041">
        <ele>745.537533</ele>
        <time>2024-08-14T19:12:19.254Z</time>
      </trkpt>
      <trkpt lat="62.011826" lon="10.011935">
        <ele>744.445178</ele>
        <time>2024-08-14T19:12:21.923Z</time>
      </trkpt>
      <trkpt lat="62.011389" lon="10.011889">
        <ele>742.704326</ele>
        <time>2024-08-14T19:12:26.178Z</time>
      </trkpt>
      <trkpt lat="62.011080" lon="10.011994">
        <ele>741.695086</ele>
        <time>2024-08-14T19:12:29.232Z</time>
      </trkpt>
      <trkpt lat="62.010711" lon="10.012254">
        <ele>740.574310</ele>
        <time>2024-08-14T19:12:33.067Z</time>
      </trkpt>
      <trkpt lat="62.010555" lon="10.012411">
        <ele>740.076788</ele>
        <time>2024-08-14T19:12:34.782Z</time>
      </trkpt>
      <trkpt lat="62.009592" lon="10.013645">
        <ele>737.001065</ele>
        <time>2024-08-14T19:12:46.816Z</time>
      </trkpt>
      <trkpt lat="62.009218" lon="10.013912">
        <ele>736.503911</ele>
        <time>2024-08-14T19:12:51.417Z</time>
      </trkpt>
      <trkpt lat="62.008848" lon="10.014033">
        <ele>736.032094</ele>
        <time>2024-08-14T19:12:55.970Z</time>
      </trkpt>
      <trkpt lat="62.007263" lon="10.013942">
        <ele>734.158931</ele>
        <time>2024-08-14T19:13:15.438Z</time>
      </trkpt>
      <trkpt lat="62.006068" lon="10.013746">
        <ele>732.870476</ele>
        <time>2024-08-14T19:13:29.884Z</time>
      </trkpt>
      <trkpt lat="62.005419" lon="10.013486">
        <ele>732.090715</ele>
        <time>2024-08-14T19:13:37.807Z</time>
      </trkpt>
      <trkpt lat="62.004643" lon="10.012973">
        <ele>731.131324</ele>
        <time>2024-08-14T19:13:47.517Z</time>
      </trkpt>
      <trkpt lat="62.004298" lon="10.012871">
        <ele>730.678744</ele>
        <time>2024-08-14T19:13:51.674Z</time>
      </trkpt>
      <trkpt lat="62.003581" lon="10.012854">
        <ele>729.460359</ele>
        <time>2024-08-14T19:13:59.945Z</time>
      </trkpt>
      <trkpt lat="62.002980" lon="10.012933">
        <ele>728.437213</ele>
        <time>2024-08-14T19:14:06.609Z</time>
      </trkpt>
      <trkpt lat="62.002215" lon="10.013156">
        <ele>727.082493</ele>
        <time>2024-08-14T19:14:15.055Z</time>
      </trkpt>
      <trkpt lat="62.001634" lon="10.013392">
        <ele>726.009599</ele>
        <time>2024-08-14T19:14:21.565Z</time>
      </trkpt>
      <trkpt lat="62.001122" lon="10.013676">
        <ele>725.049886</ele>
        <time>2024-08-14T19:14:27.513Z</time>
      </trkpt>
      <trkpt lat="62.000435" lon="10.014133">
        <ele>724.108583</ele>
        <time>2024-08-14T19:14:35.769Z</time>
      </trkpt>
      <trkpt lat="61.994984" lon="10.017920">
        <ele>718.725406</ele>
        <time>2024-08-14T19:15:47.508Z</time>
      </trkpt>
      <trkpt lat="61.994388" lon="10.018394">
        <ele>717.963347</ele>
        <time>2024-08-14T19:15:54.950Z</time>
      </trkpt>
      <trkpt lat="61.994185" lon="10.018617">
        <ele>717.689746</ele>
        <time>2024-08-14T19:15:57.559Z</time>
      </trkpt>
      <trkpt lat="61.993699" lon="10.019263">
        <ele>716.972858</ele>
        <time>2024-08-14T19:16:04.122Z</time>
      </trkpt>
      <trkpt lat="61.993016" lon="10.020301">
        <ele>715.901915</ele>
        <time>2024-08-14T19:16:13.853Z</time>
      </trkpt>
      <trkpt lat="61.992464" lon="10.021221">
        <ele>715.133661</ele>
        <time>2024-08-14T19:16:22.404Z</time>
      </trkpt>
      <trkpt lat="61.992172" lon="10.021826">
        <ele>715.003887</ele>
        <time>2024-08-14T19:16:27.665Z</time>
      </trkpt>
      <trkpt lat="61.991900" lon="10.022616">
        <ele>714.857355</ele>
        <time>2024-08-14T19:16:34.039Z</time>
      </trkpt>
      <trkpt lat="61.991718" lon="10.023317">
        <ele>714.737537</ele>
        <time>2024-08-14T19:16:39.597Z</time>
      </trkpt>
      <trkpt lat="61.991004" lon="10.026587">
        <ele>714.845981</ele>
        <time>2024-08-14T19:17:05.618Z</time>
      </trkpt>
      <trkpt lat="61.990827" lon="10.027311">
        <ele>714.919370</ele>
        <time>2024-08-14T19:17:11.831Z</time>
      </trkpt>
      <trkpt lat="61.990732" lon="10.027581">
        <ele>714.950766</ele>
        <time>2024-08-14T19:17:14.348Z</time>
      </trkpt>
      <trkpt lat="61.990512" lon="10.028034">
        <ele>715.033490</ele>
        <time>2024-08-14T19:17:19.276Z</time>
      </trkpt>
      <trkpt lat="61.990219" lon="10.028481">
        <ele>715.130920</ele>
        <time>2024-08-14T19:17:25.052Z</time>
      </trkpt>
      <trkpt lat="61.990004" lon="10.028723">
        <ele>715.196656</ele>
        <time>2024-08-14T19:17:28.980Z</time>
      </trkpt>
      <trkpt lat="61.989630" lon="10.028937">
        <ele>715.301339</ele>
        <time>2024-08-14T19:17:35.109Z</time>
      </trkpt>
      <trkpt lat="61.988544" lon="10.029085">
        <ele>715.558877</ele>
        <time>2024-08-14T19:17:52.489Z</time>
      </trkpt>
      <trkpt lat="61.986976" lon="10.029596">
        <ele>715.666990</ele>
        <time>2024-08-14T19:18:17.015Z</time>
      </trkpt>
      <trkpt lat="61.986664" lon="10.029657">
        <ele>715.551608</ele>
        <time>2024-08-14T19:18:21.589Z</time>
      </trkpt>
      <trkpt lat="61.986325" lon="10.029585">
        <ele>715.426148</ele>
        <time>2024-08-14T19:18:26.285Z</time>
      </trkpt>
      <trkpt lat="61.985773" lon="10.029295">
        <ele>715.216770</ele>
        <time>2024-08-14T19:18:33.661Z</time>
      </trkpt>
      <trkpt lat="61.985353" lon="10.029131">
        <ele>714.884013</ele>
        <time>2024-08-14T19:18:38.888Z</time>
      </trkpt>
      <trkpt lat="61.983873" lon="10.028754">
        <ele>713.238302</ele>
        <time>2024-08-14T19:18:56.543Z</time>
      </trkpt>
      <trkpt lat="61.981173" lon="10.028107">
        <ele>711.105187</ele>
        <time>2024-08-14T19:19:31.136Z</time>
      </trkpt>
      <trkpt lat="61.980819" lon="10.028163">
        <ele>710.817428</ele>
        <time>2024-08-14T19:19:35.482Z</time>
      </trkpt>
      <trkpt lat="61.979902" lon="10.028536">
        <ele>710.337954</ele>
        <time>2024-08-14T19:19:46.967Z</time>
      </trkpt>
      <trkpt lat="61.978632" lon="10.029070">
        <ele>710.348359</ele>
        <time>2024-08-14T19:20:07.220Z</time>
      </trkpt>
      <trkpt lat="61.977968" lon="10.029241">
        <ele>710.496572</ele>
        <time>2024-08-14T19:20:18.756Z</time>
      </trkpt>
      <trkpt lat="61.977374" lon="10.029195">
        <ele>710.669972</ele>
        <time>2024-08-14T19:20:28.988Z</time>
      </trkpt>
      <trkpt lat="61.976893" lon="10.028969">
        <ele>710.813671</ele>
        <time>2024-08-14T19:20:36.892Z</time>
      </trkpt>
      <trkpt lat="61.976686" lon="10.028821">
        <ele>710.868339</ele>
        <time>2024-08-14T19:20:40.112Z</time>
      </trkpt>
      <trkpt lat="61.976562" lon="10.028721">
        <ele>710.789516</ele>
        <time>2024-08-14T19:20:41.843Z</time>
      </trkpt>
      <trkpt lat="61.976106" lon="10.028239">
        <ele>710.486870</ele>
        <time>2024-08-14T19:20:48.285Z</time>
      </trkpt>
      <trkpt lat="61.975035" lon="10.026727">
        <ele>709.771407</ele>
        <time>2024-08-14T19:21:04.526Z</time>
      </trkpt>
      <trkpt lat="61.974011" lon="10.025567">
        <ele>709.488068</ele>
        <time>2024-08-14T19:21:20.978Z</time>
      </trkpt>
      <trkpt lat="61.972831" lon="10.024316">
        <ele>709.225646</ele>
        <time>2024-08-14T19:21:40.267Z</time>
      </trkpt>
      <trkpt lat="61.971706" lon="10.023124">
        <ele>709.114553</ele>
        <time>2024-08-14T19:21:57.442Z</time>
      </trkpt>
      <trkpt lat="61.970060" lon="10.021394">
        <ele>709.624719</ele>
        <time>2024-08-14T19:22:26.940Z</time>
      </trkpt>
      <trkpt lat="61.969770" lon="10.021207">
        <ele>709.814298</ele>
        <time>2024-08-14T19:22:32.307Z</time>
      </trkpt>
      <trkpt lat="61.969456" lon="10.021086">
        <ele>710.013941</ele>
        <time>2024-08-14T19:22:37.903Z</time>
      </trkpt>
      <trkpt lat="61.969039" lon="10.021048">
        <ele>710.275068</ele>
        <time>2024-08-14T19:22:45.244Z</time>
      </trkpt>
      <trkpt lat="61.967907" lon="10.021110">
        <ele>710.937285</ele>
        <time>2024-08-14T19:23:05.636Z</time>
      </trkpt>
      <trkpt lat="61.967430" lon="10.021086">
        <ele>711.203671</ele>
        <time>2024-08-14T19:23:13.339Z</time>
      </trkpt>
      <trkpt lat="61.966282" lon="10.020862">
        <ele>711.627648</ele>
        <time>2024-08-14T19:23:32.412Z</time>
      </trkpt>
      <trkpt lat="61.965205" lon="10.020581">
        <ele>711.773328</ele>
        <time>2024-08-14T19:23:48.778Z</time>
      </trkpt>
      <trkpt lat="61.964773" lon="10.020355">
        <ele>711.727843</ele>
        <time>2024-08-14T19:23:55.327Z</time>
      </trkpt>
      <trkpt lat="61.964587" lon="10.020205">
        <ele>711.670591</ele>
        <time>2024-08-14T19:23:58.295Z</time>
      </trkpt>
      <trkpt lat="61.964244" lon="10.019882">
        <ele>711.562629</ele>
        <time>2024-08-14T19:24:03.895Z</time>
      </trkpt>
      <trkpt lat="61.963571" lon="10.019134">
        <ele>711.344084</ele>
        <time>2024-08-14T19:24:14.211Z</time>
      </trkpt>
      <trkpt lat="61.963040" lon="10.018672">
        <ele>710.907966</ele>
        <time>2024-08-14T19:24:21.273Z</time>
      </trkpt>
      <trkpt lat="61.962511" lon="10.018472">
        <ele>710.346182</ele>
        <time>2024-08-14T19:24:27.805Z</time>
      </trkpt>
      <trkpt lat="61.961506" lon="10.018303">
        <ele>709.287431</ele>
        <time>2024-08-14T19:24:39.959Z</time>
      </trkpt>
      <trkpt lat="61.961143" lon="10.018116">
        <ele>708.880255</ele>
        <time>2024-08-14T19:24:44.314Z</time>
      </trkpt>
      <trkpt lat="61.960777" lon="10.017820">
        <ele>708.453385</ele>
        <time>2024-08-14T19:24:48.883Z</time>
      </trkpt>
      <trkpt lat="61.960518" lon="10.017510">
        <ele>708.129402</ele>
        <time>2024-08-14T19:24:52.417Z</time>
      </trkpt>
      <trkpt lat="61.959851" lon="10.016427">
        <ele>707.350609</ele>
        <time>2024-08-14T19:25:02.963Z</time>
      </trkpt>
      <trkpt lat="61.959385" lon="10.015954">
        <ele>707.126741</ele>
        <time>2024-08-14T19:25:09.768Z</time>
      </trkpt>
      <trkpt lat="61.959088" lon="10.015709">
        <ele>706.988626</ele>
        <time>2024-08-14T19:25:13.977Z</time>
      </trkpt>
      <trkpt lat="61.958569" lon="10.015402">
        <ele>706.755063</ele>
        <time>2024-08-14T19:25:21.217Z</time>
      </trkpt>
      <trkpt lat="61.958161" lon="10.015283">
        <ele>706.721895</ele>
        <time>2024-08-14T19:25:26.914Z</time>
      </trkpt>
      <trkpt lat="61.955924" lon="10.015337">
        <ele>707.775126</ele>
        <time>2024-08-14T19:26:04.256Z</time>
      </trkpt>
      <trkpt lat="61.955088" lon="10.015424">
        <ele>708.496945</ele>
        <time>2024-08-14T19:26:20.457Z</time>
      </trkpt>
      <trkpt lat="61.954392" lon="10.015601">
        <ele>709.051569</ele>
        <time>2024-08-14T19:26:33.953Z</time>
      </trkpt>
      <trkpt lat="61.953955" lon="10.015600">
        <ele>709.369789</ele>
        <time>2024-08-14T19:26:42.260Z</time>
      </trkpt>
      <trkpt lat="61.953661" lon="10.015455">
        <ele>709.589558</ele>
        <time>2024-08-14T19:26:47.794Z</time>
      </trkpt>
      <trkpt lat="61.953303" lon="10.015137">
        <ele>709.872073</ele>
        <time>2024-08-14T19:26:54.683Z</time>
      </trkpt>
      <trkpt lat="61.952265" lon="10.013886">
        <ele>709.889657</ele>
        <time>2024-08-14T19:27:11.895Z</time>
      </trkpt>
      <trkpt lat="61.952047" lon="10.013717">
        <ele>709.837412</ele>
        <time>2024-08-14T19:27:14.782Z</time>
      </trkpt>
      <trkpt lat="61.951656" lon="10.013506">
        <ele>709.746583</ele>
        <time>2024-08-14T19:27:20.078Z</time>
      </trkpt>
      <trkpt lat="61.950616" lon="10.013383">
        <ele>709.522672</ele>
        <time>2024-08-14T19:27:34.960Z</time>
      </trkpt>
      <trkpt lat="61.950124" lon="10.013359">
        <ele>709.418639</ele>
        <time>2024-08-14T19:27:41.606Z</time>
      </trkpt>
      <trkpt lat="61.949595" lon="10.013431">
        <ele>709.306584</ele>
        <time>2024-08-14T19:27:49.102Z</time>
      </trkpt>
      <trkpt lat="61.949211" lon="10.013646">
        <ele>709.223831</ele>
        <time>2024-08-14T19:27:55.104Z</time>
      </trkpt>
      <trkpt lat="61.948860" lon="10.013973">
        <ele>709.143986</ele>
        <time>2024-08-14T19:28:01.387Z</time>
      </trkpt>
      <trkpt lat="61.945391" lon="10.018260">
        <ele>708.206078</ele>
        <time>2024-08-14T19:28:56.754Z</time>
      </trkpt>
      <trkpt lat="61.943609" lon="10.020656">
        <ele>707.547580</ele>
        <time>2024-08-14T19:29:25.937Z</time>
      </trkpt>
      <trkpt lat="61.943026" lon="10.021572">
        <ele>707.228065</ele>
        <time>2024-08-14T19:29:35.621Z</time>
      </trkpt>
      <trkpt lat="61.942388" lon="10.022728">
        <ele>706.787493</ele>
        <time>2024-08-14T19:29:46.644Z</time>
      </trkpt>
      <trkpt lat="61.942181" lon="10.023089">
        <ele>706.646779</ele>
        <time>2024-08-14T19:29:50.116Z</time>
      </trkpt>
      <trkpt lat="61.940727" lon="10.025571">
        <ele>705.689832</ele>
        <time>2024-08-14T19:30:14.414Z</time>
      </trkpt>
      <trkpt lat="61.938764" lon="10.029017">
        <ele>705.610019</ele>
        <time>2024-08-14T19:30:52.019Z</time>
      </trkpt>
      <trkpt lat="61.938008" lon="10.030141">
        <ele>705.783004</ele>
        <time>2024-08-14T19:31:06.345Z</time>
      </trkpt>
      <trkpt lat="61.937284" lon="10.030997">
        <ele>706.141255</ele>
        <time>2024-08-14T19:31:19.922Z</time>
      </trkpt>
      <trkpt lat="61.933495" lon="10.034125">
        <ele>708.004046</ele>
        <time>2024-08-14T19:32:30.475Z</time>
      </trkpt>
      <trkpt lat="61.933139" lon="10.034477">
        <ele>708.013102</ele>
        <time>2024-08-14T19:32:35.760Z</time>
      </trkpt>
      <trkpt lat="61.932338" lon="10.035413">
        <ele>707.642803</ele>
        <time>2024-08-14T19:32:47.235Z</time>
      </trkpt>
      <trkpt lat="61.932005" lon="10.035896">
        <ele>707.319666</ele>
        <time>2024-08-14T19:32:52.128Z</time>
      </trkpt>
      <trkpt lat="61.931168" lon="10.037268">
        <ele>706.581883</ele>
        <time>2024-08-14T19:33:05.346Z</time>
      </trkpt>
      <trkpt lat="61.928415" lon="10.041846">
        <ele>706.892836</ele>
        <time>2024-08-14T19:33:59.228Z</time>
      </trkpt>
      <trkpt lat="61.927346" lon="10.043632">
        <ele>707.044811</ele>
        <time>2024-08-14T19:34:20.278Z</time>
      </trkpt>
      <trkpt lat="61.926710" lon="10.044811">
        <ele>707.040211</ele>
        <time>2024-08-14T19:34:33.038Z</time>
      </trkpt>
      <trkpt lat="61.926261" lon="10.045685">
        <ele>706.971280</ele>
        <time>2024-08-14T19:34:41.872Z</time>
      </trkpt>
      <trkpt lat="61.925657" lon="10.046592">
        <ele>706.887553</ele>
        <time>2024-08-14T19:34:52.246Z</time>
      </trkpt>
      <trkpt lat="61.922967" lon="10.051502">
        <ele>705.730507</ele>
        <time>2024-08-14T19:35:41.085Z</time>
      </trkpt>
      <trkpt lat="61.922477" lon="10.052459">
        <ele>705.458610</ele>
        <time>2024-08-14T19:35:49.666Z</time>
      </trkpt>
      <trkpt lat="61.922207" lon="10.053106">
        <ele>705.289938</ele>
        <time>2024-08-14T19:35:55.006Z</time>
      </trkpt>
      <trkpt lat="61.921881" lon="10.053961">
        <ele>705.075296</ele>
        <time>2024-08-14T19:36:01.927Z</time>
      </trkpt>
      <trkpt lat="61.921729" lon="10.054383">
        <ele>704.971638</ele>
        <time>2024-08-14T19:36:05.376Z</time>
      </trkpt>
      <trkpt lat="61.921135" lon="10.056009">
        <ele>705.207510</ele>
        <time>2024-08-14T19:36:19.803Z</time>
      </trkpt>
      <trkpt lat="61.919770" lon="10.059845">
        <ele>706.106248</ele>
        <time>2024-08-14T19:36:58.950Z</time>
      </trkpt>
      <trkpt lat="61.919167" lon="10.061642">
        <ele>706.182967</ele>
        <time>2024-08-14T19:37:14.723Z</time>
      </trkpt>
      <trkpt lat="61.918349" lon="10.064235">
        <ele>705.858817</ele>
        <time>2024-08-14T19:37:34.920Z</time>
      </trkpt>
      <trkpt lat="61.918125" lon="10.064853">
        <ele>705.706582</ele>
        <time>2024-08-14T19:37:39.770Z</time>
      </trkpt>
      <trkpt lat="61.917954" lon="10.065238">
        <ele>705.603269</ele>
        <time>2024-08-14T19:37:43.077Z</time>
      </trkpt>
      <trkpt lat="61.917240" lon="10.066517">
        <ele>705.218212</ele>
        <time>2024-08-14T19:37:55.685Z</time>
      </trkpt>
      <trkpt lat="61.917011" lon="10.067078">
        <ele>705.083279</ele>
        <time>2024-08-14T19:38:00.430Z</time>
      </trkpt>
      <trkpt lat="61.916406" lon="10.069431">
        <ele>704.596068</ele>
        <time>2024-08-14T19:38:17.175Z</time>
      </trkpt>
      <trkpt lat="61.915838" lon="10.071124">
        <ele>704.704952</ele>
        <time>2024-08-14T19:38:31.548Z</time>
      </trkpt>
      <trkpt lat="61.914628" lon="10.074483">
        <ele>705.536105</ele>
        <time>2024-08-14T19:39:05.007Z</time>
      </trkpt>
      <trkpt lat="61.914379" lon="10.075331">
        <ele>705.832763</ele>
        <time>2024-08-14T19:39:13.674Z</time>
      </trkpt>
      <trkpt lat="61.914031" lon="10.076674">
        <ele>706.154001</ele>
        <time>2024-08-14T19:39:26.554Z</time>
      </trkpt>
      <trkpt lat="61.913785" lon="10.077478">
        <ele>706.305731</ele>
        <time>2024-08-14T19:39:33.970Z</time>
      </trkpt>
      <trkpt lat="61.913560" lon="10.078045">
        <ele>706.423073</ele>
        <time>2024-08-14T19:39:39.389Z</time>
      </trkpt>
      <trkpt lat="61.912994" lon="10.079187">
        <ele>706.493258</ele>
        <time>2024-08-14T19:39:51.200Z</time>
      </trkpt>
      <trkpt lat="61.912664" lon="10.079949">
        <ele>706.261925</ele>
        <time>2024-08-14T19:39:57.912Z</time>
      </trkpt>
      <trkpt lat="61.912137" lon="10.081282">
        <ele>705.873000</ele>
        <time>2024-08-14T19:40:08.357Z</time>
      </trkpt>
      <trkpt lat="61.911662" lon="10.082580">
        <ele>705.528495</ele>
        <time>2024-08-14T19:40:18.210Z</time>
      </trkpt>
      <trkpt lat="61.911431" lon="10.083317">
        <ele>705.348983</ele>
        <time>2024-08-14T19:40:23.748Z</time>
      </trkpt>
      <trkpt lat="61.910967" lon="10.085149">
        <ele>704.971612</ele>
        <time>2024-08-14T19:40:37.267Z</time>
      </trkpt>
      <trkpt lat="61.910028" lon="10.087988">
        <ele>704.887616</ele>
        <time>2024-08-14T19:41:01.127Z</time>
      </trkpt>
      <trkpt lat="61.909734" lon="10.089071">
        <ele>705.009915</ele>
        <time>2024-08-14T19:41:10.615Z</time>
      </trkpt>
      <trkpt lat="61.909590" lon="10.089635">
        <ele>705.079624</ele>
        <time>2024-08-14T19:41:15.375Z</time>
      </trkpt>
      <trkpt lat="61.909359" lon="10.090445">
        <ele>705.182517</ele>
        <time>2024-08-14T19:41:22.366Z</time>
      </trkpt>
      <trkpt lat="61.909148" lon="10.091110">
        <ele>705.269646</ele>
        <time>2024-08-14T19:41:28.226Z</time>
      </trkpt>
      <trkpt lat="61.908885" lon="10.091757">
        <ele>705.538705</ele>
        <time>2024-08-14T19:41:34.747Z</time>
      </trkpt>
      <trkpt lat="61.908144" lon="10.093295">
        <ele>706.453695</ele>
        <time>2024-08-14T19:41:53.536Z</time>
      </trkpt>
      <trkpt lat="61.907327" lon="10.094790">
        <ele>708.060869</ele>
        <time>2024-08-14T19:42:15.178Z</time>
      </trkpt>
      <trkpt lat="61.905324" lon="10.098184">
        <ele>713.722160</ele>
        <time>2024-08-14T19:43:17.427Z</time>
      </trkpt>
      <trkpt lat="61.904738" lon="10.099223">
        <ele>715.427852</ele>
        <time>2024-08-14T19:43:36.462Z</time>
      </trkpt>
      <trkpt lat="61.904618" lon="10.099441">
        <ele>715.744084</ele>
        <time>2024-08-14T19:43:39.903Z</time>
      </trkpt>
      <trkpt lat="61.904461" lon="10.099782">
        <ele>716.193800</ele>
        <time>2024-08-14T19:43:45.539Z</time>
      </trkpt>
      <trkpt lat="61.904120" lon="10.100744">
        <ele>717.329258</ele>
        <time>2024-08-14T19:43:58.390Z</time>
      </trkpt>
      <trkpt lat="61.903967" lon="10.101077">
        <ele>717.767984</ele>
        <time>2024-08-14T19:44:03.325Z</time>
      </trkpt>
      <trkpt lat="61.903703" lon="10.101466">
        <ele>718.407693</ele>
        <time>2024-08-14T19:44:10.586Z</time>
      </trkpt>
      <trkpt lat="61.902438" lon="10.103090">
        <ele>720.450600</ele>
        <time>2024-08-14T19:44:38.518Z</time>
      </trkpt>
      <trkpt lat="61.902163" lon="10.103545">
        <ele>721.005747</ele>
        <time>2024-08-14T19:44:45.897Z</time>
      </trkpt>
      <trkpt lat="61.901741" lon="10.104369">
        <ele>723.024599</ele>
        <time>2024-08-14T19:45:00.198Z</time>
      </trkpt>
      <trkpt lat="61.901595" lon="10.104730">
        <ele>723.813761</ele>
        <time>2024-08-14T19:45:06.576Z</time>
      </trkpt>
      <trkpt lat="61.901438" lon="10.105262">
        <ele>724.854981</ele>
        <time>2024-08-14T19:45:15.491Z</time>
      </trkpt>
      <trkpt lat="61.900977" lon="10.107362">
        <ele>729.178071</ele>
        <time>2024-08-14T19:45:52.150Z</time>
      </trkpt>
      <trkpt lat="61.900788" lon="10.108068">
        <ele>730.962468</ele>
        <time>2024-08-14T19:46:06.445Z</time>
      </trkpt>
      <trkpt lat="61.900515" lon="10.108830">
        <ele>733.066201</ele>
        <time>2024-08-14T19:46:22.911Z</time>
      </trkpt>
      <trkpt lat="61.899405" lon="10.111762">
        <ele>739.299074</ele>
        <time>2024-08-14T19:47:14.716Z</time>
      </trkpt>
      <trkpt lat="61.899161" lon="10.112499">
        <ele>740.575314</ele>
        <time>2024-08-14T19:47:24.362Z</time>
      </trkpt>
      <trkpt lat="61.898937" lon="10.113429">
        <ele>741.497640</ele>
        <time>2024-08-14T19:47:34.825Z</time>
      </trkpt>
      <trkpt lat="61.898603" lon="10.115440">
        <ele>742.892065</ele>
        <time>2024-08-14T19:47:54.586Z</time>
      </trkpt>
      <trkpt lat="61.898527" lon="10.115743">
        <ele>743.116551</ele>
        <time>2024-08-14T19:47:57.621Z</time>
      </trkpt>
      <trkpt lat="61.898407" lon="10.116072">
        <ele>743.388659</ele>
        <time>2024-08-14T19:48:01.215Z</time>
      </trkpt>
      <trkpt lat="61.897256" lon="10.118780">
        <ele>745.867774</ele>
        <time>2024-08-14T19:48:36.886Z</time>
      </trkpt>
      <trkpt lat="61.897015" lon="10.119195">
        <ele>746.246689</ele>
        <time>2024-08-14T19:48:43.714Z</time>
      </trkpt>
      <trkpt lat="61.896304" lon="10.120220">
        <ele>747.053133</ele>
        <time>2024-08-14T19:49:01.246Z</time>
      </trkpt>
      <trkpt lat="61.896023" lon="10.120677">
        <ele>747.385287</ele>
        <time>2024-08-14T19:49:07.755Z</time>
      </trkpt>
      <trkpt lat="61.895218" lon="10.122615">
        <ele>747.653113</ele>
        <time>2024-08-14T19:49:25.426Z</time>
      </trkpt>
      <trkpt lat="61.894942" lon="10.123055">
        <ele>747.584810</ele>
        <time>2024-08-14T19:49:29.714Z</time>
      </trkpt>
      <trkpt lat="61.894636" lon="10.123429">
        <ele>747.514938</ele>
        <time>2024-08-14T19:49:34.289Z</time>
      </trkpt>
      <trkpt lat="61.894109" lon="10.124114">
        <ele>747.876928</ele>
        <time>2024-08-14T19:49:43.652Z</time>
      </trkpt>
      <trkpt lat="61.893915" lon="10.124474">
        <ele>748.260672</ele>
        <time>2024-08-14T19:49:48.256Z</time>
      </trkpt>
      <trkpt lat="61.893741" lon="10.124893">
        <ele>748.652539</ele>
        <time>2024-08-14T19:49:53.353Z</time>
      </trkpt>
      <trkpt lat="61.893604" lon="10.125338">
        <ele>749.025497</ele>
        <time>2024-08-14T19:49:58.597Z</time>
      </trkpt>
      <trkpt lat="61.892971" lon="10.128150">
        <ele>752.204116</ele>
        <time>2024-08-14T19:50:35.680Z</time>
      </trkpt>
      <trkpt lat="61.892588" lon="10.129824">
        <ele>754.704739</ele>
        <time>2024-08-14T19:50:59.936Z</time>
      </trkpt>
      <trkpt lat="61.892315" lon="10.131769">
        <ele>756.966018</ele>
        <time>2024-08-14T19:51:24.344Z</time>
      </trkpt>
      <trkpt lat="61.892059" lon="10.134506">
        <ele>759.380590</ele>
        <time>2024-08-14T19:51:54.252Z</time>
      </trkpt>
      <trkpt lat="61.891989" lon="10.134915">
        <ele>759.448243</ele>
        <time>2024-08-14T19:51:57.963Z</time>
      </trkpt>
      <trkpt lat="61.891637" lon="10.136257">
        <ele>759.687042</ele>
        <time>2024-08-14T19:52:08.428Z</time>
      </trkpt>
      <trkpt lat="61.891528" lon="10.136831">
        <ele>759.783260</ele>
        <time>2024-08-14T19:52:12.343Z</time>
      </trkpt>
      <trkpt lat="61.891436" lon="10.137585">
        <ele>759.866677</ele>
        <time>2024-08-14T19:52:17.375Z</time>
      </trkpt>
      <trkpt lat="61.891341" lon="10.138954">
        <ele>759.713562</ele>
        <time>2024-08-14T19:52:26.055Z</time>
      </trkpt>
      <trkpt lat="61.891229" lon="10.139976">
        <ele>759.597458</ele>
        <time>2024-08-14T19:52:32.523Z</time>
      </trkpt>
      <trkpt lat="61.891153" lon="10.140557">
        <ele>759.530737</ele>
        <time>2024-08-14T19:52:36.303Z</time>
      </trkpt>
      <trkpt lat="61.891020" lon="10.141545">
        <ele>759.791342</ele>
        <time>2024-08-14T19:52:43.505Z</time>
      </trkpt>
      <trkpt lat="61.890588" lon="10.144730">
        <ele>762.625684</ele>
        <time>2024-08-14T19:53:19.340Z</time>
      </trkpt>
      <trkpt lat="61.890554" lon="10.145144">
        <ele>763.187295</ele>
        <time>2024-08-14T19:53:24.771Z</time>
      </trkpt>
      <trkpt lat="61.890550" lon="10.145697">
        <ele>764.027440</ele>
        <time>2024-08-14T19:53:32.009Z</time>
      </trkpt>
      <trkpt lat="61.890668" lon="10.147040">
        <ele>766.102718</ele>
        <time>2024-08-14T19:53:50.553Z</time>
      </trkpt>
      <trkpt lat="61.890666" lon="10.147809">
        <ele>767.270896</ele>
        <time>2024-08-14T19:54:01.370Z</time>
      </trkpt>
      <trkpt lat="61.890381" lon="10.150608">
        <ele>770.731562</ele>
        <time>2024-08-14T19:54:37.919Z</time>
      </trkpt>
      <trkpt lat="61.890399" lon="10.152304">
        <ele>772.568602</ele>
        <time>2024-08-14T19:54:54.650Z</time>
      </trkpt>
      <trkpt lat="61.890375" lon="10.153203">
        <ele>772.856105</ele>
        <time>2024-08-14T19:55:03.193Z</time>
      </trkpt>
      <trkpt lat="61.890173" lon="10.155551">
        <ele>773.435332</ele>
        <time>2024-08-14T19:55:21.502Z</time>
      </trkpt>
      <trkpt lat="61.890035" lon="10.156615">
        <ele>773.570829</ele>
        <time>2024-08-14T19:55:28.901Z</time>
      </trkpt>
      <trkpt lat="61.889730" lon="10.158408">
        <ele>773.520010</ele>
        <time>2024-08-14T19:55:41.358Z</time>
      </trkpt>
      <trkpt lat="61.889281" lon="10.161042">
        <ele>774.174505</ele>
        <time>2024-08-14T19:56:01.318Z</time>
      </trkpt>
      <trkpt lat="61.888514" lon="10.165235">
        <ele>776.965976</ele>
        <time>2024-08-14T19:56:46.780Z</time>
      </trkpt>
      <trkpt lat="61.888283" lon="10.166412">
        <ele>777.937090</ele>
        <time>2024-08-14T19:57:00.699Z</time>
      </trkpt>
      <trkpt lat="61.888038" lon="10.167429">
        <ele>778.385482</ele>
        <time>2024-08-14T19:57:11.273Z</time>
      </trkpt>
      <trkpt lat="61.887806" lon="10.168209">
        <ele>778.500414</ele>
        <time>2024-08-14T19:57:18.177Z</time>
      </trkpt>
      <trkpt lat="61.887588" lon="10.168756">
        <ele>778.589680</ele>
        <time>2024-08-14T19:57:23.344Z</time>
      </trkpt>
      <trkpt lat="61.887352" lon="10.169139">
        <ele>778.668243</ele>
        <time>2024-08-14T19:57:27.848Z</time>
      </trkpt>
      <trkpt lat="61.886924" lon="10.169626">
        <ele>778.680818</ele>
        <time>2024-08-14T19:57:34.779Z</time>
      </trkpt>
      <trkpt lat="61.886820" lon="10.169812">
        <ele>778.485479</ele>
        <time>2024-08-14T19:57:36.461Z</time>
      </trkpt>
      <trkpt lat="61.886759" lon="10.169993">
        <ele>778.334876</ele>
        <time>2024-08-14T19:57:37.764Z</time>
      </trkpt>
      <trkpt lat="61.886708" lon="10.170326">
        <ele>778.097903</ele>
        <time>2024-08-14T19:57:39.683Z</time>
      </trkpt>
      <trkpt lat="61.886698" lon="10.170564">
        <ele>777.936189</ele>
        <time>2024-08-14T19:57:40.942Z</time>
      </trkpt>
      <trkpt lat="61.886725" lon="10.170904">
        <ele>777.702838</ele>
        <time>2024-08-14T19:57:42.756Z</time>
      </trkpt>
      <trkpt lat="61.886857" lon="10.171749">
        <ele>777.100352</ele>
        <time>2024-08-14T19:57:47.364Z</time>
      </trkpt>
      <trkpt lat="61.886850" lon="10.171962">
        <ele>776.955848</ele>
        <time>2024-08-14T19:57:48.482Z</time>
      </trkpt>
      <trkpt lat="61.886817" lon="10.172105">
        <ele>776.848086</ele>
        <time>2024-08-14T19:57:49.330Z</time>
      </trkpt>
      <trkpt lat="61.886744" lon="10.172263">
        <ele>776.698329</ele>
        <time>2024-08-14T19:57:50.513Z</time>
      </trkpt>
      <trkpt lat="61.886622" lon="10.172377">
        <ele>776.506873</ele>
        <time>2024-08-14T19:57:52.046Z</time>
      </trkpt>
      <trkpt lat="61.885929" lon="10.172615">
        <ele>775.233598</ele>
        <time>2024-08-14T19:58:00.215Z</time>
      </trkpt>
      <trkpt lat="61.885446" lon="10.172911">
        <ele>774.236912</ele>
        <time>2024-08-14T19:58:05.585Z</time>
      </trkpt>
      <trkpt lat="61.885063" lon="10.173350">
        <ele>773.373923</ele>
        <time>2024-08-14T19:58:10.142Z</time>
      </trkpt>
      <trkpt lat="61.884794" lon="10.173828">
        <ele>772.678343</ele>
        <time>2024-08-14T19:58:13.929Z</time>
      </trkpt>
      <trkpt lat="61.884578" lon="10.174410">
        <ele>772.561709</ele>
        <time>2024-08-14T19:58:17.903Z</time>
      </trkpt>
      <trkpt lat="61.884453" lon="10.174859">
        <ele>772.510356</ele>
        <time>2024-08-14T19:58:20.785Z</time>
      </trkpt>
      <trkpt lat="61.883661" lon="10.178703">
        <ele>773.231143</ele>
        <time>2024-08-14T19:58:54.661Z</time>
      </trkpt>
      <trkpt lat="61.883373" lon="10.179907">
        <ele>774.061916</ele>
        <time>2024-08-14T19:59:08.797Z</time>
      </trkpt>
      <trkpt lat="61.883142" lon="10.180620">
        <ele>774.594290</ele>
        <time>2024-08-14T19:59:17.666Z</time>
      </trkpt>
      <trkpt lat="61.882893" lon="10.181232">
        <ele>775.076541</ele>
        <time>2024-08-14T19:59:26.053Z</time>
      </trkpt>
      <trkpt lat="61.882147" lon="10.182610">
        <ele>776.327731</ele>
        <time>2024-08-14T19:59:46.932Z</time>
      </trkpt>
      <trkpt lat="61.881022" lon="10.184612">
        <ele>776.637861</ele>
        <time>2024-08-14T20:00:10.683Z</time>
      </trkpt>
      <trkpt lat="61.880560" lon="10.185344">
        <ele>776.504322</ele>
        <time>2024-08-14T20:00:18.055Z</time>
      </trkpt>
      <trkpt lat="61.880258" lon="10.185796">
        <ele>776.097225</ele>
        <time>2024-08-14T20:00:22.342Z</time>
      </trkpt>
      <trkpt lat="61.879832" lon="10.186432">
        <ele>775.053319</ele>
        <time>2024-08-14T20:00:28.095Z</time>
      </trkpt>
      <trkpt lat="61.879343" lon="10.187072">
        <ele>773.901876</ele>
        <time>2024-08-14T20:00:34.190Z</time>
      </trkpt>
      <trkpt lat="61.879037" lon="10.187444">
        <ele>773.195096</ele>
        <time>2024-08-14T20:00:37.938Z</time>
      </trkpt>
      <trkpt lat="61.878455" lon="10.188155">
        <ele>772.518811</ele>
        <time>2024-08-14T20:00:45.279Z</time>
      </trkpt>
      <trkpt lat="61.878260" lon="10.188349">
        <ele>772.374215</ele>
        <time>2024-08-14T20:00:47.778Z</time>
      </trkpt>
      <trkpt lat="61.877352" lon="10.188900">
        <ele>771.740165</ele>
        <time>2024-08-14T20:01:02.049Z</time>
      </trkpt>
      <trkpt lat="61.877021" lon="10.189202">
        <ele>771.670352</ele>
        <time>2024-08-14T20:01:08.538Z</time>
      </trkpt>
      <trkpt lat="61.876803" lon="10.189503">
        <ele>771.695631</ele>
        <time>2024-08-14T20:01:12.897Z</time>
      </trkpt>
      <trkpt lat="61.876319" lon="10.190442">
        <ele>771.759372</ele>
        <time>2024-08-14T20:01:22.307Z</time>
      </trkpt>
      <trkpt lat="61.876105" lon="10.190738">
        <ele>771.784200</ele>
        <time>2024-08-14T20:01:25.887Z</time>
      </trkpt>
      <trkpt lat="61.875946" lon="10.190865">
        <ele>771.800712</ele>
        <time>2024-08-14T20:01:28.496Z</time>
      </trkpt>
      <trkpt lat="61.875788" lon="10.190911">
        <ele>771.816211</ele>
        <time>2024-08-14T20:01:30.897Z</time>
      </trkpt>
      <trkpt lat="61.875034" lon="10.190819">
        <ele>771.761677</ele>
        <time>2024-08-14T20:01:42.667Z</time>
      </trkpt>
      <trkpt lat="61.874871" lon="10.190888">
        <ele>771.746621</ele>
        <time>2024-08-14T20:01:45.104Z</time>
      </trkpt>
      <trkpt lat="61.874684" lon="10.191073">
        <ele>771.727931</ele>
        <time>2024-08-14T20:01:47.855Z</time>
      </trkpt>
      <trkpt lat="61.874455" lon="10.191458">
        <ele>771.701463</ele>
        <time>2024-08-14T20:01:51.882Z</time>
      </trkpt>
      <trkpt lat="61.873252" lon="10.194031">
        <ele>769.951548</ele>
        <time>2024-08-14T20:02:16.442Z</time>
      </trkpt>
      <trkpt lat="61.872925" lon="10.194678">
        <ele>769.343023</ele>
        <time>2024-08-14T20:02:21.028Z</time>
      </trkpt>
      <trkpt lat="61.872530" lon="10.195290">
        <ele>766.757777</ele>
        <time>2024-08-14T20:02:25.669Z</time>
      </trkpt>
      <trkpt lat="61.872263" lon="10.195619">
        <ele>764.831137</ele>
        <time>2024-08-14T20:02:28.507Z</time>
      </trkpt>
      <trkpt lat="61.871827" lon="10.196014">
        <ele>761.872973</ele>
        <time>2024-08-14T20:02:32.742Z</time>
      </trkpt>
      <trkpt lat="61.871301" lon="10.196294">
        <ele>758.489223</ele>
        <time>2024-08-14T20:02:37.538Z</time>
      </trkpt>
      <trkpt lat="61.870503" lon="10.196677">
        <ele>754.481630</ele>
        <time>2024-08-14T20:02:44.955Z</time>
      </trkpt>
      <trkpt lat="61.870067" lon="10.196894">
        <ele>752.353081</ele>
        <time>2024-08-14T20:02:49.213Z</time>
      </trkpt>
      <trkpt lat="61.869709" lon="10.197157">
        <ele>750.552371</ele>
        <time>2024-08-14T20:02:53.039Z</time>
      </trkpt>
      <trkpt lat="61.869405" lon="10.197510">
        <ele>749.419451</ele>
        <time>2024-08-14T20:02:56.825Z</time>
      </trkpt>
      <trkpt lat="61.869083" lon="10.198037">
        <ele>749.340229</ele>
        <time>2024-08-14T20:03:01.850Z</time>
      </trkpt>
      <trkpt lat="61.868464" lon="10.199173">
        <ele>749.180786</ele>
        <time>2024-08-14T20:03:14.971Z</time>
      </trkpt>
      <trkpt lat="61.868099" lon="10.199686">
        <ele>749.095497</ele>
        <time>2024-08-14T20:03:23.015Z</time>
      </trkpt>
      <trkpt lat="61.867896" lon="10.199866">
        <ele>749.145657</ele>
        <time>2024-08-14T20:03:27.061Z</time>
      </trkpt>
      <trkpt lat="61.867703" lon="10.199974">
        <ele>749.200845</ele>
        <time>2024-08-14T20:03:30.782Z</time>
      </trkpt>
      <trkpt lat="61.867080" lon="10.200222">
        <ele>749.376105</ele>
        <time>2024-08-14T20:03:41.278Z</time>
      </trkpt>
      <trkpt lat="61.866907" lon="10.200352">
        <ele>749.426851</ele>
        <time>2024-08-14T20:03:43.937Z</time>
      </trkpt>
      <trkpt lat="61.866728" lon="10.200563">
        <ele>749.483473</ele>
        <time>2024-08-14T20:03:46.801Z</time>
      </trkpt>
      <trkpt lat="61.865105" lon="10.203317">
        <ele>749.376336</ele>
        <time>2024-08-14T20:04:15.854Z</time>
      </trkpt>
      <trkpt lat="61.864190" lon="10.204776">
        <ele>749.497015</ele>
        <time>2024-08-14T20:04:35.129Z</time>
      </trkpt>
      <trkpt lat="61.863514" lon="10.205730">
        <ele>749.475227</ele>
        <time>2024-08-14T20:04:47.765Z</time>
      </trkpt>
      <trkpt lat="61.863019" lon="10.206673">
        <ele>748.139970</ele>
        <time>2024-08-14T20:04:55.782Z</time>
      </trkpt>
      <trkpt lat="61.862779" lon="10.207048">
        <ele>747.541755</ele>
        <time>2024-08-14T20:04:59.008Z</time>
      </trkpt>
      <trkpt lat="61.862581" lon="10.207270">
        <ele>747.092318</ele>
        <time>2024-08-14T20:05:01.365Z</time>
      </trkpt>
      <trkpt lat="61.861980" lon="10.207784">
        <ele>745.623981</ele>
        <time>2024-08-14T20:05:07.908Z</time>
      </trkpt>
      <trkpt lat="61.861622" lon="10.208182">
        <ele>744.102501</ele>
        <time>2024-08-14T20:05:11.890Z</time>
      </trkpt>
      <trkpt lat="61.860661" lon="10.209341">
        <ele>739.941143</ele>
        <time>2024-08-14T20:05:22.655Z</time>
      </trkpt>
      <trkpt lat="61.860325" lon="10.209892">
        <ele>738.616348</ele>
        <time>2024-08-14T20:05:26.915Z</time>
      </trkpt>
      <trkpt lat="61.860298" lon="10.209938">
        <ele>738.526978</ele>
        <time>2024-08-14T20:05:27.264Z</time>
      </trkpt>
      <trkpt lat="61.859912" lon="10.210553">
        <ele>737.281152</ele>
        <time>2024-08-14T20:05:32.220Z</time>
      </trkpt>
      <trkpt lat="61.859470" lon="10.211074">
        <ele>735.976290</ele>
        <time>2024-08-14T20:05:37.592Z</time>
      </trkpt>
      <trkpt lat="61.859278" lon="10.211358">
        <ele>735.372239</ele>
        <time>2024-08-14T20:05:40.145Z</time>
      </trkpt>
      <trkpt lat="61.858210" lon="10.213650">
        <ele>732.691948</ele>
        <time>2024-08-14T20:05:57.440Z</time>
      </trkpt>
      <trkpt lat="61.857943" lon="10.214379">
        <ele>732.015155</ele>
        <time>2024-08-14T20:06:02.500Z</time>
      </trkpt>
      <trkpt lat="61.857685" lon="10.215217">
        <ele>731.411842</ele>
        <time>2024-08-14T20:06:08.009Z</time>
      </trkpt>
      <trkpt lat="61.857589" lon="10.215674">
        <ele>731.141701</ele>
        <time>2024-08-14T20:06:10.750Z</time>
      </trkpt>
      <trkpt lat="61.857410" lon="10.216807">
        <ele>730.496487</ele>
        <time>2024-08-14T20:06:17.335Z</time>
      </trkpt>
      <trkpt lat="61.857220" lon="10.217516">
        <ele>730.056156</ele>
        <time>2024-08-14T20:06:22.064Z</time>
      </trkpt>
      <trkpt lat="61.857021" lon="10.217963">
        <ele>729.724242</ele>
        <time>2024-08-14T20:06:25.886Z</time>
      </trkpt>
      <trkpt lat="61.856434" lon="10.218943">
        <ele>729.119316</ele>
        <time>2024-08-14T20:06:35.588Z</time>
      </trkpt>
      <trkpt lat="61.856271" lon="10.219348">
        <ele>728.916695</ele>
        <time>2024-08-14T20:06:38.688Z</time>
      </trkpt>
      <trkpt lat="61.855940" lon="10.220399">
        <ele>728.435733</ele>
        <time>2024-08-14T20:06:46.122Z</time>
      </trkpt>
      <trkpt lat="61.855742" lon="10.221043">
        <ele>727.980239</ele>
        <time>2024-08-14T20:06:50.641Z</time>
      </trkpt>
      <trkpt lat="61.855171" lon="10.222944">
        <ele>725.984407</ele>
        <time>2024-08-14T20:07:03.370Z</time>
      </trkpt>
      <trkpt lat="61.854541" lon="10.225044">
        <ele>722.042377</ele>
        <time>2024-08-14T20:07:15.203Z</time>
      </trkpt>
      <trkpt lat="61.854499" lon="10.225200">
        <ele>721.633942</ele>
        <time>2024-08-14T20:07:15.999Z</time>
      </trkpt>
      <trkpt lat="61.853873" lon="10.227265">
        <ele>716.043104</ele>
        <time>2024-08-14T20:07:26.735Z</time>
      </trkpt>
      <trkpt lat="61.853392" lon="10.228845">
        <ele>711.530448</ele>
        <time>2024-08-14T20:07:34.874Z</time>
      </trkpt>
      <trkpt lat="61.853094" lon="10.229723">
        <ele>708.934726</ele>
        <time>2024-08-14T20:07:39.689Z</time>
      </trkpt>
      <trkpt lat="61.852339" lon="10.231122">
        <ele>705.246029</ele>
        <time>2024-08-14T20:07:49.647Z</time>
      </trkpt>
      <trkpt lat="61.852023" lon="10.231877">
        <ele>703.881415</ele>
        <time>2024-08-14T20:07:54.740Z</time>
      </trkpt>
      <trkpt lat="61.851560" lon="10.233147">
        <ele>701.854734</ele>
        <time>2024-08-14T20:08:02.743Z</time>
      </trkpt>
      <trkpt lat="61.851341" lon="10.233628">
        <ele>701.590733</ele>
        <time>2024-08-14T20:08:06.186Z</time>
      </trkpt>
      <trkpt lat="61.851161" lon="10.233909">
        <ele>701.403593</ele>
        <time>2024-08-14T20:08:08.718Z</time>
      </trkpt>
      <trkpt lat="61.850911" lon="10.234061">
        <ele>701.185869</ele>
        <time>2024-08-14T20:08:11.812Z</time>
      </trkpt>
      <trkpt lat="61.850629" lon="10.234037">
        <ele>700.949606</ele>
        <time>2024-08-14T20:08:15.337Z</time>
      </trkpt>
      <trkpt lat="61.850423" lon="10.233969">
        <ele>700.775076</ele>
        <time>2024-08-14T20:08:18.095Z</time>
      </trkpt>
      <trkpt lat="61.849834" lon="10.233709">
        <ele>700.859434</ele>
        <time>2024-08-14T20:08:27.984Z</time>
      </trkpt>
      <trkpt lat="61.849248" lon="10.233537">
        <ele>702.493585</ele>
        <time>2024-08-14T20:08:40.724Z</time>
      </trkpt>
      <trkpt lat="61.848954" lon="10.233520">
        <ele>703.306002</ele>
        <time>2024-08-14T20:08:48.431Z</time>
      </trkpt>
      <trkpt lat="61.848717" lon="10.233560">
        <ele>703.962738</ele>
        <time>2024-08-14T20:08:55.531Z</time>
      </trkpt>
      <trkpt lat="61.848456" lon="10.233676">
        <ele>704.699377</ele>
        <time>2024-08-14T20:09:03.958Z</time>
      </trkpt>
      <trkpt lat="61.848112" lon="10.233927">
        <ele>706.016181</ele>
        <time>2024-08-14T20:09:16.249Z</time>
      </trkpt>
      <trkpt lat="61.847546" lon="10.234536">
        <ele>709.437746</ele>
        <time>2024-08-14T20:09:39.162Z</time>
      </trkpt>
      <trkpt lat="61.846680" lon="10.235594">
        <ele>714.825795</ele>
        <time>2024-08-14T20:10:16.311Z</time>
      </trkpt>
      <trkpt lat="61.846056" lon="10.236486">
        <ele>719.641717</ele>
        <time>2024-08-14T20:10:45.759Z</time>
      </trkpt>
      <trkpt lat="61.845984" lon="10.236603">
        <ele>720.228143</ele>
        <time>2024-08-14T20:10:48.814Z</time>
      </trkpt>
      <trkpt lat="61.844806" lon="10.238266">
        <ele>729.730539</ele>
        <time>2024-08-14T20:11:49.117Z</time>
      </trkpt>
      <trkpt lat="61.844571" lon="10.238516">
        <ele>731.654507</ele>
        <time>2024-08-14T20:12:01.177Z</time>
      </trkpt>
      <trkpt lat="61.844306" lon="10.238710">
        <ele>733.705931</ele>
        <time>2024-08-14T20:12:14.208Z</time>
      </trkpt>
      <trkpt lat="61.844017" lon="10.238816">
        <ele>735.851968</ele>
        <time>2024-08-14T20:12:27.637Z</time>
      </trkpt>
      <trkpt lat="61.843727" lon="10.238809">
        <ele>737.974023</ele>
        <time>2024-08-14T20:12:40.481Z</time>
      </trkpt>
      <trkpt lat="61.843385" lon="10.238677">
        <ele>740.421541</ele>
        <time>2024-08-14T20:12:55.231Z</time>
      </trkpt>
      <trkpt lat="61.842975" lon="10.238392">
        <ele>743.118997</ele>
        <time>2024-08-14T20:13:13.312Z</time>
      </trkpt>
      <trkpt lat="61.842494" lon="10.237934">
        <ele>746.415537</ele>
        <time>2024-08-14T20:13:34.780Z</time>
      </trkpt>
      <trkpt lat="61.842050" lon="10.237587">
        <ele>749.373926</ele>
        <time>2024-08-14T20:13:52.871Z</time>
      </trkpt>
      <trkpt lat="61.841687" lon="10.237469">
        <ele>751.604803</ele>
        <time>2024-08-14T20:14:06.177Z</time>
      </trkpt>
      <trkpt lat="61.841355" lon="10.237462">
        <ele>753.442916</ele>
        <time>2024-08-14T20:14:18.184Z</time>
      </trkpt>
      <trkpt lat="61.839529" lon="10.237552">
        <ele>763.202729</ele>
        <time>2024-08-14T20:15:26.253Z</time>
      </trkpt>
      <trkpt lat="61.839045" lon="10.237568">
        <ele>765.504449</ele>
        <time>2024-08-14T20:15:43.328Z</time>
      </trkpt>
      <trkpt lat="61.838247" lon="10.237611">
        <ele>769.300199</ele>
        <time>2024-08-14T20:16:08.528Z</time>
      </trkpt>
      <trkpt lat="61.838011" lon="10.237584">
        <ele>770.081184</ele>
        <time>2024-08-14T20:16:15.741Z</time>
      </trkpt>
      <trkpt lat="61.837726" lon="10.237477">
        <ele>770.876094</ele>
        <time>2024-08-14T20:16:24.111Z</time>
      </trkpt>
      <trkpt lat="61.837606" lon="10.237380">
        <ele>771.228829</ele>
        <time>2024-08-14T20:16:27.845Z</time>
      </trkpt>
      <trkpt lat="61.837311" lon="10.237099">
        <ele>772.117121</ele>
        <time>2024-08-14T20:16:36.726Z</time>
      </trkpt>
      <trkpt lat="61.837034" lon="10.236775">
        <ele>772.986095</ele>
        <time>2024-08-14T20:16:44.754Z</time>
      </trkpt>
      <trkpt lat="61.836635" lon="10.236330">
        <ele>774.224449</ele>
        <time>2024-08-14T20:16:55.033Z</time>
      </trkpt>
      <trkpt lat="61.835786" lon="10.235474">
        <ele>775.066065</ele>
        <time>2024-08-14T20:17:13.004Z</time>
      </trkpt>
      <trkpt lat="61.835192" lon="10.235040">
        <ele>775.459400</ele>
        <time>2024-08-14T20:17:23.246Z</time>
      </trkpt>
      <trkpt lat="61.834358" lon="10.234570">
        <ele>775.718427</ele>
        <time>2024-08-14T20:17:34.898Z</time>
      </trkpt>
      <trkpt lat="61.833384" lon="10.234089">
        <ele>775.796895</ele>
        <time>2024-08-14T20:17:49.608Z</time>
      </trkpt>
      <trkpt lat="61.833084" lon="10.233906">
        <ele>775.839208</ele>
        <time>2024-08-14T20:17:55.020Z</time>
      </trkpt>
      <trkpt lat="61.832700" lon="10.233447">
        <ele>776.162132</ele>
        <time>2024-08-14T20:18:03.156Z</time>
      </trkpt>
      <trkpt lat="61.832320" lon="10.232705">
        <ele>776.540640</ele>
        <time>2024-08-14T20:18:13.269Z</time>
      </trkpt>
      <trkpt lat="61.831620" lon="10.231115">
        <ele>776.981452</ele>
        <time>2024-08-14T20:18:31.341Z</time>
      </trkpt>
      <trkpt lat="61.831323" lon="10.230507">
        <ele>776.680138</ele>
        <time>2024-08-14T20:18:37.449Z</time>
      </trkpt>
      <trkpt lat="61.829816" lon="10.227946">
        <ele>775.093867</ele>
        <time>2024-08-14T20:19:00.086Z</time>
      </trkpt>
      <trkpt lat="61.828885" lon="10.226242">
        <ele>774.131033</ele>
        <time>2024-08-14T20:19:15.607Z</time>
      </trkpt>
      <trkpt lat="61.828401" lon="10.225532">
        <ele>774.247386</ele>
        <time>2024-08-14T20:19:24.606Z</time>
      </trkpt>
      <trkpt lat="61.827822" lon="10.224817">
        <ele>774.379842</ele>
        <time>2024-08-14T20:19:35.641Z</time>
      </trkpt>
      <trkpt lat="61.827587" lon="10.224485">
        <ele>774.435668</ele>
        <time>2024-08-14T20:19:40.434Z</time>
      </trkpt>
      <trkpt lat="61.826008" lon="10.222028">
        <ele>775.861288</ele>
        <time>2024-08-14T20:20:16.123Z</time>
      </trkpt>
      <trkpt lat="61.825062" lon="10.220479">
        <ele>776.166507</ele>
        <time>2024-08-14T20:20:35.821Z</time>
      </trkpt>
      <trkpt lat="61.824821" lon="10.219978">
        <ele>776.252706</ele>
        <time>2024-08-14T20:20:40.688Z</time>
      </trkpt>
      <trkpt lat="61.823715" lon="10.217436">
        <ele>775.836526</ele>
        <time>2024-08-14T20:21:02.637Z</time>
      </trkpt>
      <trkpt lat="61.823532" lon="10.217075">
        <ele>775.757831</ele>
        <time>2024-08-14T20:21:06.111Z</time>
      </trkpt>
      <trkpt lat="61.823272" lon="10.216682">
        <ele>775.719764</ele>
        <time>2024-08-14T20:21:10.677Z</time>
      </trkpt>
      <trkpt lat="61.822954" lon="10.216348">
        <ele>775.703563</ele>
        <time>2024-08-14T20:21:15.905Z</time>
      </trkpt>
      <trkpt lat="61.822104" lon="10.215574">
        <ele>775.661335</ele>
        <time>2024-08-14T20:21:30.316Z</time>
      </trkpt>
      <trkpt lat="61.818406" lon="10.212738">
        <ele>774.069737</ele>
        <time>2024-08-14T20:22:24.266Z</time>
      </trkpt>
      <trkpt lat="61.818141" lon="10.212503">
        <ele>773.569099</ele>
        <time>2024-08-14T20:22:27.356Z</time>
      </trkpt>
      <trkpt lat="61.817896" lon="10.212219">
        <ele>773.082384</ele>
        <time>2024-08-14T20:22:30.379Z</time>
      </trkpt>
      <trkpt lat="61.817640" lon="10.211844">
        <ele>772.539943</ele>
        <time>2024-08-14T20:22:33.721Z</time>
      </trkpt>
      <trkpt lat="61.817338" lon="10.211278">
        <ele>771.837153</ele>
        <time>2024-08-14T20:22:38.081Z</time>
      </trkpt>
      <trkpt lat="61.817066" lon="10.210661">
        <ele>771.142536</ele>
        <time>2024-08-14T20:22:42.489Z</time>
      </trkpt>
      <trkpt lat="61.816879" lon="10.210265">
        <ele>770.925711</ele>
        <time>2024-08-14T20:22:45.636Z</time>
      </trkpt>
      <trkpt lat="61.816685" lon="10.209943">
        <ele>770.804480</ele>
        <time>2024-08-14T20:22:48.627Z</time>
      </trkpt>
      <trkpt lat="61.816477" lon="10.209691">
        <ele>770.686623</ele>
        <time>2024-08-14T20:22:51.679Z</time>
      </trkpt>
      <trkpt lat="61.816332" lon="10.209573">
        <ele>770.610225</ele>
        <time>2024-08-14T20:22:53.708Z</time>
      </trkpt>
      <trkpt lat="61.815951" lon="10.209402">
        <ele>770.418685</ele>
        <time>2024-08-14T20:22:59.114Z</time>
      </trkpt>
      <trkpt lat="61.815404" lon="10.209376">
        <ele>770.149601</ele>
        <time>2024-08-14T20:23:08.033Z</time>
      </trkpt>
      <trkpt lat="61.814759" lon="10.209396">
        <ele>769.836216</ele>
        <time>2024-08-14T20:23:17.851Z</time>
      </trkpt>
      <trkpt lat="61.814185" lon="10.209410">
        <ele>769.557479</ele>
        <time>2024-08-14T20:23:25.877Z</time>
      </trkpt>
      <trkpt lat="61.814072" lon="10.209417">
        <ele>769.502586</ele>
        <time>2024-08-14T20:23:27.334Z</time>
      </trkpt>
      <trkpt lat="61.813696" lon="10.209453">
        <ele>769.319825</ele>
        <time>2024-08-14T20:23:31.837Z</time>
      </trkpt>
      <trkpt lat="61.813219" lon="10.209596">
        <ele>768.708227</ele>
        <time>2024-08-14T20:23:37.307Z</time>
      </trkpt>
      <trkpt lat="61.812855" lon="10.209747">
        <ele>768.145598</ele>
        <time>2024-08-14T20:23:41.434Z</time>
      </trkpt>
      <trkpt lat="61.812473" lon="10.209974">
        <ele>767.543773</ele>
        <time>2024-08-14T20:23:45.870Z</time>
      </trkpt>
      <trkpt lat="61.812156" lon="10.210174">
        <ele>767.042037</ele>
        <time>2024-08-14T20:23:49.652Z</time>
      </trkpt>
      <trkpt lat="61.811783" lon="10.210495">
        <ele>766.473490</ele>
        <time>2024-08-14T20:23:54.435Z</time>
      </trkpt>
      <trkpt lat="61.810827" lon="10.211495">
        <ele>765.511147</ele>
        <time>2024-08-14T20:24:07.253Z</time>
      </trkpt>
      <trkpt lat="61.810698" lon="10.211636">
        <ele>765.380126</ele>
        <time>2024-08-14T20:24:09.094Z</time>
      </trkpt>
      <trkpt lat="61.808233" lon="10.214288">
        <ele>764.174392</ele>
        <time>2024-08-14T20:24:46.643Z</time>
      </trkpt>
      <trkpt lat="61.807480" lon="10.215150">
        <ele>764.111364</ele>
        <time>2024-08-14T20:24:59.748Z</time>
      </trkpt>
      <trkpt lat="61.802917" lon="10.221543">
        <ele>763.822675</ele>
        <time>2024-08-14T20:26:19.904Z</time>
      </trkpt>
      <trkpt lat="61.802164" lon="10.222431">
        <ele>763.687935</ele>
        <time>2024-08-14T20:26:31.933Z</time>
      </trkpt>
      <trkpt lat="61.801631" lon="10.222927">
        <ele>763.561935</ele>
        <time>2024-08-14T20:26:40.074Z</time>
      </trkpt>
      <trkpt lat="61.800965" lon="10.223386">
        <ele>763.410362</ele>
        <time>2024-08-14T20:26:49.956Z</time>
      </trkpt>
      <trkpt lat="61.800439" lon="10.223608">
        <ele>763.411696</ele>
        <time>2024-08-14T20:26:57.592Z</time>
      </trkpt>
      <trkpt lat="61.799530" lon="10.223763">
        <ele>763.445060</ele>
        <time>2024-08-14T20:27:11.499Z</time>
      </trkpt>
      <trkpt lat="61.796654" lon="10.224140">
        <ele>763.461689</ele>
        <time>2024-08-14T20:27:55.789Z</time>
      </trkpt>
      <trkpt lat="61.795733" lon="10.224128">
        <ele>763.132697</ele>
        <time>2024-08-14T20:28:07.964Z</time>
      </trkpt>
      <trkpt lat="61.794845" lon="10.223978">
        <ele>762.355144</ele>
        <time>2024-08-14T20:28:18.948Z</time>
      </trkpt>
      <trkpt lat="61.791947" lon="10.223400">
        <ele>759.205253</ele>
        <time>2024-08-14T20:28:53.806Z</time>
      </trkpt>
      <trkpt lat="61.791551" lon="10.223393">
        <ele>759.020145</ele>
        <time>2024-08-14T20:28:58.803Z</time>
      </trkpt>
      <trkpt lat="61.791255" lon="10.223477">
        <ele>758.887052</ele>
        <time>2024-08-14T20:29:02.666Z</time>
      </trkpt>
      <trkpt lat="61.790653" lon="10.223710">
        <ele>758.614320</ele>
        <time>2024-08-14T20:29:10.925Z</time>
      </trkpt>
      <trkpt lat="61.790081" lon="10.224102">
        <ele>758.400802</ele>
        <time>2024-08-14T20:29:19.696Z</time>
      </trkpt>
      <trkpt lat="61.789594" lon="10.224585">
        <ele>758.465209</ele>
        <time>2024-08-14T20:29:28.064Z</time>
      </trkpt>
      <trkpt lat="61.789344" lon="10.224885">
        <ele>758.499626</ele>
        <time>2024-08-14T20:29:32.645Z</time>
      </trkpt>
      <trkpt lat="61.789230" lon="10.225022">
        <ele>758.515326</ele>
        <time>2024-08-14T20:29:34.697Z</time>
      </trkpt>
      <trkpt lat="61.788563" lon="10.225854">
        <ele>758.594529</ele>
        <time>2024-08-14T20:29:46.955Z</time>
      </trkpt>
      <trkpt lat="61.787538" lon="10.227165">
        <ele>758.166960</ele>
        <time>2024-08-14T20:30:03.884Z</time>
      </trkpt>
      <trkpt lat="61.786850" lon="10.228063">
        <ele>757.980478</ele>
        <time>2024-08-14T20:30:13.955Z</time>
      </trkpt>
      <trkpt lat="61.786482" lon="10.228691">
        <ele>758.016301</ele>
        <time>2024-08-14T20:30:19.700Z</time>
      </trkpt>
      <trkpt lat="61.786241" lon="10.229284">
        <ele>758.044310</ele>
        <time>2024-08-14T20:30:24.386Z</time>
      </trkpt>
      <trkpt lat="61.785802" lon="10.228396">
        <ele>758.090330</ele>
        <time>2024-08-14T20:30:33.682Z</time>
      </trkpt>
      <trkpt lat="61.785693" lon="10.228167">
        <ele>758.258542</ele>
        <time>2024-08-14T20:30:36.932Z</time>
      </trkpt>
      <trkpt lat="61.785028" lon="10.226693">
        <ele>762.020365</ele>
        <time>2024-08-14T20:31:08.355Z</time>
      </trkpt>
      <trkpt lat="61.784655" lon="10.225702">
        <ele>764.359163</ele>
        <time>2024-08-14T20:31:30.057Z</time>
      </trkpt>
      <trkpt lat="61.784534" lon="10.225225">
        <ele>765.390397</ele>
        <time>2024-08-14T20:31:36.799Z</time>
      </trkpt>
      <trkpt lat="61.784406" lon="10.224492">
        <ele>767.027656</ele>
        <time>2024-08-14T20:31:46.705Z</time>
      </trkpt>
      <trkpt lat="61.784316" lon="10.224288">
        <ele>767.612287</ele>
        <time>2024-08-14T20:31:50.970Z</time>
      </trkpt>
      <trkpt lat="61.784229" lon="10.224214">
        <ele>768.027859</ele>
        <time>2024-08-14T20:31:53.959Z</time>
      </trkpt>
      <trkpt lat="61.784072" lon="10.224214">
        <ele>768.723645</ele>
        <time>2024-08-14T20:31:57.551Z</time>
      </trkpt>
      <trkpt lat="61.783943" lon="10.224322">
        <ele>769.338500</ele>
        <time>2024-08-14T20:32:02.872Z</time>
      </trkpt>
      <trkpt lat="61.783827" lon="10.224629">
        <ele>770.161952</ele>
        <time>2024-08-14T20:32:08.018Z</time>
      </trkpt>
      <trkpt lat="61.783802" lon="10.224902">
        <ele>770.744609</ele>
        <time>2024-08-14T20:32:13.107Z</time>
      </trkpt>
      <trkpt lat="61.783830" lon="10.225354">
        <ele>771.699794</ele>
        <time>2024-08-14T20:32:20.714Z</time>
      </trkpt>
      <trkpt lat="61.783812" lon="10.225727">
        <ele>772.485414</ele>
        <time>2024-08-14T20:32:28.807Z</time>
      </trkpt>
      <trkpt lat="61.783694" lon="10.226205">
        <ele>773.940688</ele>
        <time>2024-08-14T20:32:37.594Z</time>
      </trkpt>
      <trkpt lat="61.783604" lon="10.226357">
        <ele>774.769916</ele>
        <time>2024-08-14T20:32:42.724Z</time>
      </trkpt>
      <trkpt lat="61.783376" lon="10.226393">
        <ele>776.416056</ele>
        <time>2024-08-14T20:32:49.043Z</time>
      </trkpt>
      <trkpt lat="61.782940" lon="10.226130">
        <ele>779.680378</ele>
        <time>2024-08-14T20:33:03.821Z</time>
      </trkpt>
      <trkpt lat="61.782741" lon="10.225808">
        <ele>781.484373</ele>
        <time>2024-08-14T20:33:14.815Z</time>
      </trkpt>
      <trkpt lat="61.782673" lon="10.225575">
        <ele>782.416489</ele>
        <time>2024-08-14T20:33:21.707Z</time>
      </trkpt>
      <trkpt lat="61.782661" lon="10.225455">
        <ele>782.834033</ele>
        <time>2024-08-14T20:33:25.108Z</time>
      </trkpt>
      <trkpt lat="61.782672" lon="10.225074">
        <ele>784.133459</ele>
        <time>2024-08-14T20:33:34.768Z</time>
      </trkpt>
      <trkpt lat="61.782763" lon="10.224042">
        <ele>788.411750</ele>
        <time>2024-08-14T20:34:04.474Z</time>
      </trkpt>
      <trkpt lat="61.782733" lon="10.223669">
        <ele>790.245504</ele>
        <time>2024-08-14T20:34:14.945Z</time>
      </trkpt>
      <trkpt lat="61.782702" lon="10.223557">
        <ele>790.874495</ele>
        <time>2024-08-14T20:34:18.509Z</time>
      </trkpt>
      <trkpt lat="61.782609" lon="10.223400">
        <ele>792.094239</ele>
        <time>2024-08-14T20:34:25.669Z</time>
      </trkpt>
      <trkpt lat="61.782455" lon="10.223281">
        <ele>793.774880</ele>
        <time>2024-08-14T20:34:34.840Z</time>
      </trkpt>
      <trkpt lat="61.782235" lon="10.223198">
        <ele>796.065592</ele>
        <time>2024-08-14T20:34:47.383Z</time>
      </trkpt>
      <trkpt lat="61.781922" lon="10.223139">
        <ele>799.286722</ele>
        <time>2024-08-14T20:35:03.373Z</time>
      </trkpt>
      <trkpt lat="61.781541" lon="10.223140">
        <ele>803.192172</ele>
        <time>2024-08-14T20:35:23.663Z</time>
      </trkpt>
      <trkpt lat="61.780866" lon="10.223159">
        <ele>811.397826</ele>
        <time>2024-08-14T20:36:02.288Z</time>
      </trkpt>
      <trkpt lat="61.780659" lon="10.223211">
        <ele>814.022612</ele>
        <time>2024-08-14T20:36:14.736Z</time>
      </trkpt>
      <trkpt lat="61.778607" lon="10.224277">
        <ele>842.770592</ele>
        <time>2024-08-14T20:38:45.823Z</time>
      </trkpt>
      <trkpt lat="61.777901" lon="10.224661">
        <ele>853.402135</ele>
        <time>2024-08-14T20:39:42.316Z</time>
      </trkpt>
      <trkpt lat="61.777189" lon="10.225183">
        <ele>863.221727</ele>
        <time>2024-08-14T20:40:36.985Z</time>
      </trkpt>
      <trkpt lat="61.776215" lon="10.226056">
        <ele>876.956650</ele>
        <time>2024-08-14T20:41:44.788Z</time>
      </trkpt>
      <trkpt lat="61.776047" lon="10.226173">
        <ele>878.682347</ele>
        <time>2024-08-14T20:41:54.642Z</time>
      </trkpt>
      <trkpt lat="61.775723" lon="10.226291">
        <ele>881.889985</ele>
        <time>2024-08-14T20:42:12.555Z</time>
      </trkpt>
      <trkpt lat="61.775500" lon="10.226285">
        <ele>884.065852</ele>
        <time>2024-08-14T20:42:24.467Z</time>
      </trkpt>
      <trkpt lat="61.773417" lon="10.226531">
        <ele>903.164648</ele>
        <time>2024-08-14T20:44:11.851Z</time>
      </trkpt>
      <trkpt lat="61.773023" lon="10.226491">
        <ele>906.532992</ele>
        <time>2024-08-14T20:44:30.798Z</time>
      </trkpt>
      <trkpt lat="61.772844" lon="10.226248">
        <ele>908.349469</ele>
        <time>2024-08-14T20:44:40.515Z</time>
      </trkpt>
      <trkpt lat="61.772766" lon="10.225987">
        <ele>909.596395</ele>
        <time>2024-08-14T20:44:47.252Z</time>
      </trkpt>
      <trkpt lat="61.772724" lon="10.225522">
        <ele>911.080176</ele>
        <time>2024-08-14T20:44:56.961Z</time>
      </trkpt>
      <trkpt lat="61.772695" lon="10.224320">
        <ele>914.780372</ele>
        <time>2024-08-14T20:45:20.499Z</time>
      </trkpt>
      <trkpt lat="61.772676" lon="10.223293">
        <ele>917.940166</ele>
        <time>2024-08-14T20:45:39.320Z</time>
      </trkpt>
      <trkpt lat="61.772674" lon="10.223070">
        <ele>918.625875</ele>
        <time>2024-08-14T20:45:43.548Z</time>
      </trkpt>
      <trkpt lat="61.772491" lon="10.220918">
        <ele>925.304008</ele>
        <time>2024-08-14T20:46:23.987Z</time>
      </trkpt>
      <trkpt lat="61.772386" lon="10.219897">
        <ele>928.480433</ele>
        <time>2024-08-14T20:46:44.420Z</time>
      </trkpt>
      <trkpt lat="61.772249" lon="10.218879">
        <ele>931.698065</ele>
        <time>2024-08-14T20:47:04.377Z</time>
      </trkpt>
      <trkpt lat="61.772061" lon="10.217966">
        <ele>934.897609</ele>
        <time>2024-08-14T20:47:24.287Z</time>
      </trkpt>
      <trkpt lat="61.771888" lon="10.217482">
        <ele>936.922716</ele>
        <time>2024-08-14T20:47:36.975Z</time>
      </trkpt>
      <trkpt lat="61.771750" lon="10.217206">
        <ele>938.263390</ele>
        <time>2024-08-14T20:47:45.650Z</time>
      </trkpt>
      <trkpt lat="61.771544" lon="10.216734">
        <ele>940.407276</ele>
        <time>2024-08-14T20:47:58.889Z</time>
      </trkpt>
      <trkpt lat="61.771405" lon="10.216247">
        <ele>942.306019</ele>
        <time>2024-08-14T20:48:10.588Z</time>
      </trkpt>
      <trkpt lat="61.771096" lon="10.214850">
        <ele>947.284847</ele>
        <time>2024-08-14T20:48:41.909Z</time>
      </trkpt>
      <trkpt lat="61.770859" lon="10.214083">
        <ele>950.054296</ele>
        <time>2024-08-14T20:48:59.527Z</time>
      </trkpt>
      <trkpt lat="61.770802" lon="10.213943">
        <ele>950.612691</ele>
        <time>2024-08-14T20:49:03.082Z</time>
      </trkpt>
      <trkpt lat="61.770676" lon="10.213615">
        <ele>951.890008</ele>
        <time>2024-08-14T20:49:11.320Z</time>
      </trkpt>
      <trkpt lat="61.770459" lon="10.213216">
        <ele>953.727965</ele>
        <time>2024-08-14T20:49:23.153Z</time>
      </trkpt>
      <trkpt lat="61.769641" lon="10.211999">
        <ele>959.633006</ele>
        <time>2024-08-14T20:50:01.343Z</time>
      </trkpt>
      <trkpt lat="61.769089" lon="10.211175">
        <ele>963.241333</ele>
        <time>2024-08-14T20:50:25.763Z</time>
      </trkpt>
      <trkpt lat="61.767314" lon="10.209059">
        <ele>973.490512</ele>
        <time>2024-08-14T20:51:36.416Z</time>
      </trkpt>
      <trkpt lat="61.766902" lon="10.208441">
        <ele>975.924912</ele>
        <time>2024-08-14T20:51:53.459Z</time>
      </trkpt>
      <trkpt lat="61.766425" lon="10.207608">
        <ele>978.715941</ele>
        <time>2024-08-14T20:52:13.923Z</time>
      </trkpt>
      <trkpt lat="61.765986" lon="10.206685">
        <ele>981.509030</ele>
        <time>2024-08-14T20:52:34.204Z</time>
      </trkpt>
      <trkpt lat="61.765563" lon="10.205615">
        <ele>984.440634</ele>
        <time>2024-08-14T20:52:55.563Z</time>
      </trkpt>
      <trkpt lat="61.764860" lon="10.203449">
        <ele>989.748386</ele>
        <time>2024-08-14T20:53:34.768Z</time>
      </trkpt>
      <trkpt lat="61.764470" lon="10.202351">
        <ele>992.594013</ele>
        <time>2024-08-14T20:53:55.803Z</time>
      </trkpt>
      <trkpt lat="61.763779" lon="10.200978">
        <ele>996.887815</ele>
        <time>2024-08-14T20:54:27.013Z</time>
      </trkpt>
      <trkpt lat="61.762558" lon="10.198777">
        <ele>1003.768758</ele>
        <time>2024-08-14T20:55:20.912Z</time>
      </trkpt>
      <trkpt lat="61.761922" lon="10.197692">
        <ele>1007.045410</ele>
        <time>2024-08-14T20:55:45.239Z</time>
      </trkpt>
      <trkpt lat="61.761219" lon="10.196782">
        <ele>1008.537626</ele>
        <time>2024-08-14T20:56:06.034Z</time>
      </trkpt>
      <trkpt lat="61.760710" lon="10.196290">
        <ele>1009.550765</ele>
        <time>2024-08-14T20:56:17.475Z</time>
      </trkpt>
      <trkpt lat="61.759990" lon="10.195757">
        <ele>1009.934419</ele>
        <time>2024-08-14T20:56:29.745Z</time>
      </trkpt>
      <trkpt lat="61.758038" lon="10.194498">
        <ele>1007.810164</ele>
        <time>2024-08-14T20:56:54.434Z</time>
      </trkpt>
      <trkpt lat="61.756982" lon="10.193756">
        <ele>1005.795310</ele>
        <time>2024-08-14T20:57:06.506Z</time>
      </trkpt>
      <trkpt lat="61.756172" lon="10.193065">
        <ele>1003.741584</ele>
        <time>2024-08-14T20:57:15.709Z</time>
      </trkpt>
      <trkpt lat="61.754162" lon="10.191049">
        <ele>998.893330</ele>
        <time>2024-08-14T20:57:39.501Z</time>
      </trkpt>
      <trkpt lat="61.753928" lon="10.190858">
        <ele>998.385640</ele>
        <time>2024-08-14T20:57:42.335Z</time>
      </trkpt>
      <trkpt lat="61.753446" lon="10.190559">
        <ele>997.686535</ele>
        <time>2024-08-14T20:57:48.154Z</time>
      </trkpt>
      <trkpt lat="61.752951" lon="10.190376">
        <ele>997.429461</ele>
        <time>2024-08-14T20:57:54.307Z</time>
      </trkpt>
      <trkpt lat="61.752701" lon="10.190330">
        <ele>997.301084</ele>
        <time>2024-08-14T20:57:57.517Z</time>
      </trkpt>
      <trkpt lat="61.752176" lon="10.190325">
        <ele>997.032506</ele>
        <time>2024-08-14T20:58:04.867Z</time>
      </trkpt>
      <trkpt lat="61.751868" lon="10.190371">
        <ele>996.874549</ele>
        <time>2024-08-14T20:58:09.783Z</time>
      </trkpt>
      <trkpt lat="61.751057" lon="10.190593">
        <ele>998.199342</ele>
        <time>2024-08-14T20:58:25.058Z</time>
      </trkpt>
      <trkpt lat="61.749166" lon="10.191390">
        <ele>1001.718881</ele>
        <time>2024-08-14T20:59:12.412Z</time>
      </trkpt>
      <trkpt lat="61.748560" lon="10.191596">
        <ele>1002.967668</ele>
        <time>2024-08-14T20:59:26.503Z</time>
      </trkpt>
      <trkpt lat="61.748058" lon="10.191646">
        <ele>1003.576031</ele>
        <time>2024-08-14T20:59:36.172Z</time>
      </trkpt>
      <trkpt lat="61.747548" lon="10.191580">
        <ele>1003.813169</ele>
        <time>2024-08-14T20:59:44.927Z</time>
      </trkpt>
      <trkpt lat="61.746937" lon="10.191360">
        <ele>1004.100828</ele>
        <time>2024-08-14T20:59:54.239Z</time>
      </trkpt>
      <trkpt lat="61.746535" lon="10.191165">
        <ele>1004.292271</ele>
        <time>2024-08-14T20:59:59.771Z</time>
      </trkpt>
      <trkpt lat="61.744260" lon="10.189813">
        <ele>1006.183067</ele>
        <time>2024-08-14T21:00:40.186Z</time>
      </trkpt>
      <trkpt lat="61.743814" lon="10.189593">
        <ele>1007.027461</ele>
        <time>2024-08-14T21:00:50.695Z</time>
      </trkpt>
      <trkpt lat="61.741664" lon="10.188719">
        <ele>1012.298272</ele>
        <time>2024-08-14T21:01:47.474Z</time>
      </trkpt>
      <trkpt lat="61.741029" lon="10.188420">
        <ele>1014.281237</ele>
        <time>2024-08-14T21:02:03.127Z</time>
      </trkpt>
      <trkpt lat="61.740603" lon="10.188103">
        <ele>1015.867000</ele>
        <time>2024-08-14T21:02:15.230Z</time>
      </trkpt>
      <trkpt lat="61.740138" lon="10.187608">
        <ele>1017.695218</ele>
        <time>2024-08-14T21:02:29.984Z</time>
      </trkpt>
      <trkpt lat="61.739809" lon="10.187194">
        <ele>1019.039786</ele>
        <time>2024-08-14T21:02:41.989Z</time>
      </trkpt>
      <trkpt lat="61.739222" lon="10.186506">
        <ele>1022.884902</ele>
        <time>2024-08-14T21:03:04.991Z</time>
      </trkpt>
      <trkpt lat="61.738782" lon="10.186131">
        <ele>1025.957985</ele>
        <time>2024-08-14T21:03:24.323Z</time>
      </trkpt>
      <trkpt lat="61.738323" lon="10.185865">
        <ele>1029.040728</ele>
        <time>2024-08-14T21:03:45.912Z</time>
      </trkpt>
      <trkpt lat="61.737563" lon="10.185649">
        <ele>1034.621002</ele>
        <time>2024-08-14T21:04:21.169Z</time>
      </trkpt>
      <trkpt lat="61.736502" lon="10.185416">
        <ele>1043.086722</ele>
        <time>2024-08-14T21:05:11.353Z</time>
      </trkpt>
      <trkpt lat="61.735949" lon="10.185167">
        <ele>1047.243957</ele>
        <time>2024-08-14T21:05:37.877Z</time>
      </trkpt>
      <trkpt lat="61.735412" lon="10.184799">
        <ele>1050.990409</ele>
        <time>2024-08-14T21:06:03.066Z</time>
      </trkpt>
      <trkpt lat="61.734803" lon="10.184232">
        <ele>1055.407066</ele>
        <time>2024-08-14T21:06:30.539Z</time>
      </trkpt>
      <trkpt lat="61.734399" lon="10.183729">
        <ele>1057.964863</ele>
        <time>2024-08-14T21:06:47.364Z</time>
      </trkpt>
      <trkpt lat="61.733644" lon="10.182688">
        <ele>1060.710369</ele>
        <time>2024-08-14T21:07:13.537Z</time>
      </trkpt>
      <trkpt lat="61.733408" lon="10.182395">
        <ele>1061.543947</ele>
        <time>2024-08-14T21:07:19.894Z</time>
      </trkpt>
      <trkpt lat="61.732999" lon="10.181989">
        <ele>1062.920025</ele>
        <time>2024-08-14T21:07:29.395Z</time>
      </trkpt>
      <trkpt lat="61.732573" lon="10.181693">
        <ele>1063.049977</ele>
        <time>2024-08-14T21:07:37.726Z</time>
      </trkpt>
      <trkpt lat="61.731347" lon="10.181169">
        <ele>1063.277892</ele>
        <time>2024-08-14T21:07:55.772Z</time>
      </trkpt>
      <trkpt lat="61.731007" lon="10.180893">
        <ele>1062.900227</ele>
        <time>2024-08-14T21:08:00.593Z</time>
      </trkpt>
      <trkpt lat="61.730708" lon="10.180527">
        <ele>1062.344650</ele>
        <time>2024-08-14T21:08:04.830Z</time>
      </trkpt>
      <trkpt lat="61.730416" lon="10.180048">
        <ele>1061.750239</ele>
        <time>2024-08-14T21:08:09.092Z</time>
      </trkpt>
      <trkpt lat="61.730153" lon="10.179440">
        <ele>1061.123328</ele>
        <time>2024-08-14T21:08:13.341Z</time>
      </trkpt>
      <trkpt lat="61.729871" lon="10.178658">
        <ele>1060.360280</ele>
        <time>2024-08-14T21:08:18.268Z</time>
      </trkpt>
      <trkpt lat="61.729717" lon="10.178251">
        <ele>1059.785027</ele>
        <time>2024-08-14T21:08:20.829Z</time>
      </trkpt>
      <trkpt lat="61.729458" lon="10.177702">
        <ele>1058.929345</ele>
        <time>2024-08-14T21:08:24.707Z</time>
      </trkpt>
      <trkpt lat="61.729168" lon="10.177257">
        <ele>1058.093493</ele>
        <time>2024-08-14T21:08:28.503Z</time>
      </trkpt>
      <trkpt lat="61.729010" lon="10.177074">
        <ele>1057.673324</ele>
        <time>2024-08-14T21:08:30.425Z</time>
      </trkpt>
      <trkpt lat="61.728847" lon="10.176916">
        <ele>1057.255147</ele>
        <time>2024-08-14T21:08:32.315Z</time>
      </trkpt>
      <trkpt lat="61.728505" lon="10.176687">
        <ele>1056.418628</ele>
        <time>2024-08-14T21:08:36.143Z</time>
      </trkpt>
      <trkpt lat="61.727509" lon="10.176358">
        <ele>1055.297160</ele>
        <time>2024-08-14T21:08:47.637Z</time>
      </trkpt>
      <trkpt lat="61.727278" lon="10.176241">
        <ele>1055.060488</ele>
        <time>2024-08-14T21:08:50.633Z</time>
      </trkpt>
      <trkpt lat="61.726828" lon="10.175917">
        <ele>1054.586804</ele>
        <time>2024-08-14T21:08:57.151Z</time>
      </trkpt>
      <trkpt lat="61.726355" lon="10.175441">
        <ele>1054.830237</ele>
        <time>2024-08-14T21:09:05.306Z</time>
      </trkpt>
      <trkpt lat="61.726058" lon="10.175085">
        <ele>1055.218672</ele>
        <time>2024-08-14T21:09:11.436Z</time>
      </trkpt>
      <trkpt lat="61.725131" lon="10.173872">
        <ele>1056.459077</ele>
        <time>2024-08-14T21:09:34.519Z</time>
      </trkpt>
      <trkpt lat="61.724902" lon="10.173591">
        <ele>1056.957753</ele>
        <time>2024-08-14T21:09:40.717Z</time>
      </trkpt>
      <trkpt lat="61.724585" lon="10.173194">
        <ele>1057.659911</ele>
        <time>2024-08-14T21:09:49.478Z</time>
      </trkpt>
      <trkpt lat="61.724447" lon="10.173059">
        <ele>1057.949658</ele>
        <time>2024-08-14T21:09:53.056Z</time>
      </trkpt>
      <trkpt lat="61.724326" lon="10.172962">
        <ele>1058.196224</ele>
        <time>2024-08-14T21:09:56.055Z</time>
      </trkpt>
      <trkpt lat="61.723924" lon="10.172704">
        <ele>1058.996645</ele>
        <time>2024-08-14T21:10:05.920Z</time>
      </trkpt>
      <trkpt lat="61.723587" lon="10.172572">
        <ele>1059.649588</ele>
        <time>2024-08-14T21:10:13.628Z</time>
      </trkpt>
      <trkpt lat="61.723103" lon="10.172529">
        <ele>1060.136741</ele>
        <time>2024-08-14T21:10:23.471Z</time>
      </trkpt>
      <trkpt lat="61.722812" lon="10.172577">
        <ele>1060.335562</ele>
        <time>2024-08-14T21:10:28.470Z</time>
      </trkpt>
      <trkpt lat="61.722036" lon="10.172904">
        <ele>1060.874570</ele>
        <time>2024-08-14T21:10:41.564Z</time>
      </trkpt>
      <trkpt lat="61.721520" lon="10.173098">
        <ele>1061.170616</ele>
        <time>2024-08-14T21:10:49.682Z</time>
      </trkpt>
      <trkpt lat="61.721064" lon="10.173125">
        <ele>1061.312468</ele>
        <time>2024-08-14T21:10:56.680Z</time>
      </trkpt>
      <trkpt lat="61.720630" lon="10.173029">
        <ele>1061.448162</ele>
        <time>2024-08-14T21:11:03.552Z</time>
      </trkpt>
      <trkpt lat="61.720290" lon="10.172852">
        <ele>1061.557056</ele>
        <time>2024-08-14T21:11:09.135Z</time>
      </trkpt>
      <trkpt lat="61.719958" lon="10.172605">
        <ele>1061.666519</ele>
        <time>2024-08-14T21:11:15.160Z</time>
      </trkpt>
      <trkpt lat="61.719491" lon="10.172103">
        <ele>1061.825408</ele>
        <time>2024-08-14T21:11:24.570Z</time>
      </trkpt>
      <trkpt lat="61.718823" lon="10.171245">
        <ele>1062.061994</ele>
        <time>2024-08-14T21:11:37.646Z</time>
      </trkpt>
      <trkpt lat="61.718243" lon="10.170564">
        <ele>1062.079729</ele>
        <time>2024-08-14T21:11:47.496Z</time>
      </trkpt>
      <trkpt lat="61.717190" lon="10.169640">
        <ele>1060.842061</ele>
        <time>2024-08-14T21:12:01.566Z</time>
      </trkpt>
      <trkpt lat="61.716826" lon="10.169338">
        <ele>1060.417580</ele>
        <time>2024-08-14T21:12:05.964Z</time>
      </trkpt>
      <trkpt lat="61.716603" lon="10.169153">
        <ele>1060.041779</ele>
        <time>2024-08-14T21:12:08.579Z</time>
      </trkpt>
      <trkpt lat="61.713392" lon="10.166471">
        <ele>1052.616244</ele>
        <time>2024-08-14T21:12:45.660Z</time>
      </trkpt>
      <trkpt lat="61.712872" lon="10.166067">
        <ele>1052.279445</ele>
        <time>2024-08-14T21:12:52.438Z</time>
      </trkpt>
      <trkpt lat="61.712153" lon="10.165613">
        <ele>1051.909816</ele>
        <time>2024-08-14T21:13:02.630Z</time>
      </trkpt>
      <trkpt lat="61.711385" lon="10.165271">
        <ele>1051.818212</ele>
        <time>2024-08-14T21:13:15.355Z</time>
      </trkpt>
      <trkpt lat="61.710395" lon="10.165047">
        <ele>1052.496338</ele>
        <time>2024-08-14T21:13:32.162Z</time>
      </trkpt>
      <trkpt lat="61.708781" lon="10.165013">
        <ele>1054.016421</ele>
        <time>2024-08-14T21:14:03.632Z</time>
      </trkpt>
      <trkpt lat="61.707838" lon="10.164891">
        <ele>1054.880974</ele>
        <time>2024-08-14T21:14:21.554Z</time>
      </trkpt>
      <trkpt lat="61.706917" lon="10.164639">
        <ele>1055.199762</ele>
        <time>2024-08-14T21:14:37.517Z</time>
      </trkpt>
      <trkpt lat="61.706141" lon="10.164319">
        <ele>1055.356783</ele>
        <time>2024-08-14T21:14:48.860Z</time>
      </trkpt>
      <trkpt lat="61.704068" lon="10.163172">
        <ele>1053.658192</ele>
        <time>2024-08-14T21:15:16.726Z</time>
      </trkpt>
      <trkpt lat="61.703605" lon="10.163024">
        <ele>1052.872192</ele>
        <time>2024-08-14T21:15:22.197Z</time>
      </trkpt>
      <trkpt lat="61.703104" lon="10.162953">
        <ele>1052.029385</ele>
        <time>2024-08-14T21:15:27.731Z</time>
      </trkpt>
      <trkpt lat="61.702457" lon="10.162994">
        <ele>1050.213551</ele>
        <time>2024-08-14T21:15:34.403Z</time>
      </trkpt>
      <trkpt lat="61.702088" lon="10.163072">
        <ele>1048.667524</ele>
        <time>2024-08-14T21:15:38.113Z</time>
      </trkpt>
      <trkpt lat="61.701949" lon="10.163102">
        <ele>1048.085022</ele>
        <time>2024-08-14T21:15:39.488Z</time>
      </trkpt>
      <trkpt lat="61.701574" lon="10.163191">
        <ele>1046.511822</ele>
        <time>2024-08-14T21:15:43.118Z</time>
      </trkpt>
      <trkpt lat="61.700103" lon="10.163548">
        <ele>1039.275994</ele>
        <time>2024-08-14T21:15:56.935Z</time>
      </trkpt>
      <trkpt lat="61.700053" lon="10.163559">
        <ele>1039.004493</ele>
        <time>2024-08-14T21:15:57.395Z</time>
      </trkpt>
      <trkpt lat="61.698564" lon="10.163897">
        <ele>1031.230061</ele>
        <time>2024-08-14T21:16:11.332Z</time>
      </trkpt>
      <trkpt lat="61.697851" lon="10.163891">
        <ele>1027.744726</ele>
        <time>2024-08-14T21:16:18.075Z</time>
      </trkpt>
      <trkpt lat="61.697377" lon="10.163739">
        <ele>1025.408684</ele>
        <time>2024-08-14T21:16:22.693Z</time>
      </trkpt>
      <trkpt lat="61.696953" lon="10.163480">
        <ele>1023.819130</ele>
        <time>2024-08-14T21:16:26.999Z</time>
      </trkpt>
      <trkpt lat="61.696721" lon="10.163288">
        <ele>1022.921694</ele>
        <time>2024-08-14T21:16:29.450Z</time>
      </trkpt>
      <trkpt lat="61.696307" lon="10.162836">
        <ele>1021.242991</ele>
        <time>2024-08-14T21:16:34.094Z</time>
      </trkpt>
      <trkpt lat="61.695945" lon="10.162293">
        <ele>1019.643375</ele>
        <time>2024-08-14T21:16:38.598Z</time>
      </trkpt>
      <trkpt lat="61.695723" lon="10.161896">
        <ele>1018.689664</ele>
        <time>2024-08-14T21:16:41.584Z</time>
      </trkpt>
      <trkpt lat="61.695394" lon="10.161163">
        <ele>1017.420918</ele>
        <time>2024-08-14T21:16:46.515Z</time>
      </trkpt>
      <trkpt lat="61.695108" lon="10.160316">
        <ele>1016.113827</ele>
        <time>2024-08-14T21:16:51.600Z</time>
      </trkpt>
      <trkpt lat="61.694855" lon="10.159268">
        <ele>1014.635526</ele>
        <time>2024-08-14T21:16:57.474Z</time>
      </trkpt>
      <trkpt lat="61.694766" lon="10.158782">
        <ele>1014.091425</ele>
        <time>2024-08-14T21:17:00.167Z</time>
      </trkpt>
      <trkpt lat="61.694643" lon="10.157804">
        <ele>1013.509839</ele>
        <time>2024-08-14T21:17:05.583Z</time>
      </trkpt>
      <trkpt lat="61.694602" lon="10.157217">
        <ele>1013.168793</ele>
        <time>2024-08-14T21:17:08.882Z</time>
      </trkpt>
      <trkpt lat="61.694577" lon="10.156229">
        <ele>1012.600087</ele>
        <time>2024-08-14T21:17:14.589Z</time>
      </trkpt>
      <trkpt lat="61.694591" lon="10.155657">
        <ele>1012.270866</ele>
        <time>2024-08-14T21:17:18.009Z</time>
      </trkpt>
      <trkpt lat="61.694691" lon="10.153586">
        <ele>1011.783214</ele>
        <time>2024-08-14T21:17:31.617Z</time>
      </trkpt>
      <trkpt lat="61.694753" lon="10.152572">
        <ele>1011.643440</ele>
        <time>2024-08-14T21:17:38.747Z</time>
      </trkpt>
      <trkpt lat="61.694771" lon="10.151615">
        <ele>1011.512504</ele>
        <time>2024-08-14T21:17:45.255Z</time>
      </trkpt>
      <trkpt lat="61.694700" lon="10.150140">
        <ele>1011.101484</ele>
        <time>2024-08-14T21:17:54.792Z</time>
      </trkpt>
      <trkpt lat="61.694635" lon="10.149480">
        <ele>1010.900267</ele>
        <time>2024-08-14T21:17:58.949Z</time>
      </trkpt>
      <trkpt lat="61.694458" lon="10.148331">
        <ele>1010.539640</ele>
        <time>2024-08-14T21:18:06.166Z</time>
      </trkpt>
      <trkpt lat="61.694338" lon="10.147758">
        <ele>1010.351760</ele>
        <time>2024-08-14T21:18:09.819Z</time>
      </trkpt>
      <trkpt lat="61.694053" lon="10.146697">
        <ele>1009.627859</ele>
        <time>2024-08-14T21:18:16.802Z</time>
      </trkpt>
      <trkpt lat="61.692214" lon="10.140914">
        <ele>1004.884382</ele>
        <time>2024-08-14T21:18:55.313Z</time>
      </trkpt>
      <trkpt lat="61.691814" lon="10.139764">
        <ele>1003.323431</ele>
        <time>2024-08-14T21:19:02.761Z</time>
      </trkpt>
      <trkpt lat="61.691627" lon="10.139304">
        <ele>1002.660283</ele>
        <time>2024-08-14T21:19:05.826Z</time>
      </trkpt>
      <trkpt lat="61.691370" lon="10.138731">
        <ele>1001.797052</ele>
        <time>2024-08-14T21:19:09.704Z</time>
      </trkpt>
      <trkpt lat="61.690812" lon="10.137719">
        <ele>999.075539</ele>
        <time>2024-08-14T21:19:17.067Z</time>
      </trkpt>
      <trkpt lat="61.690463" lon="10.137205">
        <ele>997.314347</ele>
        <time>2024-08-14T21:19:21.201Z</time>
      </trkpt>
      <trkpt lat="61.689539" lon="10.135987">
        <ele>992.733490</ele>
        <time>2024-08-14T21:19:31.549Z</time>
      </trkpt>
      <trkpt lat="61.688137" lon="10.134139">
        <ele>985.728900</ele>
        <time>2024-08-14T21:19:47.391Z</time>
      </trkpt>
      <trkpt lat="61.687455" lon="10.133219">
        <ele>983.844210</ele>
        <time>2024-08-14T21:19:55.726Z</time>
      </trkpt>
      <trkpt lat="61.686591" lon="10.131704">
        <ele>981.661048</ele>
        <time>2024-08-14T21:20:09.060Z</time>
      </trkpt>
      <trkpt lat="61.686255" lon="10.130999">
        <ele>981.330419</ele>
        <time>2024-08-14T21:20:15.631Z</time>
      </trkpt>
      <trkpt lat="61.685688" lon="10.129566">
        <ele>980.713056</ele>
        <time>2024-08-14T21:20:27.639Z</time>
      </trkpt>
      <trkpt lat="61.685378" lon="10.129085">
        <ele>980.174697</ele>
        <time>2024-08-14T21:20:32.277Z</time>
      </trkpt>
      <trkpt lat="61.685153" lon="10.128845">
        <ele>979.676022</ele>
        <time>2024-08-14T21:20:35.163Z</time>
      </trkpt>
      <trkpt lat="61.684754" lon="10.128559">
        <ele>978.842589</ele>
        <time>2024-08-14T21:20:39.854Z</time>
      </trkpt>
      <trkpt lat="61.684214" lon="10.128259">
        <ele>977.738213</ele>
        <time>2024-08-14T21:20:45.809Z</time>
      </trkpt>
      <trkpt lat="61.683842" lon="10.128048">
        <ele>976.966439</ele>
        <time>2024-08-14T21:20:49.821Z</time>
      </trkpt>
      <trkpt lat="61.683588" lon="10.127778">
        <ele>976.307888</ele>
        <time>2024-08-14T21:20:52.761Z</time>
      </trkpt>
      <trkpt lat="61.683360" lon="10.127437">
        <ele>975.660712</ele>
        <time>2024-08-14T21:20:55.633Z</time>
      </trkpt>
      <trkpt lat="61.682195" lon="10.125426">
        <ele>972.693762</ele>
        <time>2024-08-14T21:21:11.875Z</time>
      </trkpt>
      <trkpt lat="61.681313" lon="10.123696">
        <ele>971.984884</ele>
        <time>2024-08-14T21:21:28.272Z</time>
      </trkpt>
      <trkpt lat="61.680744" lon="10.122843">
        <ele>972.029807</ele>
        <time>2024-08-14T21:21:39.877Z</time>
      </trkpt>
      <trkpt lat="61.680122" lon="10.122070">
        <ele>972.417812</ele>
        <time>2024-08-14T21:21:52.342Z</time>
      </trkpt>
      <trkpt lat="61.679643" lon="10.121415">
        <ele>972.724627</ele>
        <time>2024-08-14T21:22:02.905Z</time>
      </trkpt>
      <trkpt lat="61.679339" lon="10.120818">
        <ele>972.756250</ele>
        <time>2024-08-14T21:22:09.972Z</time>
      </trkpt>
      <trkpt lat="61.679117" lon="10.120142">
        <ele>972.728310</ele>
        <time>2024-08-14T21:22:15.986Z</time>
      </trkpt>
      <trkpt lat="61.678958" lon="10.119420">
        <ele>972.701260</ele>
        <time>2024-08-14T21:22:21.151Z</time>
      </trkpt>
      <trkpt lat="61.678654" lon="10.116874">
        <ele>972.149713</ele>
        <time>2024-08-14T21:22:37.832Z</time>
      </trkpt>
      <trkpt lat="61.678578" lon="10.116487">
        <ele>971.961895</ele>
        <time>2024-08-14T21:22:40.443Z</time>
      </trkpt>
      <trkpt lat="61.678375" lon="10.115785">
        <ele>971.593238</ele>
        <time>2024-08-14T21:22:45.312Z</time>
      </trkpt>
      <trkpt lat="61.677905" lon="10.114723">
        <ele>970.929179</ele>
        <time>2024-08-14T21:22:53.346Z</time>
      </trkpt>
      <trkpt lat="61.677612" lon="10.114234">
        <ele>970.004111</ele>
        <time>2024-08-14T21:22:57.505Z</time>
      </trkpt>
      <trkpt lat="61.677427" lon="10.114010">
        <ele>969.476011</ele>
        <time>2024-08-14T21:22:59.820Z</time>
      </trkpt>
      <trkpt lat="61.677245" lon="10.113851">
        <ele>968.988351</ele>
        <time>2024-08-14T21:23:01.964Z</time>
      </trkpt>
      <trkpt lat="61.676740" lon="10.113488">
        <ele>967.667655</ele>
        <time>2024-08-14T21:23:07.597Z</time>
      </trkpt>
      <trkpt lat="61.674431" lon="10.112014">
        <ele>960.126916</ele>
        <time>2024-08-14T21:23:31.907Z</time>
      </trkpt>
      <trkpt lat="61.674215" lon="10.112011">
        <ele>959.423133</ele>
        <time>2024-08-14T21:23:34.082Z</time>
      </trkpt>
      <trkpt lat="61.673939" lon="10.112220">
        <ele>958.467589</ele>
        <time>2024-08-14T21:23:37.041Z</time>
      </trkpt>
      <trkpt lat="61.673650" lon="10.112611">
        <ele>957.348647</ele>
        <time>2024-08-14T21:23:40.509Z</time>
      </trkpt>
      <trkpt lat="61.672877" lon="10.113933">
        <ele>954.127649</ele>
        <time>2024-08-14T21:23:50.574Z</time>
      </trkpt>
      <trkpt lat="61.670527" lon="10.118109">
        <ele>944.766217</ele>
        <time>2024-08-14T21:24:21.832Z</time>
      </trkpt>
      <trkpt lat="61.670468" lon="10.118215">
        <ele>944.538161</ele>
        <time>2024-08-14T21:24:22.638Z</time>
      </trkpt>
      <trkpt lat="61.669211" lon="10.120426">
        <ele>940.784519</ele>
        <time>2024-08-14T21:24:40.387Z</time>
      </trkpt>
      <trkpt lat="61.667893" lon="10.122710">
        <ele>937.223471</ele>
        <time>2024-08-14T21:24:59.114Z</time>
      </trkpt>
      <trkpt lat="61.667594" lon="10.123112">
        <ele>936.493164</ele>
        <time>2024-08-14T21:25:02.970Z</time>
      </trkpt>
      <trkpt lat="61.667376" lon="10.123333">
        <ele>935.982967</ele>
        <time>2024-08-14T21:25:05.593Z</time>
      </trkpt>
      <trkpt lat="61.666786" lon="10.123800">
        <ele>934.598980</ele>
        <time>2024-08-14T21:25:12.420Z</time>
      </trkpt>
      <trkpt lat="61.666618" lon="10.123904">
        <ele>934.214475</ele>
        <time>2024-08-14T21:25:14.316Z</time>
      </trkpt>
      <trkpt lat="61.666132" lon="10.124090">
        <ele>933.129799</ele>
        <time>2024-08-14T21:25:19.614Z</time>
      </trkpt>
      <trkpt lat="61.665572" lon="10.124135">
        <ele>931.908651</ele>
        <time>2024-08-14T21:25:25.656Z</time>
      </trkpt>
      <trkpt lat="61.665034" lon="10.124087">
        <ele>930.760303</ele>
        <time>2024-08-14T21:25:31.479Z</time>
      </trkpt>
      <trkpt lat="61.664651" lon="10.124002">
        <ele>929.939012</ele>
        <time>2024-08-14T21:25:35.639Z</time>
      </trkpt>
      <trkpt lat="61.663721" lon="10.123657">
        <ele>928.040155</ele>
        <time>2024-08-14T21:25:45.913Z</time>
      </trkpt>
      <trkpt lat="61.663323" lon="10.123413">
        <ele>927.374174</ele>
        <time>2024-08-14T21:25:50.526Z</time>
      </trkpt>
      <trkpt lat="61.662938" lon="10.123106">
        <ele>926.712779</ele>
        <time>2024-08-14T21:25:55.211Z</time>
      </trkpt>
      <trkpt lat="61.662531" lon="10.122663">
        <ele>925.976745</ele>
        <time>2024-08-14T21:26:00.506Z</time>
      </trkpt>
      <trkpt lat="61.661000" lon="10.120543">
        <ele>923.869025</ele>
        <time>2024-08-14T21:26:22.642Z</time>
      </trkpt>
      <trkpt lat="61.660606" lon="10.120121">
        <ele>923.448235</ele>
        <time>2024-08-14T21:26:28.155Z</time>
      </trkpt>
      <trkpt lat="61.660324" lon="10.119954">
        <ele>923.216658</ele>
        <time>2024-08-14T21:26:31.830Z</time>
      </trkpt>
      <trkpt lat="61.659962" lon="10.119862">
        <ele>922.928403</ele>
        <time>2024-08-14T21:26:36.462Z</time>
      </trkpt>
      <trkpt lat="61.659604" lon="10.119833">
        <ele>922.645176</ele>
        <time>2024-08-14T21:26:41.048Z</time>
      </trkpt>
      <trkpt lat="61.659268" lon="10.119798">
        <ele>922.379226</ele>
        <time>2024-08-14T21:26:45.341Z</time>
      </trkpt>
      <trkpt lat="61.658870" lon="10.119661">
        <ele>922.040010</ele>
        <time>2024-08-14T21:26:50.468Z</time>
      </trkpt>
      <trkpt lat="61.658325" lon="10.119286">
        <ele>921.501069</ele>
        <time>2024-08-14T21:26:57.695Z</time>
      </trkpt>
      <trkpt lat="61.656797" lon="10.118183">
        <ele>920.191242</ele>
        <time>2024-08-14T21:27:17.303Z</time>
      </trkpt>
      <trkpt lat="61.655736" lon="10.117389">
        <ele>919.578767</ele>
        <time>2024-08-14T21:27:32.280Z</time>
      </trkpt>
      <trkpt lat="61.655255" lon="10.116800">
        <ele>919.583901</ele>
        <time>2024-08-14T21:27:40.697Z</time>
      </trkpt>
      <trkpt lat="61.654533" lon="10.115630">
        <ele>919.771950</ele>
        <time>2024-08-14T21:27:55.578Z</time>
      </trkpt>
      <trkpt lat="61.654189" lon="10.115092">
        <ele>919.860399</ele>
        <time>2024-08-14T21:28:02.835Z</time>
      </trkpt>
      <trkpt lat="61.653866" lon="10.114681">
        <ele>919.699669</ele>
        <time>2024-08-14T21:28:08.612Z</time>
      </trkpt>
      <trkpt lat="61.653420" lon="10.114215">
        <ele>919.440586</ele>
        <time>2024-08-14T21:28:15.348Z</time>
      </trkpt>
      <trkpt lat="61.653088" lon="10.113915">
        <ele>919.252588</ele>
        <time>2024-08-14T21:28:19.837Z</time>
      </trkpt>
      <trkpt lat="61.652842" lon="10.113636">
        <ele>919.107191</ele>
        <time>2024-08-14T21:28:23.203Z</time>
      </trkpt>
      <trkpt lat="61.652500" lon="10.113088">
        <ele>918.910397</ele>
        <time>2024-08-14T21:28:28.385Z</time>
      </trkpt>
      <trkpt lat="61.651742" lon="10.111808">
        <ele>918.670968</ele>
        <time>2024-08-14T21:28:41.442Z</time>
      </trkpt>
      <trkpt lat="61.651656" lon="10.111669">
        <ele>918.644253</ele>
        <time>2024-08-14T21:28:42.994Z</time>
      </trkpt>
      <trkpt lat="61.651242" lon="10.110984">
        <ele>918.514508</ele>
        <time>2024-08-14T21:28:51.353Z</time>
      </trkpt>
      <trkpt lat="61.651058" lon="10.110739">
        <ele>918.397362</ele>
        <time>2024-08-14T21:28:54.845Z</time>
      </trkpt>
      <trkpt lat="61.650716" lon="10.110487">
        <ele>918.121717</ele>
        <time>2024-08-14T21:29:00.694Z</time>
      </trkpt>
      <trkpt lat="61.650552" lon="10.110445">
        <ele>917.996033</ele>
        <time>2024-08-14T21:29:03.299Z</time>
      </trkpt>
      <trkpt lat="61.650508" lon="10.110440">
        <ele>917.962511</ele>
        <time>2024-08-14T21:29:04.014Z</time>
      </trkpt>
      <trkpt lat="61.650153" lon="10.110510">
        <ele>917.691261</ele>
        <time>2024-08-14T21:29:09.021Z</time>
      </trkpt>
      <trkpt lat="61.649354" lon="10.110783">
        <ele>916.872080</ele>
        <time>2024-08-14T21:29:18.392Z</time>
      </trkpt>
      <trkpt lat="61.649272" lon="10.110769">
        <ele>916.541433</ele>
        <time>2024-08-14T21:29:19.233Z</time>
      </trkpt>
      <trkpt lat="61.649134" lon="10.110640">
        <ele>915.934611</ele>
        <time>2024-08-14T21:29:20.781Z</time>
      </trkpt>
      <trkpt lat="61.649044" lon="10.110430">
        <ele>915.394726</ele>
        <time>2024-08-14T21:29:22.131Z</time>
      </trkpt>
      <trkpt lat="61.648983" lon="10.110074">
        <ele>914.672404</ele>
        <time>2024-08-14T21:29:23.883Z</time>
      </trkpt>
      <trkpt lat="61.648926" lon="10.108832">
        <ele>912.290938</ele>
        <time>2024-08-14T21:29:29.553Z</time>
      </trkpt>
      <trkpt lat="61.648848" lon="10.107943">
        <ele>910.565514</ele>
        <time>2024-08-14T21:29:33.595Z</time>
      </trkpt>
      <trkpt lat="61.648599" lon="10.105780">
        <ele>905.937537</ele>
        <time>2024-08-14T21:29:43.576Z</time>
      </trkpt>
      <trkpt lat="61.648356" lon="10.102869">
        <ele>900.096007</ele>
        <time>2024-08-14T21:29:57.300Z</time>
      </trkpt>
      <trkpt lat="61.648032" lon="10.098520">
        <ele>893.159682</ele>
        <time>2024-08-14T21:30:18.194Z</time>
      </trkpt>
      <trkpt lat="61.647880" lon="10.096408">
        <ele>890.336611</ele>
        <time>2024-08-14T21:30:28.932Z</time>
      </trkpt>
      <trkpt lat="61.647873" lon="10.095836">
        <ele>889.822433</ele>
        <time>2024-08-14T21:30:32.084Z</time>
      </trkpt>
      <trkpt lat="61.647923" lon="10.095175">
        <ele>889.220962</ele>
        <time>2024-08-14T21:30:35.877Z</time>
      </trkpt>
      <trkpt lat="61.648075" lon="10.094333">
        <ele>888.411509</ele>
        <time>2024-08-14T21:30:40.716Z</time>
      </trkpt>
      <trkpt lat="61.648090" lon="10.094260">
        <ele>888.340033</ele>
        <time>2024-08-14T21:30:41.161Z</time>
      </trkpt>
      <trkpt lat="61.648338" lon="10.093237">
        <ele>887.307907</ele>
        <time>2024-08-14T21:30:47.118Z</time>
      </trkpt>
      <trkpt lat="61.648440" lon="10.092780">
        <ele>886.836259</ele>
        <time>2024-08-14T21:30:49.690Z</time>
      </trkpt>
      <trkpt lat="61.648466" lon="10.092450">
        <ele>886.471297</ele>
        <time>2024-08-14T21:30:51.355Z</time>
      </trkpt>
      <trkpt lat="61.648429" lon="10.092142">
        <ele>886.124675</ele>
        <time>2024-08-14T21:30:52.998Z</time>
      </trkpt>
      <trkpt lat="61.648283" lon="10.091811">
        <ele>885.631794</ele>
        <time>2024-08-14T21:30:55.280Z</time>
      </trkpt>
      <trkpt lat="61.648173" lon="10.091764">
        <ele>885.373921</ele>
        <time>2024-08-14T21:30:56.470Z</time>
      </trkpt>
      <trkpt lat="61.648013" lon="10.091824">
        <ele>885.000540</ele>
        <time>2024-08-14T21:30:58.211Z</time>
      </trkpt>
      <trkpt lat="61.647769" lon="10.092018">
        <ele>884.401325</ele>
        <time>2024-08-14T21:31:01.000Z</time>
      </trkpt>
      <trkpt lat="61.647364" lon="10.092442">
        <ele>883.362189</ele>
        <time>2024-08-14T21:31:05.737Z</time>
      </trkpt>
      <trkpt lat="61.646911" lon="10.092818">
        <ele>882.779489</ele>
        <time>2024-08-14T21:31:10.911Z</time>
      </trkpt>
      <trkpt lat="61.646406" lon="10.093088">
        <ele>882.724396</ele>
        <time>2024-08-14T21:31:17.262Z</time>
      </trkpt>
      <trkpt lat="61.646203" lon="10.093133">
        <ele>882.702812</ele>
        <time>2024-08-14T21:31:20.244Z</time>
      </trkpt>
      <trkpt lat="61.645874" lon="10.093124">
        <ele>882.668021</ele>
        <time>2024-08-14T21:31:25.996Z</time>
      </trkpt>
      <trkpt lat="61.645249" lon="10.092972">
        <ele>882.957563</ele>
        <time>2024-08-14T21:31:39.082Z</time>
      </trkpt>
      <trkpt lat="61.644358" lon="10.092582">
        <ele>885.368634</ele>
        <time>2024-08-14T21:32:01.135Z</time>
      </trkpt>
      <trkpt lat="61.644218" lon="10.092518">
        <ele>885.748189</ele>
        <time>2024-08-14T21:32:04.915Z</time>
      </trkpt>
      <trkpt lat="61.643943" lon="10.092391">
        <ele>886.494090</ele>
        <time>2024-08-14T21:32:12.566Z</time>
      </trkpt>
      <trkpt lat="61.643673" lon="10.092266">
        <ele>887.226513</ele>
        <time>2024-08-14T21:32:20.389Z</time>
      </trkpt>
      <trkpt lat="61.642425" lon="10.091727">
        <ele>892.309494</ele>
        <time>2024-08-14T21:32:59.695Z</time>
      </trkpt>
      <trkpt lat="61.641476" lon="10.091357">
        <ele>896.206462</ele>
        <time>2024-08-14T21:33:31.151Z</time>
      </trkpt>
      <trkpt lat="61.641145" lon="10.091311">
        <ele>897.537704</ele>
        <time>2024-08-14T21:33:41.597Z</time>
      </trkpt>
      <trkpt lat="61.640670" lon="10.091315">
        <ele>899.443964</ele>
        <time>2024-08-14T21:33:56.341Z</time>
      </trkpt>
      <trkpt lat="61.639682" lon="10.091625">
        <ele>903.366223</ele>
        <time>2024-08-14T21:34:25.678Z</time>
      </trkpt>
      <trkpt lat="61.638275" lon="10.092153">
        <ele>908.811650</ele>
        <time>2024-08-14T21:35:07.994Z</time>
      </trkpt>
      <trkpt lat="61.638011" lon="10.092216">
        <ele>910.186082</ele>
        <time>2024-08-14T21:35:16.642Z</time>
      </trkpt>
      <trkpt lat="61.637739" lon="10.092243">
        <ele>911.594716</ele>
        <time>2024-08-14T21:35:25.815Z</time>
      </trkpt>
      <trkpt lat="61.636666" lon="10.092139">
        <ele>917.151281</ele>
        <time>2024-08-14T21:36:05.300Z</time>
      </trkpt>
      <trkpt lat="61.635410" lon="10.091981">
        <ele>924.659721</ele>
        <time>2024-08-14T21:36:54.925Z</time>
      </trkpt>
      <trkpt lat="61.635248" lon="10.091976">
        <ele>925.646188</ele>
        <time>2024-08-14T21:37:01.066Z</time>
      </trkpt>
      <trkpt lat="61.634358" lon="10.092143">
        <ele>931.158477</ele>
        <time>2024-08-14T21:37:36.536Z</time>
      </trkpt>
      <trkpt lat="61.633977" lon="10.092221">
        <ele>933.568169</ele>
        <time>2024-08-14T21:37:51.860Z</time>
      </trkpt>
      <trkpt lat="61.633724" lon="10.092269">
        <ele>935.167247</ele>
        <time>2024-08-14T21:38:01.773Z</time>
      </trkpt>
      <trkpt lat="61.632671" lon="10.092495">
        <ele>941.854932</ele>
        <time>2024-08-14T21:38:44.342Z</time>
      </trkpt>
      <trkpt lat="61.631625" lon="10.092727">
        <ele>948.582016</ele>
        <time>2024-08-14T21:39:28.211Z</time>
      </trkpt>
      <trkpt lat="61.630979" lon="10.093013">
        <ele>952.632314</ele>
        <time>2024-08-14T21:39:54.127Z</time>
      </trkpt>
      <trkpt lat="61.630496" lon="10.093347">
        <ele>955.332677</ele>
        <time>2024-08-14T21:40:13.081Z</time>
      </trkpt>
      <trkpt lat="61.630277" lon="10.093597">
        <ele>956.655984</ele>
        <time>2024-08-14T21:40:22.297Z</time>
      </trkpt>
      <trkpt lat="61.629973" lon="10.094039">
        <ele>958.618526</ele>
        <time>2024-08-14T21:40:35.521Z</time>
      </trkpt>
      <trkpt lat="61.629422" lon="10.094859">
        <ele>961.947443</ele>
        <time>2024-08-14T21:40:58.150Z</time>
      </trkpt>
      <trkpt lat="61.629084" lon="10.095283">
        <ele>963.415732</ele>
        <time>2024-08-14T21:41:10.774Z</time>
      </trkpt>
      <trkpt lat="61.628782" lon="10.095509">
        <ele>964.611752</ele>
        <time>2024-08-14T21:41:20.692Z</time>
      </trkpt>
      <trkpt lat="61.628526" lon="10.095587">
        <ele>965.576959</ele>
        <time>2024-08-14T21:41:28.386Z</time>
      </trkpt>
      <trkpt lat="61.628071" lon="10.095497">
        <ele>967.282245</ele>
        <time>2024-08-14T21:41:41.781Z</time>
      </trkpt>
      <trkpt lat="61.626231" lon="10.094820">
        <ele>971.481097</ele>
        <time>2024-08-14T21:42:26.065Z</time>
      </trkpt>
      <trkpt lat="61.625661" lon="10.094439">
        <ele>971.878725</ele>
        <time>2024-08-14T21:42:36.732Z</time>
      </trkpt>
      <trkpt lat="61.625348" lon="10.094131">
        <ele>971.963606</ele>
        <time>2024-08-14T21:42:42.438Z</time>
      </trkpt>
      <trkpt lat="61.624053" lon="10.092687">
        <ele>972.008251</ele>
        <time>2024-08-14T21:43:02.771Z</time>
      </trkpt>
      <trkpt lat="61.623936" lon="10.092550">
        <ele>971.951785</ele>
        <time>2024-08-14T21:43:04.459Z</time>
      </trkpt>
      <trkpt lat="61.623522" lon="10.092088">
        <ele>971.754161</ele>
        <time>2024-08-14T21:43:10.349Z</time>
      </trkpt>
      <trkpt lat="61.623205" lon="10.091610">
        <ele>971.589694</ele>
        <time>2024-08-14T21:43:15.388Z</time>
      </trkpt>
      <trkpt lat="61.623007" lon="10.091161">
        <ele>971.466931</ele>
        <time>2024-08-14T21:43:19.285Z</time>
      </trkpt>
      <trkpt lat="61.622941" lon="10.090853">
        <ele>971.472588</ele>
        <time>2024-08-14T21:43:21.619Z</time>
      </trkpt>
      <trkpt lat="61.622901" lon="10.090536">
        <ele>971.503670</ele>
        <time>2024-08-14T21:43:23.971Z</time>
      </trkpt>
      <trkpt lat="61.622886" lon="10.089947">
        <ele>971.559569</ele>
        <time>2024-08-14T21:43:28.518Z</time>
      </trkpt>
      <trkpt lat="61.623000" lon="10.088126">
        <ele>971.733634</ele>
        <time>2024-08-14T21:43:43.024Z</time>
      </trkpt>
      <trkpt lat="61.622995" lon="10.087737">
        <ele>971.770512</ele>
        <time>2024-08-14T21:43:45.983Z</time>
      </trkpt>
      <trkpt lat="61.622933" lon="10.087029">
        <ele>971.656348</ele>
        <time>2024-08-14T21:43:51.567Z</time>
      </trkpt>
      <trkpt lat="61.622755" lon="10.085929">
        <ele>971.119762</ele>
        <time>2024-08-14T21:43:59.701Z</time>
      </trkpt>
      <trkpt lat="61.622579" lon="10.084877">
        <ele>970.604755</ele>
        <time>2024-08-14T21:44:06.324Z</time>
      </trkpt>
      <trkpt lat="61.622345" lon="10.083779">
        <ele>970.017957</ele>
        <time>2024-08-14T21:44:12.605Z</time>
      </trkpt>
      <trkpt lat="61.622204" lon="10.083286">
        <ele>969.003414</ele>
        <time>2024-08-14T21:44:15.429Z</time>
      </trkpt>
      <trkpt lat="61.622006" lon="10.082794">
        <ele>967.866666</ele>
        <time>2024-08-14T21:44:18.496Z</time>
      </trkpt>
      <trkpt lat="61.621597" lon="10.081812">
        <ele>965.564352</ele>
        <time>2024-08-14T21:44:24.550Z</time>
      </trkpt>
      <trkpt lat="61.621359" lon="10.081003">
        <ele>963.886683</ele>
        <time>2024-08-14T21:44:28.935Z</time>
      </trkpt>
      <trkpt lat="61.621293" lon="10.080661">
        <ele>963.163509</ele>
        <time>2024-08-14T21:44:30.623Z</time>
      </trkpt>
      <trkpt lat="61.621198" lon="10.080145">
        <ele>961.721972</ele>
        <time>2024-08-14T21:44:33.129Z</time>
      </trkpt>
      <trkpt lat="61.621043" lon="10.079538">
        <ele>959.926930</ele>
        <time>2024-08-14T21:44:36.222Z</time>
      </trkpt>
      <trkpt lat="61.620847" lon="10.079128">
        <ele>958.412055</ele>
        <time>2024-08-14T21:44:38.819Z</time>
      </trkpt>
      <trkpt lat="61.620672" lon="10.078880">
        <ele>957.255599</ele>
        <time>2024-08-14T21:44:40.792Z</time>
      </trkpt>
      <trkpt lat="61.620007" lon="10.078099">
        <ele>952.909652</ele>
        <time>2024-08-14T21:44:47.728Z</time>
      </trkpt>
      <trkpt lat="61.619713" lon="10.077747">
        <ele>950.344554</ele>
        <time>2024-08-14T21:44:50.787Z</time>
      </trkpt>
      <trkpt lat="61.619309" lon="10.077270">
        <ele>946.831599</ele>
        <time>2024-08-14T21:44:54.918Z</time>
      </trkpt>
      <trkpt lat="61.618505" lon="10.076511">
        <ele>940.149278</ele>
        <time>2024-08-14T21:45:02.677Z</time>
      </trkpt>
      <trkpt lat="61.617268" lon="10.075439">
        <ele>929.173031</ele>
        <time>2024-08-14T21:45:14.439Z</time>
      </trkpt>
      <trkpt lat="61.617094" lon="10.075281">
        <ele>927.615061</ele>
        <time>2024-08-14T21:45:16.102Z</time>
      </trkpt>
      <trkpt lat="61.616527" lon="10.074944">
        <ele>922.742342</ele>
        <time>2024-08-14T21:45:21.312Z</time>
      </trkpt>
      <trkpt lat="61.616083" lon="10.074759">
        <ele>918.975004</ele>
        <time>2024-08-14T21:45:25.313Z</time>
      </trkpt>
      <trkpt lat="61.615316" lon="10.074457">
        <ele>912.480167</ele>
        <time>2024-08-14T21:45:32.194Z</time>
      </trkpt>
      <trkpt lat="61.615222" lon="10.074426">
        <ele>911.688221</ele>
        <time>2024-08-14T21:45:33.021Z</time>
      </trkpt>
      <trkpt lat="61.614611" lon="10.074346">
        <ele>906.070476</ele>
        <time>2024-08-14T21:45:38.344Z</time>
      </trkpt>
      <trkpt lat="61.614273" lon="10.074324">
        <ele>902.840591</ele>
        <time>2024-08-14T21:45:41.255Z</time>
      </trkpt>
      <trkpt lat="61.614050" lon="10.074246">
        <ele>900.681404</ele>
        <time>2024-08-14T21:45:43.203Z</time>
      </trkpt>
      <trkpt lat="61.612846" lon="10.073378">
        <ele>888.732039</ele>
        <time>2024-08-14T21:45:54.195Z</time>
      </trkpt>
      <trkpt lat="61.612130" lon="10.073092">
        <ele>882.096576</ele>
        <time>2024-08-14T21:46:00.539Z</time>
      </trkpt>
      <trkpt lat="61.611756" lon="10.072864">
        <ele>878.551280</ele>
        <time>2024-08-14T21:46:03.949Z</time>
      </trkpt>
      <trkpt lat="61.611423" lon="10.072621">
        <ele>875.398510</ele>
        <time>2024-08-14T21:46:07.034Z</time>
      </trkpt>
      <trkpt lat="61.610782" lon="10.072038">
        <ele>869.330195</ele>
        <time>2024-08-14T21:46:13.146Z</time>
      </trkpt>
      <trkpt lat="61.610566" lon="10.071870">
        <ele>867.329080</ele>
        <time>2024-08-14T21:46:15.152Z</time>
      </trkpt>
      <trkpt lat="61.610309" lon="10.071741">
        <ele>865.033212</ele>
        <time>2024-08-14T21:46:17.444Z</time>
      </trkpt>
      <trkpt lat="61.609158" lon="10.071499">
        <ele>855.106161</ele>
        <time>2024-08-14T21:46:27.608Z</time>
      </trkpt>
      <trkpt lat="61.608857" lon="10.071298">
        <ele>852.419117</ele>
        <time>2024-08-14T21:46:30.377Z</time>
      </trkpt>
      <trkpt lat="61.608593" lon="10.070965">
        <ele>849.799853</ele>
        <time>2024-08-14T21:46:33.070Z</time>
      </trkpt>
      <trkpt lat="61.607762" lon="10.069728">
        <ele>841.048587</ele>
        <time>2024-08-14T21:46:41.992Z</time>
      </trkpt>
      <trkpt lat="61.607476" lon="10.069301">
        <ele>838.005507</ele>
        <time>2024-08-14T21:46:45.085Z</time>
      </trkpt>
      <trkpt lat="61.607180" lon="10.068989">
        <ele>835.132875</ele>
        <time>2024-08-14T21:46:47.988Z</time>
      </trkpt>
      <trkpt lat="61.606935" lon="10.068830">
        <ele>832.908327</ele>
        <time>2024-08-14T21:46:50.221Z</time>
      </trkpt>
      <trkpt lat="61.606730" lon="10.068772">
        <ele>831.113712</ele>
        <time>2024-08-14T21:46:52.027Z</time>
      </trkpt>
      <trkpt lat="61.605852" lon="10.068843">
        <ele>823.111575</ele>
        <time>2024-08-14T21:46:59.640Z</time>
      </trkpt>
      <trkpt lat="61.604158" lon="10.069103">
        <ele>807.706849</ele>
        <time>2024-08-14T21:47:14.416Z</time>
      </trkpt>
      <trkpt lat="61.603901" lon="10.069105">
        <ele>805.420375</ele>
        <time>2024-08-14T21:47:16.651Z</time>
      </trkpt>
      <trkpt lat="61.603701" lon="10.069039">
        <ele>803.619251</ele>
        <time>2024-08-14T21:47:18.417Z</time>
      </trkpt>
      <trkpt lat="61.603146" lon="10.068690">
        <ele>798.465499</ele>
        <time>2024-08-14T21:47:23.473Z</time>
      </trkpt>
      <trkpt lat="61.602835" lon="10.068546">
        <ele>795.801067</ele>
        <time>2024-08-14T21:47:26.270Z</time>
      </trkpt>
      <trkpt lat="61.600772" lon="10.068050">
        <ele>778.937854</ele>
        <time>2024-08-14T21:47:44.614Z</time>
      </trkpt>
      <trkpt lat="61.600610" lon="10.067955">
        <ele>777.563603</ele>
        <time>2024-08-14T21:47:46.127Z</time>
      </trkpt>
      <trkpt lat="61.600447" lon="10.067767">
        <ele>776.044466</ele>
        <time>2024-08-14T21:47:47.759Z</time>
      </trkpt>
      <trkpt lat="61.600124" lon="10.067205">
        <ele>772.618639</ele>
        <time>2024-08-14T21:47:51.451Z</time>
      </trkpt>
      <trkpt lat="61.599748" lon="10.066421">
        <ele>768.291601</ele>
        <time>2024-08-14T21:47:56.091Z</time>
      </trkpt>
      <trkpt lat="61.599582" lon="10.065885">
        <ele>765.728960</ele>
        <time>2024-08-14T21:47:58.758Z</time>
      </trkpt>
      <trkpt lat="61.599513" lon="10.065342">
        <ele>763.476053</ele>
        <time>2024-08-14T21:48:01.091Z</time>
      </trkpt>
      <trkpt lat="61.599545" lon="10.064826">
        <ele>761.390203</ele>
        <time>2024-08-14T21:48:03.273Z</time>
      </trkpt>
      <trkpt lat="61.599625" lon="10.064435">
        <ele>759.684054</ele>
        <time>2024-08-14T21:48:05.052Z</time>
      </trkpt>
      <trkpt lat="61.599969" lon="10.063325">
        <ele>754.373596</ele>
        <time>2024-08-14T21:48:10.572Z</time>
      </trkpt>
      <trkpt lat="61.600104" lon="10.062791">
        <ele>751.935146</ele>
        <time>2024-08-14T21:48:13.109Z</time>
      </trkpt>
      <trkpt lat="61.600151" lon="10.062500">
        <ele>750.687814</ele>
        <time>2024-08-14T21:48:14.386Z</time>
      </trkpt>
      <trkpt lat="61.600185" lon="10.062065">
        <ele>748.898588</ele>
        <time>2024-08-14T21:48:16.239Z</time>
      </trkpt>
      <trkpt lat="61.600166" lon="10.061376">
        <ele>746.097431</ele>
        <time>2024-08-14T21:48:19.133Z</time>
      </trkpt>
      <trkpt lat="61.600157" lon="10.061255">
        <ele>745.600356</ele>
        <time>2024-08-14T21:48:19.640Z</time>
      </trkpt>
      <trkpt lat="61.599917" lon="10.059842">
        <ele>739.510632</ele>
        <time>2024-08-14T21:48:25.911Z</time>
      </trkpt>
      <trkpt lat="61.599720" lon="10.058249">
        <ele>731.542099</ele>
        <time>2024-08-14T21:48:32.709Z</time>
      </trkpt>
      <trkpt lat="61.599504" lon="10.057346">
        <ele>726.365000</ele>
        <time>2024-08-14T21:48:36.818Z</time>
      </trkpt>
      <trkpt lat="61.599207" lon="10.056285">
        <ele>720.059252</ele>
        <time>2024-08-14T21:48:41.771Z</time>
      </trkpt>
      <trkpt lat="61.599050" lon="10.055843">
        <ele>716.994202</ele>
        <time>2024-08-14T21:48:43.986Z</time>
      </trkpt>
      <trkpt lat="61.598661" lon="10.054955">
        <ele>709.516360</ele>
        <time>2024-08-14T21:48:48.827Z</time>
      </trkpt>
      <trkpt lat="61.597697" lon="10.052595">
        <ele>690.407554</ele>
        <time>2024-08-14T21:49:01.217Z</time>
      </trkpt>
      <trkpt lat="61.597222" lon="10.051670">
        <ele>682.263253</ele>
        <time>2024-08-14T21:49:06.668Z</time>
      </trkpt>
      <trkpt lat="61.596892" lon="10.051145">
        <ele>677.057690</ele>
        <time>2024-08-14T21:49:10.166Z</time>
      </trkpt>
      <trkpt lat="61.596674" lon="10.050916">
        <ele>673.992265</ele>
        <time>2024-08-14T21:49:12.217Z</time>
      </trkpt>
      <trkpt lat="61.596430" lon="10.050821">
        <ele>671.137040</ele>
        <time>2024-08-14T21:49:14.312Z</time>
      </trkpt>
      <trkpt lat="61.595723" lon="10.050996">
        <ele>663.816212</ele>
        <time>2024-08-14T21:49:20.380Z</time>
      </trkpt>
      <trkpt lat="61.595349" lon="10.051086">
        <ele>659.944977</ele>
        <time>2024-08-14T21:49:23.630Z</time>
      </trkpt>
      <trkpt lat="61.595127" lon="10.051136">
        <ele>657.648921</ele>
        <time>2024-08-14T21:49:25.561Z</time>
      </trkpt>
      <trkpt lat="61.594885" lon="10.051227">
        <ele>655.120754</ele>
        <time>2024-08-14T21:49:27.723Z</time>
      </trkpt>
      <trkpt lat="61.594615" lon="10.051401">
        <ele>652.415250</ele>
        <time>2024-08-14T21:49:30.220Z</time>
      </trkpt>
      <trkpt lat="61.594302" lon="10.051718">
        <ele>649.281453</ele>
        <time>2024-08-14T21:49:33.216Z</time>
      </trkpt>
      <trkpt lat="61.593695" lon="10.052699">
        <ele>642.375292</ele>
        <time>2024-08-14T21:49:39.844Z</time>
      </trkpt>
      <trkpt lat="61.593542" lon="10.052788">
        <ele>640.943387</ele>
        <time>2024-08-14T21:49:41.256Z</time>
      </trkpt>
      <trkpt lat="61.593379" lon="10.052728">
        <ele>639.450777</ele>
        <time>2024-08-14T21:49:42.712Z</time>
      </trkpt>
      <trkpt lat="61.593102" lon="10.052347">
        <ele>636.568450</ele>
        <time>2024-08-14T21:49:45.601Z</time>
      </trkpt>
      <trkpt lat="61.593065" lon="10.052292">
        <ele>636.196671</ele>
        <time>2024-08-14T21:49:45.996Z</time>
      </trkpt>
      <trkpt lat="61.592899" lon="10.052134">
        <ele>634.701700</ele>
        <time>2024-08-14T21:49:47.599Z</time>
      </trkpt>
      <trkpt lat="61.592762" lon="10.052090">
        <ele>633.564710</ele>
        <time>2024-08-14T21:49:48.812Z</time>
      </trkpt>
      <trkpt lat="61.592622" lon="10.052167">
        <ele>632.377485</ele>
        <time>2024-08-14T21:49:50.079Z</time>
      </trkpt>
      <trkpt lat="61.592226" lon="10.052559">
        <ele>628.786473</ele>
        <time>2024-08-14T21:49:53.927Z</time>
      </trkpt>
      <trkpt lat="61.591883" lon="10.052882">
        <ele>625.703014</ele>
        <time>2024-08-14T21:49:57.214Z</time>
      </trkpt>
      <trkpt lat="61.591471" lon="10.053104">
        <ele>622.359339</ele>
        <time>2024-08-14T21:50:01.002Z</time>
      </trkpt>
      <trkpt lat="61.590406" lon="10.053790">
        <ele>615.301791</ele>
        <time>2024-08-14T21:50:11.085Z</time>
      </trkpt>
      <trkpt lat="61.590009" lon="10.054073">
        <ele>612.645684</ele>
        <time>2024-08-14T21:50:14.920Z</time>
      </trkpt>
      <trkpt lat="61.588787" lon="10.055211">
        <ele>607.495261</ele>
        <time>2024-08-14T21:50:27.714Z</time>
      </trkpt>
      <trkpt lat="61.586829" lon="10.057611">
        <ele>603.529172</ele>
        <time>2024-08-14T21:50:54.627Z</time>
      </trkpt>
      <trkpt lat="61.586007" lon="10.058564">
        <ele>602.207443</ele>
        <time>2024-08-14T21:51:08.129Z</time>
      </trkpt>
      <trkpt lat="61.585324" lon="10.059171">
        <ele>601.102826</ele>
        <time>2024-08-14T21:51:16.790Z</time>
      </trkpt>
      <trkpt lat="61.583627" lon="10.060420">
        <ele>594.339024</ele>
        <time>2024-08-14T21:51:34.375Z</time>
      </trkpt>
      <trkpt lat="61.583110" lon="10.060706">
        <ele>591.688721</ele>
        <time>2024-08-14T21:51:39.322Z</time>
      </trkpt>
      <trkpt lat="61.582514" lon="10.060898">
        <ele>588.126323</ele>
        <time>2024-08-14T21:51:44.880Z</time>
      </trkpt>
      <trkpt lat="61.581460" lon="10.061491">
        <ele>581.763928</ele>
        <time>2024-08-14T21:51:54.848Z</time>
      </trkpt>
      <trkpt lat="61.580692" lon="10.061959">
        <ele>577.558727</ele>
        <time>2024-08-14T21:52:02.172Z</time>
      </trkpt>
      <trkpt lat="61.578585" lon="10.063202">
        <ele>567.527280</ele>
        <time>2024-08-14T21:52:23.218Z</time>
      </trkpt>
      <trkpt lat="61.578162" lon="10.063382">
        <ele>565.741015</ele>
        <time>2024-08-14T21:52:27.532Z</time>
      </trkpt>
      <trkpt lat="61.577694" lon="10.063404">
        <ele>563.994524</ele>
        <time>2024-08-14T21:52:32.213Z</time>
      </trkpt>
      <trkpt lat="61.577221" lon="10.063307">
        <ele>562.243570</ele>
        <time>2024-08-14T21:52:36.949Z</time>
      </trkpt>
      <trkpt lat="61.576898" lon="10.063315">
        <ele>561.053459</ele>
        <time>2024-08-14T21:52:40.190Z</time>
      </trkpt>
      <trkpt lat="61.575283" lon="10.063863">
        <ele>555.384766</ele>
        <time>2024-08-14T21:52:56.225Z</time>
      </trkpt>
      <trkpt lat="61.573986" lon="10.064627">
        <ele>551.393081</ele>
        <time>2024-08-14T21:53:10.361Z</time>
      </trkpt>
      <trkpt lat="61.573899" lon="10.064661">
        <ele>551.172349</ele>
        <time>2024-08-14T21:53:11.336Z</time>
      </trkpt>
      <trkpt lat="61.573557" lon="10.064729">
        <ele>550.315466</ele>
        <time>2024-08-14T21:53:15.046Z</time>
      </trkpt>
      <trkpt lat="61.572989" lon="10.064721">
        <ele>548.898638</ele>
        <time>2024-08-14T21:53:21.150Z</time>
      </trkpt>
      <trkpt lat="61.571729" lon="10.064658">
        <ele>544.709437</ele>
        <time>2024-08-14T21:53:34.073Z</time>
      </trkpt>
      <trkpt lat="61.571267" lon="10.064734">
        <ele>543.098970</ele>
        <time>2024-08-14T21:53:38.638Z</time>
      </trkpt>
      <trkpt lat="61.571019" lon="10.064831">
        <ele>542.222302</ele>
        <time>2024-08-14T21:53:41.075Z</time>
      </trkpt>
      <trkpt lat="61.569770" lon="10.065753">
        <ele>535.075347</ele>
        <time>2024-08-14T21:53:53.512Z</time>
      </trkpt>
      <trkpt lat="61.569518" lon="10.065953">
        <ele>533.614260</ele>
        <time>2024-08-14T21:53:55.991Z</time>
      </trkpt>
      <trkpt lat="61.569064" lon="10.066457">
        <ele>529.886614</ele>
        <time>2024-08-14T21:54:00.676Z</time>
      </trkpt>
      <trkpt lat="61.568187" lon="10.067666">
        <ele>520.799249</ele>
        <time>2024-08-14T21:54:09.873Z</time>
      </trkpt>
      <trkpt lat="61.567951" lon="10.067880">
        <ele>518.572470</ele>
        <time>2024-08-14T21:54:12.084Z</time>
      </trkpt>
      <trkpt lat="61.567725" lon="10.067962">
        <ele>516.486947</ele>
        <time>2024-08-14T21:54:14.045Z</time>
      </trkpt>
      <trkpt lat="61.567575" lon="10.067955">
        <ele>514.653822</ele>
        <time>2024-08-14T21:54:15.315Z</time>
      </trkpt>
      <trkpt lat="61.566806" lon="10.067714">
        <ele>505.154302</ele>
        <time>2024-08-14T21:54:21.896Z</time>
      </trkpt>
      <trkpt lat="61.566654" lon="10.067673">
        <ele>503.281941</ele>
        <time>2024-08-14T21:54:23.192Z</time>
      </trkpt>
      <trkpt lat="61.566144" lon="10.067597">
        <ele>497.035190</ele>
        <time>2024-08-14T21:54:27.481Z</time>
      </trkpt>
      <trkpt lat="61.565626" lon="10.067664">
        <ele>490.330894</ele>
        <time>2024-08-14T21:54:31.832Z</time>
      </trkpt>
      <trkpt lat="61.565179" lon="10.067846">
        <ele>484.281367</ele>
        <time>2024-08-14T21:54:35.647Z</time>
      </trkpt>
      <trkpt lat="61.562881" lon="10.068975">
        <ele>453.993567</ele>
        <time>2024-08-14T21:54:55.435Z</time>
      </trkpt>
      <trkpt lat="61.562674" lon="10.069221">
        <ele>451.020723</ele>
        <time>2024-08-14T21:54:57.446Z</time>
      </trkpt>
      <trkpt lat="61.562452" lon="10.069633">
        <ele>447.817413</ele>
        <time>2024-08-14T21:54:59.960Z</time>
      </trkpt>
      <trkpt lat="61.561741" lon="10.071229">
        <ele>440.437948</ele>
        <time>2024-08-14T21:55:09.177Z</time>
      </trkpt>
      <trkpt lat="61.561365" lon="10.072131">
        <ele>436.390222</ele>
        <time>2024-08-14T21:55:14.747Z</time>
      </trkpt>
      <trkpt lat="61.561284" lon="10.072383">
        <ele>435.451562</ele>
        <time>2024-08-14T21:55:16.148Z</time>
      </trkpt>
      <trkpt lat="61.561186" lon="10.072814">
        <ele>434.237637</ele>
        <time>2024-08-14T21:55:18.360Z</time>
      </trkpt>
      <trkpt lat="61.561085" lon="10.073571">
        <ele>432.239497</ele>
        <time>2024-08-14T21:55:21.954Z</time>
      </trkpt>
      <trkpt lat="61.560935" lon="10.074328">
        <ele>430.155526</ele>
        <time>2024-08-14T21:55:25.670Z</time>
      </trkpt>
      <trkpt lat="61.560778" lon="10.074755">
        <ele>428.784382</ele>
        <time>2024-08-14T21:55:28.087Z</time>
      </trkpt>
      <trkpt lat="61.560581" lon="10.075081">
        <ele>427.445696</ele>
        <time>2024-08-14T21:55:30.402Z</time>
      </trkpt>
      <trkpt lat="61.560080" lon="10.075549">
        <ele>423.067289</ele>
        <time>2024-08-14T21:55:35.317Z</time>
      </trkpt>
      <trkpt lat="61.559771" lon="10.075949">
        <ele>419.372394</ele>
        <time>2024-08-14T21:55:38.463Z</time>
      </trkpt>
      <trkpt lat="61.558574" lon="10.077971">
        <ele>402.748209</ele>
        <time>2024-08-14T21:55:51.507Z</time>
      </trkpt>
      <trkpt lat="61.558153" lon="10.078715">
        <ele>395.791260</ele>
        <time>2024-08-14T21:55:56.120Z</time>
      </trkpt>
      <trkpt lat="61.557962" lon="10.078939">
        <ele>393.025338</ele>
        <time>2024-08-14T21:55:57.948Z</time>
      </trkpt>
      <trkpt lat="61.557695" lon="10.079105">
        <ele>389.504838</ele>
        <time>2024-08-14T21:56:00.284Z</time>
      </trkpt>
      <trkpt lat="61.557108" lon="10.079284">
        <ele>382.501596</ele>
        <time>2024-08-14T21:56:05.287Z</time>
      </trkpt>
      <trkpt lat="61.556895" lon="10.079448">
        <ele>380.097253</ele>
        <time>2024-08-14T21:56:07.198Z</time>
      </trkpt>
      <trkpt lat="61.556698" lon="10.079743">
        <ele>377.532865</ele>
        <time>2024-08-14T21:56:09.257Z</time>
      </trkpt>
      <trkpt lat="61.555360" lon="10.082650">
        <ele>357.915774</ele>
        <time>2024-08-14T21:56:25.923Z</time>
      </trkpt>
      <trkpt lat="61.555054" lon="10.083253">
        <ele>353.862939</ele>
        <time>2024-08-14T21:56:29.564Z</time>
      </trkpt>
      <trkpt lat="61.554752" lon="10.083718">
        <ele>350.246250</ele>
        <time>2024-08-14T21:56:32.801Z</time>
      </trkpt>
      <trkpt lat="61.554376" lon="10.084339">
        <ele>345.341337</ele>
        <time>2024-08-14T21:56:36.908Z</time>
      </trkpt>
      <trkpt lat="61.554307" lon="10.084457">
        <ele>344.400661</ele>
        <time>2024-08-14T21:56:37.678Z</time>
      </trkpt>
      <trkpt lat="61.553965" lon="10.085138">
        <ele>339.418343</ele>
        <time>2024-08-14T21:56:41.690Z</time>
      </trkpt>
      <trkpt lat="61.552755" lon="10.087523">
        <ele>322.344152</ele>
        <time>2024-08-14T21:56:55.897Z</time>
      </trkpt>
      <trkpt lat="61.552145" lon="10.088461">
        <ele>314.835460</ele>
        <time>2024-08-14T21:57:02.406Z</time>
      </trkpt>
      <trkpt lat="61.550789" lon="10.090163">
        <ele>301.392157</ele>
        <time>2024-08-14T21:57:16.243Z</time>
      </trkpt>
      <trkpt lat="61.550526" lon="10.090497">
        <ele>298.882831</ele>
        <time>2024-08-14T21:57:18.987Z</time>
      </trkpt>
      <trkpt lat="61.550199" lon="10.090828">
        <ele>296.210240</ele>
        <time>2024-08-14T21:57:22.244Z</time>
      </trkpt>
      <trkpt lat="61.550073" lon="10.090889">
        <ele>295.418229</ele>
        <time>2024-08-14T21:57:23.409Z</time>
      </trkpt>
      <trkpt lat="61.549946" lon="10.090890">
        <ele>294.640347</ele>
        <time>2024-08-14T21:57:24.564Z</time>
      </trkpt>
      <trkpt lat="61.549676" lon="10.090748">
        <ele>292.935478</ele>
        <time>2024-08-14T21:57:27.120Z</time>
      </trkpt>
      <trkpt lat="61.549449" lon="10.090435">
        <ele>291.271958</ele>
        <time>2024-08-14T21:57:29.628Z</time>
      </trkpt>
      <trkpt lat="61.549288" lon="10.089965">
        <ele>289.582786</ele>
        <time>2024-08-14T21:57:32.195Z</time>
      </trkpt>
      <trkpt lat="61.549213" lon="10.089494">
        <ele>288.133680</ele>
        <time>2024-08-14T21:57:34.375Z</time>
      </trkpt>
      <trkpt lat="61.549204" lon="10.088974">
        <ele>286.615330</ele>
        <time>2024-08-14T21:57:36.644Z</time>
      </trkpt>
      <trkpt lat="61.549254" lon="10.088044">
        <ele>283.901235</ele>
        <time>2024-08-14T21:57:40.753Z</time>
      </trkpt>
      <trkpt lat="61.549480" lon="10.083831">
        <ele>271.503645</ele>
        <time>2024-08-14T21:57:59.230Z</time>
      </trkpt>
      <trkpt lat="61.549615" lon="10.082601">
        <ele>267.721992</ele>
        <time>2024-08-14T21:58:04.688Z</time>
      </trkpt>
      <trkpt lat="61.549847" lon="10.081390">
        <ele>263.811806</ele>
        <time>2024-08-14T21:58:10.348Z</time>
      </trkpt>
      <trkpt lat="61.549913" lon="10.080884">
        <ele>262.282835</ele>
        <time>2024-08-14T21:58:12.634Z</time>
      </trkpt>
      <trkpt lat="61.550063" lon="10.078984">
        <ele>256.669945</ele>
        <time>2024-08-14T21:58:21.085Z</time>
      </trkpt>
      <trkpt lat="61.550117" lon="10.078141">
        <ele>254.190998</ele>
        <time>2024-08-14T21:58:24.807Z</time>
      </trkpt>
      <trkpt lat="61.550199" lon="10.076987">
        <ele>250.354073</ele>
        <time>2024-08-14T21:58:29.853Z</time>
      </trkpt>
      <trkpt lat="61.550212" lon="10.076486">
        <ele>248.577470</ele>
        <time>2024-08-14T21:58:32.000Z</time>
      </trkpt>
      <trkpt lat="61.550198" lon="10.075663">
        <ele>245.661481</ele>
        <time>2024-08-14T21:58:35.504Z</time>
      </trkpt>
      <trkpt lat="61.550136" lon="10.074452">
        <ele>241.348797</ele>
        <time>2024-08-14T21:58:40.643Z</time>
      </trkpt>
      <trkpt lat="61.550068" lon="10.073578">
        <ele>238.108052</ele>
        <time>2024-08-14T21:58:44.346Z</time>
      </trkpt>
      <trkpt lat="61.549812" lon="10.071051">
        <ele>228.184977</ele>
        <time>2024-08-14T21:58:55.127Z</time>
      </trkpt>
      <trkpt lat="61.549748" lon="10.070062">
        <ele>224.498592</ele>
        <time>2024-08-14T21:58:59.364Z</time>
      </trkpt>
      <trkpt lat="61.549701" lon="10.068575">
        <ele>220.180271</ele>
        <time>2024-08-14T21:59:05.860Z</time>
      </trkpt>
      <trkpt lat="61.549698" lon="10.067155">
        <ele>216.065523</ele>
        <time>2024-08-14T21:59:12.156Z</time>
      </trkpt>
      <trkpt lat="61.549764" lon="10.066552">
        <ele>214.272700</ele>
        <time>2024-08-14T21:59:14.883Z</time>
      </trkpt>
      <trkpt lat="61.549896" lon="10.065911">
        <ele>212.455934</ele>
        <time>2024-08-14T21:59:17.940Z</time>
      </trkpt>
      <trkpt lat="61.550122" lon="10.065095">
        <ele>210.041928</ele>
        <time>2024-08-14T21:59:22.056Z</time>
      </trkpt>
      <trkpt lat="61.550446" lon="10.063548">
        <ele>205.719985</ele>
        <time>2024-08-14T21:59:29.578Z</time>
      </trkpt>
      <trkpt lat="61.550569" lon="10.062854">
        <ele>204.108583</ele>
        <time>2024-08-14T21:59:32.930Z</time>
      </trkpt>
      <trkpt lat="61.550609" lon="10.062557">
        <ele>203.741184</ele>
        <time>2024-08-14T21:59:34.352Z</time>
      </trkpt>
      <trkpt lat="61.550621" lon="10.062257">
        <ele>203.382815</ele>
        <time>2024-08-14T21:59:35.729Z</time>
      </trkpt>
      <trkpt lat="61.550755" lon="10.062175">
        <ele>203.034041</ele>
        <time>2024-08-14T21:59:37.125Z</time>
      </trkpt>
      <trkpt lat="61.550829" lon="10.062008">
        <ele>202.762546</ele>
        <time>2024-08-14T21:59:38.200Z</time>
      </trkpt>
      <trkpt lat="61.550839" lon="10.061786">
        <ele>202.497106</ele>
        <time>2024-08-14T21:59:39.245Z</time>
      </trkpt>
      <trkpt lat="61.550813" lon="10.061272">
        <ele>201.881818</ele>
        <time>2024-08-14T21:59:41.851Z</time>
      </trkpt>
      <trkpt lat="61.550839" lon="10.061012">
        <ele>201.565578</ele>
        <time>2024-08-14T21:59:43.177Z</time>
      </trkpt>
      <trkpt lat="61.551060" lon="10.060062">
        <ele>200.307100</ele>
        <time>2024-08-14T21:59:49.193Z</time>
      </trkpt>
      <trkpt lat="61.551220" lon="10.059175">
        <ele>199.965879</ele>
        <time>2024-08-14T21:59:55.802Z</time>
      </trkpt>
      <trkpt lat="61.551499" lon="10.057375">
        <ele>200.315654</ele>
        <time>2024-08-14T22:00:11.882Z</time>
      </trkpt>
      <trkpt lat="61.551535" lon="10.057093">
        <ele>200.369602</ele>
        <time>2024-08-14T22:00:14.282Z</time>
      </trkpt>
      <trkpt lat="61.551650" lon="10.056301">
        <ele>200.522597</ele>
        <time>2024-08-14T22:00:23.270Z</time>
      </trkpt>
      <trkpt lat="61.551809" lon="10.055076">
        <ele>200.557296</ele>
        <time>2024-08-14T22:00:33.175Z</time>
      </trkpt>
      <trkpt lat="61.551819" lon="10.054703">
        <ele>200.557152</ele>
        <time>2024-08-14T22:00:35.968Z</time>
      </trkpt>
      <trkpt lat="61.551791" lon="10.054083">
        <ele>200.556912</ele>
        <time>2024-08-14T22:00:40.468Z</time>
      </trkpt>
      <trkpt lat="61.551713" lon="10.053204">
        <ele>200.556567</ele>
        <time>2024-08-14T22:00:46.818Z</time>
      </trkpt>
      <trkpt lat="61.551655" lon="10.052800">
        <ele>200.556404</ele>
        <time>2024-08-14T22:00:49.623Z</time>
      </trkpt>
      <trkpt lat="61.551570" lon="10.052337">
        <ele>200.488249</ele>
        <time>2024-08-14T22:00:52.695Z</time>
      </trkpt>
      <trkpt lat="61.551374" lon="10.051588">
        <ele>199.971582</ele>
        <time>2024-08-14T22:00:57.637Z</time>
      </trkpt>
      <trkpt lat="61.550461" lon="10.049613">
        <ele>198.307683</ele>
        <time>2024-08-14T22:01:12.669Z</time>
      </trkpt>
      <trkpt lat="61.550279" lon="10.049204">
        <ele>197.975338</ele>
        <time>2024-08-14T22:01:15.750Z</time>
      </trkpt>
      <trkpt lat="61.550197" lon="10.048870">
        <ele>197.752670</ele>
        <time>2024-08-14T22:01:17.839Z</time>
      </trkpt>
      <trkpt lat="61.550124" lon="10.048350">
        <ele>197.431413</ele>
        <time>2024-08-14T22:01:20.868Z</time>
      </trkpt>
      <trkpt lat="61.550084" lon="10.047603">
        <ele>196.985948</ele>
        <time>2024-08-14T22:01:25.090Z</time>
      </trkpt>
      <trkpt lat="61.550053" lon="10.047021">
        <ele>196.638902</ele>
        <time>2024-08-14T22:01:28.425Z</time>
      </trkpt>
      <trkpt lat="61.550007" lon="10.046762">
        <ele>196.475097</ele>
        <time>2024-08-14T22:01:30.057Z</time>
      </trkpt>
      <trkpt lat="61.549655" lon="10.045668">
        <ele>195.805938</ele>
        <time>2024-08-14T22:01:37.762Z</time>
      </trkpt>
      <trkpt lat="61.549624" lon="10.045470">
        <ele>195.723146</ele>
        <time>2024-08-14T22:01:39.003Z</time>
      </trkpt>
      <trkpt lat="61.549633" lon="10.045289">
        <ele>195.650856</ele>
        <time>2024-08-14T22:01:40.035Z</time>
      </trkpt>
      <trkpt lat="61.549143" lon="10.044984">
        <ele>195.224689</ele>
        <time>2024-08-14T22:01:46.328Z</time>
      </trkpt>
      <trkpt lat="61.549123" lon="10.044784">
        <ele>195.143509</ele>
        <time>2024-08-14T22:01:47.540Z</time>
      </trkpt>
      <trkpt lat="61.548789" lon="10.043624">
        <ele>194.605079</ele>
        <time>2024-08-14T22:01:55.714Z</time>
      </trkpt>
      <trkpt lat="61.548715" lon="10.042964">
        <ele>194.510331</ele>
        <time>2024-08-14T22:02:00.012Z</time>
      </trkpt>
      <trkpt lat="61.548736" lon="10.042508">
        <ele>194.486792</ele>
        <time>2024-08-14T22:02:03.099Z</time>
      </trkpt>
      <trkpt lat="61.548815" lon="10.042056">
        <ele>194.462055</ele>
        <time>2024-08-14T22:02:06.331Z</time>
      </trkpt>
      <trkpt lat="61.548916" lon="10.041665">
        <ele>194.439203</ele>
        <time>2024-08-14T22:02:09.225Z</time>
      </trkpt>
      <trkpt lat="61.549214" lon="10.040401">
        <ele>194.366743</ele>
        <time>2024-08-14T22:02:18.877Z</time>
      </trkpt>
      <trkpt lat="61.549431" lon="10.039532">
        <ele>194.537409</ele>
        <time>2024-08-14T22:02:32.598Z</time>
      </trkpt>
      <trkpt lat="61.549604" lon="10.038561">
        <ele>194.937805</ele>
        <time>2024-08-14T22:02:48.350Z</time>
      </trkpt>
      <trkpt lat="61.549760" lon="10.037488">
        <ele>195.371094</ele>
        <time>2024-08-14T22:03:05.916Z</time>
      </trkpt>
      <trkpt lat="61.550154" lon="10.035259">
        <ele>196.206141</ele>
        <time>2024-08-14T22:03:40.342Z</time>
      </trkpt>
      <trkpt lat="61.550215" lon="10.034564">
        <ele>196.432632</ele>
        <time>2024-08-14T22:03:50.610Z</time>
      </trkpt>
      <trkpt lat="61.550273" lon="10.034025">
        <ele>196.609729</ele>
        <time>2024-08-14T22:03:58.885Z</time>
      </trkpt>
      <trkpt lat="61.550657" lon="10.031992">
        <ele>197.074250</ele>
        <time>2024-08-14T22:04:30.565Z</time>
      </trkpt>
      <trkpt lat="61.550749" lon="10.031441">
        <ele>197.113979</ele>
        <time>2024-08-14T22:04:38.422Z</time>
      </trkpt>
      <trkpt lat="61.550781" lon="10.030842">
        <ele>197.154994</ele>
        <time>2024-08-14T22:05:01.091Z</time>
      </trkpt>
      <trkpt lat="61.550732" lon="10.029894">
        <ele>197.219880</ele>
        <time>2024-08-14T22:05:36.852Z</time>
      </trkpt>
      <trkpt lat="61.550690" lon="10.029590">
        <ele>197.241418</ele>
        <time>2024-08-14T22:05:48.511Z</time>
      </trkpt>
      <trkpt lat="61.550550" lon="10.028917">
        <ele>197.251307</ele>
        <time>2024-08-14T22:06:16.460Z</time>
      </trkpt>
      <trkpt lat="61.550392" lon="10.027797">
        <ele>197.197709</ele>
        <time>2024-08-14T22:07:01.306Z</time>
      </trkpt>
      <trkpt lat="61.550379" lon="10.027212">
        <ele>197.170837</ele>
        <time>2024-08-14T22:07:23.252Z</time>
      </trkpt>
      <trkpt lat="61.550453" lon="10.026575">
        <ele>197.140752</ele>
        <time>2024-08-14T22:07:47.838Z</time>
      </trkpt>
      <trkpt lat="61.550629" lon="10.025983">
        <ele>197.108732</ele>
        <time>2024-08-14T22:08:13.958Z</time>
      </trkpt>
      <trkpt lat="61.550869" lon="10.025314">
        <ele>196.994393</ele>
        <time>2024-08-14T22:08:45.091Z</time>
      </trkpt>
      <trkpt lat="61.550919" lon="10.025021">
        <ele>196.934754</ele>
        <time>2024-08-14T22:08:56.659Z</time>
      </trkpt>
      <trkpt lat="61.550921" lon="10.024731">
        <ele>196.879178</ele>
        <time>2024-08-14T22:09:07.242Z</time>
      </trkpt>
      <trkpt lat="61.550831" lon="10.023613">
        <ele>196.661907</ele>
        <time>2024-08-14T22:09:48.943Z</time>
      </trkpt>
      <trkpt lat="61.550846" lon="10.022852">
        <ele>196.515958</ele>
        <time>2024-08-14T22:10:17.129Z</time>
      </trkpt>
      <trkpt lat="61.550649" lon="10.021357">
        <ele>196.430159</ele>
        <time>2024-08-14T22:11:14.874Z</time>
      </trkpt>
      <trkpt lat="61.550516" lon="10.019499">
        <ele>196.571002</ele>
        <time>2024-08-14T22:12:27.411Z</time>
      </trkpt>
      <trkpt lat="61.550381" lon="10.018756">
        <ele>196.630613</ele>
        <time>2024-08-14T22:12:58.537Z</time>
      </trkpt>
      <trkpt lat="61.550320" lon="10.018275">
        <ele>196.547172</ele>
        <time>2024-08-14T22:13:17.742Z</time>
      </trkpt>
      <trkpt lat="61.550280" lon="10.017532">
        <ele>196.126299</ele>
        <time>2024-08-14T22:13:45.678Z</time>
      </trkpt>
      <trkpt lat="61.550094" lon="10.015863">
        <ele>195.161505</ele>
        <time>2024-08-14T22:14:47.764Z</time>
      </trkpt>
      <trkpt lat="61.549986" lon="10.015411">
        <ele>194.876879</ele>
        <time>2024-08-14T22:15:05.580Z</time>
      </trkpt>
      <trkpt lat="61.549740" lon="10.014910">
        <ele>194.401849</ele>
        <time>2024-08-14T22:15:29.816Z</time>
      </trkpt>
      <trkpt lat="61.549658" lon="10.014678">
        <ele>194.038244</ele>
        <time>2024-08-14T22:15:39.268Z</time>
      </trkpt>
      <trkpt lat="61.549429" lon="10.013625">
        <ele>192.581284</ele>
        <time>2024-08-14T22:16:17.481Z</time>
      </trkpt>
      <trkpt lat="61.548639" lon="10.013514">
        <ele>190.489373</ele>
        <time>2024-08-14T22:17:12.882Z</time>
      </trkpt>
      <trkpt lat="61.548905" lon="10.010998">
        <ele>189.426683</ele>
        <time>2024-08-14T22:17:28.009Z</time>
      </trkpt>
      <trkpt lat="61.548973" lon="10.009738">
        <ele>189.206132</ele>
        <time>2024-08-14T22:17:38.802Z</time>
      </trkpt>
      <trkpt lat="61.548977" lon="10.009248">
        <ele>189.120894</ele>
        <time>2024-08-14T22:17:42.458Z</time>
      </trkpt>
      <trkpt lat="61.548968" lon="10.008731">
        <ele>189.235356</ele>
        <time>2024-08-14T22:17:46.688Z</time>
      </trkpt>
      <trkpt lat="61.548929" lon="10.008166">
        <ele>189.364533</ele>
        <time>2024-08-14T22:17:51.236Z</time>
      </trkpt>
      <trkpt lat="61.548853" lon="10.007682">
        <ele>189.479844</ele>
        <time>2024-08-14T22:17:54.926Z</time>
      </trkpt>
      <trkpt lat="61.548783" lon="10.007388">
        <ele>189.554213</ele>
        <time>2024-08-14T22:17:57.529Z</time>
      </trkpt>
      <trkpt lat="61.548482" lon="10.006424">
        <ele>189.815013</ele>
        <time>2024-08-14T22:18:06.662Z</time>
      </trkpt>
      <trkpt lat="61.548373" lon="10.006001">
        <ele>189.923831</ele>
        <time>2024-08-14T22:18:11.030Z</time>
      </trkpt>
      <trkpt lat="61.548293" lon="10.005507">
        <ele>189.993698</ele>
        <time>2024-08-14T22:18:15.475Z</time>
      </trkpt>
      <trkpt lat="61.548256" lon="10.005037">
        <ele>190.024937</ele>
        <time>2024-08-14T22:18:18.887Z</time>
      </trkpt>
      <trkpt lat="61.548229" lon="10.004242">
        <ele>190.077202</ele>
        <time>2024-08-14T22:18:24.632Z</time>
      </trkpt>
      <trkpt lat="61.548194" lon="10.002103">
        <ele>190.217552</ele>
        <time>2024-08-14T22:18:39.480Z</time>
      </trkpt>
      <trkpt lat="61.548233" lon="10.001230">
        <ele>190.250892</ele>
        <time>2024-08-14T22:18:45.868Z</time>
      </trkpt>
      <trkpt lat="61.548285" lon="10.000608">
        <ele>190.273586</ele>
        <time>2024-08-14T22:18:50.668Z</time>
      </trkpt>
      <trkpt lat="61.548451" lon="9.998975">
        <ele>190.333589</ele>
        <time>2024-08-14T22:19:03.035Z</time>
      </trkpt>
      <trkpt lat="61.548624" lon="9.996946">
        <ele>190.592304</ele>
        <time>2024-08-14T22:19:17.082Z</time>
      </trkpt>
      <trkpt lat="61.548811" lon="9.993645">
        <ele>191.255730</ele>
        <time>2024-08-14T22:19:44.426Z</time>
      </trkpt>
      <trkpt lat="61.548808" lon="9.992601">
        <ele>191.547331</ele>
        <time>2024-08-14T22:19:52.483Z</time>
      </trkpt>
      <trkpt lat="61.548680" lon="9.989887">
        <ele>192.931510</ele>
        <time>2024-08-14T22:20:15.211Z</time>
      </trkpt>
      <trkpt lat="61.548699" lon="9.988413">
        <ele>194.312604</ele>
        <time>2024-08-14T22:20:30.284Z</time>
      </trkpt>
      <trkpt lat="61.549112" lon="9.981082">
        <ele>204.592913</ele>
        <time>2024-08-14T22:22:07.204Z</time>
      </trkpt>
      <trkpt lat="61.549386" lon="9.977850">
        <ele>208.818678</ele>
        <time>2024-08-14T22:22:49.059Z</time>
      </trkpt>
      <trkpt lat="61.549518" lon="9.976325">
        <ele>210.569308</ele>
        <time>2024-08-14T22:23:05.919Z</time>
      </trkpt>
      <trkpt lat="61.549554" lon="9.975901">
        <ele>211.055746</ele>
        <time>2024-08-14T22:23:10.187Z</time>
      </trkpt>
      <trkpt lat="61.549701" lon="9.974271">
        <ele>212.623053</ele>
        <time>2024-08-14T22:23:27.268Z</time>
      </trkpt>
      <trkpt lat="61.549759" lon="9.973363">
        <ele>213.484946</ele>
        <time>2024-08-14T22:23:36.762Z</time>
      </trkpt>
      <trkpt lat="61.549770" lon="9.972726">
        <ele>214.084629</ele>
        <time>2024-08-14T22:23:43.165Z</time>
      </trkpt>
      <trkpt lat="61.549713" lon="9.969528">
        <ele>218.643039</ele>
        <time>2024-08-14T22:24:23.436Z</time>
      </trkpt>
      <trkpt lat="61.549717" lon="9.968859">
        <ele>219.670360</ele>
        <time>2024-08-14T22:24:33.674Z</time>
      </trkpt>
      <trkpt lat="61.549758" lon="9.967978">
        <ele>221.136078</ele>
        <time>2024-08-14T22:24:46.929Z</time>
      </trkpt>
      <trkpt lat="61.549863" lon="9.966739">
        <ele>223.420088</ele>
        <time>2024-08-14T22:25:04.991Z</time>
      </trkpt>
      <trkpt lat="61.549929" lon="9.966122">
        <ele>224.567784</ele>
        <time>2024-08-14T22:25:13.993Z</time>
      </trkpt>
      <trkpt lat="61.549954" lon="9.965899">
        <ele>224.983569</ele>
        <time>2024-08-14T22:25:17.091Z</time>
      </trkpt>
      <trkpt lat="61.550015" lon="9.965403">
        <ele>225.913286</ele>
        <time>2024-08-14T22:25:24.276Z</time>
      </trkpt>
      <trkpt lat="61.550165" lon="9.964170">
        <ele>228.463485</ele>
        <time>2024-08-14T22:25:41.922Z</time>
      </trkpt>
      <trkpt lat="61.550372" lon="9.962177">
        <ele>233.127166</ele>
        <time>2024-08-14T22:26:13.136Z</time>
      </trkpt>
      <trkpt lat="61.550508" lon="9.962194">
        <ele>233.781026</ele>
        <time>2024-08-14T22:26:18.028Z</time>
      </trkpt>
      <trkpt lat="61.550592" lon="9.962060">
        <ele>234.287367</ele>
        <time>2024-08-14T22:26:21.893Z</time>
      </trkpt>
      <trkpt lat="61.550620" lon="9.961488">
        <ele>235.602015</ele>
        <time>2024-08-14T22:26:32.377Z</time>
      </trkpt>
      <trkpt lat="61.550669" lon="9.961154">
        <ele>236.652941</ele>
        <time>2024-08-14T22:26:39.095Z</time>
      </trkpt>
      <trkpt lat="61.550716" lon="9.960988">
        <ele>237.329986</ele>
        <time>2024-08-14T22:26:42.874Z</time>
      </trkpt>
      <trkpt lat="61.550850" lon="9.960724">
        <ele>238.682527</ele>
        <time>2024-08-14T22:26:50.560Z</time>
      </trkpt>
      <trkpt lat="61.551261" lon="9.959347">
        <ele>244.379702</ele>
        <time>2024-08-14T22:27:25.973Z</time>
      </trkpt>
      <trkpt lat="61.551733" lon="9.957880">
        <ele>250.455932</ele>
        <time>2024-08-14T22:28:05.707Z</time>
      </trkpt>
      <trkpt lat="61.552114" lon="9.956508">
        <ele>255.512720</ele>
        <time>2024-08-14T22:28:37.672Z</time>
      </trkpt>
      <trkpt lat="61.552496" lon="9.955280">
        <ele>260.182711</ele>
        <time>2024-08-14T22:29:04.966Z</time>
      </trkpt>
      <trkpt lat="61.552887" lon="9.953755">
        <ele>265.096072</ele>
        <time>2024-08-14T22:29:37.187Z</time>
      </trkpt>
      <trkpt lat="61.553152" lon="9.952835">
        <ele>268.062873</ele>
        <time>2024-08-14T22:29:56.022Z</time>
      </trkpt>
      <trkpt lat="61.553303" lon="9.952335">
        <ele>269.696542</ele>
        <time>2024-08-14T22:30:06.746Z</time>
      </trkpt>
      <trkpt lat="61.553491" lon="9.951639">
        <ele>271.884220</ele>
        <time>2024-08-14T22:30:21.320Z</time>
      </trkpt>
      <trkpt lat="61.554361" lon="9.949156">
        <ele>279.808026</ele>
        <time>2024-08-14T22:31:16.731Z</time>
      </trkpt>
      <trkpt lat="61.554701" lon="9.948295">
        <ele>282.076680</ele>
        <time>2024-08-14T22:31:33.874Z</time>
      </trkpt>
      <trkpt lat="61.555072" lon="9.947525">
        <ele>283.643503</ele>
        <time>2024-08-14T22:31:50.005Z</time>
      </trkpt>
      <trkpt lat="61.555814" lon="9.946233">
        <ele>286.538720</ele>
        <time>2024-08-14T22:32:13.619Z</time>
      </trkpt>
      <trkpt lat="61.556112" lon="9.945832">
        <ele>286.679211</ele>
        <time>2024-08-14T22:32:19.931Z</time>
      </trkpt>
      <trkpt lat="61.556157" lon="9.945749">
        <ele>286.671351</ele>
        <time>2024-08-14T22:32:20.970Z</time>
      </trkpt>
      <trkpt lat="61.556304" lon="9.945536">
        <ele>286.647914</ele>
        <time>2024-08-14T22:32:23.715Z</time>
      </trkpt>
      <trkpt lat="61.556502" lon="9.945180">
        <ele>286.613708</ele>
        <time>2024-08-14T22:32:27.315Z</time>
      </trkpt>
      <trkpt lat="61.556874" lon="9.944639">
        <ele>286.554329</ele>
        <time>2024-08-14T22:32:33.894Z</time>
      </trkpt>
      <trkpt lat="61.557522" lon="9.943631">
        <ele>285.813540</ele>
        <time>2024-08-14T22:32:43.563Z</time>
      </trkpt>
      <trkpt lat="61.557789" lon="9.943292">
        <ele>284.992147</ele>
        <time>2024-08-14T22:32:46.885Z</time>
      </trkpt>
      <trkpt lat="61.557917" lon="9.943091">
        <ele>284.571375</ele>
        <time>2024-08-14T22:32:48.556Z</time>
      </trkpt>
      <trkpt lat="61.558041" lon="9.942719">
        <ele>284.002088</ele>
        <time>2024-08-14T22:32:50.860Z</time>
      </trkpt>
      <trkpt lat="61.558775" lon="9.940374">
        <ele>279.897936</ele>
        <time>2024-08-14T22:33:04.296Z</time>
      </trkpt>
      <trkpt lat="61.559179" lon="9.939083">
        <ele>277.062659</ele>
        <time>2024-08-14T22:33:11.298Z</time>
      </trkpt>
      <trkpt lat="61.559269" lon="9.938588">
        <ele>276.090177</ele>
        <time>2024-08-14T22:33:13.744Z</time>
      </trkpt>
      <trkpt lat="61.559495" lon="9.937679">
        <ele>274.680283</ele>
        <time>2024-08-14T22:33:18.651Z</time>
      </trkpt>
      <trkpt lat="61.559524" lon="9.937416">
        <ele>274.570180</ele>
        <time>2024-08-14T22:33:19.965Z</time>
      </trkpt>
      <trkpt lat="61.559798" lon="9.937253">
        <ele>274.326294</ele>
        <time>2024-08-14T22:33:23.152Z</time>
      </trkpt>
      <trkpt lat="61.560211" lon="9.937157">
        <ele>273.970445</ele>
        <time>2024-08-14T22:33:28.214Z</time>
      </trkpt>
      <trkpt lat="61.560623" lon="9.937097">
        <ele>273.616765</ele>
        <time>2024-08-14T22:33:34.492Z</time>
      </trkpt>
      <trkpt lat="61.561321" lon="9.937007">
        <ele>273.516053</ele>
        <time>2024-08-14T22:33:48.192Z</time>
      </trkpt>
      <trkpt lat="61.561582" lon="9.936949">
        <ele>273.727048</ele>
        <time>2024-08-14T22:33:53.603Z</time>
      </trkpt>
      <trkpt lat="61.561973" lon="9.936722">
        <ele>274.053174</ele>
        <time>2024-08-14T22:34:01.787Z</time>
      </trkpt>
      <trkpt lat="61.562237" lon="9.936502">
        <ele>274.281510</ele>
        <time>2024-08-14T22:34:07.331Z</time>
      </trkpt>
      <trkpt lat="61.563445" lon="9.935016">
        <ele>274.065344</ele>
        <time>2024-08-14T22:34:27.662Z</time>
      </trkpt>
      <trkpt lat="61.563810" lon="9.934850">
        <ele>273.778557</ele>
        <time>2024-08-14T22:34:32.186Z</time>
      </trkpt>
      <trkpt lat="61.563936" lon="9.934734">
        <ele>273.672910</ele>
        <time>2024-08-14T22:34:33.754Z</time>
      </trkpt>
      <trkpt lat="61.564219" lon="9.934389">
        <ele>273.421627</ele>
        <time>2024-08-14T22:34:37.518Z</time>
      </trkpt>
      <trkpt lat="61.564325" lon="9.934247">
        <ele>273.302056</ele>
        <time>2024-08-14T22:34:39.145Z</time>
      </trkpt>
      <trkpt lat="61.564253" lon="9.933829">
        <ele>272.881810</ele>
        <time>2024-08-14T22:34:41.392Z</time>
      </trkpt>
      <trkpt lat="61.564551" lon="9.933462">
        <ele>272.195914</ele>
        <time>2024-08-14T22:34:45.178Z</time>
      </trkpt>
      <trkpt lat="61.564754" lon="9.933208">
        <ele>271.726755</ele>
        <time>2024-08-14T22:34:47.839Z</time>
      </trkpt>
      <trkpt lat="61.565228" lon="9.932574">
        <ele>270.610988</ele>
        <time>2024-08-14T22:34:53.908Z</time>
      </trkpt>
      <trkpt lat="61.565757" lon="9.931676">
        <ele>269.356779</ele>
        <time>2024-08-14T22:35:01.323Z</time>
      </trkpt>
      <trkpt lat="61.566137" lon="9.930860">
        <ele>268.482285</ele>
        <time>2024-08-14T22:35:07.409Z</time>
      </trkpt>
      <trkpt lat="61.566617" lon="9.929614">
        <ele>267.254336</ele>
        <time>2024-08-14T22:35:16.073Z</time>
      </trkpt>
      <trkpt lat="61.566661" lon="9.929511">
        <ele>267.148318</ele>
        <time>2024-08-14T22:35:16.835Z</time>
      </trkpt>
      <trkpt lat="61.567614" lon="9.926783">
        <ele>265.951373</ele>
        <time>2024-08-14T22:35:37.005Z</time>
      </trkpt>
      <trkpt lat="61.568016" lon="9.925777">
        <ele>265.911886</ele>
        <time>2024-08-14T22:35:46.525Z</time>
      </trkpt>
      <trkpt lat="61.568340" lon="9.925145">
        <ele>266.225808</ele>
        <time>2024-08-14T22:35:53.868Z</time>
      </trkpt>
      <trkpt lat="61.569291" lon="9.923523">
        <ele>267.186836</ele>
        <time>2024-08-14T22:36:17.266Z</time>
      </trkpt>
      <trkpt lat="61.569646" lon="9.922740">
        <ele>267.898013</ele>
        <time>2024-08-14T22:36:27.365Z</time>
      </trkpt>
      <trkpt lat="61.569705" lon="9.922843">
        <ele>268.004002</ele>
        <time>2024-08-14T22:36:29.415Z</time>
      </trkpt>
      <trkpt lat="61.570618" lon="9.920474">
        <ele>270.146352</ele>
        <time>2024-08-14T22:36:58.906Z</time>
      </trkpt>
      <trkpt lat="61.570739" lon="9.920102">
        <ele>270.520399</ele>
        <time>2024-08-14T22:37:03.501Z</time>
      </trkpt>
      <trkpt lat="61.570907" lon="9.919413">
        <ele>271.163085</ele>
        <time>2024-08-14T22:37:11.469Z</time>
      </trkpt>
      <trkpt lat="61.571146" lon="9.917489">
        <ele>272.837647</ele>
        <time>2024-08-14T22:37:32.848Z</time>
      </trkpt>
      <trkpt lat="61.571245" lon="9.916873">
        <ele>273.443696</ele>
        <time>2024-08-14T22:37:40.216Z</time>
      </trkpt>
      <trkpt lat="61.571365" lon="9.916369">
        <ele>273.968985</ele>
        <time>2024-08-14T22:37:46.647Z</time>
      </trkpt>
      <trkpt lat="61.571647" lon="9.915535">
        <ele>274.922539</ele>
        <time>2024-08-14T22:37:58.127Z</time>
      </trkpt>
      <trkpt lat="61.572035" lon="9.914760">
        <ele>275.970897</ele>
        <time>2024-08-14T22:38:10.444Z</time>
      </trkpt>
      <trkpt lat="61.572486" lon="9.914062">
        <ele>276.730734</ele>
        <time>2024-08-14T22:38:20.962Z</time>
      </trkpt>
      <trkpt lat="61.572770" lon="9.913593">
        <ele>277.180452</ele>
        <time>2024-08-14T22:38:28.110Z</time>
      </trkpt>
      <trkpt lat="61.572868" lon="9.913518">
        <ele>277.310295</ele>
        <time>2024-08-14T22:38:30.381Z</time>
      </trkpt>
      <trkpt lat="61.572961" lon="9.913531">
        <ele>277.426325</ele>
        <time>2024-08-14T22:38:32.817Z</time>
      </trkpt>
      <trkpt lat="61.573046" lon="9.913427">
        <ele>277.548781</ele>
        <time>2024-08-14T22:38:34.312Z</time>
      </trkpt>
      <trkpt lat="61.573074" lon="9.913326">
        <ele>277.618045</ele>
        <time>2024-08-14T22:38:35.106Z</time>
      </trkpt>
      <trkpt lat="61.573100" lon="9.913034">
        <ele>277.794089</ele>
        <time>2024-08-14T22:38:38.350Z</time>
      </trkpt>
      <trkpt lat="61.573099" lon="9.912933">
        <ele>277.853956</ele>
        <time>2024-08-14T22:38:39.600Z</time>
      </trkpt>
      <trkpt lat="61.573057" lon="9.912687">
        <ele>278.008831</ele>
        <time>2024-08-14T22:38:41.498Z</time>
      </trkpt>
      <trkpt lat="61.573167" lon="9.911633">
        <ele>278.534526</ele>
        <time>2024-08-14T22:38:51.179Z</time>
      </trkpt>
      <trkpt lat="61.573266" lon="9.910039">
        <ele>279.080953</ele>
        <time>2024-08-14T22:39:05.041Z</time>
      </trkpt>
      <trkpt lat="61.573399" lon="9.908249">
        <ele>279.649667</ele>
        <time>2024-08-14T22:39:19.923Z</time>
      </trkpt>
      <trkpt lat="61.573492" lon="9.907542">
        <ele>279.519123</ele>
        <time>2024-08-14T22:39:25.349Z</time>
      </trkpt>
      <trkpt lat="61.573601" lon="9.906952">
        <ele>279.406488</ele>
        <time>2024-08-14T22:39:29.571Z</time>
      </trkpt>
      <trkpt lat="61.574129" lon="9.904563">
        <ele>278.870617</ele>
        <time>2024-08-14T22:39:45.573Z</time>
      </trkpt>
      <trkpt lat="61.574280" lon="9.903831">
        <ele>278.557509</ele>
        <time>2024-08-14T22:39:50.329Z</time>
      </trkpt>
      <trkpt lat="61.574780" lon="9.900786">
        <ele>277.209037</ele>
        <time>2024-08-14T22:40:09.543Z</time>
      </trkpt>
      <trkpt lat="61.574928" lon="9.899513">
        <ele>276.495061</ele>
        <time>2024-08-14T22:40:17.290Z</time>
      </trkpt>
      <trkpt lat="61.574975" lon="9.898539">
        <ele>275.961664</ele>
        <time>2024-08-14T22:40:22.781Z</time>
      </trkpt>
      <trkpt lat="61.574974" lon="9.897960">
        <ele>275.646198</ele>
        <time>2024-08-14T22:40:25.948Z</time>
      </trkpt>
      <trkpt lat="61.574924" lon="9.896898">
        <ele>274.882511</ele>
        <time>2024-08-14T22:40:31.810Z</time>
      </trkpt>
      <trkpt lat="61.574841" lon="9.895971">
        <ele>274.126530</ele>
        <time>2024-08-14T22:40:37.034Z</time>
      </trkpt>
      <trkpt lat="61.574722" lon="9.894730">
        <ele>273.111936</ele>
        <time>2024-08-14T22:40:43.935Z</time>
      </trkpt>
      <trkpt lat="61.574592" lon="9.893329">
        <ele>271.846484</ele>
        <time>2024-08-14T22:40:51.263Z</time>
      </trkpt>
      <trkpt lat="61.574473" lon="9.891455">
        <ele>269.927036</ele>
        <time>2024-08-14T22:41:00.799Z</time>
      </trkpt>
      <trkpt lat="61.574350" lon="9.890568">
        <ele>268.989065</ele>
        <time>2024-08-14T22:41:05.627Z</time>
      </trkpt>
      <trkpt lat="61.574166" lon="9.889816">
        <ele>268.304876</ele>
        <time>2024-08-14T22:41:10.181Z</time>
      </trkpt>
      <trkpt lat="61.574006" lon="9.889317">
        <ele>267.927208</ele>
        <time>2024-08-14T22:41:13.522Z</time>
      </trkpt>
      <trkpt lat="61.573811" lon="9.888818">
        <ele>267.521942</ele>
        <time>2024-08-14T22:41:17.232Z</time>
      </trkpt>
      <trkpt lat="61.573337" lon="9.887763">
        <ele>266.611290</ele>
        <time>2024-08-14T22:41:25.817Z</time>
      </trkpt>
      <trkpt lat="61.573195" lon="9.887319">
        <ele>266.275511</ele>
        <time>2024-08-14T22:41:28.880Z</time>
      </trkpt>
      <trkpt lat="61.573029" lon="9.886504">
        <ele>264.757046</ele>
        <time>2024-08-14T22:41:33.700Z</time>
      </trkpt>
      <trkpt lat="61.572858" lon="9.885322">
        <ele>262.478121</ele>
        <time>2024-08-14T22:41:39.778Z</time>
      </trkpt>
      <trkpt lat="61.572852" lon="9.885141">
        <ele>262.143418</ele>
        <time>2024-08-14T22:41:40.634Z</time>
      </trkpt>
      <trkpt lat="61.572840" lon="9.884953">
        <ele>261.793506</ele>
        <time>2024-08-14T22:41:41.510Z</time>
      </trkpt>
      <trkpt lat="61.572729" lon="9.884471">
        <ele>260.805769</ele>
        <time>2024-08-14T22:41:43.938Z</time>
      </trkpt>
      <trkpt lat="61.572035" lon="9.881878">
        <ele>252.244555</ele>
        <time>2024-08-14T22:41:56.637Z</time>
      </trkpt>
      <trkpt lat="61.571898" lon="9.881265">
        <ele>250.017536</ele>
        <time>2024-08-14T22:41:59.484Z</time>
      </trkpt>
      <trkpt lat="61.571790" lon="9.880393">
        <ele>247.054393</ele>
        <time>2024-08-14T22:42:03.312Z</time>
      </trkpt>
      <trkpt lat="61.571796" lon="9.879490">
        <ele>245.833461</ele>
        <time>2024-08-14T22:42:07.288Z</time>
      </trkpt>
      <trkpt lat="61.571840" lon="9.879049">
        <ele>245.299021</ele>
        <time>2024-08-14T22:42:09.371Z</time>
      </trkpt>
      <trkpt lat="61.571933" lon="9.878520">
        <ele>244.630151</ele>
        <time>2024-08-14T22:42:12.149Z</time>
      </trkpt>
      <trkpt lat="61.572059" lon="9.878023">
        <ele>243.962275</ele>
        <time>2024-08-14T22:42:15.203Z</time>
      </trkpt>
      <trkpt lat="61.572194" lon="9.877676">
        <ele>243.430738</ele>
        <time>2024-08-14T22:42:17.857Z</time>
      </trkpt>
      <trkpt lat="61.572547" lon="9.877162">
        <ele>242.360591</ele>
        <time>2024-08-14T22:42:24.234Z</time>
      </trkpt>
      <trkpt lat="61.573372" lon="9.876311">
        <ele>244.477836</ele>
        <time>2024-08-14T22:42:45.490Z</time>
      </trkpt>
      <trkpt lat="61.573715" lon="9.875853">
        <ele>245.432850</ele>
        <time>2024-08-14T22:42:57.074Z</time>
      </trkpt>
      <trkpt lat="61.573826" lon="9.875678">
        <ele>245.758959</ele>
        <time>2024-08-14T22:43:00.939Z</time>
      </trkpt>
      <trkpt lat="61.574133" lon="9.875155">
        <ele>246.694219</ele>
        <time>2024-08-14T22:43:12.275Z</time>
      </trkpt>
      <trkpt lat="61.574232" lon="9.875060">
        <ele>246.963500</ele>
        <time>2024-08-14T22:43:15.469Z</time>
      </trkpt>
      <trkpt lat="61.574300" lon="9.874884">
        <ele>247.230464</ele>
        <time>2024-08-14T22:43:18.061Z</time>
      </trkpt>
      <trkpt lat="61.574679" lon="9.874406">
        <ele>248.324161</ele>
        <time>2024-08-14T22:43:28.778Z</time>
      </trkpt>
      <trkpt lat="61.575415" lon="9.873494">
        <ele>250.438270</ele>
        <time>2024-08-14T22:43:49.911Z</time>
      </trkpt>
      <trkpt lat="61.575675" lon="9.873093">
        <ele>251.023007</ele>
        <time>2024-08-14T22:43:57.720Z</time>
      </trkpt>
      <trkpt lat="61.575955" lon="9.872564">
        <ele>251.055809</ele>
        <time>2024-08-14T22:44:05.360Z</time>
      </trkpt>
      <trkpt lat="61.576169" lon="9.872057">
        <ele>251.083906</ele>
        <time>2024-08-14T22:44:10.692Z</time>
      </trkpt>
      <trkpt lat="61.576422" lon="9.871325">
        <ele>251.121413</ele>
        <time>2024-08-14T22:44:16.448Z</time>
      </trkpt>
      <trkpt lat="61.576582" lon="9.870736">
        <ele>251.149532</ele>
        <time>2024-08-14T22:44:20.360Z</time>
      </trkpt>
      <trkpt lat="61.576730" lon="9.870048">
        <ele>251.000002</ele>
        <time>2024-08-14T22:44:24.657Z</time>
      </trkpt>
      <trkpt lat="61.576875" lon="9.869160">
        <ele>250.251131</ele>
        <time>2024-08-14T22:44:29.828Z</time>
      </trkpt>
      <trkpt lat="61.576964" lon="9.868083">
        <ele>249.379171</ele>
        <time>2024-08-14T22:44:35.663Z</time>
      </trkpt>
      <trkpt lat="61.577005" lon="9.866780">
        <ele>248.337520</ele>
        <time>2024-08-14T22:44:42.481Z</time>
      </trkpt>
      <trkpt lat="61.577023" lon="9.866193">
        <ele>247.809939</ele>
        <time>2024-08-14T22:44:45.552Z</time>
      </trkpt>
      <trkpt lat="61.577080" lon="9.864557">
        <ele>246.237403</ele>
        <time>2024-08-14T22:44:54.307Z</time>
      </trkpt>
      <trkpt lat="61.577099" lon="9.864012">
        <ele>245.713544</ele>
        <time>2024-08-14T22:44:57.241Z</time>
      </trkpt>
      <trkpt lat="61.577141" lon="9.863256">
        <ele>244.983891</ele>
        <time>2024-08-14T22:45:01.180Z</time>
      </trkpt>
      <trkpt lat="61.577238" lon="9.862435">
        <ele>244.099793</ele>
        <time>2024-08-14T22:45:05.464Z</time>
      </trkpt>
      <trkpt lat="61.577252" lon="9.862211">
        <ele>243.839443</ele>
        <time>2024-08-14T22:45:06.578Z</time>
      </trkpt>
      <trkpt lat="61.577349" lon="9.860779">
        <ele>242.172608</ele>
        <time>2024-08-14T22:45:13.730Z</time>
      </trkpt>
      <trkpt lat="61.577317" lon="9.860768">
        <ele>242.094103</ele>
        <time>2024-08-14T22:45:14.051Z</time>
      </trkpt>
      <trkpt lat="61.577285" lon="9.860756">
        <ele>242.015403</ele>
        <time>2024-08-14T22:45:16.302Z</time>
      </trkpt>
      <trkpt lat="61.577323" lon="9.860327">
        <ele>241.512544</ele>
        <time>2024-08-14T22:45:18.539Z</time>
      </trkpt>
      <trkpt lat="61.577569" lon="9.857621">
        <ele>238.695299</ele>
        <time>2024-08-14T22:45:32.835Z</time>
      </trkpt>
      <trkpt lat="61.577573" lon="9.857557">
        <ele>238.635346</ele>
        <time>2024-08-14T22:45:33.181Z</time>
      </trkpt>
      <trkpt lat="61.577613" lon="9.857098">
        <ele>238.201939</ele>
        <time>2024-08-14T22:45:35.625Z</time>
      </trkpt>
      <trkpt lat="61.577706" lon="9.856032">
        <ele>237.195344</ele>
        <time>2024-08-14T22:45:41.372Z</time>
      </trkpt>
      <trkpt lat="61.577840" lon="9.855012">
        <ele>236.361476</ele>
        <time>2024-08-14T22:45:47.018Z</time>
      </trkpt>
      <trkpt lat="61.578064" lon="9.854010">
        <ele>235.667699</ele>
        <time>2024-08-14T22:45:53.075Z</time>
      </trkpt>
      <trkpt lat="61.578316" lon="9.853279">
        <ele>235.102038</ele>
        <time>2024-08-14T22:45:58.084Z</time>
      </trkpt>
      <trkpt lat="61.578533" lon="9.852804">
        <ele>234.689420</ele>
        <time>2024-08-14T22:46:01.791Z</time>
      </trkpt>
      <trkpt lat="61.579630" lon="9.850776">
        <ele>233.056511</ele>
        <time>2024-08-14T22:46:20.286Z</time>
      </trkpt>
      <trkpt lat="61.579976" lon="9.850050">
        <ele>232.534605</ele>
        <time>2024-08-14T22:46:26.275Z</time>
      </trkpt>
      <trkpt lat="61.582351" lon="9.843890">
        <ele>224.836711</ele>
        <time>2024-08-14T22:47:07.236Z</time>
      </trkpt>
      <trkpt lat="61.583127" lon="9.841784">
        <ele>222.757794</ele>
        <time>2024-08-14T22:47:21.080Z</time>
      </trkpt>
      <trkpt lat="61.583391" lon="9.840943">
        <ele>221.971438</ele>
        <time>2024-08-14T22:47:26.902Z</time>
      </trkpt>
      <trkpt lat="61.583520" lon="9.840445">
        <ele>221.985733</ele>
        <time>2024-08-14T22:47:30.393Z</time>
      </trkpt>
      <trkpt lat="61.584316" lon="9.837022">
        <ele>222.349400</ele>
        <time>2024-08-14T22:48:00.968Z</time>
      </trkpt>
      <trkpt lat="61.584452" lon="9.836156">
        <ele>222.492426</ele>
        <time>2024-08-14T22:48:08.295Z</time>
      </trkpt>
      <trkpt lat="61.584634" lon="9.834519">
        <ele>222.756081</ele>
        <time>2024-08-14T22:48:20.971Z</time>
      </trkpt>
      <trkpt lat="61.584782" lon="9.833614">
        <ele>222.882552</ele>
        <time>2024-08-14T22:48:27.759Z</time>
      </trkpt>
      <trkpt lat="61.585754" lon="9.829033">
        <ele>223.266162</ele>
        <time>2024-08-14T22:49:04.755Z</time>
      </trkpt>
      <trkpt lat="61.585915" lon="9.828131">
        <ele>223.321932</ele>
        <time>2024-08-14T22:49:11.953Z</time>
      </trkpt>
      <trkpt lat="61.585977" lon="9.827525">
        <ele>223.357815</ele>
        <time>2024-08-14T22:49:16.543Z</time>
      </trkpt>
      <trkpt lat="61.585998" lon="9.827083">
        <ele>223.383530</ele>
        <time>2024-08-14T22:49:19.690Z</time>
      </trkpt>
      <trkpt lat="61.585981" lon="9.826120">
        <ele>223.401001</ele>
        <time>2024-08-14T22:49:26.510Z</time>
      </trkpt>
      <trkpt lat="61.585938" lon="9.825535">
        <ele>223.406017</ele>
        <time>2024-08-14T22:49:30.723Z</time>
      </trkpt>
      <trkpt lat="61.585703" lon="9.823475">
        <ele>223.423970</ele>
        <time>2024-08-14T22:49:45.604Z</time>
      </trkpt>
      <trkpt lat="61.585586" lon="9.821102">
        <ele>223.579944</ele>
        <time>2024-08-14T22:50:02.959Z</time>
      </trkpt>
      <trkpt lat="61.585431" lon="9.817818">
        <ele>223.743716</ele>
        <time>2024-08-14T22:50:27.620Z</time>
      </trkpt>
      <trkpt lat="61.585416" lon="9.816984">
        <ele>223.764362</ele>
        <time>2024-08-14T22:50:33.408Z</time>
      </trkpt>
      <trkpt lat="61.585448" lon="9.814678">
        <ele>223.831302</ele>
        <time>2024-08-14T22:50:49.218Z</time>
      </trkpt>
      <trkpt lat="61.585555" lon="9.811450">
        <ele>224.037152</ele>
        <time>2024-08-14T22:51:12.871Z</time>
      </trkpt>
      <trkpt lat="61.585529" lon="9.810281">
        <ele>224.331431</ele>
        <time>2024-08-14T22:51:22.267Z</time>
      </trkpt>
      <trkpt lat="61.585378" lon="9.808179">
        <ele>224.865994</ele>
        <time>2024-08-14T22:51:39.746Z</time>
      </trkpt>
      <trkpt lat="61.585381" lon="9.807388">
        <ele>225.051189</ele>
        <time>2024-08-14T22:51:46.331Z</time>
      </trkpt>
      <trkpt lat="61.585451" lon="9.806210">
        <ele>225.327604</ele>
        <time>2024-08-14T22:51:56.076Z</time>
      </trkpt>
      <trkpt lat="61.585626" lon="9.804296">
        <ele>225.789815</ele>
        <time>2024-08-14T22:52:11.065Z</time>
      </trkpt>
      <trkpt lat="61.585661" lon="9.803636">
        <ele>226.004538</ele>
        <time>2024-08-14T22:52:16.175Z</time>
      </trkpt>
      <trkpt lat="61.585664" lon="9.802998">
        <ele>226.210837</ele>
        <time>2024-08-14T22:52:21.150Z</time>
      </trkpt>
      <trkpt lat="61.585642" lon="9.802479">
        <ele>226.379313</ele>
        <time>2024-08-14T22:52:25.258Z</time>
      </trkpt>
      <trkpt lat="61.585535" lon="9.800838">
        <ele>226.914868</ele>
        <time>2024-08-14T22:52:39.599Z</time>
      </trkpt>
      <trkpt lat="61.585529" lon="9.800696">
        <ele>226.960962</ele>
        <time>2024-08-14T22:52:41.109Z</time>
      </trkpt>
      <trkpt lat="61.585506" lon="9.799405">
        <ele>227.758448</ele>
        <time>2024-08-14T22:52:53.136Z</time>
      </trkpt>
      <trkpt lat="61.585608" lon="9.797045">
        <ele>229.258129</ele>
        <time>2024-08-14T22:53:16.896Z</time>
      </trkpt>
      <trkpt lat="61.585782" lon="9.793226">
        <ele>231.139094</ele>
        <time>2024-08-14T22:53:51.196Z</time>
      </trkpt>
      <trkpt lat="61.585823" lon="9.792357">
        <ele>231.564248</ele>
        <time>2024-08-14T22:53:58.542Z</time>
      </trkpt>
      <trkpt lat="61.585871" lon="9.791339">
        <ele>232.062941</ele>
        <time>2024-08-14T22:54:07.498Z</time>
      </trkpt>
      <trkpt lat="61.585889" lon="9.790948">
        <ele>232.254439</ele>
        <time>2024-08-14T22:54:11.038Z</time>
      </trkpt>
      <trkpt lat="61.585930" lon="9.790119">
        <ele>232.660743</ele>
        <time>2024-08-14T22:54:18.583Z</time>
      </trkpt>
      <trkpt lat="61.586093" lon="9.786632">
        <ele>234.778498</ele>
        <time>2024-08-14T22:54:52.361Z</time>
      </trkpt>
      <trkpt lat="61.586183" lon="9.784690">
        <ele>236.046001</ele>
        <time>2024-08-14T22:55:11.070Z</time>
      </trkpt>
      <trkpt lat="61.586351" lon="9.782771">
        <ele>237.340168</ele>
        <time>2024-08-14T22:55:29.910Z</time>
      </trkpt>
      <trkpt lat="61.586583" lon="9.780385">
        <ele>239.150812</ele>
        <time>2024-08-14T22:55:53.793Z</time>
      </trkpt>
      <trkpt lat="61.586747" lon="9.778948">
        <ele>240.323762</ele>
        <time>2024-08-14T22:56:09.581Z</time>
      </trkpt>
      <trkpt lat="61.586947" lon="9.777920">
        <ele>241.160961</ele>
        <time>2024-08-14T22:56:21.248Z</time>
      </trkpt>
      <trkpt lat="61.587056" lon="9.777521">
        <ele>241.459470</ele>
        <time>2024-08-14T22:56:26.070Z</time>
      </trkpt>
      <trkpt lat="61.587468" lon="9.776348">
        <ele>242.405410</ele>
        <time>2024-08-14T22:56:40.595Z</time>
      </trkpt>
      <trkpt lat="61.587497" lon="9.776289">
        <ele>242.460446</ele>
        <time>2024-08-14T22:56:41.438Z</time>
      </trkpt>
      <trkpt lat="61.588046" lon="9.774933">
        <ele>243.382850</ele>
        <time>2024-08-14T22:56:57.881Z</time>
      </trkpt>
      <trkpt lat="61.588362" lon="9.774061">
        <ele>243.268668</ele>
        <time>2024-08-14T22:57:06.274Z</time>
      </trkpt>
      <trkpt lat="61.588573" lon="9.773274">
        <ele>243.174567</ele>
        <time>2024-08-14T22:57:12.032Z</time>
      </trkpt>
      <trkpt lat="61.588742" lon="9.772491">
        <ele>243.085003</ele>
        <time>2024-08-14T22:57:17.164Z</time>
      </trkpt>
      <trkpt lat="61.588840" lon="9.772581">
        <ele>243.061589</ele>
        <time>2024-08-14T22:57:18.635Z</time>
      </trkpt>
      <trkpt lat="61.589358" lon="9.770163">
        <ele>241.668876</ele>
        <time>2024-08-14T22:57:33.567Z</time>
      </trkpt>
      <trkpt lat="61.589461" lon="9.769935">
        <ele>241.481128</ele>
        <time>2024-08-14T22:57:35.381Z</time>
      </trkpt>
      <trkpt lat="61.589445" lon="9.769869">
        <ele>241.436895</ele>
        <time>2024-08-14T22:57:37.848Z</time>
      </trkpt>
      <trkpt lat="61.589442" lon="9.769696">
        <ele>241.333519</ele>
        <time>2024-08-14T22:57:38.752Z</time>
      </trkpt>
      <trkpt lat="61.589600" lon="9.769350">
        <ele>241.047137</ele>
        <time>2024-08-14T22:57:41.384Z</time>
      </trkpt>
      <trkpt lat="61.589666" lon="9.769101">
        <ele>240.876929</ele>
        <time>2024-08-14T22:57:42.883Z</time>
      </trkpt>
      <trkpt lat="61.589684" lon="9.768381">
        <ele>240.529604</ele>
        <time>2024-08-14T22:57:46.919Z</time>
      </trkpt>
      <trkpt lat="61.589712" lon="9.768182">
        <ele>240.438171</ele>
        <time>2024-08-14T22:57:48.141Z</time>
      </trkpt>
      <trkpt lat="61.589724" lon="9.768125">
        <ele>240.410709</ele>
        <time>2024-08-14T22:57:50.178Z</time>
      </trkpt>
      <trkpt lat="61.589734" lon="9.768074">
        <ele>240.386405</ele>
        <time>2024-08-14T22:57:52.023Z</time>
      </trkpt>
      <trkpt lat="61.589753" lon="9.767862">
        <ele>240.291356</ele>
        <time>2024-08-14T22:57:53.268Z</time>
      </trkpt>
      <trkpt lat="61.590059" lon="9.766379">
        <ele>239.579155</ele>
        <time>2024-08-14T22:58:02.725Z</time>
      </trkpt>
      <trkpt lat="61.590383" lon="9.764871">
        <ele>239.195340</ele>
        <time>2024-08-14T22:58:12.773Z</time>
      </trkpt>
      <trkpt lat="61.590319" lon="9.764815">
        <ele>239.220487</ele>
        <time>2024-08-14T22:58:13.728Z</time>
      </trkpt>
      <trkpt lat="61.590490" lon="9.764024">
        <ele>239.370436</ele>
        <time>2024-08-14T22:58:20.040Z</time>
      </trkpt>
      <trkpt lat="61.590560" lon="9.763696">
        <ele>239.432479</ele>
        <time>2024-08-14T22:58:22.872Z</time>
      </trkpt>
      <trkpt lat="61.590686" lon="9.763198">
        <ele>239.529825</ele>
        <time>2024-08-14T22:58:27.596Z</time>
      </trkpt>
      <trkpt lat="61.590852" lon="9.762693">
        <ele>239.635761</ele>
        <time>2024-08-14T22:58:32.908Z</time>
      </trkpt>
      <trkpt lat="61.591333" lon="9.761472">
        <ele>240.389592</ele>
        <time>2024-08-14T22:58:47.415Z</time>
      </trkpt>
      <trkpt lat="61.592398" lon="9.758987">
        <ele>242.602557</ele>
        <time>2024-08-14T22:59:21.659Z</time>
      </trkpt>
      <trkpt lat="61.592822" lon="9.757778">
        <ele>243.301660</ele>
        <time>2024-08-14T22:59:35.791Z</time>
      </trkpt>
      <trkpt lat="61.592912" lon="9.757496">
        <ele>243.459715</ele>
        <time>2024-08-14T22:59:38.607Z</time>
      </trkpt>
      <trkpt lat="61.592963" lon="9.757332">
        <ele>243.550909</ele>
        <time>2024-08-14T22:59:40.252Z</time>
      </trkpt>
      <trkpt lat="61.593163" lon="9.756708">
        <ele>243.901110</ele>
        <time>2024-08-14T22:59:46.323Z</time>
      </trkpt>
      <trkpt lat="61.593190" lon="9.756622">
        <ele>243.949069</ele>
        <time>2024-08-14T22:59:47.150Z</time>
      </trkpt>
      <trkpt lat="61.593334" lon="9.756171">
        <ele>244.163085</ele>
        <time>2024-08-14T22:59:51.423Z</time>
      </trkpt>
      <trkpt lat="61.593544" lon="9.755515">
        <ele>244.310305</ele>
        <time>2024-08-14T22:59:57.408Z</time>
      </trkpt>
      <trkpt lat="61.593643" lon="9.755205">
        <ele>244.379823</ele>
        <time>2024-08-14T23:00:00.199Z</time>
      </trkpt>
      <trkpt lat="61.593723" lon="9.754954">
        <ele>244.436076</ele>
        <time>2024-08-14T23:00:02.523Z</time>
      </trkpt>
      <trkpt lat="61.593840" lon="9.754587">
        <ele>244.518332</ele>
        <time>2024-08-14T23:00:05.864Z</time>
      </trkpt>
      <trkpt lat="61.594137" lon="9.753672">
        <ele>244.724572</ele>
        <time>2024-08-14T23:00:14.549Z</time>
      </trkpt>
      <trkpt lat="61.594343" lon="9.753059">
        <ele>244.888202</ele>
        <time>2024-08-14T23:00:20.270Z</time>
      </trkpt>
      <trkpt lat="61.594415" lon="9.752846">
        <ele>244.987104</ele>
        <time>2024-08-14T23:00:22.263Z</time>
      </trkpt>
      <trkpt lat="61.594905" lon="9.751485">
        <ele>245.633145</ele>
        <time>2024-08-14T23:00:37.079Z</time>
      </trkpt>
      <trkpt lat="61.594964" lon="9.751324">
        <ele>245.710068</ele>
        <time>2024-08-14T23:00:39.125Z</time>
      </trkpt>
      <trkpt lat="61.595206" lon="9.750680">
        <ele>246.020696</ele>
        <time>2024-08-14T23:00:46.430Z</time>
      </trkpt>
      <trkpt lat="61.595359" lon="9.750281">
        <ele>246.214671</ele>
        <time>2024-08-14T23:00:50.847Z</time>
      </trkpt>
      <trkpt lat="61.595551" lon="9.749796">
        <ele>246.367158</ele>
        <time>2024-08-14T23:00:56.281Z</time>
      </trkpt>
      <trkpt lat="61.596339" lon="9.747954">
        <ele>246.858067</ele>
        <time>2024-08-14T23:01:16.069Z</time>
      </trkpt>
      <trkpt lat="61.596715" lon="9.747062">
        <ele>246.930209</ele>
        <time>2024-08-14T23:01:24.750Z</time>
      </trkpt>
      <trkpt lat="61.597006" lon="9.746391">
        <ele>246.704039</ele>
        <time>2024-08-14T23:01:30.802Z</time>
      </trkpt>
      <trkpt lat="61.597476" lon="9.745324">
        <ele>246.341820</ele>
        <time>2024-08-14T23:01:39.632Z</time>
      </trkpt>
      <trkpt lat="61.597566" lon="9.745118">
        <ele>246.272152</ele>
        <time>2024-08-14T23:01:41.413Z</time>
      </trkpt>
      <trkpt lat="61.598170" lon="9.743750">
        <ele>245.352717</ele>
        <time>2024-08-14T23:01:52.184Z</time>
      </trkpt>
      <trkpt lat="61.598717" lon="9.742726">
        <ele>244.329389</ele>
        <time>2024-08-14T23:02:00.670Z</time>
      </trkpt>
      <trkpt lat="61.598780" lon="9.742632">
        <ele>244.221452</ele>
        <time>2024-08-14T23:02:01.524Z</time>
      </trkpt>
      <trkpt lat="61.599026" lon="9.742287">
        <ele>243.808292</ele>
        <time>2024-08-14T23:02:04.823Z</time>
      </trkpt>
      <trkpt lat="61.599407" lon="9.741919">
        <ele>243.258623</ele>
        <time>2024-08-14T23:02:09.565Z</time>
      </trkpt>
      <trkpt lat="61.599820" lon="9.741650">
        <ele>242.717971</ele>
        <time>2024-08-14T23:02:14.550Z</time>
      </trkpt>
      <trkpt lat="61.600170" lon="9.741485">
        <ele>242.269444</ele>
        <time>2024-08-14T23:02:18.750Z</time>
      </trkpt>
      <trkpt lat="61.600649" lon="9.741357">
        <ele>241.665657</ele>
        <time>2024-08-14T23:02:24.600Z</time>
      </trkpt>
      <trkpt lat="61.601115" lon="9.741306">
        <ele>241.260845</ele>
        <time>2024-08-14T23:02:30.422Z</time>
      </trkpt>
      <trkpt lat="61.601536" lon="9.741344">
        <ele>241.133903</ele>
        <time>2024-08-14T23:02:35.796Z</time>
      </trkpt>
      <trkpt lat="61.602774" lon="9.741715">
        <ele>240.783926</ele>
        <time>2024-08-14T23:02:54.097Z</time>
      </trkpt>
      <trkpt lat="61.603093" lon="9.741719">
        <ele>240.826492</ele>
        <time>2024-08-14T23:02:59.115Z</time>
      </trkpt>
      <trkpt lat="61.603519" lon="9.741622">
        <ele>240.883668</ele>
        <time>2024-08-14T23:03:05.865Z</time>
      </trkpt>
      <trkpt lat="61.603927" lon="9.741402">
        <ele>240.939871</ele>
        <time>2024-08-14T23:03:12.443Z</time>
      </trkpt>
      <trkpt lat="61.604307" lon="9.741086">
        <ele>240.994397</ele>
        <time>2024-08-14T23:03:18.766Z</time>
      </trkpt>
      <trkpt lat="61.604874" lon="9.740449">
        <ele>240.908577</ele>
        <time>2024-08-14T23:03:28.402Z</time>
      </trkpt>
      <trkpt lat="61.605796" lon="9.739325">
        <ele>240.672188</ele>
        <time>2024-08-14T23:03:43.128Z</time>
      </trkpt>
      <trkpt lat="61.606335" lon="9.738554">
        <ele>240.467165</ele>
        <time>2024-08-14T23:03:51.892Z</time>
      </trkpt>
      <trkpt lat="61.606639" lon="9.738052">
        <ele>240.323328</ele>
        <time>2024-08-14T23:03:57.057Z</time>
      </trkpt>
      <trkpt lat="61.607037" lon="9.737293">
        <ele>240.123391</ele>
        <time>2024-08-14T23:04:04.251Z</time>
      </trkpt>
      <trkpt lat="61.607948" lon="9.735420">
        <ele>240.127790</ele>
        <time>2024-08-14T23:04:22.387Z</time>
      </trkpt>
      <trkpt lat="61.608384" lon="9.734637">
        <ele>240.256853</ele>
        <time>2024-08-14T23:04:31.654Z</time>
      </trkpt>
      <trkpt lat="61.608857" lon="9.734000">
        <ele>240.455865</ele>
        <time>2024-08-14T23:04:41.417Z</time>
      </trkpt>
      <trkpt lat="61.609204" lon="9.733687">
        <ele>240.740072</ele>
        <time>2024-08-14T23:04:48.347Z</time>
      </trkpt>
      <trkpt lat="61.609540" lon="9.733479">
        <ele>241.003718</ele>
        <time>2024-08-14T23:04:54.980Z</time>
      </trkpt>
      <trkpt lat="61.609988" lon="9.733310">
        <ele>241.346323</ele>
        <time>2024-08-14T23:05:03.528Z</time>
      </trkpt>
      <trkpt lat="61.610427" lon="9.733237">
        <ele>241.677802</ele>
        <time>2024-08-14T23:05:11.279Z</time>
      </trkpt>
      <trkpt lat="61.610919" lon="9.733252">
        <ele>241.597429</ele>
        <time>2024-08-14T23:05:19.036Z</time>
      </trkpt>
      <trkpt lat="61.611458" lon="9.733372">
        <ele>241.467637</ele>
        <time>2024-08-14T23:05:26.590Z</time>
      </trkpt>
      <trkpt lat="61.611945" lon="9.733476">
        <ele>241.350418</ele>
        <time>2024-08-14T23:05:32.919Z</time>
      </trkpt>
      <trkpt lat="61.612434" lon="9.733447">
        <ele>241.157227</ele>
        <time>2024-08-14T23:05:39.226Z</time>
      </trkpt>
      <trkpt lat="61.613391" lon="9.733290">
        <ele>240.513471</ele>
        <time>2024-08-14T23:05:51.296Z</time>
      </trkpt>
      <trkpt lat="61.613793" lon="9.733165">
        <ele>240.240941</ele>
        <time>2024-08-14T23:05:56.454Z</time>
      </trkpt>
      <trkpt lat="61.614078" lon="9.732995">
        <ele>240.068466</ele>
        <time>2024-08-14T23:06:00.361Z</time>
      </trkpt>
      <trkpt lat="61.614374" lon="9.732705">
        <ele>240.062057</ele>
        <time>2024-08-14T23:06:04.894Z</time>
      </trkpt>
      <trkpt lat="61.614584" lon="9.732397">
        <ele>240.057032</ele>
        <time>2024-08-14T23:06:08.587Z</time>
      </trkpt>
      <trkpt lat="61.614820" lon="9.731931">
        <ele>240.050678</ele>
        <time>2024-08-14T23:06:13.427Z</time>
      </trkpt>
      <trkpt lat="61.615012" lon="9.731423">
        <ele>240.044622</ele>
        <time>2024-08-14T23:06:18.173Z</time>
      </trkpt>
      <trkpt lat="61.615167" lon="9.730878">
        <ele>240.038695</ele>
        <time>2024-08-14T23:06:22.786Z</time>
      </trkpt>
      <trkpt lat="61.615338" lon="9.730065">
        <ele>240.161128</ele>
        <time>2024-08-14T23:06:29.479Z</time>
      </trkpt>
      <trkpt lat="61.615444" lon="9.729374">
        <ele>240.403804</ele>
        <time>2024-08-14T23:06:35.259Z</time>
      </trkpt>
      <trkpt lat="61.615583" lon="9.728165">
        <ele>240.819531</ele>
        <time>2024-08-14T23:06:45.895Z</time>
      </trkpt>
      <trkpt lat="61.615700" lon="9.727463">
        <ele>241.068158</ele>
        <time>2024-08-14T23:06:52.518Z</time>
      </trkpt>
      <trkpt lat="61.615846" lon="9.726863">
        <ele>241.293435</ele>
        <time>2024-08-14T23:06:58.432Z</time>
      </trkpt>
      <trkpt lat="61.616183" lon="9.725961">
        <ele>241.597041</ele>
        <time>2024-08-14T23:07:08.379Z</time>
      </trkpt>
      <trkpt lat="61.616447" lon="9.725514">
        <ele>241.785038</ele>
        <time>2024-08-14T23:07:14.417Z</time>
      </trkpt>
      <trkpt lat="61.616721" lon="9.725172">
        <ele>241.961777</ele>
        <time>2024-08-14T23:07:19.941Z</time>
      </trkpt>
      <trkpt lat="61.618300" lon="9.723924">
        <ele>242.266775</ele>
        <time>2024-08-14T23:07:45.964Z</time>
      </trkpt>
      <trkpt lat="61.619925" lon="9.722667">
        <ele>242.486381</ele>
        <time>2024-08-14T23:08:09.816Z</time>
      </trkpt>
      <trkpt lat="61.620373" lon="9.722470">
        <ele>242.594019</ele>
        <time>2024-08-14T23:08:17.414Z</time>
      </trkpt>
      <trkpt lat="61.620696" lon="9.722473">
        <ele>242.669983</ele>
        <time>2024-08-14T23:08:23.404Z</time>
      </trkpt>
      <trkpt lat="61.620977" lon="9.722576">
        <ele>243.213959</ele>
        <time>2024-08-14T23:08:29.290Z</time>
      </trkpt>
      <trkpt lat="61.621977" lon="9.723287">
        <ele>245.236106</ele>
        <time>2024-08-14T23:08:53.828Z</time>
      </trkpt>
      <trkpt lat="61.622668" lon="9.723601">
        <ele>246.429720</ele>
        <time>2024-08-14T23:09:10.981Z</time>
      </trkpt>
      <trkpt lat="61.623714" lon="9.723968">
        <ele>247.773168</ele>
        <time>2024-08-14T23:09:33.438Z</time>
      </trkpt>
      <trkpt lat="61.624022" lon="9.724054">
        <ele>248.166786</ele>
        <time>2024-08-14T23:09:38.735Z</time>
      </trkpt>
      <trkpt lat="61.624389" lon="9.724083">
        <ele>248.279930</ele>
        <time>2024-08-14T23:09:44.109Z</time>
      </trkpt>
      <trkpt lat="61.624983" lon="9.723949">
        <ele>247.914112</ele>
        <time>2024-08-14T23:09:51.976Z</time>
      </trkpt>
      <trkpt lat="61.626572" lon="9.723368">
        <ele>246.704473</ele>
        <time>2024-08-14T23:10:11.765Z</time>
      </trkpt>
      <trkpt lat="61.628006" lon="9.722817">
        <ele>245.413158</ele>
        <time>2024-08-14T23:10:29.586Z</time>
      </trkpt>
      <trkpt lat="61.628772" lon="9.722431">
        <ele>245.071433</ele>
        <time>2024-08-14T23:10:40.016Z</time>
      </trkpt>
      <trkpt lat="61.629404" lon="9.722043">
        <ele>244.785809</ele>
        <time>2024-08-14T23:10:49.026Z</time>
      </trkpt>
      <trkpt lat="61.630573" lon="9.721195">
        <ele>245.530103</ele>
        <time>2024-08-14T23:11:08.926Z</time>
      </trkpt>
      <trkpt lat="61.631588" lon="9.720454">
        <ele>246.890267</ele>
        <time>2024-08-14T23:11:30.942Z</time>
      </trkpt>
      <trkpt lat="61.632007" lon="9.720322">
        <ele>247.812016</ele>
        <time>2024-08-14T23:11:40.794Z</time>
      </trkpt>
      <trkpt lat="61.632542" lon="9.720267">
        <ele>248.977371</ele>
        <time>2024-08-14T23:11:53.719Z</time>
      </trkpt>
      <trkpt lat="61.632900" lon="9.720209">
        <ele>249.758554</ele>
        <time>2024-08-14T23:12:02.858Z</time>
      </trkpt>
      <trkpt lat="61.633490" lon="9.719912">
        <ele>251.631107</ele>
        <time>2024-08-14T23:12:19.112Z</time>
      </trkpt>
      <trkpt lat="61.633869" lon="9.719764">
        <ele>252.861455</ele>
        <time>2024-08-14T23:12:29.811Z</time>
      </trkpt>
      <trkpt lat="61.634219" lon="9.719774">
        <ele>253.978699</ele>
        <time>2024-08-14T23:12:39.237Z</time>
      </trkpt>
      <trkpt lat="61.634418" lon="9.719833">
        <ele>254.620145</ele>
        <time>2024-08-14T23:12:44.843Z</time>
      </trkpt>
      <trkpt lat="61.635091" lon="9.720175">
        <ele>257.122597</ele>
        <time>2024-08-14T23:13:05.014Z</time>
      </trkpt>
      <trkpt lat="61.635627" lon="9.720313">
        <ele>259.268600</ele>
        <time>2024-08-14T23:13:22.198Z</time>
      </trkpt>
      <trkpt lat="61.636071" lon="9.720397">
        <ele>261.040221</ele>
        <time>2024-08-14T23:13:36.054Z</time>
      </trkpt>
      <trkpt lat="61.636379" lon="9.720539">
        <ele>262.293265</ele>
        <time>2024-08-14T23:13:45.852Z</time>
      </trkpt>
      <trkpt lat="61.636813" lon="9.720810">
        <ele>263.591075</ele>
        <time>2024-08-14T23:14:00.155Z</time>
      </trkpt>
      <trkpt lat="61.637331" lon="9.721208">
        <ele>264.942923</ele>
        <time>2024-08-14T23:14:16.429Z</time>
      </trkpt>
      <trkpt lat="61.638101" lon="9.721796">
        <ele>266.950980</ele>
        <time>2024-08-14T23:14:34.842Z</time>
      </trkpt>
      <trkpt lat="61.638822" lon="9.722287">
        <ele>265.764497</ele>
        <time>2024-08-14T23:14:44.657Z</time>
      </trkpt>
      <trkpt lat="61.639368" lon="9.722592">
        <ele>264.539363</ele>
        <time>2024-08-14T23:14:50.597Z</time>
      </trkpt>
      <trkpt lat="61.639432" lon="9.722625">
        <ele>264.396458</ele>
        <time>2024-08-14T23:14:51.258Z</time>
      </trkpt>
      <trkpt lat="61.640097" lon="9.723065">
        <ele>262.468984</ele>
        <time>2024-08-14T23:14:58.011Z</time>
      </trkpt>
      <trkpt lat="61.640596" lon="9.723537">
        <ele>260.073584</ele>
        <time>2024-08-14T23:15:03.165Z</time>
      </trkpt>
      <trkpt lat="61.641196" lon="9.724153">
        <ele>257.150594</ele>
        <time>2024-08-14T23:15:09.540Z</time>
      </trkpt>
      <trkpt lat="61.641728" lon="9.724564">
        <ele>255.021462</ele>
        <time>2024-08-14T23:15:15.052Z</time>
      </trkpt>
      <trkpt lat="61.642362" lon="9.725034">
        <ele>253.464987</ele>
        <time>2024-08-14T23:15:22.027Z</time>
      </trkpt>
      <trkpt lat="61.642792" lon="9.725479">
        <ele>252.355470</ele>
        <time>2024-08-14T23:15:27.282Z</time>
      </trkpt>
      <trkpt lat="61.643130" lon="9.725925">
        <ele>251.431768</ele>
        <time>2024-08-14T23:15:31.959Z</time>
      </trkpt>
      <trkpt lat="61.644300" lon="9.727635">
        <ele>250.513817</ele>
        <time>2024-08-14T23:15:50.472Z</time>
      </trkpt>
      <trkpt lat="61.644603" lon="9.728020">
        <ele>250.319860</ele>
        <time>2024-08-14T23:15:55.520Z</time>
      </trkpt>
      <trkpt lat="61.645411" lon="9.729016">
        <ele>250.291674</ele>
        <time>2024-08-14T23:16:09.181Z</time>
      </trkpt>
      <trkpt lat="61.646344" lon="9.730228">
        <ele>250.306478</ele>
        <time>2024-08-14T23:16:25.990Z</time>
      </trkpt>
      <trkpt lat="61.646434" lon="9.730339">
        <ele>250.295274</ele>
        <time>2024-08-14T23:16:27.739Z</time>
      </trkpt>
      <trkpt lat="61.646836" lon="9.730772">
        <ele>250.246769</ele>
        <time>2024-08-14T23:16:35.040Z</time>
      </trkpt>
      <trkpt lat="61.646918" lon="9.730840">
        <ele>250.237303</ele>
        <time>2024-08-14T23:16:36.432Z</time>
      </trkpt>
      <trkpt lat="61.647322" lon="9.731140">
        <ele>250.191286</ele>
        <time>2024-08-14T23:16:42.611Z</time>
      </trkpt>
      <trkpt lat="61.648238" lon="9.731657">
        <ele>249.979820</ele>
        <time>2024-08-14T23:16:54.938Z</time>
      </trkpt>
      <trkpt lat="61.649173" lon="9.732264">
        <ele>249.574982</ele>
        <time>2024-08-14T23:17:08.071Z</time>
      </trkpt>
      <trkpt lat="61.649918" lon="9.732975">
        <ele>249.407108</ele>
        <time>2024-08-14T23:17:19.192Z</time>
      </trkpt>
      <trkpt lat="61.651288" lon="9.734621">
        <ele>249.431741</ele>
        <time>2024-08-14T23:17:44.417Z</time>
      </trkpt>
      <trkpt lat="61.651950" lon="9.735290">
        <ele>249.044675</ele>
        <time>2024-08-14T23:17:54.825Z</time>
      </trkpt>
      <trkpt lat="61.652262" lon="9.735545">
        <ele>248.868256</ele>
        <time>2024-08-14T23:17:59.160Z</time>
      </trkpt>
      <trkpt lat="61.652661" lon="9.735797">
        <ele>248.648672</ele>
        <time>2024-08-14T23:18:04.266Z</time>
      </trkpt>
      <trkpt lat="61.653016" lon="9.735954">
        <ele>248.262447</ele>
        <time>2024-08-14T23:18:08.526Z</time>
      </trkpt>
      <trkpt lat="61.653405" lon="9.736062">
        <ele>247.639087</ele>
        <time>2024-08-14T23:18:13.009Z</time>
      </trkpt>
      <trkpt lat="61.654126" lon="9.736155">
        <ele>246.491473</ele>
        <time>2024-08-14T23:18:21.124Z</time>
      </trkpt>
      <trkpt lat="61.654625" lon="9.736168">
        <ele>245.698640</ele>
        <time>2024-08-14T23:18:26.717Z</time>
      </trkpt>
      <trkpt lat="61.655354" lon="9.736114">
        <ele>244.898472</ele>
        <time>2024-08-14T23:18:35.130Z</time>
      </trkpt>
      <trkpt lat="61.655859" lon="9.736005">
        <ele>244.342023</ele>
        <time>2024-08-14T23:18:41.316Z</time>
      </trkpt>
      <trkpt lat="61.656409" lon="9.735763">
        <ele>243.726132</ele>
        <time>2024-08-14T23:18:48.511Z</time>
      </trkpt>
      <trkpt lat="61.657336" lon="9.735100">
        <ele>243.351920</ele>
        <time>2024-08-14T23:19:01.480Z</time>
      </trkpt>
      <trkpt lat="61.657711" lon="9.734881">
        <ele>243.203417</ele>
        <time>2024-08-14T23:19:06.835Z</time>
      </trkpt>
      <trkpt lat="61.658350" lon="9.734577">
        <ele>243.112114</ele>
        <time>2024-08-14T23:19:16.336Z</time>
      </trkpt>
      <trkpt lat="61.658777" lon="9.734296">
        <ele>243.258728</ele>
        <time>2024-08-14T23:19:23.193Z</time>
      </trkpt>
      <trkpt lat="61.659131" lon="9.733972">
        <ele>243.385226</ele>
        <time>2024-08-14T23:19:29.377Z</time>
      </trkpt>
      <trkpt lat="61.659850" lon="9.733125">
        <ele>243.691043</ele>
        <time>2024-08-14T23:19:43.374Z</time>
      </trkpt>
      <trkpt lat="61.660436" lon="9.732313">
        <ele>244.226740</ele>
        <time>2024-08-14T23:19:56.090Z</time>
      </trkpt>
      <trkpt lat="61.660836" lon="9.731651">
        <ele>244.615238</ele>
        <time>2024-08-14T23:20:05.469Z</time>
      </trkpt>
      <trkpt lat="61.661233" lon="9.730907">
        <ele>245.008107</ele>
        <time>2024-08-14T23:20:15.044Z</time>
      </trkpt>
      <trkpt lat="61.661707" lon="9.729852">
        <ele>245.177163</ele>
        <time>2024-08-14T23:20:26.832Z</time>
      </trkpt>
      <trkpt lat="61.662281" lon="9.728351">
        <ele>245.401481</ele>
        <time>2024-08-14T23:20:40.853Z</time>
      </trkpt>
      <trkpt lat="61.662490" lon="9.727889">
        <ele>245.384589</ele>
        <time>2024-08-14T23:20:45.112Z</time>
      </trkpt>
      <trkpt lat="61.663707" lon="9.725599">
        <ele>244.672387</ele>
        <time>2024-08-14T23:21:06.426Z</time>
      </trkpt>
      <trkpt lat="61.664593" lon="9.723684">
        <ele>244.888558</ele>
        <time>2024-08-14T23:21:24.410Z</time>
      </trkpt>
      <trkpt lat="61.665072" lon="9.722500">
        <ele>245.313044</ele>
        <time>2024-08-14T23:21:38.017Z</time>
      </trkpt>
      <trkpt lat="61.665414" lon="9.721417">
        <ele>246.434510</ele>
        <time>2024-08-14T23:21:51.685Z</time>
      </trkpt>
      <trkpt lat="61.665694" lon="9.720177">
        <ele>247.618359</ele>
        <time>2024-08-14T23:22:07.152Z</time>
      </trkpt>
      <trkpt lat="61.665905" lon="9.718808">
        <ele>248.617406</ele>
        <time>2024-08-14T23:22:22.817Z</time>
      </trkpt>
      <trkpt lat="61.666001" lon="9.718888">
        <ele>248.729163</ele>
        <time>2024-08-14T23:22:35.207Z</time>
      </trkpt>
      <trkpt lat="61.666171" lon="9.717731">
        <ele>249.351449</ele>
        <time>2024-08-14T23:22:46.831Z</time>
      </trkpt>
      <trkpt lat="61.666221" lon="9.717232">
        <ele>249.613479</ele>
        <time>2024-08-14T23:22:51.347Z</time>
      </trkpt>
      <trkpt lat="61.666291" lon="9.716122">
        <ele>250.188791</ele>
        <time>2024-08-14T23:22:59.996Z</time>
      </trkpt>
      <trkpt lat="61.666286" lon="9.715504">
        <ele>250.018626</ele>
        <time>2024-08-14T23:23:04.212Z</time>
      </trkpt>
      <trkpt lat="61.666314" lon="9.714776">
        <ele>249.780917</ele>
        <time>2024-08-14T23:23:08.694Z</time>
      </trkpt>
      <trkpt lat="61.666282" lon="9.712848">
        <ele>249.153054</ele>
        <time>2024-08-14T23:23:20.057Z</time>
      </trkpt>
      <trkpt lat="61.666118" lon="9.709340">
        <ele>247.431085</ele>
        <time>2024-08-14T23:23:40.131Z</time>
      </trkpt>
      <trkpt lat="61.665930" lon="9.705686">
        <ele>245.938887</ele>
        <time>2024-08-14T23:24:01.296Z</time>
      </trkpt>
      <trkpt lat="61.665791" lon="9.702635">
        <ele>245.597647</ele>
        <time>2024-08-14T23:24:22.256Z</time>
      </trkpt>
      <trkpt lat="61.665740" lon="9.701613">
        <ele>245.600463</ele>
        <time>2024-08-14T23:24:30.317Z</time>
      </trkpt>
      <trkpt lat="61.665686" lon="9.701489">
        <ele>245.600924</ele>
        <time>2024-08-14T23:24:31.994Z</time>
      </trkpt>
      <trkpt lat="61.665642" lon="9.701486">
        <ele>245.601178</ele>
        <time>2024-08-14T23:24:36.854Z</time>
      </trkpt>
      <trkpt lat="61.665613" lon="9.700800">
        <ele>245.534237</ele>
        <time>2024-08-14T23:24:42.010Z</time>
      </trkpt>
      <trkpt lat="61.665581" lon="9.700141">
        <ele>245.395588</ele>
        <time>2024-08-14T23:24:46.765Z</time>
      </trkpt>
      <trkpt lat="61.665524" lon="9.698935">
        <ele>245.141922</ele>
        <time>2024-08-14T23:24:54.832Z</time>
      </trkpt>
      <trkpt lat="61.665487" lon="9.698124">
        <ele>244.971397</ele>
        <time>2024-08-14T23:24:59.826Z</time>
      </trkpt>
      <trkpt lat="61.665476" lon="9.697915">
        <ele>244.927384</ele>
        <time>2024-08-14T23:25:01.085Z</time>
      </trkpt>
      <trkpt lat="61.665377" lon="9.695884">
        <ele>243.830896</ele>
        <time>2024-08-14T23:25:12.374Z</time>
      </trkpt>
      <trkpt lat="61.665310" lon="9.694490">
        <ele>242.902435</ele>
        <time>2024-08-14T23:25:19.973Z</time>
      </trkpt>
      <trkpt lat="61.665270" lon="9.693703">
        <ele>242.377945</ele>
        <time>2024-08-14T23:25:24.305Z</time>
      </trkpt>
      <trkpt lat="61.665221" lon="9.692714">
        <ele>242.109177</ele>
        <time>2024-08-14T23:25:29.845Z</time>
      </trkpt>
      <trkpt lat="61.665196" lon="9.692200">
        <ele>241.997602</ele>
        <time>2024-08-14T23:25:32.815Z</time>
      </trkpt>
      <trkpt lat="61.665149" lon="9.691240">
        <ele>241.789199</ele>
        <time>2024-08-14T23:25:38.639Z</time>
      </trkpt>
      <trkpt lat="61.665101" lon="9.690162">
        <ele>241.555392</ele>
        <time>2024-08-14T23:25:46.310Z</time>
      </trkpt>
      <trkpt lat="61.665098" lon="9.690094">
        <ele>241.540644</ele>
        <time>2024-08-14T23:25:46.853Z</time>
      </trkpt>
      <trkpt lat="61.665000" lon="9.688072">
        <ele>242.961501</ele>
        <time>2024-08-14T23:26:05.958Z</time>
      </trkpt>
      <trkpt lat="61.664987" lon="9.687773">
        <ele>243.215912</ele>
        <time>2024-08-14T23:26:09.139Z</time>
      </trkpt>
      <trkpt lat="61.664967" lon="9.687393">
        <ele>243.539869</ele>
        <time>2024-08-14T23:26:13.298Z</time>
      </trkpt>
      <trkpt lat="61.664939" lon="9.686852">
        <ele>244.000990</ele>
        <time>2024-08-14T23:26:19.508Z</time>
      </trkpt>
      <trkpt lat="61.664936" lon="9.686796">
        <ele>244.048742</ele>
        <time>2024-08-14T23:26:20.170Z</time>
      </trkpt>
      <trkpt lat="61.664867" lon="9.685290">
        <ele>245.701037</ele>
        <time>2024-08-14T23:26:38.860Z</time>
      </trkpt>
      <trkpt lat="61.664817" lon="9.684070">
        <ele>247.338685</ele>
        <time>2024-08-14T23:26:54.997Z</time>
      </trkpt>
      <trkpt lat="61.664746" lon="9.681259">
        <ele>250.610718</ele>
        <time>2024-08-14T23:27:29.190Z</time>
      </trkpt>
      <trkpt lat="61.664723" lon="9.680459">
        <ele>251.289954</ele>
        <time>2024-08-14T23:27:37.328Z</time>
      </trkpt>
      <trkpt lat="61.664692" lon="9.679008">
        <ele>252.520909</ele>
        <time>2024-08-14T23:27:52.275Z</time>
      </trkpt>
      <trkpt lat="61.664690" lon="9.678846">
        <ele>252.658249</ele>
        <time>2024-08-14T23:27:53.657Z</time>
      </trkpt>
      <trkpt lat="61.664668" lon="9.678089">
        <ele>253.044131</ele>
        <time>2024-08-14T23:28:00.271Z</time>
      </trkpt>
      <trkpt lat="61.664663" lon="9.677936">
        <ele>253.073203</ele>
        <time>2024-08-14T23:28:01.641Z</time>
      </trkpt>
      <trkpt lat="61.664650" lon="9.677356">
        <ele>253.183273</ele>
        <time>2024-08-14T23:28:06.104Z</time>
      </trkpt>
      <trkpt lat="61.664646" lon="9.677166">
        <ele>253.219326</ele>
        <time>2024-08-14T23:28:07.717Z</time>
      </trkpt>
      <trkpt lat="61.664631" lon="9.676502">
        <ele>253.345339</ele>
        <time>2024-08-14T23:28:12.857Z</time>
      </trkpt>
      <trkpt lat="61.664625" lon="9.676248">
        <ele>253.393548</ele>
        <time>2024-08-14T23:28:14.758Z</time>
      </trkpt>
      <trkpt lat="61.664595" lon="9.674832">
        <ele>253.662239</ele>
        <time>2024-08-14T23:28:24.746Z</time>
      </trkpt>
      <trkpt lat="61.664572" lon="9.673794">
        <ele>253.484874</ele>
        <time>2024-08-14T23:28:32.361Z</time>
      </trkpt>
      <trkpt lat="61.664616" lon="9.673702">
        <ele>253.455348</ele>
        <time>2024-08-14T23:28:33.381Z</time>
      </trkpt>
      <trkpt lat="61.664625" lon="9.673048">
        <ele>253.307437</ele>
        <time>2024-08-14T23:28:37.523Z</time>
      </trkpt>
      <trkpt lat="61.664576" lon="9.671027">
        <ele>252.849958</ele>
        <time>2024-08-14T23:28:49.612Z</time>
      </trkpt>
      <trkpt lat="61.664565" lon="9.670781">
        <ele>252.719618</ele>
        <time>2024-08-14T23:28:51.156Z</time>
      </trkpt>
      <trkpt lat="61.664523" lon="9.669811">
        <ele>252.064290</ele>
        <time>2024-08-14T23:28:56.999Z</time>
      </trkpt>
      <trkpt lat="61.664464" lon="9.669044">
        <ele>251.541517</ele>
        <time>2024-08-14T23:29:01.361Z</time>
      </trkpt>
      <trkpt lat="61.664402" lon="9.669084">
        <ele>251.449602</ele>
        <time>2024-08-14T23:29:02.046Z</time>
      </trkpt>
      <trkpt lat="61.664217" lon="9.667147">
        <ele>250.089124</ele>
        <time>2024-08-14T23:29:12.539Z</time>
      </trkpt>
      <trkpt lat="61.664057" lon="9.665469">
        <ele>248.716223</ele>
        <time>2024-08-14T23:29:21.482Z</time>
      </trkpt>
      <trkpt lat="61.663981" lon="9.664384">
        <ele>247.836460</ele>
        <time>2024-08-14T23:29:27.335Z</time>
      </trkpt>
      <trkpt lat="61.663938" lon="9.663292">
        <ele>247.232198</ele>
        <time>2024-08-14T23:29:33.232Z</time>
      </trkpt>
      <trkpt lat="61.663946" lon="9.661248">
        <ele>247.173317</ele>
        <time>2024-08-14T23:29:46.494Z</time>
      </trkpt>
      <trkpt lat="61.664018" lon="9.660075">
        <ele>247.139247</ele>
        <time>2024-08-14T23:29:56.745Z</time>
      </trkpt>
      <trkpt lat="61.664119" lon="9.658928">
        <ele>248.163881</ele>
        <time>2024-08-14T23:30:07.738Z</time>
      </trkpt>
      <trkpt lat="61.664162" lon="9.658040">
        <ele>249.122995</ele>
        <time>2024-08-14T23:30:16.988Z</time>
      </trkpt>
      <trkpt lat="61.664153" lon="9.656432">
        <ele>250.850921</ele>
        <time>2024-08-14T23:30:36.959Z</time>
      </trkpt>
      <trkpt lat="61.664181" lon="9.655375">
        <ele>252.567600</ele>
        <time>2024-08-14T23:30:51.466Z</time>
      </trkpt>
      <trkpt lat="61.664300" lon="9.653505">
        <ele>256.093793</ele>
        <time>2024-08-14T23:31:19.255Z</time>
      </trkpt>
      <trkpt lat="61.664349" lon="9.651853">
        <ele>258.732614</ele>
        <time>2024-08-14T23:31:45.612Z</time>
      </trkpt>
      <trkpt lat="61.664536" lon="9.650061">
        <ele>260.428969</ele>
        <time>2024-08-14T23:32:07.662Z</time>
      </trkpt>
      <trkpt lat="61.664567" lon="9.649594">
        <ele>260.864932</ele>
        <time>2024-08-14T23:32:11.690Z</time>
      </trkpt>
      <trkpt lat="61.664561" lon="9.649029">
        <ele>261.387429</ele>
        <time>2024-08-14T23:32:16.012Z</time>
      </trkpt>
      <trkpt lat="61.664498" lon="9.648456">
        <ele>261.787964</ele>
        <time>2024-08-14T23:32:19.687Z</time>
      </trkpt>
      <trkpt lat="61.664095" lon="9.646608">
        <ele>261.746237</ele>
        <time>2024-08-14T23:32:31.699Z</time>
      </trkpt>
      <trkpt lat="61.664033" lon="9.646154">
        <ele>261.736544</ele>
        <time>2024-08-14T23:32:34.825Z</time>
      </trkpt>
      <trkpt lat="61.663997" lon="9.645575">
        <ele>261.724563</ele>
        <time>2024-08-14T23:32:38.753Z</time>
      </trkpt>
      <trkpt lat="61.664004" lon="9.645010">
        <ele>261.736752</ele>
        <time>2024-08-14T23:32:43.741Z</time>
      </trkpt>
      <trkpt lat="61.664050" lon="9.644490">
        <ele>262.450602</ele>
        <time>2024-08-14T23:32:49.134Z</time>
      </trkpt>
      <trkpt lat="61.664339" lon="9.642906">
        <ele>264.740773</ele>
        <time>2024-08-14T23:33:10.644Z</time>
      </trkpt>
      <trkpt lat="61.664413" lon="9.642130">
        <ele>265.808940</ele>
        <time>2024-08-14T23:33:21.965Z</time>
      </trkpt>
      <trkpt lat="61.664410" lon="9.641338">
        <ele>266.863776</ele>
        <time>2024-08-14T23:33:33.830Z</time>
      </trkpt>
      <trkpt lat="61.664275" lon="9.638990">
        <ele>269.166924</ele>
        <time>2024-08-14T23:34:04.606Z</time>
      </trkpt>
      <trkpt lat="61.664182" lon="9.638061">
        <ele>270.091470</ele>
        <time>2024-08-14T23:34:12.658Z</time>
      </trkpt>
      <trkpt lat="61.664031" lon="9.637213">
        <ele>270.136230</ele>
        <time>2024-08-14T23:34:18.798Z</time>
      </trkpt>
      <trkpt lat="61.662925" lon="9.633220">
        <ele>265.761240</ele>
        <time>2024-08-14T23:34:42.564Z</time>
      </trkpt>
      <trkpt lat="61.662909" lon="9.633162">
        <ele>265.675217</ele>
        <time>2024-08-14T23:34:42.888Z</time>
      </trkpt>
      <trkpt lat="61.662544" lon="9.631827">
        <ele>263.699628</ele>
        <time>2024-08-14T23:34:50.319Z</time>
      </trkpt>
      <trkpt lat="61.662335" lon="9.631185">
        <ele>262.701350</ele>
        <time>2024-08-14T23:34:54.098Z</time>
      </trkpt>
      <trkpt lat="61.661684" lon="9.629544">
        <ele>260.487418</ele>
        <time>2024-08-14T23:35:04.769Z</time>
      </trkpt>
      <trkpt lat="61.661563" lon="9.629160">
        <ele>260.015943</ele>
        <time>2024-08-14T23:35:07.132Z</time>
      </trkpt>
      <trkpt lat="61.661407" lon="9.628455">
        <ele>259.220268</ele>
        <time>2024-08-14T23:35:11.250Z</time>
      </trkpt>
      <trkpt lat="61.661330" lon="9.627947">
        <ele>258.690240</ele>
        <time>2024-08-14T23:35:14.209Z</time>
      </trkpt>
      <trkpt lat="61.661280" lon="9.627409">
        <ele>258.549771</ele>
        <time>2024-08-14T23:35:17.346Z</time>
      </trkpt>
      <trkpt lat="61.661102" lon="9.624286">
        <ele>257.743815</ele>
        <time>2024-08-14T23:35:37.522Z</time>
      </trkpt>
      <trkpt lat="61.660926" lon="9.622872">
        <ele>257.911473</ele>
        <time>2024-08-14T23:35:48.363Z</time>
      </trkpt>
      <trkpt lat="61.660787" lon="9.622126">
        <ele>258.019535</ele>
        <time>2024-08-14T23:35:54.540Z</time>
      </trkpt>
      <trkpt lat="61.660642" lon="9.621504">
        <ele>258.112973</ele>
        <time>2024-08-14T23:35:59.970Z</time>
      </trkpt>
      <trkpt lat="61.659857" lon="9.618706">
        <ele>258.912519</ele>
        <time>2024-08-14T23:36:26.175Z</time>
      </trkpt>
      <trkpt lat="61.659670" lon="9.617671">
        <ele>259.232696</ele>
        <time>2024-08-14T23:36:35.415Z</time>
      </trkpt>
      <trkpt lat="61.659527" lon="9.616367">
        <ele>259.716988</ele>
        <time>2024-08-14T23:36:46.659Z</time>
      </trkpt>
      <trkpt lat="61.659475" lon="9.615505">
        <ele>260.052915</ele>
        <time>2024-08-14T23:36:54.033Z</time>
      </trkpt>
      <trkpt lat="61.659454" lon="9.614604">
        <ele>260.401660</ele>
        <time>2024-08-14T23:37:01.800Z</time>
      </trkpt>
      <trkpt lat="61.659474" lon="9.613637">
        <ele>260.775855</ele>
        <time>2024-08-14T23:37:10.279Z</time>
      </trkpt>
      <trkpt lat="61.659533" lon="9.612679">
        <ele>261.165663</ele>
        <time>2024-08-14T23:37:18.843Z</time>
      </trkpt>
      <trkpt lat="61.659666" lon="9.611306">
        <ele>261.732435</ele>
        <time>2024-08-14T23:37:30.991Z</time>
      </trkpt>
      <trkpt lat="61.659915" lon="9.609389">
        <ele>262.542937</ele>
        <time>2024-08-14T23:37:47.784Z</time>
      </trkpt>
      <trkpt lat="61.659970" lon="9.608966">
        <ele>262.725992</ele>
        <time>2024-08-14T23:37:51.618Z</time>
      </trkpt>
      <trkpt lat="61.660143" lon="9.607804">
        <ele>263.234280</ele>
        <time>2024-08-14T23:38:02.141Z</time>
      </trkpt>
      <trkpt lat="61.660402" lon="9.606462">
        <ele>263.838920</ele>
        <time>2024-08-14T23:38:14.614Z</time>
      </trkpt>
      <trkpt lat="61.660588" lon="9.605724">
        <ele>264.431389</ele>
        <time>2024-08-14T23:38:22.382Z</time>
      </trkpt>
      <trkpt lat="61.660957" lon="9.604535">
        <ele>265.543990</ele>
        <time>2024-08-14T23:38:36.657Z</time>
      </trkpt>
      <trkpt lat="61.662101" lon="9.601214">
        <ele>268.926413</ele>
        <time>2024-08-14T23:39:20.776Z</time>
      </trkpt>
      <trkpt lat="61.662629" lon="9.599105">
        <ele>270.590692</ele>
        <time>2024-08-14T23:39:44.719Z</time>
      </trkpt>
      <trkpt lat="61.663252" lon="9.596874">
        <ele>271.836646</ele>
        <time>2024-08-14T23:40:07.780Z</time>
      </trkpt>
      <trkpt lat="61.663546" lon="9.595849">
        <ele>271.791267</ele>
        <time>2024-08-14T23:40:16.618Z</time>
      </trkpt>
      <trkpt lat="61.664073" lon="9.593578">
        <ele>271.424811</ele>
        <time>2024-08-14T23:40:32.446Z</time>
      </trkpt>
      <trkpt lat="61.664517" lon="9.592201">
        <ele>271.444891</ele>
        <time>2024-08-14T23:40:42.378Z</time>
      </trkpt>
      <trkpt lat="61.664900" lon="9.591038">
        <ele>271.504746</ele>
        <time>2024-08-14T23:40:52.260Z</time>
      </trkpt>
      <trkpt lat="61.665143" lon="9.589994">
        <ele>271.691579</ele>
        <time>2024-08-14T23:41:02.788Z</time>
      </trkpt>
      <trkpt lat="61.665240" lon="9.589273">
        <ele>272.281663</ele>
        <time>2024-08-14T23:41:10.355Z</time>
      </trkpt>
      <trkpt lat="61.665284" lon="9.588714">
        <ele>272.727831</ele>
        <time>2024-08-14T23:41:16.248Z</time>
      </trkpt>
      <trkpt lat="61.665348" lon="9.587103">
        <ele>274.000766</ele>
        <time>2024-08-14T23:41:33.271Z</time>
      </trkpt>
      <trkpt lat="61.665353" lon="9.586936">
        <ele>274.132522</ele>
        <time>2024-08-14T23:41:34.999Z</time>
      </trkpt>
      <trkpt lat="61.665442" lon="9.585406">
        <ele>275.260335</ele>
        <time>2024-08-14T23:41:51.725Z</time>
      </trkpt>
      <trkpt lat="61.665624" lon="9.584029">
        <ele>276.267353</ele>
        <time>2024-08-14T23:42:05.699Z</time>
      </trkpt>
      <trkpt lat="61.666151" lon="9.581046">
        <ele>278.422090</ele>
        <time>2024-08-14T23:42:34.797Z</time>
      </trkpt>
      <trkpt lat="61.666418" lon="9.579438">
        <ele>279.541924</ele>
        <time>2024-08-14T23:42:51.829Z</time>
      </trkpt>
      <trkpt lat="61.666573" lon="9.578594">
        <ele>280.428483</ele>
        <time>2024-08-14T23:43:01.258Z</time>
      </trkpt>
      <trkpt lat="61.667105" lon="9.576611">
        <ele>282.905658</ele>
        <time>2024-08-14T23:43:26.293Z</time>
      </trkpt>
      <trkpt lat="61.667340" lon="9.575642">
        <ele>284.200798</ele>
        <time>2024-08-14T23:43:40.054Z</time>
      </trkpt>
      <trkpt lat="61.667561" lon="9.574791">
        <ele>285.682045</ele>
        <time>2024-08-14T23:43:53.343Z</time>
      </trkpt>
      <trkpt lat="61.667735" lon="9.574257">
        <ele>286.671112</ele>
        <time>2024-08-14T23:44:02.607Z</time>
      </trkpt>
      <trkpt lat="61.668343" lon="9.572636">
        <ele>289.730184</ele>
        <time>2024-08-14T23:44:29.891Z</time>
      </trkpt>
      <trkpt lat="61.668551" lon="9.571900">
        <ele>290.485291</ele>
        <time>2024-08-14T23:44:40.420Z</time>
      </trkpt>
      <trkpt lat="61.669375" lon="9.568254">
        <ele>293.456755</ele>
        <time>2024-08-14T23:45:19.808Z</time>
      </trkpt>
      <trkpt lat="61.670083" lon="9.565662">
        <ele>294.661597</ele>
        <time>2024-08-14T23:45:43.778Z</time>
      </trkpt>
      <trkpt lat="61.670824" lon="9.562969">
        <ele>295.755308</ele>
        <time>2024-08-14T23:46:10.253Z</time>
      </trkpt>
      <trkpt lat="61.671078" lon="9.562138">
        <ele>296.368004</ele>
        <time>2024-08-14T23:46:18.880Z</time>
      </trkpt>
      <trkpt lat="61.671290" lon="9.561573">
        <ele>296.870978</ele>
        <time>2024-08-14T23:46:25.306Z</time>
      </trkpt>
      <trkpt lat="61.671545" lon="9.561009">
        <ele>297.414958</ele>
        <time>2024-08-14T23:46:32.641Z</time>
      </trkpt>
      <trkpt lat="61.672522" lon="9.559071">
        <ele>300.045616</ele>
        <time>2024-08-14T23:47:03.966Z</time>
      </trkpt>
      <trkpt lat="61.672917" lon="9.558318">
        <ele>301.395410</ele>
        <time>2024-08-14T23:47:16.972Z</time>
      </trkpt>
      <trkpt lat="61.673597" lon="9.557144">
        <ele>303.613298</ele>
        <time>2024-08-14T23:47:40.400Z</time>
      </trkpt>
      <trkpt lat="61.674116" lon="9.556301">
        <ele>305.245995</ele>
        <time>2024-08-14T23:47:58.267Z</time>
      </trkpt>
      <trkpt lat="61.674816" lon="9.554965">
        <ele>307.572737</ele>
        <time>2024-08-14T23:48:20.170Z</time>
      </trkpt>
      <trkpt lat="61.675602" lon="9.553415">
        <ele>309.355856</ele>
        <time>2024-08-14T23:48:42.849Z</time>
      </trkpt>
      <trkpt lat="61.676046" lon="9.552605">
        <ele>310.328621</ele>
        <time>2024-08-14T23:48:54.714Z</time>
      </trkpt>
      <trkpt lat="61.676427" lon="9.552024">
        <ele>311.352242</ele>
        <time>2024-08-14T23:49:05.167Z</time>
      </trkpt>
      <trkpt lat="61.676829" lon="9.551627">
        <ele>312.383694</ele>
        <time>2024-08-14T23:49:16.964Z</time>
      </trkpt>
      <trkpt lat="61.677290" lon="9.551411">
        <ele>313.480932</ele>
        <time>2024-08-14T23:49:29.121Z</time>
      </trkpt>
      <trkpt lat="61.677652" lon="9.551296">
        <ele>314.331505</ele>
        <time>2024-08-14T23:49:37.946Z</time>
      </trkpt>
      <trkpt lat="61.677759" lon="9.551338">
        <ele>314.584384</ele>
        <time>2024-08-14T23:49:40.240Z</time>
      </trkpt>
      <trkpt lat="61.677836" lon="9.551456">
        <ele>314.747228</ele>
        <time>2024-08-14T23:49:42.545Z</time>
      </trkpt>
      <trkpt lat="61.677864" lon="9.551533">
        <ele>314.804876</ele>
        <time>2024-08-14T23:49:43.601Z</time>
      </trkpt>
      <trkpt lat="61.677930" lon="9.551695">
        <ele>314.931759</ele>
        <time>2024-08-14T23:49:46.276Z</time>
      </trkpt>
      <trkpt lat="61.678161" lon="9.551268">
        <ele>315.316573</ele>
        <time>2024-08-14T23:49:53.185Z</time>
      </trkpt>
      <trkpt lat="61.678410" lon="9.550908">
        <ele>315.694749</ele>
        <time>2024-08-14T23:49:59.578Z</time>
      </trkpt>
      <trkpt lat="61.678999" lon="9.550209">
        <ele>316.541336</ele>
        <time>2024-08-14T23:50:12.596Z</time>
      </trkpt>
      <trkpt lat="61.679487" lon="9.549767">
        <ele>316.920866</ele>
        <time>2024-08-14T23:50:20.558Z</time>
      </trkpt>
      <trkpt lat="61.680049" lon="9.549354">
        <ele>316.891392</ele>
        <time>2024-08-14T23:50:29.041Z</time>
      </trkpt>
      <trkpt lat="61.681105" lon="9.548870">
        <ele>316.791434</ele>
        <time>2024-08-14T23:50:44.661Z</time>
      </trkpt>
      <trkpt lat="61.680049" lon="9.549354">
        <ele>316.218613</ele>
        <time>2024-08-14T23:50:59.191Z</time>
      </trkpt>
      <trkpt lat="61.679757" lon="9.549471">
        <ele>316.061064</ele>
        <time>2024-08-14T23:51:03.034Z</time>
      </trkpt>
      <trkpt lat="61.679279" lon="9.549781">
        <ele>315.535519</ele>
        <time>2024-08-14T23:51:09.547Z</time>
      </trkpt>
      <trkpt lat="61.679080" lon="9.549791">
        <ele>315.135454</ele>
        <time>2024-08-14T23:51:11.861Z</time>
      </trkpt>
      <trkpt lat="61.679080" lon="9.549791">
        <ele>315.135454</ele>
        <time>2024-08-14T23:51:11.866Z</time>
      </trkpt>
      <trkpt lat="61.678930" lon="9.549670">
        <ele>314.812661</ele>
        <time>2024-08-14T23:51:14.842Z</time>
      </trkpt>
      <trkpt lat="61.678880" lon="9.549430">
        <ele>314.562734</ele>
        <time>2024-08-14T23:51:17.147Z</time>
      </trkpt>
      <trkpt lat="61.678790" lon="9.549250">
        <ele>314.313386</ele>
        <time>2024-08-14T23:51:19.447Z</time>
      </trkpt>
      <trkpt lat="61.679030" lon="9.549150">
        <ele>313.821699</ele>
        <time>2024-08-14T23:51:23.981Z</time>
      </trkpt>
      <trkpt lat="61.679310" lon="9.549170">
        <ele>313.258629</ele>
        <time>2024-08-14T23:51:29.174Z</time>
      </trkpt>
      <trkpt lat="61.679510" lon="9.548980">
        <ele>312.817731</ele>
        <time>2024-08-14T23:51:33.241Z</time>
      </trkpt>
      <trkpt lat="61.679590" lon="9.548950">
        <ele>312.654422</ele>
        <time>2024-08-14T23:51:34.748Z</time>
      </trkpt>
      <trkpt lat="61.679640" lon="9.548980">
        <ele>312.549940</ele>
        <time>2024-08-14T23:51:35.711Z</time>
      </trkpt>
      <trkpt lat="61.679540" lon="9.548400">
        <ele>311.536864</ele>
        <time>2024-08-14T23:51:41.140Z</time>
      </trkpt>
      <trkpt lat="61.679470" lon="9.547970">
        <ele>310.514917</ele>
        <time>2024-08-14T23:51:45.139Z</time>
      </trkpt>
      <trkpt lat="61.679471" lon="9.547970">
        <ele>310.510179</ele>
        <time>2024-08-14T23:51:45.163Z</time>
      </trkpt>
      <trkpt lat="61.679512" lon="9.547750">
        <ele>309.978837</ele>
        <time>2024-08-14T23:51:46.781Z</time>
      </trkpt>
      <trkpt lat="61.679541" lon="9.547265">
        <ele>308.879954</ele>
        <time>2024-08-14T23:51:50.079Z</time>
      </trkpt>
      <trkpt lat="61.679614" lon="9.546628">
        <ele>307.406822</ele>
        <time>2024-08-14T23:51:54.353Z</time>
      </trkpt>
      <trkpt lat="61.679679" lon="9.545748">
        <ele>305.404797</ele>
        <time>2024-08-14T23:51:59.963Z</time>
      </trkpt>
      <trkpt lat="61.679693" lon="9.545112">
        <ele>303.973568</ele>
        <time>2024-08-14T23:52:03.884Z</time>
      </trkpt>
      <trkpt lat="61.679743" lon="9.544721">
        <ele>302.872647</ele>
        <time>2024-08-14T23:52:06.402Z</time>
      </trkpt>
      <trkpt lat="61.679835" lon="9.544418">
        <ele>301.839999</ele>
        <time>2024-08-14T23:52:08.605Z</time>
      </trkpt>
      <trkpt lat="61.679884" lon="9.544228">
        <ele>301.219228</ele>
        <time>2024-08-14T23:52:09.942Z</time>
      </trkpt>
      <trkpt lat="61.679886" lon="9.543234">
        <ele>298.365949</ele>
        <time>2024-08-14T23:52:16.109Z</time>
      </trkpt>
      <trkpt lat="61.679972" lon="9.542686">
        <ele>296.709093</ele>
        <time>2024-08-14T23:52:19.733Z</time>
      </trkpt>
      <trkpt lat="61.680012" lon="9.542475">
        <ele>296.056856</ele>
        <time>2024-08-14T23:52:21.164Z</time>
      </trkpt>
      <trkpt lat="61.680104" lon="9.542168">
        <ele>295.014525</ele>
        <time>2024-08-14T23:52:23.401Z</time>
      </trkpt>
      <trkpt lat="61.680236" lon="9.541920">
        <ele>293.944624</ele>
        <time>2024-08-14T23:52:25.723Z</time>
      </trkpt>
      <trkpt lat="61.680531" lon="9.541582">
        <ele>292.050786</ele>
        <time>2024-08-14T23:52:30.139Z</time>
      </trkpt>
      <trkpt lat="61.680533" lon="9.541580">
        <ele>292.039324</ele>
        <time>2024-08-14T23:52:30.164Z</time>
      </trkpt>
      <trkpt lat="61.680712" lon="9.541558">
        <ele>291.110871</ele>
        <time>2024-08-14T23:52:32.532Z</time>
      </trkpt>
      <trkpt lat="61.681168" lon="9.541755">
        <ele>288.700585</ele>
        <time>2024-08-14T23:52:38.627Z</time>
      </trkpt>
      <trkpt lat="61.681248" lon="9.541747">
        <ele>288.285872</ele>
        <time>2024-08-14T23:52:39.692Z</time>
      </trkpt>
      <trkpt lat="61.681302" lon="9.541668">
        <ele>287.945516</ele>
        <time>2024-08-14T23:52:40.634Z</time>
      </trkpt>
      <trkpt lat="61.681239" lon="9.541471">
        <ele>287.361922</ele>
        <time>2024-08-14T23:52:41.676Z</time>
      </trkpt>
      <trkpt lat="61.681105" lon="9.541214">
        <ele>286.423854</ele>
        <time>2024-08-14T23:52:43.417Z</time>
      </trkpt>
      <trkpt lat="61.680783" lon="9.540873">
        <ele>284.557933</ele>
        <time>2024-08-14T23:52:46.898Z</time>
      </trkpt>
      <trkpt lat="61.680751" lon="9.540743">
        <ele>284.198170</ele>
        <time>2024-08-14T23:52:47.631Z</time>
      </trkpt>
      <trkpt lat="61.680760" lon="9.540498">
        <ele>283.594549</ele>
        <time>2024-08-14T23:52:48.722Z</time>
      </trkpt>
      <trkpt lat="61.680774" lon="9.540403">
        <ele>283.413212</ele>
        <time>2024-08-14T23:52:49.156Z</time>
      </trkpt>
      <trkpt lat="61.680856" lon="9.540057">
        <ele>282.755846</ele>
        <time>2024-08-14T23:52:50.971Z</time>
      </trkpt>
      <trkpt lat="61.680952" lon="9.539945">
        <ele>282.362738</ele>
        <time>2024-08-14T23:52:51.999Z</time>
      </trkpt>
      <trkpt lat="61.681082" lon="9.539886">
        <ele>281.886306</ele>
        <time>2024-08-14T23:52:53.242Z</time>
      </trkpt>
      <trkpt lat="61.681180" lon="9.539900">
        <ele>281.534389</ele>
        <time>2024-08-14T23:52:54.230Z</time>
      </trkpt>
      <trkpt lat="61.681572" lon="9.540118">
        <ele>280.081893</ele>
        <time>2024-08-14T23:52:58.112Z</time>
      </trkpt>
      <trkpt lat="61.681635" lon="9.540056">
        <ele>279.832794</ele>
        <time>2024-08-14T23:52:58.791Z</time>
      </trkpt>
      <trkpt lat="61.681708" lon="9.539904">
        <ele>279.465179</ele>
        <time>2024-08-14T23:52:59.763Z</time>
      </trkpt>
      <trkpt lat="61.681808" lon="9.539366">
        <ele>278.483133</ele>
        <time>2024-08-14T23:53:02.807Z</time>
      </trkpt>
      <trkpt lat="61.682219" lon="9.536950">
        <ele>276.665020</ele>
        <time>2024-08-14T23:53:16.016Z</time>
      </trkpt>
      <trkpt lat="61.682264" lon="9.536731">
        <ele>276.604564</ele>
        <time>2024-08-14T23:53:18.508Z</time>
      </trkpt>
      <trkpt lat="61.682533" lon="9.537172">
        <ele>276.422592</ele>
        <time>2024-08-14T23:53:23.226Z</time>
      </trkpt>
      <trkpt lat="61.682878" lon="9.537877">
        <ele>276.166013</ele>
        <time>2024-08-14T23:53:32.068Z</time>
      </trkpt>
      <trkpt lat="61.683246" lon="9.538543">
        <ele>277.015788</ele>
        <time>2024-08-14T23:53:42.288Z</time>
      </trkpt>
      <trkpt lat="61.683628" lon="9.539036">
        <ele>277.867431</ele>
        <time>2024-08-14T23:53:53.513Z</time>
      </trkpt>
      <trkpt lat="61.684055" lon="9.539414">
        <ele>278.748017</ele>
        <time>2024-08-14T23:54:03.532Z</time>
      </trkpt>
      <trkpt lat="61.684308" lon="9.539693">
        <ele>279.290917</ele>
        <time>2024-08-14T23:54:10.208Z</time>
      </trkpt>
      <trkpt lat="61.684757" lon="9.540416">
        <ele>280.213236</ele>
        <time>2024-08-14T23:54:24.229Z</time>
      </trkpt>
      <trkpt lat="61.685541" lon="9.541168">
        <ele>281.537963</ele>
        <time>2024-08-14T23:54:42.565Z</time>
      </trkpt>
      <trkpt lat="61.686392" lon="9.541860">
        <ele>282.510120</ele>
        <time>2024-08-14T23:54:58.932Z</time>
      </trkpt>
      <trkpt lat="61.687295" lon="9.542986">
        <ele>282.973776</ele>
        <time>2024-08-14T23:55:16.088Z</time>
      </trkpt>
      <trkpt lat="61.687638" lon="9.543278">
        <ele>283.134611</ele>
        <time>2024-08-14T23:55:21.835Z</time>
      </trkpt>
      <trkpt lat="61.687917" lon="9.543455">
        <ele>283.205366</ele>
        <time>2024-08-14T23:55:26.307Z</time>
      </trkpt>
      <trkpt lat="61.689259" lon="9.544100">
        <ele>283.539628</ele>
        <time>2024-08-14T23:55:48.153Z</time>
      </trkpt>
      <trkpt lat="61.689514" lon="9.544144">
        <ele>283.621487</ele>
        <time>2024-08-14T23:55:52.318Z</time>
      </trkpt>
      <trkpt lat="61.690380" lon="9.544121">
        <ele>283.955361</ele>
        <time>2024-08-14T23:56:06.431Z</time>
      </trkpt>
      <trkpt lat="61.690661" lon="9.544165">
        <ele>284.063986</ele>
        <time>2024-08-14T23:56:11.055Z</time>
      </trkpt>
      <trkpt lat="61.691333" lon="9.544553">
        <ele>284.360148</ele>
        <time>2024-08-14T23:56:22.440Z</time>
      </trkpt>
      <trkpt lat="61.693278" lon="9.545362">
        <ele>285.875443</ele>
        <time>2024-08-14T23:56:55.829Z</time>
      </trkpt>
      <trkpt lat="61.694900" lon="9.545676">
        <ele>289.272627</ele>
        <time>2024-08-14T23:57:32.232Z</time>
      </trkpt>
      <trkpt lat="61.695850" lon="9.545490">
        <ele>293.438294</ele>
        <time>2024-08-14T23:58:04.538Z</time>
      </trkpt>
      <trkpt lat="61.697282" lon="9.545083">
        <ele>298.913410</ele>
        <time>2024-08-14T23:58:55.962Z</time>
      </trkpt>
      <trkpt lat="61.697669" lon="9.545074">
        <ele>300.199169</ele>
        <time>2024-08-14T23:59:07.868Z</time>
      </trkpt>
      <trkpt lat="61.698157" lon="9.545193">
        <ele>301.831189</ele>
        <time>2024-08-14T23:59:19.547Z</time>
      </trkpt>
      <trkpt lat="61.700101" lon="9.545629">
        <ele>300.134022</ele>
        <time>2024-08-14T23:59:42.044Z</time>
      </trkpt>
      <trkpt lat="61.700467" lon="9.545834">
        <ele>300.001024</ele>
        <time>2024-08-14T23:59:46.238Z</time>
      </trkpt>
      <trkpt lat="61.701059" lon="9.546259">
        <ele>299.781396</ele>
        <time>2024-08-14T23:59:53.891Z</time>
      </trkpt>
      <trkpt lat="61.701371" lon="9.546397">
        <ele>299.669435</ele>
        <time>2024-08-14T23:59:58.585Z</time>
      </trkpt>
      <trkpt lat="61.701747" lon="9.546390">
        <ele>299.537374</ele>
        <time>2024-08-15T00:00:04.950Z</time>
      </trkpt>
      <trkpt lat="61.702889" lon="9.545995">
        <ele>302.481252</ele>
        <time>2024-08-15T00:00:32.545Z</time>
      </trkpt>
      <trkpt lat="61.703908" lon="9.545677">
        <ele>305.890923</ele>
        <time>2024-08-15T00:01:04.092Z</time>
      </trkpt>
      <trkpt lat="61.704395" lon="9.545354">
        <ele>308.242348</ele>
        <time>2024-08-15T00:01:20.326Z</time>
      </trkpt>
      <trkpt lat="61.705320" lon="9.544412">
        <ele>312.958581</ele>
        <time>2024-08-15T00:01:56.258Z</time>
      </trkpt>
      <trkpt lat="61.705629" lon="9.543964">
        <ele>314.596302</ele>
        <time>2024-08-15T00:02:09.670Z</time>
      </trkpt>
      <trkpt lat="61.705909" lon="9.543446">
        <ele>316.222980</ele>
        <time>2024-08-15T00:02:22.678Z</time>
      </trkpt>
      <trkpt lat="61.706241" lon="9.542791">
        <ele>318.208457</ele>
        <time>2024-08-15T00:02:37.804Z</time>
      </trkpt>
      <trkpt lat="61.707214" lon="9.541491">
        <ele>321.288727</ele>
        <time>2024-08-15T00:03:10.014Z</time>
      </trkpt>
      <trkpt lat="61.708621" lon="9.539123">
        <ele>321.874177</ele>
        <time>2024-08-15T00:03:37.308Z</time>
      </trkpt>
      <trkpt lat="61.709899" lon="9.537232">
        <ele>319.602861</ele>
        <time>2024-08-15T00:03:54.213Z</time>
      </trkpt>
      <trkpt lat="61.713971" lon="9.533076">
        <ele>313.184672</ele>
        <time>2024-08-15T00:04:45.339Z</time>
      </trkpt>
      <trkpt lat="61.714194" lon="9.532766">
        <ele>313.018938</ele>
        <time>2024-08-15T00:04:52.764Z</time>
      </trkpt>
      <trkpt lat="61.714707" lon="9.531848">
        <ele>313.204443</ele>
        <time>2024-08-15T00:05:05.411Z</time>
      </trkpt>
      <trkpt lat="61.714928" lon="9.531565">
        <ele>313.392040</ele>
        <time>2024-08-15T00:05:10.384Z</time>
      </trkpt>
      <trkpt lat="61.715325" lon="9.531260">
        <ele>313.698640</ele>
        <time>2024-08-15T00:05:18.876Z</time>
      </trkpt>
      <trkpt lat="61.715800" lon="9.531118">
        <ele>314.046789</ele>
        <time>2024-08-15T00:05:28.555Z</time>
      </trkpt>
      <trkpt lat="61.716073" lon="9.531014">
        <ele>314.010974</ele>
        <time>2024-08-15T00:05:32.586Z</time>
      </trkpt>
      <trkpt lat="61.716533" lon="9.530675">
        <ele>313.041842</ele>
        <time>2024-08-15T00:05:37.813Z</time>
      </trkpt>
      <trkpt lat="61.717076" lon="9.530204">
        <ele>311.874137</ele>
        <time>2024-08-15T00:05:43.532Z</time>
      </trkpt>
      <trkpt lat="61.717335" lon="9.530041">
        <ele>311.336563</ele>
        <time>2024-08-15T00:05:46.393Z</time>
      </trkpt>
      <trkpt lat="61.717981" lon="9.529783">
        <ele>310.302447</ele>
        <time>2024-08-15T00:05:55.028Z</time>
      </trkpt>
      <trkpt lat="61.718967" lon="9.529534">
        <ele>309.261716</ele>
        <time>2024-08-15T00:06:06.947Z</time>
      </trkpt>
      <trkpt lat="61.719634" lon="9.529567">
        <ele>308.525152</ele>
        <time>2024-08-15T00:06:15.284Z</time>
      </trkpt>
      <trkpt lat="61.720042" lon="9.529671">
        <ele>307.993725</ele>
        <time>2024-08-15T00:06:20.321Z</time>
      </trkpt>
      <trkpt lat="61.720684" lon="9.530034">
        <ele>307.134269</ele>
        <time>2024-08-15T00:06:28.025Z</time>
      </trkpt>
      <trkpt lat="61.721135" lon="9.530431">
        <ele>306.502388</ele>
        <time>2024-08-15T00:06:33.647Z</time>
      </trkpt>
      <trkpt lat="61.721734" lon="9.530850">
        <ele>305.346312</ele>
        <time>2024-08-15T00:06:40.897Z</time>
      </trkpt>
      <trkpt lat="61.722504" lon="9.531037">
        <ele>303.863900</ele>
        <time>2024-08-15T00:06:49.450Z</time>
      </trkpt>
      <trkpt lat="61.722944" lon="9.531267">
        <ele>302.996940</ele>
        <time>2024-08-15T00:06:54.293Z</time>
      </trkpt>
      <trkpt lat="61.723260" lon="9.531516">
        <ele>302.393772</ele>
        <time>2024-08-15T00:06:57.900Z</time>
      </trkpt>
      <trkpt lat="61.723579" lon="9.531876">
        <ele>301.749955</ele>
        <time>2024-08-15T00:07:01.830Z</time>
      </trkpt>
      <trkpt lat="61.723742" lon="9.532162">
        <ele>301.372707</ele>
        <time>2024-08-15T00:07:04.150Z</time>
      </trkpt>
      <trkpt lat="61.724033" lon="9.532799">
        <ele>300.626570</ele>
        <time>2024-08-15T00:07:08.859Z</time>
      </trkpt>
      <trkpt lat="61.724279" lon="9.533114">
        <ele>300.114473</ele>
        <time>2024-08-15T00:07:12.128Z</time>
      </trkpt>
      <trkpt lat="61.724654" lon="9.533296">
        <ele>299.775502</ele>
        <time>2024-08-15T00:07:16.715Z</time>
      </trkpt>
      <trkpt lat="61.725217" lon="9.533371">
        <ele>299.839142</ele>
        <time>2024-08-15T00:07:24.512Z</time>
      </trkpt>
      <trkpt lat="61.725253" lon="9.533371">
        <ele>299.843204</ele>
        <time>2024-08-15T00:07:25.047Z</time>
      </trkpt>
      <trkpt lat="61.725426" lon="9.533362">
        <ele>299.862726</ele>
        <time>2024-08-15T00:07:27.692Z</time>
      </trkpt>
      <trkpt lat="61.725815" lon="9.533389">
        <ele>299.906634</ele>
        <time>2024-08-15T00:07:34.705Z</time>
      </trkpt>
      <trkpt lat="61.726319" lon="9.533456">
        <ele>299.993970</ele>
        <time>2024-08-15T00:07:44.281Z</time>
      </trkpt>
      <trkpt lat="61.726531" lon="9.533541">
        <ele>300.145574</ele>
        <time>2024-08-15T00:07:48.274Z</time>
      </trkpt>
      <trkpt lat="61.727295" lon="9.534017">
        <ele>300.705214</ele>
        <time>2024-08-15T00:08:03.104Z</time>
      </trkpt>
      <trkpt lat="61.727784" lon="9.534405">
        <ele>301.072227</ele>
        <time>2024-08-15T00:08:12.259Z</time>
      </trkpt>
      <trkpt lat="61.728912" lon="9.535166">
        <ele>300.755902</ele>
        <time>2024-08-15T00:08:29.574Z</time>
      </trkpt>
      <trkpt lat="61.729160" lon="9.535343">
        <ele>300.630492</ele>
        <time>2024-08-15T00:08:32.925Z</time>
      </trkpt>
      <trkpt lat="61.729801" lon="9.535798">
        <ele>300.147581</ele>
        <time>2024-08-15T00:08:41.232Z</time>
      </trkpt>
      <trkpt lat="61.730404" lon="9.536268">
        <ele>298.920852</ele>
        <time>2024-08-15T00:08:48.330Z</time>
      </trkpt>
      <trkpt lat="61.730831" lon="9.536786">
        <ele>297.980999</ele>
        <time>2024-08-15T00:08:53.673Z</time>
      </trkpt>
      <trkpt lat="61.731318" lon="9.537552">
        <ele>296.812206</ele>
        <time>2024-08-15T00:09:00.203Z</time>
      </trkpt>
      <trkpt lat="61.732357" lon="9.539452">
        <ele>293.943929</ele>
        <time>2024-08-15T00:09:15.225Z</time>
      </trkpt>
      <trkpt lat="61.732916" lon="9.540289">
        <ele>292.643397</ele>
        <time>2024-08-15T00:09:22.668Z</time>
      </trkpt>
      <trkpt lat="61.733760" lon="9.541411">
        <ele>290.970650</ele>
        <time>2024-08-15T00:09:33.884Z</time>
      </trkpt>
      <trkpt lat="61.734180" lon="9.542022">
        <ele>290.152998</ele>
        <time>2024-08-15T00:09:39.833Z</time>
      </trkpt>
      <trkpt lat="61.734786" lon="9.543030">
        <ele>290.029066</ele>
        <time>2024-08-15T00:09:49.394Z</time>
      </trkpt>
      <trkpt lat="61.735513" lon="9.544132">
        <ele>289.885297</ele>
        <time>2024-08-15T00:10:03.289Z</time>
      </trkpt>
      <trkpt lat="61.738444" lon="9.547115">
        <ele>294.890465</ele>
        <time>2024-08-15T00:11:10.149Z</time>
      </trkpt>
      <trkpt lat="61.738786" lon="9.547409">
        <ele>295.613053</ele>
        <time>2024-08-15T00:11:20.341Z</time>
      </trkpt>
      <trkpt lat="61.738957" lon="9.547503">
        <ele>296.017218</ele>
        <time>2024-08-15T00:11:25.497Z</time>
      </trkpt>
      <trkpt lat="61.739080" lon="9.547536">
        <ele>296.336168</ele>
        <time>2024-08-15T00:11:28.905Z</time>
      </trkpt>
      <trkpt lat="61.739430" lon="9.547516">
        <ele>297.236843</ele>
        <time>2024-08-15T00:11:38.916Z</time>
      </trkpt>
      <trkpt lat="61.739654" lon="9.547415">
        <ele>297.826050</ele>
        <time>2024-08-15T00:11:45.437Z</time>
      </trkpt>
      <trkpt lat="61.740705" lon="9.546603">
        <ele>300.436526</ele>
        <time>2024-08-15T00:12:12.911Z</time>
      </trkpt>
      <trkpt lat="61.741476" lon="9.545990">
        <ele>300.689970</ele>
        <time>2024-08-15T00:12:25.611Z</time>
      </trkpt>
      <trkpt lat="61.741854" lon="9.545566">
        <ele>300.821642</ele>
        <time>2024-08-15T00:12:31.344Z</time>
      </trkpt>
      <trkpt lat="61.742314" lon="9.544809">
        <ele>301.049113</ele>
        <time>2024-08-15T00:12:39.386Z</time>
      </trkpt>
      <trkpt lat="61.742750" lon="9.544178">
        <ele>301.375849</ele>
        <time>2024-08-15T00:12:47.481Z</time>
      </trkpt>
      <trkpt lat="61.744130" lon="9.542695">
        <ele>302.188754</ele>
        <time>2024-08-15T00:13:16.930Z</time>
      </trkpt>
      <trkpt lat="61.744765" lon="9.541965">
        <ele>302.394797</ele>
        <time>2024-08-15T00:13:31.340Z</time>
      </trkpt>
      <trkpt lat="61.745996" lon="9.540187">
        <ele>300.680959</ele>
        <time>2024-08-15T00:13:48.987Z</time>
      </trkpt>
      <trkpt lat="61.746707" lon="9.539305">
        <ele>298.837658</ele>
        <time>2024-08-15T00:13:57.384Z</time>
      </trkpt>
      <trkpt lat="61.747330" lon="9.538700">
        <ele>297.250773</ele>
        <time>2024-08-15T00:14:04.248Z</time>
      </trkpt>
      <trkpt lat="61.749716" lon="9.537189">
        <ele>294.463011</ele>
        <time>2024-08-15T00:14:32.086Z</time>
      </trkpt>
      <trkpt lat="61.749947" lon="9.536998">
        <ele>294.482923</ele>
        <time>2024-08-15T00:14:37.720Z</time>
      </trkpt>
      <trkpt lat="61.750275" lon="9.536639">
        <ele>295.050733</ele>
        <time>2024-08-15T00:14:48.412Z</time>
      </trkpt>
      <trkpt lat="61.751107" lon="9.535672">
        <ele>302.307464</ele>
        <time>2024-08-15T00:15:27.305Z</time>
      </trkpt>
      <trkpt lat="61.751588" lon="9.535220">
        <ele>306.330454</ele>
        <time>2024-08-15T00:15:55.699Z</time>
      </trkpt>
      <trkpt lat="61.751921" lon="9.534990">
        <ele>309.044106</ele>
        <time>2024-08-15T00:16:17.013Z</time>
      </trkpt>
      <trkpt lat="61.752770" lon="9.534575">
        <ele>316.023765</ele>
        <time>2024-08-15T00:17:07.736Z</time>
      </trkpt>
      <trkpt lat="61.753102" lon="9.534493">
        <ele>318.701021</ele>
        <time>2024-08-15T00:17:24.361Z</time>
      </trkpt>
      <trkpt lat="61.753591" lon="9.534504">
        <ele>322.617885</ele>
        <time>2024-08-15T00:17:43.131Z</time>
      </trkpt>
      <trkpt lat="61.753963" lon="9.534605">
        <ele>321.377778</ele>
        <time>2024-08-15T00:17:48.494Z</time>
      </trkpt>
      <trkpt lat="61.754505" lon="9.534827">
        <ele>319.466977</ele>
        <time>2024-08-15T00:17:53.714Z</time>
      </trkpt>
      <trkpt lat="61.754881" lon="9.535008">
        <ele>318.132284</ele>
        <time>2024-08-15T00:17:57.142Z</time>
      </trkpt>
      <trkpt lat="61.755615" lon="9.535357">
        <ele>316.997352</ele>
        <time>2024-08-15T00:18:04.026Z</time>
      </trkpt>
      <trkpt lat="61.756264" lon="9.535455">
        <ele>318.401405</ele>
        <time>2024-08-15T00:18:11.901Z</time>
      </trkpt>
      <trkpt lat="61.756529" lon="9.535419">
        <ele>318.974431</ele>
        <time>2024-08-15T00:18:18.707Z</time>
      </trkpt>
      <trkpt lat="61.758077" lon="9.534981">
        <ele>324.780456</ele>
        <time>2024-08-15T00:19:41.680Z</time>
      </trkpt>
      <trkpt lat="61.758417" lon="9.534952">
        <ele>326.395728</ele>
        <time>2024-08-15T00:19:53.550Z</time>
      </trkpt>
      <trkpt lat="61.758639" lon="9.534985">
        <ele>327.452151</ele>
        <time>2024-08-15T00:19:58.286Z</time>
      </trkpt>
      <trkpt lat="61.759141" lon="9.535168">
        <ele>326.659443</ele>
        <time>2024-08-15T00:20:03.474Z</time>
      </trkpt>
      <trkpt lat="61.759451" lon="9.535335">
        <ele>323.387094</ele>
        <time>2024-08-15T00:20:06.287Z</time>
      </trkpt>
      <trkpt lat="61.761171" lon="9.536528">
        <ele>305.845585</ele>
        <time>2024-08-15T00:20:21.475Z</time>
      </trkpt>
      <trkpt lat="61.761199" lon="9.536544">
        <ele>305.600716</ele>
        <time>2024-08-15T00:20:21.736Z</time>
      </trkpt>
      <trkpt lat="61.761443" lon="9.536676">
        <ele>303.474413</ele>
        <time>2024-08-15T00:20:23.915Z</time>
      </trkpt>
      <trkpt lat="61.762080" lon="9.537142">
        <ele>297.783717</ele>
        <time>2024-08-15T00:20:30.067Z</time>
      </trkpt>
      <trkpt lat="61.762080" lon="9.537142">
        <ele>297.783717</ele>
        <time>2024-08-15T00:20:30.158Z</time>
      </trkpt>
      <trkpt lat="61.762080" lon="9.537140">
        <ele>297.775729</ele>
        <time>2024-08-15T00:20:30.176Z</time>
      </trkpt>
      <trkpt lat="61.762710" lon="9.537610">
        <ele>294.249493</ele>
        <time>2024-08-15T00:20:42.562Z</time>
      </trkpt>
      <trkpt lat="61.762660" lon="9.538030">
        <ele>293.686302</ele>
        <time>2024-08-15T00:20:46.363Z</time>
      </trkpt>
      <trkpt lat="61.763390" lon="9.538350">
        <ele>291.637180</ele>
        <time>2024-08-15T00:21:00.182Z</time>
      </trkpt>
      <trkpt lat="61.763390" lon="9.538349">
        <ele>291.635879</ele>
        <time>2024-08-15T00:21:00.192Z</time>
      </trkpt>
      <trkpt lat="61.763931" lon="9.538490">
        <ele>290.257033</ele>
        <time>2024-08-15T00:21:57.647Z</time>
      </trkpt>
      <trkpt lat="61.764306" lon="9.538574">
        <ele>289.876302</ele>
        <time>2024-08-15T00:22:36.849Z</time>
      </trkpt>
      <trkpt lat="61.765113" lon="9.538646">
        <ele>289.060804</ele>
        <time>2024-08-15T00:24:04.209Z</time>
      </trkpt>
      <trkpt lat="61.765507" lon="9.538545">
        <ele>288.660096</ele>
        <time>2024-08-15T00:24:47.510Z</time>
      </trkpt>
      <trkpt lat="61.765578" lon="9.538618">
        <ele>288.580382</ele>
        <time>2024-08-15T00:24:56.138Z</time>
      </trkpt>
      <trkpt lat="61.765669" lon="9.538542">
        <ele>288.497400</ele>
        <time>2024-08-15T00:24:57.936Z</time>
      </trkpt>
      <trkpt lat="61.766393" lon="9.538507">
        <ele>288.167777</ele>
        <time>2024-08-15T00:25:11.824Z</time>
      </trkpt>
      <trkpt lat="61.766420" lon="9.538170">
        <ele>288.094180</ele>
        <time>2024-08-15T00:25:14.117Z</time>
      </trkpt>
      <trkpt lat="61.766762" lon="9.538223">
        <ele>287.938096</ele>
        <time>2024-08-15T00:25:21.077Z</time>
      </trkpt>
      <trkpt lat="61.767887" lon="9.538202">
        <ele>287.446222</ele>
        <time>2024-08-15T00:25:40.858Z</time>
      </trkpt>
      <trkpt lat="61.768156" lon="9.538283">
        <ele>287.331952</ele>
        <time>2024-08-15T00:25:45.647Z</time>
      </trkpt>
      <trkpt lat="61.769196" lon="9.538277">
        <ele>287.016385</ele>
        <time>2024-08-15T00:26:00.406Z</time>
      </trkpt>
      <trkpt lat="61.769333" lon="9.538200">
        <ele>287.135174</ele>
        <time>2024-08-15T00:26:02.712Z</time>
      </trkpt>
      <trkpt lat="61.769925" lon="9.538086">
        <ele>287.633307</ele>
        <time>2024-08-15T00:26:12.605Z</time>
      </trkpt>
      <trkpt lat="61.770464" lon="9.537921">
        <ele>288.089683</ele>
        <time>2024-08-15T00:26:22.711Z</time>
      </trkpt>
      <trkpt lat="61.770515" lon="9.537938">
        <ele>288.132947</ele>
        <time>2024-08-15T00:26:23.782Z</time>
      </trkpt>
      <trkpt lat="61.770608" lon="9.537477">
        <ele>288.331595</ele>
        <time>2024-08-15T00:26:29.324Z</time>
      </trkpt>
      <trkpt lat="61.770649" lon="9.537328">
        <ele>288.399920</ele>
        <time>2024-08-15T00:26:31.024Z</time>
      </trkpt>
      <trkpt lat="61.770772" lon="9.536853">
        <ele>289.041907</ele>
        <time>2024-08-15T00:26:36.766Z</time>
      </trkpt>
      <trkpt lat="61.770867" lon="9.536921">
        <ele>289.334691</ele>
        <time>2024-08-15T00:26:38.677Z</time>
      </trkpt>
      <trkpt lat="61.771060" lon="9.536951">
        <ele>289.899612</ele>
        <time>2024-08-15T00:26:42.845Z</time>
      </trkpt>
      <trkpt lat="61.771178" lon="9.536913">
        <ele>290.248047</ele>
        <time>2024-08-15T00:26:45.524Z</time>
      </trkpt>
      <trkpt lat="61.771582" lon="9.536642">
        <ele>291.485328</ele>
        <time>2024-08-15T00:26:55.206Z</time>
      </trkpt>
      <trkpt lat="61.771664" lon="9.536465">
        <ele>291.827417</ele>
        <time>2024-08-15T00:26:58.015Z</time>
      </trkpt>
      <trkpt lat="61.771687" lon="9.536192">
        <ele>292.210288</ele>
        <time>2024-08-15T00:27:01.742Z</time>
      </trkpt>
      <trkpt lat="61.771679" lon="9.536013">
        <ele>292.458539</ele>
        <time>2024-08-15T00:27:03.857Z</time>
      </trkpt>
      <trkpt lat="61.771668" lon="9.535846">
        <ele>292.691346</ele>
        <time>2024-08-15T00:27:05.858Z</time>
      </trkpt>
      <trkpt lat="61.771623" lon="9.535243">
        <ele>293.534225</ele>
        <time>2024-08-15T00:27:14.159Z</time>
      </trkpt>
      <trkpt lat="61.771604" lon="9.534997">
        <ele>294.223179</ele>
        <time>2024-08-15T00:27:17.855Z</time>
      </trkpt>
      <trkpt lat="61.771723" lon="9.534954">
        <ele>295.231188</ele>
        <time>2024-08-15T00:27:22.238Z</time>
      </trkpt>
      <trkpt lat="61.772437" lon="9.534748">
        <ele>301.248054</ele>
        <time>2024-08-15T00:27:59.702Z</time>
      </trkpt>
      <trkpt lat="61.772629" lon="9.534700">
        <ele>302.862345</ele>
        <time>2024-08-15T00:28:13.288Z</time>
      </trkpt>
      <trkpt lat="61.772908" lon="9.534651">
        <ele>305.199906</ele>
        <time>2024-08-15T00:28:29.080Z</time>
      </trkpt>
      <trkpt lat="61.773178" lon="9.534680">
        <ele>307.457204</ele>
        <time>2024-08-15T00:28:41.994Z</time>
      </trkpt>
      <trkpt lat="61.773244" lon="9.534700">
        <ele>308.013909</ele>
        <time>2024-08-15T00:28:44.378Z</time>
      </trkpt>
      <trkpt lat="61.773437" lon="9.534759">
        <ele>309.266502</ele>
        <time>2024-08-15T00:28:52.254Z</time>
      </trkpt>
      <trkpt lat="61.773780" lon="9.534867">
        <ele>310.993930</ele>
        <time>2024-08-15T00:29:06.076Z</time>
      </trkpt>
      <trkpt lat="61.774139" lon="9.534981">
        <ele>312.802272</ele>
        <time>2024-08-15T00:29:25.073Z</time>
      </trkpt>
      <trkpt lat="61.774980" lon="9.535256">
        <ele>317.041344</ele>
        <time>2024-08-15T00:29:58.580Z</time>
      </trkpt>
      <trkpt lat="61.774139" lon="9.534981">
        <ele>313.170315</ele>
        <time>2024-08-15T00:30:06.368Z</time>
      </trkpt>
      <trkpt lat="61.773780" lon="9.534867">
        <ele>310.915931</ele>
        <time>2024-08-15T00:30:09.517Z</time>
      </trkpt>
      <trkpt lat="61.773437" lon="9.534759">
        <ele>308.762421</ele>
        <time>2024-08-15T00:30:12.687Z</time>
      </trkpt>
      <trkpt lat="61.773244" lon="9.534700">
        <ele>307.551433</ele>
        <time>2024-08-15T00:30:14.451Z</time>
      </trkpt>
      <trkpt lat="61.773178" lon="9.534680">
        <ele>307.137387</ele>
        <time>2024-08-15T00:30:15.075Z</time>
      </trkpt>
      <trkpt lat="61.772908" lon="9.534651">
        <ele>305.184872</ele>
        <time>2024-08-15T00:30:17.454Z</time>
      </trkpt>
      <trkpt lat="61.772629" lon="9.534700">
        <ele>302.989948</ele>
        <time>2024-08-15T00:30:19.857Z</time>
      </trkpt>
      <trkpt lat="61.772437" lon="9.534748">
        <ele>301.474161</ele>
        <time>2024-08-15T00:30:21.476Z</time>
      </trkpt>
      <trkpt lat="61.771723" lon="9.534954">
        <ele>295.824444</ele>
        <time>2024-08-15T00:30:27.734Z</time>
      </trkpt>
      <trkpt lat="61.771604" lon="9.534997">
        <ele>294.877943</ele>
        <time>2024-08-15T00:30:28.858Z</time>
      </trkpt>
      <trkpt lat="61.771623" lon="9.535243">
        <ele>293.953626</ele>
        <time>2024-08-15T00:30:29.999Z</time>
      </trkpt>
      <trkpt lat="61.771668" lon="9.535846">
        <ele>292.227003</ele>
        <time>2024-08-15T00:30:32.888Z</time>
      </trkpt>
      <trkpt lat="61.771679" lon="9.536013">
        <ele>292.075029</ele>
        <time>2024-08-15T00:30:33.729Z</time>
      </trkpt>
      <trkpt lat="61.771687" lon="9.536192">
        <ele>291.912972</ele>
        <time>2024-08-15T00:30:34.628Z</time>
      </trkpt>
      <trkpt lat="61.771664" lon="9.536465">
        <ele>291.663035</ele>
        <time>2024-08-15T00:30:35.947Z</time>
      </trkpt>
      <trkpt lat="61.771582" lon="9.536642">
        <ele>291.439721</ele>
        <time>2024-08-15T00:30:37.214Z</time>
      </trkpt>
      <trkpt lat="61.771178" lon="9.536913">
        <ele>290.632031</ele>
        <time>2024-08-15T00:30:41.952Z</time>
      </trkpt>
      <trkpt lat="61.771060" lon="9.536951">
        <ele>290.404574</ele>
        <time>2024-08-15T00:30:43.334Z</time>
      </trkpt>
      <trkpt lat="61.770867" lon="9.536921">
        <ele>290.035797</ele>
        <time>2024-08-15T00:30:45.703Z</time>
      </trkpt>
      <trkpt lat="61.770772" lon="9.536853">
        <ele>289.844669</ele>
        <time>2024-08-15T00:30:47.125Z</time>
      </trkpt>
      <trkpt lat="61.770649" lon="9.537328">
        <ele>289.356562</ele>
        <time>2024-08-15T00:30:50.386Z</time>
      </trkpt>
      <trkpt lat="61.770608" lon="9.537477">
        <ele>289.201187</ele>
        <time>2024-08-15T00:30:51.538Z</time>
      </trkpt>
      <trkpt lat="61.770515" lon="9.537938">
        <ele>288.952766</ele>
        <time>2024-08-15T00:30:54.447Z</time>
      </trkpt>
      <trkpt lat="61.770495" lon="9.538931">
        <ele>288.875521</ele>
        <time>2024-08-15T00:31:01.313Z</time>
      </trkpt>
      <trkpt lat="61.770496" lon="9.539046">
        <ele>288.866582</ele>
        <time>2024-08-15T00:31:02.133Z</time>
      </trkpt>
      <trkpt lat="61.770501" lon="9.539205">
        <ele>288.854197</ele>
        <time>2024-08-15T00:31:03.257Z</time>
      </trkpt>
      <trkpt lat="61.770542" lon="9.540201">
        <ele>288.776497</ele>
        <time>2024-08-15T00:31:10.410Z</time>
      </trkpt>
      <trkpt lat="61.770560" lon="9.540396">
        <ele>288.761056</ele>
        <time>2024-08-15T00:31:11.875Z</time>
      </trkpt>
      <trkpt lat="61.770684" lon="9.541726">
        <ele>288.679388</ele>
        <time>2024-08-15T00:31:20.795Z</time>
      </trkpt>
      <trkpt lat="61.770841" lon="9.542986">
        <ele>288.693908</ele>
        <time>2024-08-15T00:31:29.994Z</time>
      </trkpt>
      <trkpt lat="61.770981" lon="9.543909">
        <ele>288.704710</ele>
        <time>2024-08-15T00:31:40.037Z</time>
      </trkpt>
      <trkpt lat="61.770992" lon="9.544135">
        <ele>288.707242</ele>
        <time>2024-08-15T00:31:42.024Z</time>
      </trkpt>
      <trkpt lat="61.770802" lon="9.545559">
        <ele>288.986074</ele>
        <time>2024-08-15T00:31:55.350Z</time>
      </trkpt>
      <trkpt lat="61.770792" lon="9.545649">
        <ele>289.041856</ele>
        <time>2024-08-15T00:31:57.069Z</time>
      </trkpt>
      <trkpt lat="61.770310" lon="9.545808">
        <ele>289.664153</ele>
        <time>2024-08-15T00:32:03.720Z</time>
      </trkpt>
      <trkpt lat="61.769131" lon="9.546049">
        <ele>291.359687</ele>
        <time>2024-08-15T00:32:32.241Z</time>
      </trkpt>
      <trkpt lat="61.769087" lon="9.546054">
        <ele>291.479953</ele>
        <time>2024-08-15T00:32:33.285Z</time>
      </trkpt>
      <trkpt lat="61.768788" lon="9.546096">
        <ele>292.297838</ele>
        <time>2024-08-15T00:32:42.260Z</time>
      </trkpt>
      <trkpt lat="61.768707" lon="9.546150">
        <ele>292.529650</ele>
        <time>2024-08-15T00:32:44.573Z</time>
      </trkpt>
      <trkpt lat="61.768650" lon="9.546335">
        <ele>292.814700</ele>
        <time>2024-08-15T00:32:47.628Z</time>
      </trkpt>
      <trkpt lat="61.768631" lon="9.546685">
        <ele>293.269546</ele>
        <time>2024-08-15T00:32:52.847Z</time>
      </trkpt>
      <trkpt lat="61.768634" lon="9.546733">
        <ele>293.332057</ele>
        <time>2024-08-15T00:32:53.637Z</time>
      </trkpt>
      <trkpt lat="61.767342" lon="9.547748">
        <ele>296.643107</ele>
        <time>2024-08-15T00:33:31.553Z</time>
      </trkpt>
      <trkpt lat="61.767023" lon="9.547936">
        <ele>297.199103</ele>
        <time>2024-08-15T00:33:37.722Z</time>
      </trkpt>
      <trkpt lat="61.766587" lon="9.548090">
        <ele>297.941255</ele>
        <time>2024-08-15T00:33:45.005Z</time>
      </trkpt>
      <trkpt lat="61.766562" lon="9.548175">
        <ele>298.020749</ele>
        <time>2024-08-15T00:33:46.560Z</time>
      </trkpt>
      <trkpt lat="61.765530" lon="9.547914">
        <ele>301.154721</ele>
        <time>2024-08-15T00:34:07.221Z</time>
      </trkpt>
      <trkpt lat="61.766562" lon="9.548175">
        <ele>305.842638</ele>
        <time>2024-08-15T00:34:42.050Z</time>
      </trkpt>
      <trkpt lat="61.766599" lon="9.548181">
        <ele>306.010013</ele>
        <time>2024-08-15T00:34:43.507Z</time>
      </trkpt>
      <trkpt lat="61.767783" lon="9.548324">
        <ele>315.429623</ele>
        <time>2024-08-15T00:35:43.033Z</time>
      </trkpt>
      <trkpt lat="61.768525" lon="9.548321">
        <ele>321.941350</ele>
        <time>2024-08-15T00:36:22.478Z</time>
      </trkpt>
      <trkpt lat="61.769844" lon="9.548175">
        <ele>333.475912</ele>
        <time>2024-08-15T00:37:28.000Z</time>
      </trkpt>
      <trkpt lat="61.770992" lon="9.548152">
        <ele>344.057644</ele>
        <time>2024-08-15T00:38:24.052Z</time>
      </trkpt>
      <trkpt lat="61.771875" lon="9.548042">
        <ele>352.651259</ele>
        <time>2024-08-15T00:39:12.482Z</time>
      </trkpt>
      <trkpt lat="61.772433" lon="9.548099">
        <ele>358.263898</ele>
        <time>2024-08-15T00:39:45.573Z</time>
      </trkpt>
      <trkpt lat="61.773304" lon="9.548127">
        <ele>367.486090</ele>
        <time>2024-08-15T00:40:36.377Z</time>
      </trkpt>
      <trkpt lat="61.773730" lon="9.548216">
        <ele>372.018041</ele>
        <time>2024-08-15T00:41:00.915Z</time>
      </trkpt>
      <trkpt lat="61.773791" lon="9.548249">
        <ele>372.684641</ele>
        <time>2024-08-15T00:41:04.378Z</time>
      </trkpt>
      <trkpt lat="61.773837" lon="9.548348">
        <ele>373.379538</ele>
        <time>2024-08-15T00:41:07.995Z</time>
      </trkpt>
      <trkpt lat="61.773818" lon="9.548503">
        <ele>374.181278</ele>
        <time>2024-08-15T00:41:12.122Z</time>
      </trkpt>
      <trkpt lat="61.773759" lon="9.548591">
        <ele>374.945675</ele>
        <time>2024-08-15T00:41:15.988Z</time>
      </trkpt>
      <trkpt lat="61.773333" lon="9.548424">
        <ele>379.164013</ele>
        <time>2024-08-15T00:41:39.591Z</time>
      </trkpt>
      <trkpt lat="61.772327" lon="9.548961">
        <ele>389.244089</ele>
        <time>2024-08-15T00:42:34.637Z</time>
      </trkpt>
      <trkpt lat="61.771938" lon="9.549397">
        <ele>393.525743</ele>
        <time>2024-08-15T00:42:58.502Z</time>
      </trkpt>
      <trkpt lat="61.771786" lon="9.549519">
        <ele>395.112087</ele>
        <time>2024-08-15T00:43:07.116Z</time>
      </trkpt>
      <trkpt lat="61.771222" lon="9.549814">
        <ele>400.780960</ele>
        <time>2024-08-15T00:43:37.994Z</time>
      </trkpt>
      <trkpt lat="61.770594" lon="9.550329">
        <ele>407.353192</ele>
        <time>2024-08-15T00:44:13.202Z</time>
      </trkpt>
      <trkpt lat="61.769552" lon="9.551066">
        <ele>418.931880</ele>
        <time>2024-08-15T00:45:15.904Z</time>
      </trkpt>
      <trkpt lat="61.768827" lon="9.551399">
        <ele>426.947734</ele>
        <time>2024-08-15T00:46:00.079Z</time>
      </trkpt>
      <trkpt lat="61.768447" lon="9.551469">
        <ele>430.872006</ele>
        <time>2024-08-15T00:46:22.478Z</time>
      </trkpt>
      <trkpt lat="61.768396" lon="9.551500">
        <ele>431.372766</ele>
        <time>2024-08-15T00:46:25.518Z</time>
      </trkpt>
      <trkpt lat="61.768357" lon="9.551659">
        <ele>432.172252</ele>
        <time>2024-08-15T00:46:33.029Z</time>
      </trkpt>
      <trkpt lat="61.768393" lon="9.551794">
        <ele>432.864025</ele>
        <time>2024-08-15T00:46:36.912Z</time>
      </trkpt>
      <trkpt lat="61.768500" lon="9.551828">
        <ele>433.885071</ele>
        <time>2024-08-15T00:46:41.990Z</time>
      </trkpt>
      <trkpt lat="61.768889" lon="9.551667">
        <ele>437.625551</ele>
        <time>2024-08-15T00:47:05.626Z</time>
      </trkpt>
      <trkpt lat="61.771507" lon="9.551531">
        <ele>459.960854</ele>
        <time>2024-08-15T00:49:06.787Z</time>
      </trkpt>
      <trkpt lat="61.772755" lon="9.551226">
        <ele>472.865495</ele>
        <time>2024-08-15T00:50:09.748Z</time>
      </trkpt>
      <trkpt lat="61.774227" lon="9.551540">
        <ele>490.415442</ele>
        <time>2024-08-15T00:51:51.839Z</time>
      </trkpt>
      <trkpt lat="61.774891" lon="9.551553">
        <ele>499.019521</ele>
        <time>2024-08-15T00:52:38.819Z</time>
      </trkpt>
      <trkpt lat="61.775489" lon="9.551872">
        <ele>505.799658</ele>
        <time>2024-08-15T00:53:15.294Z</time>
      </trkpt>
      <trkpt lat="61.775632" lon="9.551979">
        <ele>507.153597</ele>
        <time>2024-08-15T00:53:23.840Z</time>
      </trkpt>
      <trkpt lat="61.775671" lon="9.552080">
        <ele>507.704000</ele>
        <time>2024-08-15T00:53:26.864Z</time>
      </trkpt>
      <trkpt lat="61.775661" lon="9.552242">
        <ele>508.393636</ele>
        <time>2024-08-15T00:53:30.688Z</time>
      </trkpt>
      <trkpt lat="61.775591" lon="9.552319">
        <ele>509.097925</ele>
        <time>2024-08-15T00:53:35.072Z</time>
      </trkpt>
      <trkpt lat="61.775512" lon="9.552293">
        <ele>509.811548</ele>
        <time>2024-08-15T00:53:39.178Z</time>
      </trkpt>
      <trkpt lat="61.775327" lon="9.552119">
        <ele>511.618797</ele>
        <time>2024-08-15T00:53:49.180Z</time>
      </trkpt>
      <trkpt lat="61.775163" lon="9.552091">
        <ele>513.087381</ele>
        <time>2024-08-15T00:53:57.656Z</time>
      </trkpt>
      <trkpt lat="61.774101" lon="9.552490">
        <ele>522.490841</ele>
        <time>2024-08-15T00:54:43.821Z</time>
      </trkpt>
      <trkpt lat="61.773201" lon="9.552914">
        <ele>530.200244</ele>
        <time>2024-08-15T00:55:25.995Z</time>
      </trkpt>
      <trkpt lat="61.772538" lon="9.553364">
        <ele>536.322476</ele>
        <time>2024-08-15T00:56:06.705Z</time>
      </trkpt>
      <trkpt lat="61.771908" lon="9.553591">
        <ele>542.551653</ele>
        <time>2024-08-15T00:56:39.482Z</time>
      </trkpt>
      <trkpt lat="61.771842" lon="9.553669">
        <ele>543.288640</ele>
        <time>2024-08-15T00:56:42.909Z</time>
      </trkpt>
      <trkpt lat="61.771818" lon="9.553772">
        <ele>543.817985</ele>
        <time>2024-08-15T00:56:46.846Z</time>
      </trkpt>
      <trkpt lat="61.771847" lon="9.553878">
        <ele>544.382527</ele>
        <time>2024-08-15T00:56:51.026Z</time>
      </trkpt>
      <trkpt lat="61.771921" lon="9.553908">
        <ele>545.116949</ele>
        <time>2024-08-15T00:56:54.019Z</time>
      </trkpt>
      <trkpt lat="61.772204" lon="9.553805">
        <ele>547.915937</ele>
        <time>2024-08-15T00:57:09.014Z</time>
      </trkpt>
      <trkpt lat="61.772869" lon="9.553668">
        <ele>554.313604</ele>
        <time>2024-08-15T00:57:44.964Z</time>
      </trkpt>
      <trkpt lat="61.773272" lon="9.553669">
        <ele>558.073760</ele>
        <time>2024-08-15T00:58:09.114Z</time>
      </trkpt>
      <trkpt lat="61.773564" lon="9.553774">
        <ele>560.837359</ele>
        <time>2024-08-15T00:58:21.804Z</time>
      </trkpt>
      <trkpt lat="61.774526" lon="9.554309">
        <ele>570.370583</ele>
        <time>2024-08-15T00:59:11.954Z</time>
      </trkpt>
      <trkpt lat="61.774590" lon="9.554400">
        <ele>571.203985</ele>
        <time>2024-08-15T00:59:16.384Z</time>
      </trkpt>
      <trkpt lat="61.774611" lon="9.554550">
        <ele>572.003449</ele>
        <time>2024-08-15T00:59:20.666Z</time>
      </trkpt>
      <trkpt lat="61.774595" lon="9.554627">
        <ele>572.433268</ele>
        <time>2024-08-15T00:59:23.037Z</time>
      </trkpt>
      <trkpt lat="61.774532" lon="9.554711">
        <ele>573.238088</ele>
        <time>2024-08-15T00:59:27.477Z</time>
      </trkpt>
      <trkpt lat="61.773782" lon="9.554646">
        <ele>581.349305</ele>
        <time>2024-08-15T01:00:10.801Z</time>
      </trkpt>
      <trkpt lat="61.773678" lon="9.554767">
        <ele>582.632022</ele>
        <time>2024-08-15T01:00:18.380Z</time>
      </trkpt>
      <trkpt lat="61.773669" lon="9.554924">
        <ele>583.440275</ele>
        <time>2024-08-15T01:00:22.738Z</time>
      </trkpt>
      <trkpt lat="61.773748" lon="9.555079">
        <ele>584.604860</ele>
        <time>2024-08-15T01:00:28.925Z</time>
      </trkpt>
      <trkpt lat="61.774030" lon="9.555221">
        <ele>587.737343</ele>
        <time>2024-08-15T01:00:47.108Z</time>
      </trkpt>
      <trkpt lat="61.774335" lon="9.555506">
        <ele>591.789845</ele>
        <time>2024-08-15T01:01:08.375Z</time>
      </trkpt>
      <trkpt lat="61.774524" lon="9.555766">
        <ele>594.550149</ele>
        <time>2024-08-15T01:01:22.998Z</time>
      </trkpt>
      <trkpt lat="61.774735" lon="9.556147">
        <ele>597.946901</ele>
        <time>2024-08-15T01:01:40.379Z</time>
      </trkpt>
      <trkpt lat="61.774804" lon="9.556275">
        <ele>599.070598</ele>
        <time>2024-08-15T01:01:47.003Z</time>
      </trkpt>
      <trkpt lat="61.775157" lon="9.557001">
        <ele>605.099008</ele>
        <time>2024-08-15T01:02:18.622Z</time>
      </trkpt>
      <trkpt lat="61.775419" lon="9.557572">
        <ele>609.705068</ele>
        <time>2024-08-15T01:02:42.183Z</time>
      </trkpt>
      <trkpt lat="61.776024" lon="9.558580">
        <ele>617.191803</ele>
        <time>2024-08-15T01:03:32.562Z</time>
      </trkpt>
      <trkpt lat="61.776515" lon="9.559413">
        <ele>623.262991</ele>
        <time>2024-08-15T01:04:04.540Z</time>
      </trkpt>
      <trkpt lat="61.776736" lon="9.559729">
        <ele>625.835975</ele>
        <time>2024-08-15T01:04:16.046Z</time>
      </trkpt>
      <trkpt lat="61.777032" lon="9.560025">
        <ele>628.163814</ele>
        <time>2024-08-15T01:04:28.084Z</time>
      </trkpt>
      <trkpt lat="61.777430" lon="9.560319">
        <ele>630.206189</ele>
        <time>2024-08-15T01:04:43.068Z</time>
      </trkpt>
      <trkpt lat="61.777710" lon="9.560457">
        <ele>631.599008</ele>
        <time>2024-08-15T01:04:53.047Z</time>
      </trkpt>
      <trkpt lat="61.778421" lon="9.560556">
        <ele>635.050915</ele>
        <time>2024-08-15T01:05:15.679Z</time>
      </trkpt>
      <trkpt lat="61.778701" lon="9.560685">
        <ele>636.433426</ele>
        <time>2024-08-15T01:05:23.586Z</time>
      </trkpt>
      <trkpt lat="61.779308" lon="9.561201">
        <ele>639.556968</ele>
        <time>2024-08-15T01:05:44.720Z</time>
      </trkpt>
      <trkpt lat="61.779430" lon="9.561371">
        <ele>640.254545</ele>
        <time>2024-08-15T01:05:49.625Z</time>
      </trkpt>
      <trkpt lat="61.779563" lon="9.561689">
        <ele>641.213035</ele>
        <time>2024-08-15T01:05:57.074Z</time>
      </trkpt>
      <trkpt lat="61.779721" lon="9.562328">
        <ele>642.841042</ele>
        <time>2024-08-15T01:06:09.401Z</time>
      </trkpt>
      <trkpt lat="61.779853" lon="9.562687">
        <ele>643.867754</ele>
        <time>2024-08-15T01:06:17.239Z</time>
      </trkpt>
      <trkpt lat="61.780340" lon="9.563568">
        <ele>646.833062</ele>
        <time>2024-08-15T01:06:39.838Z</time>
      </trkpt>
      <trkpt lat="61.780815" lon="9.564336">
        <ele>649.570489</ele>
        <time>2024-08-15T01:07:00.680Z</time>
      </trkpt>
      <trkpt lat="61.781062" lon="9.564556">
        <ele>650.797525</ele>
        <time>2024-08-15T01:07:09.673Z</time>
      </trkpt>
      <trkpt lat="61.781425" lon="9.564777">
        <ele>652.526935</ele>
        <time>2024-08-15T01:07:21.201Z</time>
      </trkpt>
      <trkpt lat="61.781831" lon="9.565177">
        <ele>653.873774</ele>
        <time>2024-08-15T01:07:33.248Z</time>
      </trkpt>
      <trkpt lat="61.781996" lon="9.565184">
        <ele>654.319387</ele>
        <time>2024-08-15T01:07:37.618Z</time>
      </trkpt>
      <trkpt lat="61.782375" lon="9.565017">
        <ele>655.364717</ele>
        <time>2024-08-15T01:07:47.751Z</time>
      </trkpt>
      <trkpt lat="61.782675" lon="9.564964">
        <ele>656.177582</ele>
        <time>2024-08-15T01:07:55.720Z</time>
      </trkpt>
      <trkpt lat="61.782966" lon="9.564968">
        <ele>656.963341</ele>
        <time>2024-08-15T01:08:02.911Z</time>
      </trkpt>
      <trkpt lat="61.783117" lon="9.565043">
        <ele>657.382155</ele>
        <time>2024-08-15T01:08:06.507Z</time>
      </trkpt>
      <trkpt lat="61.783468" lon="9.565409">
        <ele>657.924328</ele>
        <time>2024-08-15T01:08:14.970Z</time>
      </trkpt>
      <trkpt lat="61.784550" lon="9.566864">
        <ele>658.913146</ele>
        <time>2024-08-15T01:08:38.240Z</time>
      </trkpt>
      <trkpt lat="61.785512" lon="9.567942">
        <ele>658.918480</ele>
        <time>2024-08-15T01:08:52.559Z</time>
      </trkpt>
      <trkpt lat="61.785873" lon="9.568242">
        <ele>658.831897</ele>
        <time>2024-08-15T01:08:57.149Z</time>
      </trkpt>
      <trkpt lat="61.786144" lon="9.568371">
        <ele>658.769889</ele>
        <time>2024-08-15T01:09:00.571Z</time>
      </trkpt>
      <trkpt lat="61.786344" lon="9.568392">
        <ele>658.725187</ele>
        <time>2024-08-15T01:09:03.268Z</time>
      </trkpt>
      <trkpt lat="61.787428" lon="9.568398">
        <ele>662.318382</ele>
        <time>2024-08-15T01:09:28.235Z</time>
      </trkpt>
      <trkpt lat="61.787760" lon="9.568569">
        <ele>663.565599</ele>
        <time>2024-08-15T01:09:39.615Z</time>
      </trkpt>
      <trkpt lat="61.787965" lon="9.568792">
        <ele>664.406997</ele>
        <time>2024-08-15T01:09:49.147Z</time>
      </trkpt>
      <trkpt lat="61.788131" lon="9.569055">
        <ele>665.164006</ele>
        <time>2024-08-15T01:09:57.157Z</time>
      </trkpt>
      <trkpt lat="61.788265" lon="9.569355">
        <ele>666.718612</ele>
        <time>2024-08-15T01:10:06.023Z</time>
      </trkpt>
      <trkpt lat="61.788411" lon="9.569785">
        <ele>668.900317</ele>
        <time>2024-08-15T01:10:17.467Z</time>
      </trkpt>
      <trkpt lat="61.788606" lon="9.570525">
        <ele>672.391577</ele>
        <time>2024-08-15T01:10:37.749Z</time>
      </trkpt>
      <trkpt lat="61.788815" lon="9.571850">
        <ele>678.147699</ele>
        <time>2024-08-15T01:11:11.921Z</time>
      </trkpt>
      <trkpt lat="61.788955" lon="9.572583">
        <ele>681.473333</ele>
        <time>2024-08-15T01:11:32.240Z</time>
      </trkpt>
      <trkpt lat="61.789360" lon="9.573802">
        <ele>688.524564</ele>
        <time>2024-08-15T01:12:10.942Z</time>
      </trkpt>
      <trkpt lat="61.789490" lon="9.574143">
        <ele>690.597740</ele>
        <time>2024-08-15T01:12:21.923Z</time>
      </trkpt>
      <trkpt lat="61.789640" lon="9.574445">
        <ele>692.670822</ele>
        <time>2024-08-15T01:12:33.123Z</time>
      </trkpt>
      <trkpt lat="61.789788" lon="9.574653">
        <ele>694.449661</ele>
        <time>2024-08-15T01:12:42.522Z</time>
      </trkpt>
      <trkpt lat="61.789992" lon="9.574862">
        <ele>696.718854</ele>
        <time>2024-08-15T01:12:55.202Z</time>
      </trkpt>
      <trkpt lat="61.790204" lon="9.575000">
        <ele>698.939444</ele>
        <time>2024-08-15T01:13:07.568Z</time>
      </trkpt>
      <trkpt lat="61.790846" lon="9.575280">
        <ele>706.114780</ele>
        <time>2024-08-15T01:13:46.552Z</time>
      </trkpt>
      <trkpt lat="61.791048" lon="9.575444">
        <ele>708.483669</ele>
        <time>2024-08-15T01:13:59.923Z</time>
      </trkpt>
      <trkpt lat="61.791198" lon="9.575621">
        <ele>710.364153</ele>
        <time>2024-08-15T01:14:10.080Z</time>
      </trkpt>
      <trkpt lat="61.791430" lon="9.576095">
        <ele>713.895373</ele>
        <time>2024-08-15T01:14:29.344Z</time>
      </trkpt>
      <trkpt lat="61.791764" lon="9.577304">
        <ele>720.963659</ele>
        <time>2024-08-15T01:15:07.560Z</time>
      </trkpt>
      <trkpt lat="61.791849" lon="9.577560">
        <ele>722.466650</ele>
        <time>2024-08-15T01:15:15.783Z</time>
      </trkpt>
      <trkpt lat="61.791968" lon="9.577814">
        <ele>724.184774</ele>
        <time>2024-08-15T01:15:26.032Z</time>
      </trkpt>
      <trkpt lat="61.792131" lon="9.578022">
        <ele>726.119518</ele>
        <time>2024-08-15T01:15:36.864Z</time>
      </trkpt>
      <trkpt lat="61.792303" lon="9.578142">
        <ele>727.960308</ele>
        <time>2024-08-15T01:15:47.991Z</time>
      </trkpt>
      <trkpt lat="61.792623" lon="9.578176">
        <ele>731.216846</ele>
        <time>2024-08-15T01:16:06.526Z</time>
      </trkpt>
      <trkpt lat="61.793181" lon="9.577803">
        <ele>737.118710</ele>
        <time>2024-08-15T01:16:36.273Z</time>
      </trkpt>
      <trkpt lat="61.793274" lon="9.577865">
        <ele>737.916436</ele>
        <time>2024-08-15T01:16:40.896Z</time>
      </trkpt>
      <trkpt lat="61.793328" lon="9.578036">
        <ele>738.711672</ele>
        <time>2024-08-15T01:16:45.357Z</time>
      </trkpt>
      <trkpt lat="61.793334" lon="9.578191">
        <ele>739.313040</ele>
        <time>2024-08-15T01:16:48.684Z</time>
      </trkpt>
      <trkpt lat="61.793289" lon="9.578380">
        <ele>740.131365</ele>
        <time>2024-08-15T01:16:53.391Z</time>
      </trkpt>
      <trkpt lat="61.792976" lon="9.578911">
        <ele>743.413633</ele>
        <time>2024-08-15T01:17:12.957Z</time>
      </trkpt>
      <trkpt lat="61.792237" lon="9.580338">
        <ele>751.599127</ele>
        <time>2024-08-15T01:17:59.008Z</time>
      </trkpt>
      <trkpt lat="61.792212" lon="9.580425">
        <ele>751.959642</ele>
        <time>2024-08-15T01:18:01.172Z</time>
      </trkpt>
      <trkpt lat="61.792223" lon="9.580645">
        <ele>752.733649</ele>
        <time>2024-08-15T01:18:06.853Z</time>
      </trkpt>
      <trkpt lat="61.792277" lon="9.580725">
        <ele>753.221611</ele>
        <time>2024-08-15T01:18:10.099Z</time>
      </trkpt>
      <trkpt lat="61.792345" lon="9.580737">
        <ele>753.726694</ele>
        <time>2024-08-15T01:18:13.051Z</time>
      </trkpt>
      <trkpt lat="61.792717" lon="9.580500">
        <ele>756.602367</ele>
        <time>2024-08-15T01:18:31.036Z</time>
      </trkpt>
      <trkpt lat="61.792950" lon="9.580456">
        <ele>758.333884</ele>
        <time>2024-08-15T01:18:42.500Z</time>
      </trkpt>
      <trkpt lat="61.794481" lon="9.580843">
        <ele>768.356654</ele>
        <time>2024-08-15T01:19:46.497Z</time>
      </trkpt>
      <trkpt lat="61.794729" lon="9.580945">
        <ele>769.683851</ele>
        <time>2024-08-15T01:19:55.897Z</time>
      </trkpt>
      <trkpt lat="61.794919" lon="9.581084">
        <ele>770.739952</ele>
        <time>2024-08-15T01:20:03.203Z</time>
      </trkpt>
      <trkpt lat="61.795142" lon="9.581336">
        <ele>772.068045</ele>
        <time>2024-08-15T01:20:12.014Z</time>
      </trkpt>
      <trkpt lat="61.795292" lon="9.581596">
        <ele>773.086692</ele>
        <time>2024-08-15T01:20:17.670Z</time>
      </trkpt>
      <trkpt lat="61.795669" lon="9.582267">
        <ele>775.020403</ele>
        <time>2024-08-15T01:20:31.969Z</time>
      </trkpt>
      <trkpt lat="61.795982" lon="9.582610">
        <ele>775.916807</ele>
        <time>2024-08-15T01:20:40.843Z</time>
      </trkpt>
      <trkpt lat="61.796280" lon="9.582748">
        <ele>776.692582</ele>
        <time>2024-08-15T01:20:48.774Z</time>
      </trkpt>
      <trkpt lat="61.796816" lon="9.582822">
        <ele>778.058569</ele>
        <time>2024-08-15T01:21:03.096Z</time>
      </trkpt>
      <trkpt lat="61.797094" lon="9.582914">
        <ele>778.774139</ele>
        <time>2024-08-15T01:21:09.749Z</time>
      </trkpt>
      <trkpt lat="61.797390" lon="9.583116">
        <ele>778.802169</ele>
        <time>2024-08-15T01:21:15.639Z</time>
      </trkpt>
      <trkpt lat="61.798248" lon="9.583944">
        <ele>778.070314</ele>
        <time>2024-08-15T01:21:27.502Z</time>
      </trkpt>
      <trkpt lat="61.799025" lon="9.584449">
        <ele>777.657418</ele>
        <time>2024-08-15T01:21:36.065Z</time>
      </trkpt>
      <trkpt lat="61.799670" lon="9.584874">
        <ele>777.920198</ele>
        <time>2024-08-15T01:21:44.491Z</time>
      </trkpt>
      <trkpt lat="61.799937" lon="9.585116">
        <ele>778.033184</ele>
        <time>2024-08-15T01:21:49.532Z</time>
      </trkpt>
      <trkpt lat="61.800107" lon="9.585384">
        <ele>778.115645</ele>
        <time>2024-08-15T01:21:54.096Z</time>
      </trkpt>
      <trkpt lat="61.800193" lon="9.585581">
        <ele>778.164944</ele>
        <time>2024-08-15T01:21:56.824Z</time>
      </trkpt>
      <trkpt lat="61.800350" lon="9.586196">
        <ele>778.375198</ele>
        <time>2024-08-15T01:22:04.522Z</time>
      </trkpt>
      <trkpt lat="61.800633" lon="9.588396">
        <ele>782.552238</ele>
        <time>2024-08-15T01:22:39.471Z</time>
      </trkpt>
      <trkpt lat="61.800979" lon="9.590067">
        <ele>785.588507</ele>
        <time>2024-08-15T01:23:07.571Z</time>
      </trkpt>
      <trkpt lat="61.801081" lon="9.590735">
        <ele>786.256907</ele>
        <time>2024-08-15T01:23:15.711Z</time>
      </trkpt>
      <trkpt lat="61.801541" lon="9.596722">
        <ele>792.148694</ele>
        <time>2024-08-15T01:24:13.104Z</time>
      </trkpt>
      <trkpt lat="61.801578" lon="9.597657">
        <ele>793.440765</ele>
        <time>2024-08-15T01:24:29.134Z</time>
      </trkpt>
      <trkpt lat="61.801566" lon="9.597988">
        <ele>794.043903</ele>
        <time>2024-08-15T01:24:34.820Z</time>
      </trkpt>
      <trkpt lat="61.801504" lon="9.598544">
        <ele>795.081807</ele>
        <time>2024-08-15T01:24:44.809Z</time>
      </trkpt>
      <trkpt lat="61.801402" lon="9.599085">
        <ele>796.140068</ele>
        <time>2024-08-15T01:24:54.359Z</time>
      </trkpt>
      <trkpt lat="61.800942" lon="9.600374">
        <ele>799.074820</ele>
        <time>2024-08-15T01:25:17.971Z</time>
      </trkpt>
      <trkpt lat="61.800798" lon="9.600927">
        <ele>799.342939</ele>
        <time>2024-08-15T01:25:24.931Z</time>
      </trkpt>
      <trkpt lat="61.800738" lon="9.601358">
        <ele>799.082625</ele>
        <time>2024-08-15T01:25:28.467Z</time>
      </trkpt>
      <trkpt lat="61.800733" lon="9.601890">
        <ele>798.774345</ele>
        <time>2024-08-15T01:25:31.588Z</time>
      </trkpt>
      <trkpt lat="61.800810" lon="9.602505">
        <ele>798.405745</ele>
        <time>2024-08-15T01:25:34.744Z</time>
      </trkpt>
      <trkpt lat="61.800937" lon="9.603091">
        <ele>798.032238</ele>
        <time>2024-08-15T01:25:37.750Z</time>
      </trkpt>
      <trkpt lat="61.801057" lon="9.603473">
        <ele>797.766483</ele>
        <time>2024-08-15T01:25:39.903Z</time>
      </trkpt>
      <trkpt lat="61.801443" lon="9.604460">
        <ele>798.126353</ele>
        <time>2024-08-15T01:25:46.248Z</time>
      </trkpt>
      <trkpt lat="61.801623" lon="9.605142">
        <ele>799.203718</ele>
        <time>2024-08-15T01:25:52.089Z</time>
      </trkpt>
      <trkpt lat="61.801680" lon="9.605651">
        <ele>799.925153</ele>
        <time>2024-08-15T01:25:57.796Z</time>
      </trkpt>
      <trkpt lat="61.801742" lon="9.606629">
        <ele>801.286051</ele>
        <time>2024-08-15T01:26:12.456Z</time>
      </trkpt>
      <trkpt lat="61.801913" lon="9.610057">
        <ele>810.659643</ele>
        <time>2024-08-15T01:27:28.827Z</time>
      </trkpt>
      <trkpt lat="61.802001" lon="9.610671">
        <ele>812.732818</ele>
        <time>2024-08-15T01:27:41.138Z</time>
      </trkpt>
      <trkpt lat="61.802268" lon="9.611947">
        <ele>816.084182</ele>
        <time>2024-08-15T01:28:03.572Z</time>
      </trkpt>
      <trkpt lat="61.802423" lon="9.612828">
        <ele>817.620590</ele>
        <time>2024-08-15T01:28:15.473Z</time>
      </trkpt>
      <trkpt lat="61.802656" lon="9.614847">
        <ele>821.017257</ele>
        <time>2024-08-15T01:28:39.360Z</time>
      </trkpt>
      <trkpt lat="61.802696" lon="9.615602">
        <ele>822.770545</ele>
        <time>2024-08-15T01:28:50.341Z</time>
      </trkpt>
      <trkpt lat="61.802687" lon="9.616177">
        <ele>824.133324</ele>
        <time>2024-08-15T01:28:59.657Z</time>
      </trkpt>
      <trkpt lat="61.802630" lon="9.616856">
        <ele>825.766894</ele>
        <time>2024-08-15T01:29:11.649Z</time>
      </trkpt>
      <trkpt lat="61.801892" lon="9.621817">
        <ele>838.438472</ele>
        <time>2024-08-15T01:30:45.118Z</time>
      </trkpt>
      <trkpt lat="61.801849" lon="9.622616">
        <ele>839.819121</ele>
        <time>2024-08-15T01:30:55.790Z</time>
      </trkpt>
      <trkpt lat="61.801905" lon="9.623355">
        <ele>840.383032</ele>
        <time>2024-08-15T01:31:04.621Z</time>
      </trkpt>
      <trkpt lat="61.802006" lon="9.623812">
        <ele>840.763157</ele>
        <time>2024-08-15T01:31:09.822Z</time>
      </trkpt>
      <trkpt lat="61.802133" lon="9.624189">
        <ele>841.111999</ele>
        <time>2024-08-15T01:31:14.281Z</time>
      </trkpt>
      <trkpt lat="61.802261" lon="9.624467">
        <ele>841.404451</ele>
        <time>2024-08-15T01:31:17.758Z</time>
      </trkpt>
      <trkpt lat="61.802434" lon="9.624741">
        <ele>841.748997</ele>
        <time>2024-08-15T01:31:21.269Z</time>
      </trkpt>
      <trkpt lat="61.803568" lon="9.626038">
        <ele>842.435039</ele>
        <time>2024-08-15T01:31:40.215Z</time>
      </trkpt>
      <trkpt lat="61.805213" lon="9.627789">
        <ele>842.642452</ele>
        <time>2024-08-15T01:32:07.877Z</time>
      </trkpt>
      <trkpt lat="61.805385" lon="9.627992">
        <ele>842.683956</ele>
        <time>2024-08-15T01:32:10.758Z</time>
      </trkpt>
      <trkpt lat="61.805543" lon="9.628253">
        <ele>842.726195</ele>
        <time>2024-08-15T01:32:13.722Z</time>
      </trkpt>
      <trkpt lat="61.805751" lon="9.628803">
        <ele>842.796343</ele>
        <time>2024-08-15T01:32:18.485Z</time>
      </trkpt>
      <trkpt lat="61.806213" lon="9.630546">
        <ele>843.555065</ele>
        <time>2024-08-15T01:32:36.561Z</time>
      </trkpt>
      <trkpt lat="61.806447" lon="9.631470">
        <ele>844.012025</ele>
        <time>2024-08-15T01:32:46.264Z</time>
      </trkpt>
      <trkpt lat="61.806523" lon="9.631974">
        <ele>844.242623</ele>
        <time>2024-08-15T01:32:50.713Z</time>
      </trkpt>
      <trkpt lat="61.806550" lon="9.632488">
        <ele>844.468043</ele>
        <time>2024-08-15T01:32:55.116Z</time>
      </trkpt>
      <trkpt lat="61.806540" lon="9.633043">
        <ele>844.672723</ele>
        <time>2024-08-15T01:32:59.833Z</time>
      </trkpt>
      <trkpt lat="61.806254" lon="9.638095">
        <ele>846.716985</ele>
        <time>2024-08-15T01:33:42.745Z</time>
      </trkpt>
      <trkpt lat="61.806123" lon="9.641156">
        <ele>848.082432</ele>
        <time>2024-08-15T01:34:11.316Z</time>
      </trkpt>
      <trkpt lat="61.806063" lon="9.641522">
        <ele>848.231830</ele>
        <time>2024-08-15T01:34:15.699Z</time>
      </trkpt>
      <trkpt lat="61.805976" lon="9.641781">
        <ele>848.354381</ele>
        <time>2024-08-15T01:34:19.111Z</time>
      </trkpt>
      <trkpt lat="61.805590" lon="9.642416">
        <ele>848.753422</ele>
        <time>2024-08-15T01:34:29.017Z</time>
      </trkpt>
      <trkpt lat="61.805444" lon="9.642721">
        <ele>848.920863</ele>
        <time>2024-08-15T01:34:32.326Z</time>
      </trkpt>
      <trkpt lat="61.805286" lon="9.643248">
        <ele>849.088463</ele>
        <time>2024-08-15T01:34:36.334Z</time>
      </trkpt>
      <trkpt lat="61.805035" lon="9.644507">
        <ele>847.453757</ele>
        <time>2024-08-15T01:34:43.507Z</time>
      </trkpt>
      <trkpt lat="61.804826" lon="9.645172">
        <ele>846.498299</ele>
        <time>2024-08-15T01:34:47.499Z</time>
      </trkpt>
      <trkpt lat="61.804482" lon="9.646062">
        <ele>845.122717</ele>
        <time>2024-08-15T01:34:53.001Z</time>
      </trkpt>
      <trkpt lat="61.804419" lon="9.646282">
        <ele>844.814964</ele>
        <time>2024-08-15T01:34:54.192Z</time>
      </trkpt>
      <trkpt lat="61.804366" lon="9.646598">
        <ele>844.326182</ele>
        <time>2024-08-15T01:34:55.699Z</time>
      </trkpt>
      <trkpt lat="61.804354" lon="9.646995">
        <ele>843.613080</ele>
        <time>2024-08-15T01:34:57.497Z</time>
      </trkpt>
      <trkpt lat="61.804383" lon="9.647416">
        <ele>842.850433</ele>
        <time>2024-08-15T01:34:59.385Z</time>
      </trkpt>
      <trkpt lat="61.804770" lon="9.650595">
        <ele>837.456313</ele>
        <time>2024-08-15T01:35:14.656Z</time>
      </trkpt>
      <trkpt lat="61.804805" lon="9.651349">
        <ele>836.930970</ele>
        <time>2024-08-15T01:35:18.602Z</time>
      </trkpt>
      <trkpt lat="61.804816" lon="9.652332">
        <ele>836.249164</ele>
        <time>2024-08-15T01:35:24.061Z</time>
      </trkpt>
      <trkpt lat="61.804820" lon="9.653395">
        <ele>835.512054</ele>
        <time>2024-08-15T01:35:30.399Z</time>
      </trkpt>
      <trkpt lat="61.804801" lon="9.653714">
        <ele>835.289107</ele>
        <time>2024-08-15T01:35:32.462Z</time>
      </trkpt>
      <trkpt lat="61.804739" lon="9.654103">
        <ele>835.179536</ele>
        <time>2024-08-15T01:35:35.337Z</time>
      </trkpt>
      <trkpt lat="61.804466" lon="9.655254">
        <ele>835.571960</ele>
        <time>2024-08-15T01:35:45.597Z</time>
      </trkpt>
      <trkpt lat="61.804435" lon="9.655560">
        <ele>835.667319</ele>
        <time>2024-08-15T01:35:48.341Z</time>
      </trkpt>
      <trkpt lat="61.804436" lon="9.655848">
        <ele>835.755076</ele>
        <time>2024-08-15T01:35:50.925Z</time>
      </trkpt>
      <trkpt lat="61.804491" lon="9.656377">
        <ele>835.920121</ele>
        <time>2024-08-15T01:35:55.880Z</time>
      </trkpt>
      <trkpt lat="61.804828" lon="9.658297">
        <ele>835.972064</ele>
        <time>2024-08-15T01:36:14.600Z</time>
      </trkpt>
      <trkpt lat="61.805265" lon="9.660734">
        <ele>835.006226</ele>
        <time>2024-08-15T01:36:29.397Z</time>
      </trkpt>
      <trkpt lat="61.805383" lon="9.661166">
        <ele>834.704884</ele>
        <time>2024-08-15T01:36:31.895Z</time>
      </trkpt>
      <trkpt lat="61.805494" lon="9.661423">
        <ele>834.298302</ele>
        <time>2024-08-15T01:36:33.657Z</time>
      </trkpt>
      <trkpt lat="61.805661" lon="9.661625">
        <ele>833.822932</ele>
        <time>2024-08-15T01:36:35.678Z</time>
      </trkpt>
      <trkpt lat="61.806180" lon="9.661841">
        <ele>832.515705</ele>
        <time>2024-08-15T01:36:41.257Z</time>
      </trkpt>
      <trkpt lat="61.806347" lon="9.662014">
        <ele>832.056197</ele>
        <time>2024-08-15T01:36:43.186Z</time>
      </trkpt>
      <trkpt lat="61.806534" lon="9.662368">
        <ele>831.436167</ele>
        <time>2024-08-15T01:36:45.753Z</time>
      </trkpt>
      <trkpt lat="61.807150" lon="9.663760">
        <ele>829.824311</ele>
        <time>2024-08-15T01:36:55.190Z</time>
      </trkpt>
      <trkpt lat="61.807156" lon="9.663773">
        <ele>829.813780</ele>
        <time>2024-08-15T01:36:55.275Z</time>
      </trkpt>
      <trkpt lat="61.807687" lon="9.665002">
        <ele>828.848784</ele>
        <time>2024-08-15T01:37:05.689Z</time>
      </trkpt>
      <trkpt lat="61.808140" lon="9.666084">
        <ele>828.280612</ele>
        <time>2024-08-15T01:37:14.491Z</time>
      </trkpt>
      <trkpt lat="61.808336" lon="9.666526">
        <ele>828.373361</ele>
        <time>2024-08-15T01:37:18.174Z</time>
      </trkpt>
      <trkpt lat="61.808739" lon="9.667461">
        <ele>828.567003</ele>
        <time>2024-08-15T01:37:25.826Z</time>
      </trkpt>
      <trkpt lat="61.809359" lon="9.668986">
        <ele>829.689863</ele>
        <time>2024-08-15T01:37:45.468Z</time>
      </trkpt>
      <trkpt lat="61.809438" lon="9.669265">
        <ele>830.336032</ele>
        <time>2024-08-15T01:37:49.210Z</time>
      </trkpt>
      <trkpt lat="61.809461" lon="9.669452">
        <ele>830.719891</ele>
        <time>2024-08-15T01:37:51.729Z</time>
      </trkpt>
      <trkpt lat="61.809478" lon="9.669899">
        <ele>831.610729</ele>
        <time>2024-08-15T01:37:57.483Z</time>
      </trkpt>
      <trkpt lat="61.809449" lon="9.670879">
        <ele>833.561315</ele>
        <time>2024-08-15T01:38:12.214Z</time>
      </trkpt>
      <trkpt lat="61.809393" lon="9.672555">
        <ele>837.284547</ele>
        <time>2024-08-15T01:38:42.541Z</time>
      </trkpt>
      <trkpt lat="61.809338" lon="9.673206">
        <ele>839.556157</ele>
        <time>2024-08-15T01:38:56.079Z</time>
      </trkpt>
      <trkpt lat="61.809160" lon="9.674625">
        <ele>844.599233</ele>
        <time>2024-08-15T01:39:28.898Z</time>
      </trkpt>
      <trkpt lat="61.809147" lon="9.675262">
        <ele>846.789332</ele>
        <time>2024-08-15T01:39:43.140Z</time>
      </trkpt>
      <trkpt lat="61.809171" lon="9.675492">
        <ele>847.598412</ele>
        <time>2024-08-15T01:39:47.765Z</time>
      </trkpt>
      <trkpt lat="61.809410" lon="9.676858">
        <ele>851.767453</ele>
        <time>2024-08-15T01:40:17.146Z</time>
      </trkpt>
      <trkpt lat="61.809426" lon="9.677025">
        <ele>852.197872</ele>
        <time>2024-08-15T01:40:20.101Z</time>
      </trkpt>
      <trkpt lat="61.809424" lon="9.677537">
        <ele>853.491195</ele>
        <time>2024-08-15T01:40:29.553Z</time>
      </trkpt>
      <trkpt lat="61.809248" lon="9.679473">
        <ele>858.471144</ele>
        <time>2024-08-15T01:41:01.336Z</time>
      </trkpt>
      <trkpt lat="61.809151" lon="9.680626">
        <ele>860.246496</ele>
        <time>2024-08-15T01:41:17.257Z</time>
      </trkpt>
      <trkpt lat="61.809063" lon="9.681488">
        <ele>861.359355</ele>
        <time>2024-08-15T01:41:26.179Z</time>
      </trkpt>
      <trkpt lat="61.808960" lon="9.682134">
        <ele>862.219717</ele>
        <time>2024-08-15T01:41:33.241Z</time>
      </trkpt>
      <trkpt lat="61.808640" lon="9.683479">
        <ele>864.373008</ele>
        <time>2024-08-15T01:41:49.923Z</time>
      </trkpt>
      <trkpt lat="61.808697" lon="9.683516">
        <ele>864.693431</ele>
        <time>2024-08-15T01:41:52.131Z</time>
      </trkpt>
      <trkpt lat="61.808816" lon="9.683630">
        <ele>865.395436</ele>
        <time>2024-08-15T01:41:57.475Z</time>
      </trkpt>
      <trkpt lat="61.808882" lon="9.683823">
        <ele>866.000365</ele>
        <time>2024-08-15T01:42:02.314Z</time>
      </trkpt>
      <trkpt lat="61.809006" lon="9.685208">
        <ele>869.579407</ele>
        <time>2024-08-15T01:42:34.215Z</time>
      </trkpt>
      <trkpt lat="61.809270" lon="9.686748">
        <ele>873.864453</ele>
        <time>2024-08-15T01:43:17.271Z</time>
      </trkpt>
      <trkpt lat="61.809309" lon="9.686927">
        <ele>874.676079</ele>
        <time>2024-08-15T01:43:23.138Z</time>
      </trkpt>
      <trkpt lat="61.809390" lon="9.687428">
        <ele>876.856364</ele>
        <time>2024-08-15T01:43:38.174Z</time>
      </trkpt>
      <trkpt lat="61.809390" lon="9.687890">
        <ele>878.758604</ele>
        <time>2024-08-15T01:43:51.788Z</time>
      </trkpt>
      <trkpt lat="61.809447" lon="9.688018">
        <ele>879.482876</ele>
        <time>2024-08-15T01:43:56.804Z</time>
      </trkpt>
      <trkpt lat="61.809526" lon="9.688063">
        <ele>880.195918</ele>
        <time>2024-08-15T01:44:01.901Z</time>
      </trkpt>
      <trkpt lat="61.809761" lon="9.687921">
        <ele>882.325946</ele>
        <time>2024-08-15T01:44:17.543Z</time>
      </trkpt>
      <trkpt lat="61.809882" lon="9.687896">
        <ele>883.385570</ele>
        <time>2024-08-15T01:44:25.383Z</time>
      </trkpt>
      <trkpt lat="61.810013" lon="9.687804">
        <ele>884.588535</ele>
        <time>2024-08-15T01:44:34.378Z</time>
      </trkpt>
      <trkpt lat="61.810193" lon="9.687482">
        <ele>886.642544</ele>
        <time>2024-08-15T01:44:49.923Z</time>
      </trkpt>
      <trkpt lat="61.810371" lon="9.687624">
        <ele>888.300466</ele>
        <time>2024-08-15T01:45:04.452Z</time>
      </trkpt>
      <trkpt lat="61.810555" lon="9.687811">
        <ele>890.037767</ele>
        <time>2024-08-15T01:45:20.170Z</time>
      </trkpt>
      <trkpt lat="61.810768" lon="9.687967">
        <ele>891.907720</ele>
        <time>2024-08-15T01:45:34.729Z</time>
      </trkpt>
      <trkpt lat="61.810989" lon="9.688064">
        <ele>893.780266</ele>
        <time>2024-08-15T01:45:49.134Z</time>
      </trkpt>
      <trkpt lat="61.811176" lon="9.688227">
        <ele>895.458103</ele>
        <time>2024-08-15T01:46:01.471Z</time>
      </trkpt>
      <trkpt lat="61.811462" lon="9.688647">
        <ele>898.345964</ele>
        <time>2024-08-15T01:46:21.733Z</time>
      </trkpt>
      <trkpt lat="61.811696" lon="9.689100">
        <ele>900.976728</ele>
        <time>2024-08-15T01:46:40.623Z</time>
      </trkpt>
      <trkpt lat="61.811818" lon="9.689403">
        <ele>902.537056</ele>
        <time>2024-08-15T01:46:51.941Z</time>
      </trkpt>
      <trkpt lat="61.811990" lon="9.690092">
        <ele>905.419994</ele>
        <time>2024-08-15T01:47:13.477Z</time>
      </trkpt>
      <trkpt lat="61.812128" lon="9.690395">
        <ele>906.875477</ele>
        <time>2024-08-15T01:47:24.936Z</time>
      </trkpt>
      <trkpt lat="61.812409" lon="9.691017">
        <ele>909.851692</ele>
        <time>2024-08-15T01:47:48.289Z</time>
      </trkpt>
      <trkpt lat="61.812825" lon="9.692547">
        <ele>915.956227</ele>
        <time>2024-08-15T01:48:34.532Z</time>
      </trkpt>
      <trkpt lat="61.813245" lon="9.693290">
        <ele>920.607521</ele>
        <time>2024-08-15T01:49:05.909Z</time>
      </trkpt>
      <trkpt lat="61.813324" lon="9.693977">
        <ele>923.644905</ele>
        <time>2024-08-15T01:49:26.446Z</time>
      </trkpt>
      <trkpt lat="61.813406" lon="9.694176">
        <ele>924.779329</ele>
        <time>2024-08-15T01:49:34.286Z</time>
      </trkpt>
      <trkpt lat="61.813532" lon="9.694320">
        <ele>926.081541</ele>
        <time>2024-08-15T01:49:43.512Z</time>
      </trkpt>
      <trkpt lat="61.813622" lon="9.694359">
        <ele>926.917017</ele>
        <time>2024-08-15T01:49:49.420Z</time>
      </trkpt>
      <trkpt lat="61.813913" lon="9.694337">
        <ele>929.565207</ele>
        <time>2024-08-15T01:50:08.643Z</time>
      </trkpt>
      <trkpt lat="61.814042" lon="9.694307">
        <ele>930.745455</ele>
        <time>2024-08-15T01:50:17.454Z</time>
      </trkpt>
      <trkpt lat="61.814199" lon="9.694351">
        <ele>932.185749</ele>
        <time>2024-08-15T01:50:28.508Z</time>
      </trkpt>
      <trkpt lat="61.814318" lon="9.694532">
        <ele>933.518332</ele>
        <time>2024-08-15T01:50:38.887Z</time>
      </trkpt>
      <trkpt lat="61.814501" lon="9.695413">
        <ele>939.021160</ele>
        <time>2024-08-15T01:51:12.168Z</time>
      </trkpt>
      <trkpt lat="61.814660" lon="9.696565">
        <ele>945.944321</ele>
        <time>2024-08-15T01:51:55.919Z</time>
      </trkpt>
      <trkpt lat="61.814873" lon="9.697551">
        <ele>952.198631</ele>
        <time>2024-08-15T01:52:36.862Z</time>
      </trkpt>
      <trkpt lat="61.815017" lon="9.698119">
        <ele>955.940004</ele>
        <time>2024-08-15T01:53:00.854Z</time>
      </trkpt>
      <trkpt lat="61.815130" lon="9.698394">
        <ele>958.207988</ele>
        <time>2024-08-15T01:53:14.625Z</time>
      </trkpt>
      <trkpt lat="61.815220" lon="9.698468">
        <ele>959.479873</ele>
        <time>2024-08-15T01:53:22.332Z</time>
      </trkpt>
      <trkpt lat="61.815356" lon="9.698458">
        <ele>961.272554</ele>
        <time>2024-08-15T01:53:33.983Z</time>
      </trkpt>
      <trkpt lat="61.815590" lon="9.698336">
        <ele>964.447248</ele>
        <time>2024-08-15T01:53:53.293Z</time>
      </trkpt>
      <trkpt lat="61.816021" lon="9.698120">
        <ele>970.281932</ele>
        <time>2024-08-15T01:54:29.189Z</time>
      </trkpt>
      <trkpt lat="61.816159" lon="9.698138">
        <ele>972.103327</ele>
        <time>2024-08-15T01:54:40.341Z</time>
      </trkpt>
      <trkpt lat="61.816253" lon="9.698210">
        <ele>973.420179</ele>
        <time>2024-08-15T01:54:48.143Z</time>
      </trkpt>
      <trkpt lat="61.816389" lon="9.698392">
        <ele>975.539640</ele>
        <time>2024-08-15T01:55:01.558Z</time>
      </trkpt>
      <trkpt lat="61.816699" lon="9.699036">
        <ele>981.114465</ele>
        <time>2024-08-15T01:55:37.008Z</time>
      </trkpt>
      <trkpt lat="61.817041" lon="9.699626">
        <ele>986.487150</ele>
        <time>2024-08-15T01:56:11.778Z</time>
      </trkpt>
      <trkpt lat="61.817260" lon="9.699885">
        <ele>989.542178</ele>
        <time>2024-08-15T01:56:31.327Z</time>
      </trkpt>
      <trkpt lat="61.817468" lon="9.700171">
        <ele>992.562661</ele>
        <time>2024-08-15T01:56:50.294Z</time>
      </trkpt>
      <trkpt lat="61.817694" lon="9.700721">
        <ele>996.755956</ele>
        <time>2024-08-15T01:57:16.766Z</time>
      </trkpt>
      <trkpt lat="61.818070" lon="9.701388">
        <ele>1002.216873</ele>
        <time>2024-08-15T01:57:52.347Z</time>
      </trkpt>
      <trkpt lat="61.818418" lon="9.702017">
        <ele>1005.886359</ele>
        <time>2024-08-15T01:58:24.061Z</time>
      </trkpt>
      <trkpt lat="61.818514" lon="9.702374">
        <ele>1007.442347</ele>
        <time>2024-08-15T01:58:47.093Z</time>
      </trkpt>
      <trkpt lat="61.818690" lon="9.703812">
        <ele>1013.068756</ele>
        <time>2024-08-15T02:00:03.272Z</time>
      </trkpt>
      <trkpt lat="61.818820" lon="9.704478">
        <ele>1015.693065</ele>
        <time>2024-08-15T02:00:37.592Z</time>
      </trkpt>
      <trkpt lat="61.819422" lon="9.705871">
        <ele>1017.680495</ele>
        <time>2024-08-15T02:02:00.140Z</time>
      </trkpt>
      <trkpt lat="61.819758" lon="9.706848">
        <ele>1018.952589</ele>
        <time>2024-08-15T02:02:47.442Z</time>
      </trkpt>
      <trkpt lat="61.819831" lon="9.706986">
        <ele>1019.170689</ele>
        <time>2024-08-15T02:02:55.209Z</time>
      </trkpt>
      <trkpt lat="61.820007" lon="9.707239">
        <ele>1019.644794</ele>
        <time>2024-08-15T02:03:11.981Z</time>
      </trkpt>
      <trkpt lat="61.820352" lon="9.707466">
        <ele>1019.682350</ele>
        <time>2024-08-15T02:03:40.416Z</time>
      </trkpt>
      <trkpt lat="61.820795" lon="9.707873">
        <ele>1019.711053</ele>
        <time>2024-08-15T02:04:18.768Z</time>
      </trkpt>
      <trkpt lat="61.821150" lon="9.707967">
        <ele>1019.732319</ele>
        <time>2024-08-15T02:04:47.332Z</time>
      </trkpt>
      <trkpt lat="61.821807" lon="9.708045">
        <ele>1019.862983</ele>
        <time>2024-08-15T02:05:38.860Z</time>
      </trkpt>
      <trkpt lat="61.822518" lon="9.708093">
        <ele>1021.113374</ele>
        <time>2024-08-15T02:06:37.980Z</time>
      </trkpt>
      <trkpt lat="61.822640" lon="9.708083">
        <ele>1021.327979</ele>
        <time>2024-08-15T02:06:48.537Z</time>
      </trkpt>
      <trkpt lat="61.822884" lon="9.707907">
        <ele>1021.781064</ele>
        <time>2024-08-15T02:07:11.219Z</time>
      </trkpt>
      <trkpt lat="61.823009" lon="9.707871">
        <ele>1022.002805</ele>
        <time>2024-08-15T02:07:22.533Z</time>
      </trkpt>
      <trkpt lat="61.823186" lon="9.707979">
        <ele>1022.326582</ele>
        <time>2024-08-15T02:07:38.995Z</time>
      </trkpt>
      <trkpt lat="61.823277" lon="9.708089">
        <ele>1022.510758</ele>
        <time>2024-08-15T02:07:48.402Z</time>
      </trkpt>
      <trkpt lat="61.823690" lon="9.708901">
        <ele>1024.179719</ele>
        <time>2024-08-15T02:08:40.262Z</time>
      </trkpt>
      <trkpt lat="61.824407" lon="9.710856">
        <ele>1028.672975</ele>
        <time>2024-08-15T02:10:32.070Z</time>
      </trkpt>
      <trkpt lat="61.825903" lon="9.713861">
        <ele>1037.278101</ele>
        <time>2024-08-15T02:13:51.451Z</time>
      </trkpt>
      <trkpt lat="61.826386" lon="9.715032">
        <ele>1039.876786</ele>
        <time>2024-08-15T02:15:01.193Z</time>
      </trkpt>
      <trkpt lat="61.826613" lon="9.715449">
        <ele>1040.928008</ele>
        <time>2024-08-15T02:15:29.538Z</time>
      </trkpt>
      <trkpt lat="61.828867" lon="9.719075">
        <ele>1049.696150</ele>
        <time>2024-08-15T02:19:48.821Z</time>
      </trkpt>
      <trkpt lat="61.829461" lon="9.720197">
        <ele>1051.685753</ele>
        <time>2024-08-15T02:20:59.449Z</time>
      </trkpt>
      <trkpt lat="61.830236" lon="9.721949">
        <ele>1054.615910</ele>
        <time>2024-08-15T02:22:39.994Z</time>
      </trkpt>
      <trkpt lat="61.831511" lon="9.724487">
        <ele>1059.711515</ele>
        <time>2024-08-15T02:25:18.990Z</time>
      </trkpt>
      <trkpt lat="61.833528" lon="9.728272">
        <ele>1069.950397</ele>
        <time>2024-08-15T02:29:34.072Z</time>
      </trkpt>
      <trkpt lat="61.834070" lon="9.729032">
        <ele>1072.576596</ele>
        <time>2024-08-15T02:30:38.192Z</time>
      </trkpt>
      <trkpt lat="61.834510" lon="9.729814">
        <ele>1074.674616</ele>
        <time>2024-08-15T02:31:33.358Z</time>
      </trkpt>
      <trkpt lat="61.834817" lon="9.730446">
        <ele>1076.238345</ele>
        <time>2024-08-15T02:32:13.855Z</time>
      </trkpt>
      <trkpt lat="61.834902" lon="9.730605">
        <ele>1076.652564</ele>
        <time>2024-08-15T02:32:24.526Z</time>
      </trkpt>
      <trkpt lat="61.835249" lon="9.731275">
        <ele>1078.367617</ele>
        <time>2024-08-15T02:33:07.887Z</time>
      </trkpt>
      <trkpt lat="61.835348" lon="9.731541">
        <ele>1078.948175</ele>
        <time>2024-08-15T02:33:22.543Z</time>
      </trkpt>
      <trkpt lat="61.835895" lon="9.732781">
        <ele>1080.240993</ele>
        <time>2024-08-15T02:33:59.101Z</time>
      </trkpt>
      <trkpt lat="61.836090" lon="9.733306">
        <ele>1080.749862</ele>
        <time>2024-08-15T02:34:11.747Z</time>
      </trkpt>
      <trkpt lat="61.836355" lon="9.734115">
        <ele>1081.499937</ele>
        <time>2024-08-15T02:34:30.504Z</time>
      </trkpt>
      <trkpt lat="61.837066" lon="9.736762">
        <ele>1083.681841</ele>
        <time>2024-08-15T02:35:31.364Z</time>
      </trkpt>
      <trkpt lat="61.837378" lon="9.737724">
        <ele>1084.508706</ele>
        <time>2024-08-15T02:35:56.119Z</time>
      </trkpt>
      <trkpt lat="61.837632" lon="9.738408">
        <ele>1085.191736</ele>
        <time>2024-08-15T02:36:14.524Z</time>
      </trkpt>
      <trkpt lat="61.837849" lon="9.739092">
        <ele>1085.842774</ele>
        <time>2024-08-15T02:36:31.740Z</time>
      </trkpt>
      <trkpt lat="61.838134" lon="9.739834">
        <ele>1086.598472</ele>
        <time>2024-08-15T02:36:51.343Z</time>
      </trkpt>
      <trkpt lat="61.838360" lon="9.740337">
        <ele>1087.147061</ele>
        <time>2024-08-15T02:37:05.247Z</time>
      </trkpt>
      <trkpt lat="61.838468" lon="9.740469">
        <ele>1087.355738</ele>
        <time>2024-08-15T02:37:10.545Z</time>
      </trkpt>
      <trkpt lat="61.839065" lon="9.740717">
        <ele>1088.653723</ele>
        <time>2024-08-15T02:37:37.082Z</time>
      </trkpt>
      <trkpt lat="61.839368" lon="9.740717">
        <ele>1089.334738</ele>
        <time>2024-08-15T02:37:50.705Z</time>
      </trkpt>
      <trkpt lat="61.839895" lon="9.740639">
        <ele>1090.522097</ele>
        <time>2024-08-15T02:38:15.025Z</time>
      </trkpt>
      <trkpt lat="61.840009" lon="9.740662">
        <ele>1090.779479</ele>
        <time>2024-08-15T02:38:20.428Z</time>
      </trkpt>
      <trkpt lat="61.840244" lon="9.740782">
        <ele>1091.322780</ele>
        <time>2024-08-15T02:38:31.978Z</time>
      </trkpt>
      <trkpt lat="61.840497" lon="9.741009">
        <ele>1092.235617</ele>
        <time>2024-08-15T02:38:45.591Z</time>
      </trkpt>
      <trkpt lat="61.840609" lon="9.741182">
        <ele>1092.817967</ele>
        <time>2024-08-15T02:38:52.572Z</time>
      </trkpt>
      <trkpt lat="61.840728" lon="9.741487">
        <ele>1093.602671</ele>
        <time>2024-08-15T02:39:02.206Z</time>
      </trkpt>
      <trkpt lat="61.841096" lon="9.742677">
        <ele>1096.423768</ele>
        <time>2024-08-15T02:39:38.528Z</time>
      </trkpt>
      <trkpt lat="61.841390" lon="9.743332">
        <ele>1098.216184</ele>
        <time>2024-08-15T02:40:02.672Z</time>
      </trkpt>
      <trkpt lat="61.841619" lon="9.743711">
        <ele>1099.541526</ele>
        <time>2024-08-15T02:40:19.334Z</time>
      </trkpt>
      <trkpt lat="61.841856" lon="9.743983">
        <ele>1101.097874</ele>
        <time>2024-08-15T02:40:34.816Z</time>
      </trkpt>
      <trkpt lat="61.842037" lon="9.744262">
        <ele>1102.390295</ele>
        <time>2024-08-15T02:40:47.874Z</time>
      </trkpt>
      <trkpt lat="61.842821" lon="9.745587">
        <ele>1108.180832</ele>
        <time>2024-08-15T02:41:48.580Z</time>
      </trkpt>
      <trkpt lat="61.843485" lon="9.746804">
        <ele>1113.837514</ele>
        <time>2024-08-15T02:42:45.106Z</time>
      </trkpt>
      <trkpt lat="61.843901" lon="9.748123">
        <ele>1118.845519</ele>
        <time>2024-08-15T02:43:33.499Z</time>
      </trkpt>
      <trkpt lat="61.844237" lon="9.749617">
        <ele>1123.588834</ele>
        <time>2024-08-15T02:44:22.974Z</time>
      </trkpt>
      <trkpt lat="61.844404" lon="9.750039">
        <ele>1124.992072</ele>
        <time>2024-08-15T02:44:38.817Z</time>
      </trkpt>
      <trkpt lat="61.844666" lon="9.750494">
        <ele>1126.821028</ele>
        <time>2024-08-15T02:44:58.819Z</time>
      </trkpt>
      <trkpt lat="61.844840" lon="9.750994">
        <ele>1128.403891</ele>
        <time>2024-08-15T02:45:15.588Z</time>
      </trkpt>
      <trkpt lat="61.845080" lon="9.751617">
        <ele>1130.452949</ele>
        <time>2024-08-15T02:45:36.602Z</time>
      </trkpt>
      <trkpt lat="61.845222" lon="9.752081">
        <ele>1131.721475</ele>
        <time>2024-08-15T02:45:50.680Z</time>
      </trkpt>
      <trkpt lat="61.845663" lon="9.752839">
        <ele>1134.037212</ele>
        <time>2024-08-15T02:46:21.201Z</time>
      </trkpt>
      <trkpt lat="61.846165" lon="9.753935">
        <ele>1136.976595</ele>
        <time>2024-08-15T02:46:59.935Z</time>
      </trkpt>
      <trkpt lat="61.846214" lon="9.754118">
        <ele>1137.381502</ele>
        <time>2024-08-15T02:47:05.156Z</time>
      </trkpt>
      <trkpt lat="61.846330" lon="9.754941">
        <ele>1138.918476</ele>
        <time>2024-08-15T02:47:26.206Z</time>
      </trkpt>
      <trkpt lat="61.846382" lon="9.755145">
        <ele>1139.238857</ele>
        <time>2024-08-15T02:47:31.855Z</time>
      </trkpt>
      <trkpt lat="61.846789" lon="9.756375">
        <ele>1141.314679</ele>
        <time>2024-08-15T02:48:07.327Z</time>
      </trkpt>
      <trkpt lat="61.846956" lon="9.756699">
        <ele>1141.977695</ele>
        <time>2024-08-15T02:48:18.330Z</time>
      </trkpt>
      <trkpt lat="61.847299" lon="9.757066">
        <ele>1143.102898</ele>
        <time>2024-08-15T02:48:36.767Z</time>
      </trkpt>
      <trkpt lat="61.847639" lon="9.757267">
        <ele>1144.012086</ele>
        <time>2024-08-15T02:48:52.975Z</time>
      </trkpt>
      <trkpt lat="61.847901" lon="9.757523">
        <ele>1144.429462</ele>
        <time>2024-08-15T02:49:05.851Z</time>
      </trkpt>
      <trkpt lat="61.848946" lon="9.758934">
        <ele>1146.221977</ele>
        <time>2024-08-15T02:49:57.794Z</time>
      </trkpt>
      <trkpt lat="61.849174" lon="9.759300">
        <ele>1146.621937</ele>
        <time>2024-08-15T02:50:09.675Z</time>
      </trkpt>
      <trkpt lat="61.850183" lon="9.760717">
        <ele>1148.204003</ele>
        <time>2024-08-15T02:51:00.236Z</time>
      </trkpt>
      <trkpt lat="61.850822" lon="9.761509">
        <ele>1149.453765</ele>
        <time>2024-08-15T02:51:32.332Z</time>
      </trkpt>
      <trkpt lat="61.851012" lon="9.761818">
        <ele>1150.036193</ele>
        <time>2024-08-15T02:51:42.870Z</time>
      </trkpt>
      <trkpt lat="61.851447" lon="9.763087">
        <ele>1151.835958</ele>
        <time>2024-08-15T02:52:16.500Z</time>
      </trkpt>
      <trkpt lat="61.851618" lon="9.763702">
        <ele>1152.655012</ele>
        <time>2024-08-15T02:52:32.832Z</time>
      </trkpt>
      <trkpt lat="61.851884" lon="9.764396">
        <ele>1154.159658</ele>
        <time>2024-08-15T02:52:54.638Z</time>
      </trkpt>
      <trkpt lat="61.852057" lon="9.764946">
        <ele>1155.702427</ele>
        <time>2024-08-15T02:53:11.554Z</time>
      </trkpt>
      <trkpt lat="61.852432" lon="9.765795">
        <ele>1158.416771</ele>
        <time>2024-08-15T02:53:42.593Z</time>
      </trkpt>
      <trkpt lat="61.852758" lon="9.766890">
        <ele>1161.438618</ele>
        <time>2024-08-15T02:54:18.973Z</time>
      </trkpt>
      <trkpt lat="61.853228" lon="9.767957">
        <ele>1165.643540</ele>
        <time>2024-08-15T02:55:02.354Z</time>
      </trkpt>
      <trkpt lat="61.854701" lon="9.771500">
        <ele>1179.402454</ele>
        <time>2024-08-15T02:57:23.024Z</time>
      </trkpt>
      <trkpt lat="61.854942" lon="9.771913">
        <ele>1181.230668</ele>
        <time>2024-08-15T02:57:41.468Z</time>
      </trkpt>
      <trkpt lat="61.855518" lon="9.773041">
        <ele>1185.134702</ele>
        <time>2024-08-15T02:58:26.483Z</time>
      </trkpt>
      <trkpt lat="61.855919" lon="9.773717">
        <ele>1186.817996</ele>
        <time>2024-08-15T02:58:53.757Z</time>
      </trkpt>
      <trkpt lat="61.856226" lon="9.774475">
        <ele>1188.366361</ele>
        <time>2024-08-15T02:59:16.853Z</time>
      </trkpt>
      <trkpt lat="61.856449" lon="9.774918">
        <ele>1189.370443</ele>
        <time>2024-08-15T02:59:31.057Z</time>
      </trkpt>
      <trkpt lat="61.856739" lon="9.775289">
        <ele>1190.221628</ele>
        <time>2024-08-15T02:59:46.132Z</time>
      </trkpt>
      <trkpt lat="61.857028" lon="9.775747">
        <ele>1190.511955</ele>
        <time>2024-08-15T03:00:01.439Z</time>
      </trkpt>
      <trkpt lat="61.857724" lon="9.776587">
        <ele>1191.156364</ele>
        <time>2024-08-15T03:00:32.852Z</time>
      </trkpt>
      <trkpt lat="61.858672" lon="9.777976">
        <ele>1191.846556</ele>
        <time>2024-08-15T03:01:16.465Z</time>
      </trkpt>
      <trkpt lat="61.859091" lon="9.778626">
        <ele>1192.066099</ele>
        <time>2024-08-15T03:01:36.750Z</time>
      </trkpt>
      <trkpt lat="61.859599" lon="9.779626">
        <ele>1192.359308</ele>
        <time>2024-08-15T03:02:04.100Z</time>
      </trkpt>
      <trkpt lat="61.861112" lon="9.782294">
        <ele>1193.154741</ele>
        <time>2024-08-15T03:03:20.459Z</time>
      </trkpt>
      <trkpt lat="61.862053" lon="9.783667">
        <ele>1193.407838</ele>
        <time>2024-08-15T03:04:04.058Z</time>
      </trkpt>
      <trkpt lat="61.862737" lon="9.784954">
        <ele>1193.244157</ele>
        <time>2024-08-15T03:04:37.887Z</time>
      </trkpt>
      <trkpt lat="61.863125" lon="9.785510">
        <ele>1192.976521</ele>
        <time>2024-08-15T03:04:54.450Z</time>
      </trkpt>
      <trkpt lat="61.863305" lon="9.785841">
        <ele>1192.840353</ele>
        <time>2024-08-15T03:05:02.775Z</time>
      </trkpt>
      <trkpt lat="61.863730" lon="9.786488">
        <ele>1192.541345</ele>
        <time>2024-08-15T03:05:20.576Z</time>
      </trkpt>
      <trkpt lat="61.864763" lon="9.787426">
        <ele>1191.434945</ele>
        <time>2024-08-15T03:05:57.512Z</time>
      </trkpt>
      <trkpt lat="61.866222" lon="9.789016">
        <ele>1190.965638</ele>
        <time>2024-08-15T03:06:54.351Z</time>
      </trkpt>
      <trkpt lat="61.866782" lon="9.789471">
        <ele>1191.199430</ele>
        <time>2024-08-15T03:07:18.566Z</time>
      </trkpt>
      <trkpt lat="61.867460" lon="9.790201">
        <ele>1192.322606</ele>
        <time>2024-08-15T03:07:52.825Z</time>
      </trkpt>
      <trkpt lat="61.867620" lon="9.790446">
        <ele>1192.788187</ele>
        <time>2024-08-15T03:08:01.862Z</time>
      </trkpt>
      <trkpt lat="61.868099" lon="9.791595">
        <ele>1194.494260</ele>
        <time>2024-08-15T03:08:36.009Z</time>
      </trkpt>
      <trkpt lat="61.868453" lon="9.792421">
        <ele>1195.712242</ele>
        <time>2024-08-15T03:09:01.151Z</time>
      </trkpt>
      <trkpt lat="61.868770" lon="9.793082">
        <ele>1196.606087</ele>
        <time>2024-08-15T03:09:22.798Z</time>
      </trkpt>
      <trkpt lat="61.868895" lon="9.793281">
        <ele>1196.920351</ele>
        <time>2024-08-15T03:09:30.460Z</time>
      </trkpt>
      <trkpt lat="61.869569" lon="9.793582">
        <ele>1198.305278</ele>
        <time>2024-08-15T03:10:02.236Z</time>
      </trkpt>
      <trkpt lat="61.869687" lon="9.793691">
        <ele>1198.564065</ele>
        <time>2024-08-15T03:10:07.779Z</time>
      </trkpt>
      <trkpt lat="61.869840" lon="9.793938">
        <ele>1198.950678</ele>
        <time>2024-08-15T03:10:15.612Z</time>
      </trkpt>
      <trkpt lat="61.870140" lon="9.794522">
        <ele>1198.917308</ele>
        <time>2024-08-15T03:10:31.333Z</time>
      </trkpt>
      <trkpt lat="61.870495" lon="9.795447">
        <ele>1198.379046</ele>
        <time>2024-08-15T03:10:51.624Z</time>
      </trkpt>
      <trkpt lat="61.870762" lon="9.795944">
        <ele>1198.039013</ele>
        <time>2024-08-15T03:11:03.601Z</time>
      </trkpt>
      <trkpt lat="61.870852" lon="9.796109">
        <ele>1197.925144</ele>
        <time>2024-08-15T03:11:07.473Z</time>
      </trkpt>
      <trkpt lat="61.870955" lon="9.796209">
        <ele>1197.816715</ele>
        <time>2024-08-15T03:11:11.114Z</time>
      </trkpt>
      <trkpt lat="61.871317" lon="9.796247">
        <ele>1197.467124</ele>
        <time>2024-08-15T03:11:22.333Z</time>
      </trkpt>
      <trkpt lat="61.871852" lon="9.796597">
        <ele>1194.862674</ele>
        <time>2024-08-15T03:11:38.529Z</time>
      </trkpt>
      <trkpt lat="61.872143" lon="9.796624">
        <ele>1193.507677</ele>
        <time>2024-08-15T03:11:46.648Z</time>
      </trkpt>
      <trkpt lat="61.872548" lon="9.796828">
        <ele>1191.571267</ele>
        <time>2024-08-15T03:11:57.998Z</time>
      </trkpt>
      <trkpt lat="61.872879" lon="9.796857">
        <ele>1190.030176</ele>
        <time>2024-08-15T03:12:06.875Z</time>
      </trkpt>
      <trkpt lat="61.873061" lon="9.796743">
        <ele>1189.147389</ele>
        <time>2024-08-15T03:12:11.894Z</time>
      </trkpt>
      <trkpt lat="61.873365" lon="9.796314">
        <ele>1186.991276</ele>
        <time>2024-08-15T03:12:21.586Z</time>
      </trkpt>
      <trkpt lat="61.873683" lon="9.796186">
        <ele>1185.069151</ele>
        <time>2024-08-15T03:12:30.202Z</time>
      </trkpt>
      <trkpt lat="61.873925" lon="9.795914">
        <ele>1183.442777</ele>
        <time>2024-08-15T03:12:37.531Z</time>
      </trkpt>
      <trkpt lat="61.874353" lon="9.795732">
        <ele>1180.850555</ele>
        <time>2024-08-15T03:12:49.116Z</time>
      </trkpt>
      <trkpt lat="61.874602" lon="9.795751">
        <ele>1179.370924</ele>
        <time>2024-08-15T03:12:55.671Z</time>
      </trkpt>
      <trkpt lat="61.874785" lon="9.795782">
        <ele>1178.337570</ele>
        <time>2024-08-15T03:13:00.531Z</time>
      </trkpt>
      <trkpt lat="61.875017" lon="9.795922">
        <ele>1177.480669</ele>
        <time>2024-08-15T03:13:07.055Z</time>
      </trkpt>
      <trkpt lat="61.875079" lon="9.795964">
        <ele>1177.249451</ele>
        <time>2024-08-15T03:13:08.883Z</time>
      </trkpt>
      <trkpt lat="61.875152" lon="9.796001">
        <ele>1176.982812</ele>
        <time>2024-08-15T03:13:10.956Z</time>
      </trkpt>
      <trkpt lat="61.875164" lon="9.796008">
        <ele>1176.938598</ele>
        <time>2024-08-15T03:13:11.312Z</time>
      </trkpt>
      <trkpt lat="61.875392" lon="9.796120">
        <ele>1176.107174</ele>
        <time>2024-08-15T03:13:14.596Z</time>
      </trkpt>
      <trkpt lat="61.875813" lon="9.796498">
        <ele>1174.483088</ele>
        <time>2024-08-15T03:13:21.418Z</time>
      </trkpt>
      <trkpt lat="61.876038" lon="9.796612">
        <ele>1173.661273</ele>
        <time>2024-08-15T03:13:24.903Z</time>
      </trkpt>
      <trkpt lat="61.876267" lon="9.796687">
        <ele>1172.838091</ele>
        <time>2024-08-15T03:13:28.380Z</time>
      </trkpt>
      <trkpt lat="61.876585" lon="9.797140">
        <ele>1171.895212</ele>
        <time>2024-08-15T03:13:34.228Z</time>
      </trkpt>
      <trkpt lat="61.876827" lon="9.797349">
        <ele>1171.665858</ele>
        <time>2024-08-15T03:13:38.344Z</time>
      </trkpt>
      <trkpt lat="61.877166" lon="9.797537">
        <ele>1171.358285</ele>
        <time>2024-08-15T03:13:44.018Z</time>
      </trkpt>
      <trkpt lat="61.877386" lon="9.797565">
        <ele>1171.164823</ele>
        <time>2024-08-15T03:13:47.888Z</time>
      </trkpt>
      <trkpt lat="61.877629" lon="9.797529">
        <ele>1170.950998</ele>
        <time>2024-08-15T03:13:53.040Z</time>
      </trkpt>
      <trkpt lat="61.877944" lon="9.797404">
        <ele>1170.669697</ele>
        <time>2024-08-15T03:14:01.162Z</time>
      </trkpt>
      <trkpt lat="61.878145" lon="9.797407">
        <ele>1170.493255</ele>
        <time>2024-08-15T03:14:05.812Z</time>
      </trkpt>
      <trkpt lat="61.877944" lon="9.797404">
        <ele>1170.608098</ele>
        <time>2024-08-15T03:14:09.433Z</time>
      </trkpt>
      <trkpt lat="61.877629" lon="9.797529">
        <ele>1170.926197</ele>
        <time>2024-08-15T03:14:14.815Z</time>
      </trkpt>
      <trkpt lat="61.877386" lon="9.797565">
        <ele>1171.167991</ele>
        <time>2024-08-15T03:14:19.546Z</time>
      </trkpt>
      <trkpt lat="61.877166" lon="9.797537">
        <ele>1171.386761</ele>
        <time>2024-08-15T03:14:24.774Z</time>
      </trkpt>
      <trkpt lat="61.876827" lon="9.797349">
        <ele>1171.734567</ele>
        <time>2024-08-15T03:14:34.202Z</time>
      </trkpt>
      <trkpt lat="61.876585" lon="9.797140">
        <ele>1171.993923</ele>
        <time>2024-08-15T03:14:41.574Z</time>
      </trkpt>
      <trkpt lat="61.876267" lon="9.796687">
        <ele>1172.743741</ele>
        <time>2024-08-15T03:14:53.016Z</time>
      </trkpt>
      <trkpt lat="61.876038" lon="9.796612">
        <ele>1173.602282</ele>
        <time>2024-08-15T03:15:00.183Z</time>
      </trkpt>
      <trkpt lat="61.875813" lon="9.796498">
        <ele>1174.459398</ele>
        <time>2024-08-15T03:15:07.358Z</time>
      </trkpt>
      <trkpt lat="61.875392" lon="9.796120">
        <ele>1176.153246</ele>
        <time>2024-08-15T03:15:21.701Z</time>
      </trkpt>
      <trkpt lat="61.875164" lon="9.796008">
        <ele>1177.020384</ele>
        <time>2024-08-15T03:15:30.172Z</time>
      </trkpt>
      <trkpt lat="61.875152" lon="9.796001">
        <ele>1177.066496</ele>
        <time>2024-08-15T03:15:30.866Z</time>
      </trkpt>
      <trkpt lat="61.875079" lon="9.795964">
        <ele>1177.344589</ele>
        <time>2024-08-15T03:15:35.039Z</time>
      </trkpt>
      <trkpt lat="61.875017" lon="9.795922">
        <ele>1177.585739</ele>
        <time>2024-08-15T03:15:38.521Z</time>
      </trkpt>
      <trkpt lat="61.874785" lon="9.795782">
        <ele>1178.479447</ele>
        <time>2024-08-15T03:15:52.895Z</time>
      </trkpt>
      <trkpt lat="61.874602" lon="9.795751">
        <ele>1179.316058</ele>
        <time>2024-08-15T03:16:04.256Z</time>
      </trkpt>
      <trkpt lat="61.874353" lon="9.795732">
        <ele>1180.802285</ele>
        <time>2024-08-15T03:16:19.884Z</time>
      </trkpt>
      <trkpt lat="61.873925" lon="9.795914">
        <ele>1183.406063</ele>
        <time>2024-08-15T03:16:46.997Z</time>
      </trkpt>
      <trkpt lat="61.873683" lon="9.796186">
        <ele>1185.039687</ele>
        <time>2024-08-15T03:17:03.595Z</time>
      </trkpt>
      <trkpt lat="61.873365" lon="9.796314">
        <ele>1186.970381</ele>
        <time>2024-08-15T03:17:23.373Z</time>
      </trkpt>
      <trkpt lat="61.873061" lon="9.796743">
        <ele>1189.148334</ele>
        <time>2024-08-15T03:17:45.947Z</time>
      </trkpt>
      <trkpt lat="61.872879" lon="9.796857">
        <ele>1190.120582</ele>
        <time>2024-08-15T03:17:57.683Z</time>
      </trkpt>
      <trkpt lat="61.872548" lon="9.796828">
        <ele>1191.609851</ele>
        <time>2024-08-15T03:18:17.698Z</time>
      </trkpt>
      <trkpt lat="61.872143" lon="9.796624">
        <ele>1193.481145</ele>
        <time>2024-08-15T03:18:41.797Z</time>
      </trkpt>
      <trkpt lat="61.871852" lon="9.796597">
        <ele>1194.790578</ele>
        <time>2024-08-15T03:18:58.027Z</time>
      </trkpt>
      <trkpt lat="61.871317" lon="9.796247">
        <ele>1197.307448</ele>
        <time>2024-08-15T03:19:26.972Z</time>
      </trkpt>
      <trkpt lat="61.870955" lon="9.796209">
        <ele>1197.928727</ele>
        <time>2024-08-15T03:19:43.661Z</time>
      </trkpt>
      <trkpt lat="61.870852" lon="9.796109">
        <ele>1198.016866</ele>
        <time>2024-08-15T03:19:48.631Z</time>
      </trkpt>
      <trkpt lat="61.870762" lon="9.795944">
        <ele>1198.109426</ele>
        <time>2024-08-15T03:19:53.797Z</time>
      </trkpt>
      <trkpt lat="61.870495" lon="9.795447">
        <ele>1198.385829</ele>
        <time>2024-08-15T03:20:08.369Z</time>
      </trkpt>
      <trkpt lat="61.870140" lon="9.794522">
        <ele>1198.823367</ele>
        <time>2024-08-15T03:20:29.815Z</time>
      </trkpt>
      <trkpt lat="61.869840" lon="9.793938">
        <ele>1199.055070</ele>
        <time>2024-08-15T03:20:44.311Z</time>
      </trkpt>
      <trkpt lat="61.869687" lon="9.793691">
        <ele>1198.650561</ele>
        <time>2024-08-15T03:20:50.860Z</time>
      </trkpt>
      <trkpt lat="61.869569" lon="9.793582">
        <ele>1198.379794</ele>
        <time>2024-08-15T03:20:55.057Z</time>
      </trkpt>
      <trkpt lat="61.868895" lon="9.793281">
        <ele>1196.930758</ele>
        <time>2024-08-15T03:21:16.365Z</time>
      </trkpt>
      <trkpt lat="61.868770" lon="9.793082">
        <ele>1196.601947</ele>
        <time>2024-08-15T03:21:21.021Z</time>
      </trkpt>
      <trkpt lat="61.868453" lon="9.792421">
        <ele>1195.666725</ele>
        <time>2024-08-15T03:21:34.336Z</time>
      </trkpt>
      <trkpt lat="61.868099" lon="9.791595">
        <ele>1194.483478</ele>
        <time>2024-08-15T03:21:50.277Z</time>
      </trkpt>
      <trkpt lat="61.867620" lon="9.790446">
        <ele>1192.812657</ele>
        <time>2024-08-15T03:22:12.364Z</time>
      </trkpt>
      <trkpt lat="61.867460" lon="9.790201">
        <ele>1192.356696</ele>
        <time>2024-08-15T03:22:18.495Z</time>
      </trkpt>
      <trkpt lat="61.866782" lon="9.789471">
        <ele>1191.111371</ele>
        <time>2024-08-15T03:22:42.456Z</time>
      </trkpt>
      <trkpt lat="61.866222" lon="9.789016">
        <ele>1190.952628</ele>
        <time>2024-08-15T03:23:02.963Z</time>
      </trkpt>
      <trkpt lat="61.864763" lon="9.787426">
        <ele>1191.422290</ele>
        <time>2024-08-15T03:24:08.332Z</time>
      </trkpt>
      <trkpt lat="61.863730" lon="9.786488">
        <ele>1192.585180</ele>
        <time>2024-08-15T03:24:56.065Z</time>
      </trkpt>
      <trkpt lat="61.863305" lon="9.785841">
        <ele>1192.857535</ele>
        <time>2024-08-15T03:25:17.389Z</time>
      </trkpt>
      <trkpt lat="61.863125" lon="9.785510">
        <ele>1192.981564</ele>
        <time>2024-08-15T03:25:26.832Z</time>
      </trkpt>
      <trkpt lat="61.862737" lon="9.784954">
        <ele>1193.225344</ele>
        <time>2024-08-15T03:25:45.042Z</time>
      </trkpt>
      <trkpt lat="61.862053" lon="9.783667">
        <ele>1193.424691</ele>
        <time>2024-08-15T03:26:18.986Z</time>
      </trkpt>
      <trkpt lat="61.861112" lon="9.782294">
        <ele>1193.146345</ele>
        <time>2024-08-15T03:27:00.113Z</time>
      </trkpt>
      <trkpt lat="61.859599" lon="9.779626">
        <ele>1192.353305</ele>
        <time>2024-08-15T03:28:09.954Z</time>
      </trkpt>
      <trkpt lat="61.859091" lon="9.778626">
        <ele>1192.064022</ele>
        <time>2024-08-15T03:28:34.148Z</time>
      </trkpt>
      <trkpt lat="61.858672" lon="9.777976">
        <ele>1191.848922</ele>
        <time>2024-08-15T03:28:52.464Z</time>
      </trkpt>
      <trkpt lat="61.857724" lon="9.776587">
        <ele>1191.166621</ele>
        <time>2024-08-15T03:29:34.352Z</time>
      </trkpt>
      <trkpt lat="61.857028" lon="9.775747">
        <ele>1190.462704</ele>
        <time>2024-08-15T03:30:02.436Z</time>
      </trkpt>
      <trkpt lat="61.856739" lon="9.775289">
        <ele>1190.145567</ele>
        <time>2024-08-15T03:30:14.324Z</time>
      </trkpt>
      <trkpt lat="61.856449" lon="9.774918">
        <ele>1189.482203</ele>
        <time>2024-08-15T03:30:25.097Z</time>
      </trkpt>
      <trkpt lat="61.856226" lon="9.774475">
        <ele>1188.430460</ele>
        <time>2024-08-15T03:30:34.504Z</time>
      </trkpt>
      <trkpt lat="61.855919" lon="9.773717">
        <ele>1186.808599</ele>
        <time>2024-08-15T03:30:48.581Z</time>
      </trkpt>
      <trkpt lat="61.855518" lon="9.773041">
        <ele>1185.045404</ele>
        <time>2024-08-15T03:31:03.164Z</time>
      </trkpt>
      <trkpt lat="61.854942" lon="9.771913">
        <ele>1181.287118</ele>
        <time>2024-08-15T03:31:24.640Z</time>
      </trkpt>
      <trkpt lat="61.854701" lon="9.771500">
        <ele>1179.433863</ele>
        <time>2024-08-15T03:31:33.004Z</time>
      </trkpt>
      <trkpt lat="61.853228" lon="9.767957">
        <ele>1165.664528</ele>
        <time>2024-08-15T03:32:31.570Z</time>
      </trkpt>
      <trkpt lat="61.852758" lon="9.766890">
        <ele>1161.351784</ele>
        <time>2024-08-15T03:32:49.716Z</time>
      </trkpt>
      <trkpt lat="61.852432" lon="9.765795">
        <ele>1158.405009</ele>
        <time>2024-08-15T03:33:06.154Z</time>
      </trkpt>
      <trkpt lat="61.852057" lon="9.764946">
        <ele>1155.758099</ele>
        <time>2024-08-15T03:33:21.322Z</time>
      </trkpt>
      <trkpt lat="61.851884" lon="9.764396">
        <ele>1154.253658</ele>
        <time>2024-08-15T03:33:30.101Z</time>
      </trkpt>
      <trkpt lat="61.851618" lon="9.763702">
        <ele>1152.569342</ele>
        <time>2024-08-15T03:33:42.300Z</time>
      </trkpt>
      <trkpt lat="61.851447" lon="9.763087">
        <ele>1151.782639</ele>
        <time>2024-08-15T03:33:52.396Z</time>
      </trkpt>
      <trkpt lat="61.851012" lon="9.761818">
        <ele>1150.053963</ele>
        <time>2024-08-15T03:34:15.575Z</time>
      </trkpt>
      <trkpt lat="61.850822" lon="9.761509">
        <ele>1149.494540</ele>
        <time>2024-08-15T03:34:23.267Z</time>
      </trkpt>
      <trkpt lat="61.850183" lon="9.760717">
        <ele>1148.184895</ele>
        <time>2024-08-15T03:34:47.205Z</time>
      </trkpt>
      <trkpt lat="61.849174" lon="9.759300">
        <ele>1146.630690</ele>
        <time>2024-08-15T03:35:27.522Z</time>
      </trkpt>
      <trkpt lat="61.848946" lon="9.758934">
        <ele>1146.243130</ele>
        <time>2024-08-15T03:35:37.099Z</time>
      </trkpt>
      <trkpt lat="61.847901" lon="9.757523">
        <ele>1144.391545</ele>
        <time>2024-08-15T03:36:18.239Z</time>
      </trkpt>
      <trkpt lat="61.847639" lon="9.757267">
        <ele>1143.960415</ele>
        <time>2024-08-15T03:36:27.433Z</time>
      </trkpt>
      <trkpt lat="61.847299" lon="9.757066">
        <ele>1143.162856</ele>
        <time>2024-08-15T03:36:38.380Z</time>
      </trkpt>
      <trkpt lat="61.846956" lon="9.756699">
        <ele>1142.007043</ele>
        <time>2024-08-15T03:36:49.994Z</time>
      </trkpt>
      <trkpt lat="61.846789" lon="9.756375">
        <ele>1141.325990</ele>
        <time>2024-08-15T03:36:56.780Z</time>
      </trkpt>
      <trkpt lat="61.846382" lon="9.755145">
        <ele>1139.193696</ele>
        <time>2024-08-15T03:37:17.661Z</time>
      </trkpt>
      <trkpt lat="61.846330" lon="9.754941">
        <ele>1138.864598</ele>
        <time>2024-08-15T03:37:20.831Z</time>
      </trkpt>
      <trkpt lat="61.846214" lon="9.754118">
        <ele>1137.407720</ele>
        <time>2024-08-15T03:37:32.508Z</time>
      </trkpt>
      <trkpt lat="61.846165" lon="9.753935">
        <ele>1136.998737</ele>
        <time>2024-08-15T03:37:35.363Z</time>
      </trkpt>
      <trkpt lat="61.845663" lon="9.752839">
        <ele>1134.029770</ele>
        <time>2024-08-15T03:37:55.767Z</time>
      </trkpt>
      <trkpt lat="61.845222" lon="9.752081">
        <ele>1131.690725</ele>
        <time>2024-08-15T03:38:11.846Z</time>
      </trkpt>
      <trkpt lat="61.845080" lon="9.751617">
        <ele>1130.527524</ele>
        <time>2024-08-15T03:38:19.212Z</time>
      </trkpt>
      <trkpt lat="61.844840" lon="9.750994">
        <ele>1128.441708</ele>
        <time>2024-08-15T03:38:29.799Z</time>
      </trkpt>
      <trkpt lat="61.844666" lon="9.750494">
        <ele>1126.830450</ele>
        <time>2024-08-15T03:38:37.845Z</time>
      </trkpt>
      <trkpt lat="61.844404" lon="9.750039">
        <ele>1124.968683</ele>
        <time>2024-08-15T03:38:47.014Z</time>
      </trkpt>
      <trkpt lat="61.844237" lon="9.749617">
        <ele>1123.540273</ele>
        <time>2024-08-15T03:38:53.955Z</time>
      </trkpt>
      <trkpt lat="61.843901" lon="9.748123">
        <ele>1118.868858</ele>
        <time>2024-08-15T03:39:14.463Z</time>
      </trkpt>
      <trkpt lat="61.843485" lon="9.746804">
        <ele>1113.860763</ele>
        <time>2024-08-15T03:39:33.953Z</time>
      </trkpt>
      <trkpt lat="61.842821" lon="9.745587">
        <ele>1108.131310</ele>
        <time>2024-08-15T03:39:56.873Z</time>
      </trkpt>
      <trkpt lat="61.842037" lon="9.744262">
        <ele>1102.410963</ele>
        <time>2024-08-15T03:40:23.689Z</time>
      </trkpt>
      <trkpt lat="61.841856" lon="9.743983">
        <ele>1101.134208</ele>
        <time>2024-08-15T03:40:29.816Z</time>
      </trkpt>
      <trkpt lat="61.841619" lon="9.743711">
        <ele>1099.596725</ele>
        <time>2024-08-15T03:40:37.173Z</time>
      </trkpt>
      <trkpt lat="61.841390" lon="9.743332">
        <ele>1098.153002</ele>
        <time>2024-08-15T03:40:45.158Z</time>
      </trkpt>
      <trkpt lat="61.841096" lon="9.742677">
        <ele>1096.402195</ele>
        <time>2024-08-15T03:40:56.931Z</time>
      </trkpt>
      <trkpt lat="61.840728" lon="9.741487">
        <ele>1093.646584</ele>
        <time>2024-08-15T03:41:15.874Z</time>
      </trkpt>
      <trkpt lat="61.840609" lon="9.741182">
        <ele>1092.880096</ele>
        <time>2024-08-15T03:41:21.262Z</time>
      </trkpt>
      <trkpt lat="61.840497" lon="9.741009">
        <ele>1092.311264</ele>
        <time>2024-08-15T03:41:25.338Z</time>
      </trkpt>
      <trkpt lat="61.840244" lon="9.740782">
        <ele>1091.247531</ele>
        <time>2024-08-15T03:41:33.483Z</time>
      </trkpt>
      <trkpt lat="61.840009" lon="9.740662">
        <ele>1090.722270</ele>
        <time>2024-08-15T03:41:40.808Z</time>
      </trkpt>
      <trkpt lat="61.839895" lon="9.740639">
        <ele>1090.473433</ele>
        <time>2024-08-15T03:41:44.294Z</time>
      </trkpt>
      <trkpt lat="61.839368" lon="9.740717">
        <ele>1089.325500</ele>
        <time>2024-08-15T03:42:00.688Z</time>
      </trkpt>
      <trkpt lat="61.839065" lon="9.740717">
        <ele>1088.667098</ele>
        <time>2024-08-15T03:42:10.249Z</time>
      </trkpt>
      <trkpt lat="61.838468" lon="9.740469">
        <ele>1087.360044</ele>
        <time>2024-08-15T03:42:29.863Z</time>
      </trkpt>
      <trkpt lat="61.838360" lon="9.740337">
        <ele>1087.150353</ele>
        <time>2024-08-15T03:42:33.970Z</time>
      </trkpt>
      <trkpt lat="61.838134" lon="9.739834">
        <ele>1086.599099</ele>
        <time>2024-08-15T03:42:44.738Z</time>
      </trkpt>
      <trkpt lat="61.837849" lon="9.739092">
        <ele>1085.839730</ele>
        <time>2024-08-15T03:42:59.331Z</time>
      </trkpt>
      <trkpt lat="61.837632" lon="9.738408">
        <ele>1085.185529</ele>
        <time>2024-08-15T03:43:11.759Z</time>
      </trkpt>
      <trkpt lat="61.837378" lon="9.737724">
        <ele>1084.494677</ele>
        <time>2024-08-15T03:43:24.730Z</time>
      </trkpt>
      <trkpt lat="61.837066" lon="9.736762">
        <ele>1083.672852</ele>
        <time>2024-08-15T03:43:42.100Z</time>
      </trkpt>
      <trkpt lat="61.836355" lon="9.734115">
        <ele>1081.535945</ele>
        <time>2024-08-15T03:44:29.491Z</time>
      </trkpt>
      <trkpt lat="61.836090" lon="9.733306">
        <ele>1080.747372</ele>
        <time>2024-08-15T03:44:45.449Z</time>
      </trkpt>
      <trkpt lat="61.835895" lon="9.732781">
        <ele>1080.212385</ele>
        <time>2024-08-15T03:44:56.296Z</time>
      </trkpt>
      <trkpt lat="61.835348" lon="9.731541">
        <ele>1078.853213</ele>
        <time>2024-08-15T03:45:21.300Z</time>
      </trkpt>
      <trkpt lat="61.835249" lon="9.731275">
        <ele>1078.444401</ele>
        <time>2024-08-15T03:45:32.519Z</time>
      </trkpt>
      <trkpt lat="61.834902" lon="9.730605">
        <ele>1076.692884</ele>
        <time>2024-08-15T03:46:05.293Z</time>
      </trkpt>
      <trkpt lat="61.834817" lon="9.730446">
        <ele>1076.269858</ele>
        <time>2024-08-15T03:46:13.062Z</time>
      </trkpt>
      <trkpt lat="61.834510" lon="9.729814">
        <ele>1074.672881</ele>
        <time>2024-08-15T03:46:42.359Z</time>
      </trkpt>
      <trkpt lat="61.834070" lon="9.729032">
        <ele>1072.530254</ele>
        <time>2024-08-15T03:47:21.349Z</time>
      </trkpt>
      <trkpt lat="61.833528" lon="9.728272">
        <ele>1069.943881</ele>
        <time>2024-08-15T03:48:04.612Z</time>
      </trkpt>
      <trkpt lat="61.831511" lon="9.724487">
        <ele>1059.738126</ele>
        <time>2024-08-15T03:51:09.161Z</time>
      </trkpt>
      <trkpt lat="61.830236" lon="9.721949">
        <ele>1054.628830</ele>
        <time>2024-08-15T03:53:12.555Z</time>
      </trkpt>
      <trkpt lat="61.829461" lon="9.720197">
        <ele>1051.677326</ele>
        <time>2024-08-15T03:54:34.160Z</time>
      </trkpt>
      <trkpt lat="61.828867" lon="9.719075">
        <ele>1049.673591</ele>
        <time>2024-08-15T03:55:31.350Z</time>
      </trkpt>
      <trkpt lat="61.826613" lon="9.715449">
        <ele>1040.930532</ele>
        <time>2024-08-15T03:58:49.940Z</time>
      </trkpt>
      <trkpt lat="61.826386" lon="9.715032">
        <ele>1039.864697</ele>
        <time>2024-08-15T03:59:10.537Z</time>
      </trkpt>
      <trkpt lat="61.825903" lon="9.713861">
        <ele>1037.260656</ele>
        <time>2024-08-15T04:00:00.718Z</time>
      </trkpt>
      <trkpt lat="61.824407" lon="9.710856">
        <ele>1028.651670</ele>
        <time>2024-08-15T04:02:19.861Z</time>
      </trkpt>
      <trkpt lat="61.823690" lon="9.708901">
        <ele>1024.223649</ele>
        <time>2024-08-15T04:03:39.299Z</time>
      </trkpt>
      <trkpt lat="61.823277" lon="9.708089">
        <ele>1022.409394</ele>
        <time>2024-08-15T04:04:18.658Z</time>
      </trkpt>
      <trkpt lat="61.823186" lon="9.707979">
        <ele>1022.239689</ele>
        <time>2024-08-15T04:04:26.179Z</time>
      </trkpt>
      <trkpt lat="61.823009" lon="9.707871">
        <ele>1021.941353</ele>
        <time>2024-08-15T04:04:39.236Z</time>
      </trkpt>
      <trkpt lat="61.822884" lon="9.707907">
        <ele>1021.737036</ele>
        <time>2024-08-15T04:04:48.307Z</time>
      </trkpt>
      <trkpt lat="61.822640" lon="9.708083">
        <ele>1021.319553</ele>
        <time>2024-08-15T04:05:07.011Z</time>
      </trkpt>
      <trkpt lat="61.822518" lon="9.708093">
        <ele>1021.121810</ele>
        <time>2024-08-15T04:05:15.966Z</time>
      </trkpt>
      <trkpt lat="61.821807" lon="9.708045">
        <ele>1019.969669</ele>
        <time>2024-08-15T04:06:10.013Z</time>
      </trkpt>
      <trkpt lat="61.821150" lon="9.707967">
        <ele>1019.706107</ele>
        <time>2024-08-15T04:07:03.004Z</time>
      </trkpt>
      <trkpt lat="61.820795" lon="9.707873">
        <ele>1019.685487</ele>
        <time>2024-08-15T04:07:31.300Z</time>
      </trkpt>
      <trkpt lat="61.820352" lon="9.707466">
        <ele>1019.657654</ele>
        <time>2024-08-15T04:08:09.718Z</time>
      </trkpt>
      <trkpt lat="61.820007" lon="9.707239">
        <ele>1019.636831</ele>
        <time>2024-08-15T04:08:38.565Z</time>
      </trkpt>
      <trkpt lat="61.819831" lon="9.706986">
        <ele>1019.312484</ele>
        <time>2024-08-15T04:08:55.672Z</time>
      </trkpt>
      <trkpt lat="61.819758" lon="9.706848">
        <ele>1019.071178</ele>
        <time>2024-08-15T04:09:03.472Z</time>
      </trkpt>
      <trkpt lat="61.819422" lon="9.705871">
        <ele>1017.663732</ele>
        <time>2024-08-15T04:09:46.996Z</time>
      </trkpt>
      <trkpt lat="61.818820" lon="9.704478">
        <ele>1015.464837</ele>
        <time>2024-08-15T04:10:48.980Z</time>
      </trkpt>
      <trkpt lat="61.818690" lon="9.703812">
        <ele>1013.269602</ele>
        <time>2024-08-15T04:11:11.313Z</time>
      </trkpt>
      <trkpt lat="61.818514" lon="9.702374">
        <ele>1007.432647</ele>
        <time>2024-08-15T04:11:55.413Z</time>
      </trkpt>
      <trkpt lat="61.818418" lon="9.702017">
        <ele>1005.818434</ele>
        <time>2024-08-15T04:12:07.047Z</time>
      </trkpt>
      <trkpt lat="61.818070" lon="9.701388">
        <ele>1002.011632</ele>
        <time>2024-08-15T04:12:15.043Z</time>
      </trkpt>
      <trkpt lat="61.817694" lon="9.700721">
        <ele>996.834827</ele>
        <time>2024-08-15T04:12:23.533Z</time>
      </trkpt>
      <trkpt lat="61.817468" lon="9.700171">
        <ele>992.606348</ele>
        <time>2024-08-15T04:12:29.415Z</time>
      </trkpt>
      <trkpt lat="61.817260" lon="9.699885">
        <ele>989.560521</ele>
        <time>2024-08-15T04:12:33.657Z</time>
      </trkpt>
      <trkpt lat="61.817041" lon="9.699626">
        <ele>986.479860</ele>
        <time>2024-08-15T04:12:37.941Z</time>
      </trkpt>
      <trkpt lat="61.816699" lon="9.699036">
        <ele>981.062094</ele>
        <time>2024-08-15T04:12:45.439Z</time>
      </trkpt>
      <trkpt lat="61.816389" lon="9.698392">
        <ele>975.553017</ele>
        <time>2024-08-15T04:12:52.787Z</time>
      </trkpt>
      <trkpt lat="61.816253" lon="9.698210">
        <ele>973.433541</ele>
        <time>2024-08-15T04:12:55.482Z</time>
      </trkpt>
      <trkpt lat="61.816159" lon="9.698138">
        <ele>972.116679</ele>
        <time>2024-08-15T04:12:57.186Z</time>
      </trkpt>
      <trkpt lat="61.816021" lon="9.698120">
        <ele>970.295270</ele>
        <time>2024-08-15T04:12:59.535Z</time>
      </trkpt>
      <trkpt lat="61.815590" lon="9.698336">
        <ele>964.460543</ele>
        <time>2024-08-15T04:13:07.025Z</time>
      </trkpt>
      <trkpt lat="61.815356" lon="9.698458">
        <ele>961.285825</ele>
        <time>2024-08-15T04:13:11.106Z</time>
      </trkpt>
      <trkpt lat="61.815220" lon="9.698468">
        <ele>959.493131</ele>
        <time>2024-08-15T04:13:13.395Z</time>
      </trkpt>
      <trkpt lat="61.815130" lon="9.698394">
        <ele>958.221237</ele>
        <time>2024-08-15T04:13:15.036Z</time>
      </trkpt>
      <trkpt lat="61.815017" lon="9.698119">
        <ele>955.953235</ele>
        <time>2024-08-15T04:13:17.950Z</time>
      </trkpt>
      <trkpt lat="61.814873" lon="9.697551">
        <ele>952.146141</ele>
        <time>2024-08-15T04:13:23.125Z</time>
      </trkpt>
      <trkpt lat="61.814660" lon="9.696565">
        <ele>945.949109</ele>
        <time>2024-08-15T04:13:31.812Z</time>
      </trkpt>
      <trkpt lat="61.814501" lon="9.695413">
        <ele>939.089351</ele>
        <time>2024-08-15T04:13:41.500Z</time>
      </trkpt>
      <trkpt lat="61.814318" lon="9.694532">
        <ele>933.588433</ele>
        <time>2024-08-15T04:13:49.342Z</time>
      </trkpt>
      <trkpt lat="61.814199" lon="9.694351">
        <ele>932.042933</ele>
        <time>2024-08-15T04:13:51.890Z</time>
      </trkpt>
      <trkpt lat="61.814042" lon="9.694307">
        <ele>930.629437</ele>
        <time>2024-08-15T04:13:54.653Z</time>
      </trkpt>
      <trkpt lat="61.813913" lon="9.694337">
        <ele>929.471148</ele>
        <time>2024-08-15T04:13:56.950Z</time>
      </trkpt>
      <trkpt lat="61.813622" lon="9.694359">
        <ele>926.872230</ele>
        <time>2024-08-15T04:14:02.094Z</time>
      </trkpt>
      <trkpt lat="61.813532" lon="9.694320">
        <ele>926.052300</ele>
        <time>2024-08-15T04:14:03.727Z</time>
      </trkpt>
      <trkpt lat="61.813406" lon="9.694176">
        <ele>924.774317</ele>
        <time>2024-08-15T04:14:06.288Z</time>
      </trkpt>
      <trkpt lat="61.813324" lon="9.693977">
        <ele>923.661000</ele>
        <time>2024-08-15T04:14:08.521Z</time>
      </trkpt>
      <trkpt lat="61.813245" lon="9.693290">
        <ele>920.680129</ele>
        <time>2024-08-15T04:14:14.536Z</time>
      </trkpt>
      <trkpt lat="61.812825" lon="9.692547">
        <ele>915.944092</ele>
        <time>2024-08-15T04:14:24.598Z</time>
      </trkpt>
      <trkpt lat="61.812409" lon="9.691017">
        <ele>909.831297</ele>
        <time>2024-08-15T04:14:40.106Z</time>
      </trkpt>
      <trkpt lat="61.812128" lon="9.690395">
        <ele>906.851054</ele>
        <time>2024-08-15T04:14:47.589Z</time>
      </trkpt>
      <trkpt lat="61.811990" lon="9.690092">
        <ele>905.393602</ele>
        <time>2024-08-15T04:14:51.228Z</time>
      </trkpt>
      <trkpt lat="61.811818" lon="9.689403">
        <ele>902.588670</ele>
        <time>2024-08-15T04:14:57.970Z</time>
      </trkpt>
      <trkpt lat="61.811696" lon="9.689100">
        <ele>901.014114</ele>
        <time>2024-08-15T04:15:01.374Z</time>
      </trkpt>
      <trkpt lat="61.811462" lon="9.688647">
        <ele>898.359361</ele>
        <time>2024-08-15T04:15:07.148Z</time>
      </trkpt>
      <trkpt lat="61.811176" lon="9.688227">
        <ele>895.445167</ele>
        <time>2024-08-15T04:15:13.506Z</time>
      </trkpt>
      <trkpt lat="61.810989" lon="9.688064">
        <ele>893.752030</ele>
        <time>2024-08-15T04:15:17.168Z</time>
      </trkpt>
      <trkpt lat="61.810768" lon="9.687967">
        <ele>891.862409</ele>
        <time>2024-08-15T04:15:21.189Z</time>
      </trkpt>
      <trkpt lat="61.810555" lon="9.687811">
        <ele>889.975405</ele>
        <time>2024-08-15T04:15:25.203Z</time>
      </trkpt>
      <trkpt lat="61.810371" lon="9.687624">
        <ele>888.262916</ele>
        <time>2024-08-15T04:15:30.209Z</time>
      </trkpt>
      <trkpt lat="61.810193" lon="9.687482">
        <ele>886.621355</ele>
        <time>2024-08-15T04:15:34.879Z</time>
      </trkpt>
      <trkpt lat="61.810013" lon="9.687804">
        <ele>884.587617</ele>
        <time>2024-08-15T04:15:39.060Z</time>
      </trkpt>
      <trkpt lat="61.809882" lon="9.687896">
        <ele>883.396523</ele>
        <time>2024-08-15T04:15:41.513Z</time>
      </trkpt>
      <trkpt lat="61.809761" lon="9.687921">
        <ele>882.347356</ele>
        <time>2024-08-15T04:15:43.661Z</time>
      </trkpt>
      <trkpt lat="61.809526" lon="9.688063">
        <ele>880.238348</ele>
        <time>2024-08-15T04:15:48.027Z</time>
      </trkpt>
      <trkpt lat="61.809447" lon="9.688018">
        <ele>879.532342</ele>
        <time>2024-08-15T04:15:49.493Z</time>
      </trkpt>
      <trkpt lat="61.809390" lon="9.687890">
        <ele>878.815219</ele>
        <time>2024-08-15T04:15:50.999Z</time>
      </trkpt>
      <trkpt lat="61.809390" lon="9.687428">
        <ele>876.931751</ele>
        <time>2024-08-15T04:15:54.922Z</time>
      </trkpt>
      <trkpt lat="61.809309" lon="9.686927">
        <ele>874.772982</ele>
        <time>2024-08-15T04:15:59.456Z</time>
      </trkpt>
      <trkpt lat="61.809270" lon="9.686748">
        <ele>873.969365</ele>
        <time>2024-08-15T04:16:01.124Z</time>
      </trkpt>
      <trkpt lat="61.809006" lon="9.685208">
        <ele>869.536200</ele>
        <time>2024-08-15T04:16:15.504Z</time>
      </trkpt>
      <trkpt lat="61.808882" lon="9.683823">
        <ele>866.105038</ele>
        <time>2024-08-15T04:16:28.561Z</time>
      </trkpt>
      <trkpt lat="61.808816" lon="9.683630">
        <ele>865.525103</ele>
        <time>2024-08-15T04:16:30.867Z</time>
      </trkpt>
      <trkpt lat="61.808697" lon="9.683516">
        <ele>864.852104</ele>
        <time>2024-08-15T04:16:33.634Z</time>
      </trkpt>
      <trkpt lat="61.808640" lon="9.683479">
        <ele>864.544920</ele>
        <time>2024-08-15T04:16:34.939Z</time>
      </trkpt>
      <trkpt lat="61.808960" lon="9.682134">
        <ele>862.170267</ele>
        <time>2024-08-15T04:16:42.649Z</time>
      </trkpt>
      <trkpt lat="61.809063" lon="9.681488">
        <ele>861.299229</ele>
        <time>2024-08-15T04:16:46.259Z</time>
      </trkpt>
      <trkpt lat="61.809151" lon="9.680626">
        <ele>860.172560</ele>
        <time>2024-08-15T04:16:50.982Z</time>
      </trkpt>
      <trkpt lat="61.809248" lon="9.679473">
        <ele>858.618407</ele>
        <time>2024-08-15T04:16:56.509Z</time>
      </trkpt>
      <trkpt lat="61.809424" lon="9.677537">
        <ele>853.483840</ele>
        <time>2024-08-15T04:17:05.344Z</time>
      </trkpt>
      <trkpt lat="61.809426" lon="9.677025">
        <ele>852.150362</ele>
        <time>2024-08-15T04:17:07.561Z</time>
      </trkpt>
      <trkpt lat="61.809410" lon="9.676858">
        <ele>851.706580</ele>
        <time>2024-08-15T04:17:08.310Z</time>
      </trkpt>
      <trkpt lat="61.809171" lon="9.675492">
        <ele>847.629978</ele>
        <time>2024-08-15T04:17:14.495Z</time>
      </trkpt>
      <trkpt lat="61.809147" lon="9.675262">
        <ele>846.824464</ele>
        <time>2024-08-15T04:17:15.504Z</time>
      </trkpt>
      <trkpt lat="61.809160" lon="9.674625">
        <ele>844.644016</ele>
        <time>2024-08-15T04:17:18.160Z</time>
      </trkpt>
      <trkpt lat="61.809338" lon="9.673206">
        <ele>839.623165</ele>
        <time>2024-08-15T04:17:24.273Z</time>
      </trkpt>
      <trkpt lat="61.809393" lon="9.672555">
        <ele>837.361566</ele>
        <time>2024-08-15T04:17:27.078Z</time>
      </trkpt>
      <trkpt lat="61.809449" lon="9.670879">
        <ele>833.497583</ele>
        <time>2024-08-15T04:17:34.389Z</time>
      </trkpt>
      <trkpt lat="61.809478" lon="9.669899">
        <ele>831.651375</ele>
        <time>2024-08-15T04:17:38.875Z</time>
      </trkpt>
      <trkpt lat="61.809461" lon="9.669452">
        <ele>830.808206</ele>
        <time>2024-08-15T04:17:41.038Z</time>
      </trkpt>
      <trkpt lat="61.809438" lon="9.669265">
        <ele>830.444887</ele>
        <time>2024-08-15T04:17:41.962Z</time>
      </trkpt>
      <trkpt lat="61.809359" lon="9.668986">
        <ele>829.833296</ele>
        <time>2024-08-15T04:17:43.602Z</time>
      </trkpt>
      <trkpt lat="61.808739" lon="9.667461">
        <ele>828.509507</ele>
        <time>2024-08-15T04:17:54.592Z</time>
      </trkpt>
      <trkpt lat="61.808336" lon="9.666526">
        <ele>828.392103</ele>
        <time>2024-08-15T04:18:05.135Z</time>
      </trkpt>
      <trkpt lat="61.808140" lon="9.666084">
        <ele>828.335870</ele>
        <time>2024-08-15T04:18:10.153Z</time>
      </trkpt>
      <trkpt lat="61.807687" lon="9.665002">
        <ele>828.831844</ele>
        <time>2024-08-15T04:18:22.068Z</time>
      </trkpt>
      <trkpt lat="61.807156" lon="9.663773">
        <ele>829.861617</ele>
        <time>2024-08-15T04:18:35.308Z</time>
      </trkpt>
      <trkpt lat="61.807150" lon="9.663760">
        <ele>829.872854</ele>
        <time>2024-08-15T04:18:35.598Z</time>
      </trkpt>
      <trkpt lat="61.806534" lon="9.662368">
        <ele>831.414004</ele>
        <time>2024-08-15T04:18:58.460Z</time>
      </trkpt>
      <trkpt lat="61.806347" lon="9.662014">
        <ele>832.029191</ele>
        <time>2024-08-15T04:19:05.222Z</time>
      </trkpt>
      <trkpt lat="61.806180" lon="9.661841">
        <ele>832.485110</ele>
        <time>2024-08-15T04:19:10.122Z</time>
      </trkpt>
      <trkpt lat="61.805661" lon="9.661625">
        <ele>833.782126</ele>
        <time>2024-08-15T04:19:23.340Z</time>
      </trkpt>
      <trkpt lat="61.805494" lon="9.661423">
        <ele>834.253783</ele>
        <time>2024-08-15T04:19:28.168Z</time>
      </trkpt>
      <trkpt lat="61.805383" lon="9.661166">
        <ele>834.657189</ele>
        <time>2024-08-15T04:19:32.140Z</time>
      </trkpt>
      <trkpt lat="61.805265" lon="9.660734">
        <ele>835.098631</ele>
        <time>2024-08-15T04:19:37.954Z</time>
      </trkpt>
      <trkpt lat="61.804828" lon="9.658297">
        <ele>835.909530</ele>
        <time>2024-08-15T04:20:01.775Z</time>
      </trkpt>
      <trkpt lat="61.804491" lon="9.656377">
        <ele>835.943439</ele>
        <time>2024-08-15T04:20:13.412Z</time>
      </trkpt>
      <trkpt lat="61.804436" lon="9.655848">
        <ele>835.788166</ele>
        <time>2024-08-15T04:20:16.483Z</time>
      </trkpt>
      <trkpt lat="61.804435" lon="9.655560">
        <ele>835.705604</ele>
        <time>2024-08-15T04:20:18.140Z</time>
      </trkpt>
      <trkpt lat="61.804466" lon="9.655254">
        <ele>835.615891</ele>
        <time>2024-08-15T04:20:19.968Z</time>
      </trkpt>
      <trkpt lat="61.804739" lon="9.654103">
        <ele>835.246702</ele>
        <time>2024-08-15T04:20:28.013Z</time>
      </trkpt>
      <trkpt lat="61.804801" lon="9.653714">
        <ele>835.174583</ele>
        <time>2024-08-15T04:20:30.901Z</time>
      </trkpt>
      <trkpt lat="61.804820" lon="9.653395">
        <ele>835.419458</ele>
        <time>2024-08-15T04:20:33.374Z</time>
      </trkpt>
      <trkpt lat="61.804816" lon="9.652332">
        <ele>836.229072</ele>
        <time>2024-08-15T04:20:42.390Z</time>
      </trkpt>
      <trkpt lat="61.804805" lon="9.651349">
        <ele>836.977942</ele>
        <time>2024-08-15T04:20:51.729Z</time>
      </trkpt>
      <trkpt lat="61.804770" lon="9.650595">
        <ele>837.554959</ele>
        <time>2024-08-15T04:20:59.834Z</time>
      </trkpt>
      <trkpt lat="61.804383" lon="9.647416">
        <ele>842.829060</ele>
        <time>2024-08-15T04:21:46.489Z</time>
      </trkpt>
      <trkpt lat="61.804354" lon="9.646995">
        <ele>843.599285</ele>
        <time>2024-08-15T04:21:53.570Z</time>
      </trkpt>
      <trkpt lat="61.804366" lon="9.646598">
        <ele>844.319473</ele>
        <time>2024-08-15T04:21:59.804Z</time>
      </trkpt>
      <trkpt lat="61.804419" lon="9.646282">
        <ele>844.926525</ele>
        <time>2024-08-15T04:22:05.138Z</time>
      </trkpt>
      <trkpt lat="61.804482" lon="9.646062">
        <ele>845.217193</ele>
        <time>2024-08-15T04:22:08.899Z</time>
      </trkpt>
      <trkpt lat="61.804826" lon="9.645172">
        <ele>846.506246</ele>
        <time>2024-08-15T04:22:23.920Z</time>
      </trkpt>
      <trkpt lat="61.805035" lon="9.644507">
        <ele>847.401601</ele>
        <time>2024-08-15T04:22:33.277Z</time>
      </trkpt>
      <trkpt lat="61.805286" lon="9.643248">
        <ele>848.933478</ele>
        <time>2024-08-15T04:22:47.653Z</time>
      </trkpt>
      <trkpt lat="61.805444" lon="9.642721">
        <ele>849.032592</ele>
        <time>2024-08-15T04:22:52.468Z</time>
      </trkpt>
      <trkpt lat="61.805590" lon="9.642416">
        <ele>848.844302</ele>
        <time>2024-08-15T04:22:55.288Z</time>
      </trkpt>
      <trkpt lat="61.805976" lon="9.641781">
        <ele>848.395571</ele>
        <time>2024-08-15T04:23:00.994Z</time>
      </trkpt>
      <trkpt lat="61.806063" lon="9.641522">
        <ele>848.257759</ele>
        <time>2024-08-15T04:23:02.653Z</time>
      </trkpt>
      <trkpt lat="61.806123" lon="9.641156">
        <ele>848.089758</ele>
        <time>2024-08-15T04:23:04.613Z</time>
      </trkpt>
      <trkpt lat="61.806254" lon="9.638095">
        <ele>846.709534</ele>
        <time>2024-08-15T04:23:21.888Z</time>
      </trkpt>
      <trkpt lat="61.806540" lon="9.633043">
        <ele>844.664762</ele>
        <time>2024-08-15T04:23:52.367Z</time>
      </trkpt>
      <trkpt lat="61.806550" lon="9.632488">
        <ele>844.461982</ele>
        <time>2024-08-15T04:23:55.681Z</time>
      </trkpt>
      <trkpt lat="61.806523" lon="9.631974">
        <ele>844.249156</ele>
        <time>2024-08-15T04:23:58.759Z</time>
      </trkpt>
      <trkpt lat="61.806447" lon="9.631470">
        <ele>844.022006</ele>
        <time>2024-08-15T04:24:01.931Z</time>
      </trkpt>
      <trkpt lat="61.806213" lon="9.630546">
        <ele>843.571878</ele>
        <time>2024-08-15T04:24:07.839Z</time>
      </trkpt>
      <trkpt lat="61.805751" lon="9.628803">
        <ele>842.762666</ele>
        <time>2024-08-15T04:24:19.267Z</time>
      </trkpt>
      <trkpt lat="61.805543" lon="9.628253">
        <ele>842.701741</ele>
        <time>2024-08-15T04:24:24.365Z</time>
      </trkpt>
      <trkpt lat="61.805385" lon="9.627992">
        <ele>842.665055</ele>
        <time>2024-08-15T04:24:27.354Z</time>
      </trkpt>
      <trkpt lat="61.805213" lon="9.627789">
        <ele>842.629008</ele>
        <time>2024-08-15T04:24:30.330Z</time>
      </trkpt>
      <trkpt lat="61.803568" lon="9.626038">
        <ele>842.425255</ele>
        <time>2024-08-15T04:24:57.277Z</time>
      </trkpt>
      <trkpt lat="61.802434" lon="9.624741">
        <ele>841.813711</ele>
        <time>2024-08-15T04:25:16.556Z</time>
      </trkpt>
      <trkpt lat="61.802261" lon="9.624467">
        <ele>841.429331</ele>
        <time>2024-08-15T04:25:19.495Z</time>
      </trkpt>
      <trkpt lat="61.802133" lon="9.624189">
        <ele>841.103069</ele>
        <time>2024-08-15T04:25:21.723Z</time>
      </trkpt>
      <trkpt lat="61.802006" lon="9.623812">
        <ele>840.713897</ele>
        <time>2024-08-15T04:25:24.280Z</time>
      </trkpt>
      <trkpt lat="61.801905" lon="9.623355">
        <ele>840.289825</ele>
        <time>2024-08-15T04:25:26.952Z</time>
      </trkpt>
      <trkpt lat="61.801849" lon="9.622616">
        <ele>839.660720</ele>
        <time>2024-08-15T04:25:30.680Z</time>
      </trkpt>
      <trkpt lat="61.801892" lon="9.621817">
        <ele>838.550478</ele>
        <time>2024-08-15T04:25:34.515Z</time>
      </trkpt>
      <trkpt lat="61.802630" lon="9.616856">
        <ele>825.786918</ele>
        <time>2024-08-15T04:25:57.179Z</time>
      </trkpt>
      <trkpt lat="61.802687" lon="9.616177">
        <ele>824.190201</ele>
        <time>2024-08-15T04:26:00.209Z</time>
      </trkpt>
      <trkpt lat="61.802696" lon="9.615602">
        <ele>822.858166</ele>
        <time>2024-08-15T04:26:02.786Z</time>
      </trkpt>
      <trkpt lat="61.802656" lon="9.614847">
        <ele>821.099150</ele>
        <time>2024-08-15T04:26:06.300Z</time>
      </trkpt>
      <trkpt lat="61.802423" lon="9.612828">
        <ele>817.542180</ele>
        <time>2024-08-15T04:26:16.773Z</time>
      </trkpt>
      <trkpt lat="61.802268" lon="9.611947">
        <ele>815.970690</ele>
        <time>2024-08-15T04:26:21.323Z</time>
      </trkpt>
      <trkpt lat="61.802001" lon="9.610671">
        <ele>812.870155</ele>
        <time>2024-08-15T04:26:27.582Z</time>
      </trkpt>
      <trkpt lat="61.801913" lon="9.610057">
        <ele>810.768914</ele>
        <time>2024-08-15T04:26:30.337Z</time>
      </trkpt>
      <trkpt lat="61.801742" lon="9.606629">
        <ele>801.080350</ele>
        <time>2024-08-15T04:26:44.725Z</time>
      </trkpt>
      <trkpt lat="61.801680" lon="9.605651">
        <ele>799.923537</ele>
        <time>2024-08-15T04:26:49.254Z</time>
      </trkpt>
      <trkpt lat="61.801623" lon="9.605142">
        <ele>799.310291</ele>
        <time>2024-08-15T04:26:51.950Z</time>
      </trkpt>
      <trkpt lat="61.801443" lon="9.604460">
        <ele>798.394492</ele>
        <time>2024-08-15T04:26:57.098Z</time>
      </trkpt>
      <trkpt lat="61.801057" lon="9.603473">
        <ele>797.770310</ele>
        <time>2024-08-15T04:27:12.457Z</time>
      </trkpt>
      <trkpt lat="61.800937" lon="9.603091">
        <ele>797.996846</ele>
        <time>2024-08-15T04:27:18.783Z</time>
      </trkpt>
      <trkpt lat="61.800810" lon="9.602505">
        <ele>798.315233</ele>
        <time>2024-08-15T04:27:27.873Z</time>
      </trkpt>
      <trkpt lat="61.800733" lon="9.601890">
        <ele>798.629436</ele>
        <time>2024-08-15T04:27:35.471Z</time>
      </trkpt>
      <trkpt lat="61.800738" lon="9.601358">
        <ele>798.892222</ele>
        <time>2024-08-15T04:27:40.099Z</time>
      </trkpt>
      <trkpt lat="61.800798" lon="9.600927">
        <ele>799.114120</ele>
        <time>2024-08-15T04:27:42.938Z</time>
      </trkpt>
      <trkpt lat="61.800942" lon="9.600374">
        <ele>799.254164</ele>
        <time>2024-08-15T04:27:46.175Z</time>
      </trkpt>
      <trkpt lat="61.801402" lon="9.599085">
        <ele>796.247602</ele>
        <time>2024-08-15T04:27:53.626Z</time>
      </trkpt>
      <trkpt lat="61.801504" lon="9.598544">
        <ele>795.163448</ele>
        <time>2024-08-15T04:27:56.229Z</time>
      </trkpt>
      <trkpt lat="61.801566" lon="9.597988">
        <ele>794.100148</ele>
        <time>2024-08-15T04:27:58.735Z</time>
      </trkpt>
      <trkpt lat="61.801578" lon="9.597657">
        <ele>793.482252</ele>
        <time>2024-08-15T04:28:00.199Z</time>
      </trkpt>
      <trkpt lat="61.801541" lon="9.596722">
        <ele>792.020626</ele>
        <time>2024-08-15T04:28:04.335Z</time>
      </trkpt>
      <trkpt lat="61.801081" lon="9.590735">
        <ele>786.189587</ele>
        <time>2024-08-15T04:28:38.082Z</time>
      </trkpt>
      <trkpt lat="61.800979" lon="9.590067">
        <ele>785.484821</ele>
        <time>2024-08-15T04:28:41.601Z</time>
      </trkpt>
      <trkpt lat="61.800633" lon="9.588396">
        <ele>782.608489</ele>
        <time>2024-08-15T04:28:49.888Z</time>
      </trkpt>
      <trkpt lat="61.800350" lon="9.586196">
        <ele>778.465671</ele>
        <time>2024-08-15T04:29:00.247Z</time>
      </trkpt>
      <trkpt lat="61.800193" lon="9.585581">
        <ele>777.991792</ele>
        <time>2024-08-15T04:29:03.839Z</time>
      </trkpt>
      <trkpt lat="61.800107" lon="9.585384">
        <ele>777.970946</ele>
        <time>2024-08-15T04:29:05.270Z</time>
      </trkpt>
      <trkpt lat="61.799937" lon="9.585116">
        <ele>777.936076</ele>
        <time>2024-08-15T04:29:07.665Z</time>
      </trkpt>
      <trkpt lat="61.799670" lon="9.584874">
        <ele>777.888299</ele>
        <time>2024-08-15T04:29:11.422Z</time>
      </trkpt>
      <trkpt lat="61.799025" lon="9.584449">
        <ele>777.777181</ele>
        <time>2024-08-15T04:29:23.777Z</time>
      </trkpt>
      <trkpt lat="61.798248" lon="9.583944">
        <ele>778.070928</ele>
        <time>2024-08-15T04:29:44.150Z</time>
      </trkpt>
      <trkpt lat="61.797390" lon="9.583116">
        <ele>778.668923</ele>
        <time>2024-08-15T04:30:01.183Z</time>
      </trkpt>
      <trkpt lat="61.797094" lon="9.582914">
        <ele>778.866145</ele>
        <time>2024-08-15T04:30:04.961Z</time>
      </trkpt>
      <trkpt lat="61.796816" lon="9.582822">
        <ele>778.146268</ele>
        <time>2024-08-15T04:30:08.002Z</time>
      </trkpt>
      <trkpt lat="61.796280" lon="9.582748">
        <ele>776.712921</ele>
        <time>2024-08-15T04:30:13.526Z</time>
      </trkpt>
      <trkpt lat="61.795982" lon="9.582610">
        <ele>775.898892</ele>
        <time>2024-08-15T04:30:16.686Z</time>
      </trkpt>
      <trkpt lat="61.795669" lon="9.582267">
        <ele>774.958286</ele>
        <time>2024-08-15T04:30:20.395Z</time>
      </trkpt>
      <trkpt lat="61.795292" lon="9.581596">
        <ele>773.204787</ele>
        <time>2024-08-15T04:30:25.296Z</time>
      </trkpt>
      <trkpt lat="61.795142" lon="9.581336">
        <ele>772.157716</ele>
        <time>2024-08-15T04:30:27.229Z</time>
      </trkpt>
      <trkpt lat="61.794919" lon="9.581084">
        <ele>770.792564</ele>
        <time>2024-08-15T04:30:29.613Z</time>
      </trkpt>
      <trkpt lat="61.794729" lon="9.580945">
        <ele>769.706994</ele>
        <time>2024-08-15T04:30:31.490Z</time>
      </trkpt>
      <trkpt lat="61.794481" lon="9.580843">
        <ele>768.342763</ele>
        <time>2024-08-15T04:30:33.831Z</time>
      </trkpt>
      <trkpt lat="61.792950" lon="9.580456">
        <ele>758.349624</ele>
        <time>2024-08-15T04:30:47.776Z</time>
      </trkpt>
      <trkpt lat="61.792717" lon="9.580500">
        <ele>756.601585</ele>
        <time>2024-08-15T04:30:49.820Z</time>
      </trkpt>
      <trkpt lat="61.792345" lon="9.580737">
        <ele>753.698472</ele>
        <time>2024-08-15T04:30:53.264Z</time>
      </trkpt>
      <trkpt lat="61.792277" lon="9.580725">
        <ele>753.188571</ele>
        <time>2024-08-15T04:30:53.872Z</time>
      </trkpt>
      <trkpt lat="61.792223" lon="9.580645">
        <ele>752.695953</ele>
        <time>2024-08-15T04:30:54.450Z</time>
      </trkpt>
      <trkpt lat="61.792212" lon="9.580425">
        <ele>751.914560</ele>
        <time>2024-08-15T04:30:55.351Z</time>
      </trkpt>
      <trkpt lat="61.792237" lon="9.580338">
        <ele>751.554938</ele>
        <time>2024-08-15T04:30:55.779Z</time>
      </trkpt>
      <trkpt lat="61.792976" lon="9.578911">
        <ele>743.383474</ele>
        <time>2024-08-15T04:31:04.651Z</time>
      </trkpt>
      <trkpt lat="61.793289" lon="9.578380">
        <ele>740.080951</ele>
        <time>2024-08-15T04:31:08.167Z</time>
      </trkpt>
      <trkpt lat="61.793334" lon="9.578191">
        <ele>739.257575</ele>
        <time>2024-08-15T04:31:09.051Z</time>
      </trkpt>
      <trkpt lat="61.793328" lon="9.578036">
        <ele>738.652495</ele>
        <time>2024-08-15T04:31:09.702Z</time>
      </trkpt>
      <trkpt lat="61.793274" lon="9.577865">
        <ele>737.852352</ele>
        <time>2024-08-15T04:31:10.565Z</time>
      </trkpt>
      <trkpt lat="61.793181" lon="9.577803">
        <ele>737.049703</ele>
        <time>2024-08-15T04:31:11.422Z</time>
      </trkpt>
      <trkpt lat="61.792623" lon="9.578176">
        <ele>731.275845</ele>
        <time>2024-08-15T04:31:16.521Z</time>
      </trkpt>
      <trkpt lat="61.792303" lon="9.578142">
        <ele>727.988197</ele>
        <time>2024-08-15T04:31:19.261Z</time>
      </trkpt>
      <trkpt lat="61.792131" lon="9.578022">
        <ele>726.129823</ele>
        <time>2024-08-15T04:31:20.792Z</time>
      </trkpt>
      <trkpt lat="61.791968" lon="9.577814">
        <ele>724.176596</ele>
        <time>2024-08-15T04:31:22.423Z</time>
      </trkpt>
      <trkpt lat="61.791849" lon="9.577560">
        <ele>722.442059</ele>
        <time>2024-08-15T04:31:23.859Z</time>
      </trkpt>
      <trkpt lat="61.791764" lon="9.577304">
        <ele>720.924710</ele>
        <time>2024-08-15T04:31:25.130Z</time>
      </trkpt>
      <trkpt lat="61.791430" lon="9.576095">
        <ele>713.903282</ele>
        <time>2024-08-15T04:31:30.792Z</time>
      </trkpt>
      <trkpt lat="61.791198" lon="9.575621">
        <ele>710.378369</ele>
        <time>2024-08-15T04:31:33.537Z</time>
      </trkpt>
      <trkpt lat="61.791048" lon="9.575444">
        <ele>708.501243</ele>
        <time>2024-08-15T04:31:35.005Z</time>
      </trkpt>
      <trkpt lat="61.790846" lon="9.575280">
        <ele>706.136584</ele>
        <time>2024-08-15T04:31:36.831Z</time>
      </trkpt>
      <trkpt lat="61.790204" lon="9.575000">
        <ele>698.972571</ele>
        <time>2024-08-15T04:31:42.420Z</time>
      </trkpt>
      <trkpt lat="61.789992" lon="9.574862">
        <ele>696.676188</ele>
        <time>2024-08-15T04:31:44.325Z</time>
      </trkpt>
      <trkpt lat="61.789788" lon="9.574653">
        <ele>694.416972</ele>
        <time>2024-08-15T04:31:46.268Z</time>
      </trkpt>
      <trkpt lat="61.789640" lon="9.574445">
        <ele>692.645955</ele>
        <time>2024-08-15T04:31:47.806Z</time>
      </trkpt>
      <trkpt lat="61.789490" lon="9.574143">
        <ele>690.581987</ele>
        <time>2024-08-15T04:31:49.593Z</time>
      </trkpt>
      <trkpt lat="61.789360" lon="9.573802">
        <ele>688.517927</ele>
        <time>2024-08-15T04:31:51.386Z</time>
      </trkpt>
      <trkpt lat="61.788955" lon="9.572583">
        <ele>681.497698</ele>
        <time>2024-08-15T04:31:57.454Z</time>
      </trkpt>
      <trkpt lat="61.788815" lon="9.571850">
        <ele>678.095940</ele>
        <time>2024-08-15T04:32:00.677Z</time>
      </trkpt>
      <trkpt lat="61.788606" lon="9.570525">
        <ele>672.439232</ele>
        <time>2024-08-15T04:32:06.411Z</time>
      </trkpt>
      <trkpt lat="61.788411" lon="9.569785">
        <ele>669.008269</ele>
        <time>2024-08-15T04:32:09.903Z</time>
      </trkpt>
      <trkpt lat="61.788265" lon="9.569355">
        <ele>666.864244</ele>
        <time>2024-08-15T04:32:12.119Z</time>
      </trkpt>
      <trkpt lat="61.788131" lon="9.569055">
        <ele>665.192763</ele>
        <time>2024-08-15T04:32:13.852Z</time>
      </trkpt>
      <trkpt lat="61.787965" lon="9.568792">
        <ele>664.176831</ele>
        <time>2024-08-15T04:32:15.764Z</time>
      </trkpt>
      <trkpt lat="61.787760" lon="9.568569">
        <ele>663.405606</ele>
        <time>2024-08-15T04:32:17.851Z</time>
      </trkpt>
      <trkpt lat="61.787428" lon="9.568398">
        <ele>662.262409</ele>
        <time>2024-08-15T04:32:21.115Z</time>
      </trkpt>
      <trkpt lat="61.786344" lon="9.568392">
        <ele>658.647610</ele>
        <time>2024-08-15T04:32:32.966Z</time>
      </trkpt>
      <trkpt lat="61.786144" lon="9.568371">
        <ele>658.699136</ele>
        <time>2024-08-15T04:32:36.238Z</time>
      </trkpt>
      <trkpt lat="61.785873" lon="9.568242">
        <ele>658.770613</ele>
        <time>2024-08-15T04:32:41.455Z</time>
      </trkpt>
      <trkpt lat="61.785512" lon="9.567942">
        <ele>658.870417</ele>
        <time>2024-08-15T04:32:49.119Z</time>
      </trkpt>
      <trkpt lat="61.784550" lon="9.566864">
        <ele>658.971919</ele>
        <time>2024-08-15T04:33:07.607Z</time>
      </trkpt>
      <trkpt lat="61.783468" lon="9.565409">
        <ele>657.863204</ele>
        <time>2024-08-15T04:33:23.688Z</time>
      </trkpt>
      <trkpt lat="61.783117" lon="9.565043">
        <ele>657.459074</ele>
        <time>2024-08-15T04:33:28.093Z</time>
      </trkpt>
      <trkpt lat="61.782966" lon="9.564968">
        <ele>657.025673</ele>
        <time>2024-08-15T04:33:29.787Z</time>
      </trkpt>
      <trkpt lat="61.782675" lon="9.564964">
        <ele>656.212545</ele>
        <time>2024-08-15T04:33:32.874Z</time>
      </trkpt>
      <trkpt lat="61.782375" lon="9.565017">
        <ele>655.371367</ele>
        <time>2024-08-15T04:33:35.973Z</time>
      </trkpt>
      <trkpt lat="61.781996" lon="9.565184">
        <ele>654.289628</ele>
        <time>2024-08-15T04:33:39.980Z</time>
      </trkpt>
      <trkpt lat="61.781831" lon="9.565177">
        <ele>653.828493</ele>
        <time>2024-08-15T04:33:41.680Z</time>
      </trkpt>
      <trkpt lat="61.781425" lon="9.564777">
        <ele>652.576995</ele>
        <time>2024-08-15T04:33:46.258Z</time>
      </trkpt>
      <trkpt lat="61.781062" lon="9.564556">
        <ele>650.851521</ele>
        <time>2024-08-15T04:33:49.962Z</time>
      </trkpt>
      <trkpt lat="61.780815" lon="9.564336">
        <ele>649.604388</ele>
        <time>2024-08-15T04:33:52.515Z</time>
      </trkpt>
      <trkpt lat="61.780340" lon="9.563568">
        <ele>646.822126</ele>
        <time>2024-08-15T04:33:58.153Z</time>
      </trkpt>
      <trkpt lat="61.779853" lon="9.562687">
        <ele>643.835131</ele>
        <time>2024-08-15T04:34:04.182Z</time>
      </trkpt>
      <trkpt lat="61.779721" lon="9.562328">
        <ele>642.819276</ele>
        <time>2024-08-15T04:34:06.182Z</time>
      </trkpt>
      <trkpt lat="61.779563" lon="9.561689">
        <ele>641.208484</ele>
        <time>2024-08-15T04:34:09.368Z</time>
      </trkpt>
      <trkpt lat="61.779430" lon="9.561371">
        <ele>640.260129</ele>
        <time>2024-08-15T04:34:11.230Z</time>
      </trkpt>
      <trkpt lat="61.779308" lon="9.561201">
        <ele>639.569928</ele>
        <time>2024-08-15T04:34:12.621Z</time>
      </trkpt>
      <trkpt lat="61.778701" lon="9.560685">
        <ele>636.479416</ele>
        <time>2024-08-15T04:34:18.921Z</time>
      </trkpt>
      <trkpt lat="61.778421" lon="9.560556">
        <ele>635.097991</ele>
        <time>2024-08-15T04:34:21.822Z</time>
      </trkpt>
      <trkpt lat="61.777710" lon="9.560457">
        <ele>631.558324</ele>
        <time>2024-08-15T04:34:28.721Z</time>
      </trkpt>
      <trkpt lat="61.777430" lon="9.560319">
        <ele>630.130095</ele>
        <time>2024-08-15T04:34:31.435Z</time>
      </trkpt>
      <trkpt lat="61.777032" lon="9.560025">
        <ele>628.035796</ele>
        <time>2024-08-15T04:34:35.388Z</time>
      </trkpt>
      <trkpt lat="61.776736" lon="9.559729">
        <ele>626.092189</ele>
        <time>2024-08-15T04:34:38.432Z</time>
      </trkpt>
      <trkpt lat="61.776515" lon="9.559413">
        <ele>623.444405</ele>
        <time>2024-08-15T04:34:40.829Z</time>
      </trkpt>
      <trkpt lat="61.776024" lon="9.558580">
        <ele>617.196719</ele>
        <time>2024-08-15T04:34:46.314Z</time>
      </trkpt>
      <trkpt lat="61.775419" lon="9.557572">
        <ele>609.552162</ele>
        <time>2024-08-15T04:34:52.796Z</time>
      </trkpt>
      <trkpt lat="61.775157" lon="9.557001">
        <ele>605.109943</ele>
        <time>2024-08-15T04:34:55.981Z</time>
      </trkpt>
      <trkpt lat="61.774804" lon="9.556275">
        <ele>599.090975</ele>
        <time>2024-08-15T04:35:00.140Z</time>
      </trkpt>
      <trkpt lat="61.774735" lon="9.556147">
        <ele>597.969039</ele>
        <time>2024-08-15T04:35:00.902Z</time>
      </trkpt>
      <trkpt lat="61.774524" lon="9.555766">
        <ele>594.577607</ele>
        <time>2024-08-15T04:35:03.251Z</time>
      </trkpt>
      <trkpt lat="61.774335" lon="9.555506">
        <ele>591.821626</ele>
        <time>2024-08-15T04:35:05.158Z</time>
      </trkpt>
      <trkpt lat="61.774030" lon="9.555221">
        <ele>587.745886</ele>
        <time>2024-08-15T04:35:07.969Z</time>
      </trkpt>
      <trkpt lat="61.773748" lon="9.555079">
        <ele>584.540021</ele>
        <time>2024-08-15T04:35:10.422Z</time>
      </trkpt>
      <trkpt lat="61.773669" lon="9.554924">
        <ele>583.388012</ele>
        <time>2024-08-15T04:35:11.344Z</time>
      </trkpt>
      <trkpt lat="61.773678" lon="9.554767">
        <ele>582.588487</ele>
        <time>2024-08-15T04:35:11.985Z</time>
      </trkpt>
      <trkpt lat="61.773782" lon="9.554646">
        <ele>581.319621</ele>
        <time>2024-08-15T04:35:12.988Z</time>
      </trkpt>
      <trkpt lat="61.774532" lon="9.554711">
        <ele>573.295991</ele>
        <time>2024-08-15T04:35:19.401Z</time>
      </trkpt>
      <trkpt lat="61.774595" lon="9.554627">
        <ele>572.499861</ele>
        <time>2024-08-15T04:35:20.037Z</time>
      </trkpt>
      <trkpt lat="61.774611" lon="9.554550">
        <ele>572.074683</ele>
        <time>2024-08-15T04:35:20.374Z</time>
      </trkpt>
      <trkpt lat="61.774590" lon="9.554400">
        <ele>571.283852</ele>
        <time>2024-08-15T04:35:21.006Z</time>
      </trkpt>
      <trkpt lat="61.774526" lon="9.554309">
        <ele>570.459449</ele>
        <time>2024-08-15T04:35:21.673Z</time>
      </trkpt>
      <trkpt lat="61.773564" lon="9.553774">
        <ele>560.812409</ele>
        <time>2024-08-15T04:35:30.346Z</time>
      </trkpt>
      <trkpt lat="61.773272" lon="9.553669">
        <ele>558.044480</ele>
        <time>2024-08-15T04:35:33.011Z</time>
      </trkpt>
      <trkpt lat="61.772869" lon="9.553668">
        <ele>554.278433</ele>
        <time>2024-08-15T04:35:36.442Z</time>
      </trkpt>
      <trkpt lat="61.772204" lon="9.553805">
        <ele>547.918209</ele>
        <time>2024-08-15T04:35:42.212Z</time>
      </trkpt>
      <trkpt lat="61.771921" lon="9.553908">
        <ele>545.124042</ele>
        <time>2024-08-15T04:35:44.694Z</time>
      </trkpt>
      <trkpt lat="61.771847" lon="9.553878">
        <ele>544.390884</ele>
        <time>2024-08-15T04:35:45.384Z</time>
      </trkpt>
      <trkpt lat="61.771818" lon="9.553772">
        <ele>543.827314</ele>
        <time>2024-08-15T04:35:45.865Z</time>
      </trkpt>
      <trkpt lat="61.771842" lon="9.553669">
        <ele>543.298881</ele>
        <time>2024-08-15T04:35:46.318Z</time>
      </trkpt>
      <trkpt lat="61.771908" lon="9.553591">
        <ele>542.563163</ele>
        <time>2024-08-15T04:35:46.991Z</time>
      </trkpt>
      <trkpt lat="61.772538" lon="9.553364">
        <ele>536.344714</ele>
        <time>2024-08-15T04:35:52.550Z</time>
      </trkpt>
      <trkpt lat="61.773201" lon="9.552914">
        <ele>530.141257</ele>
        <time>2024-08-15T04:35:58.498Z</time>
      </trkpt>
      <trkpt lat="61.774101" lon="9.552490">
        <ele>522.524556</ele>
        <time>2024-08-15T04:36:06.681Z</time>
      </trkpt>
      <trkpt lat="61.775163" lon="9.552091">
        <ele>513.099062</ele>
        <time>2024-08-15T04:36:16.367Z</time>
      </trkpt>
      <trkpt lat="61.775327" lon="9.552119">
        <ele>511.596475</ele>
        <time>2024-08-15T04:36:17.798Z</time>
      </trkpt>
      <trkpt lat="61.775512" lon="9.552293">
        <ele>509.747383</ele>
        <time>2024-08-15T04:36:19.571Z</time>
      </trkpt>
      <trkpt lat="61.775591" lon="9.552319">
        <ele>509.017237</ele>
        <time>2024-08-15T04:36:20.270Z</time>
      </trkpt>
      <trkpt lat="61.775661" lon="9.552242">
        <ele>508.296642</ele>
        <time>2024-08-15T04:36:20.947Z</time>
      </trkpt>
      <trkpt lat="61.775671" lon="9.552080">
        <ele>507.591039</ele>
        <time>2024-08-15T04:36:21.619Z</time>
      </trkpt>
      <trkpt lat="61.775632" lon="9.551979">
        <ele>507.027892</ele>
        <time>2024-08-15T04:36:22.161Z</time>
      </trkpt>
      <trkpt lat="61.775489" lon="9.551872">
        <ele>505.642605</ele>
        <time>2024-08-15T04:36:23.467Z</time>
      </trkpt>
      <trkpt lat="61.774891" lon="9.551553">
        <ele>499.132688</ele>
        <time>2024-08-15T04:36:28.719Z</time>
      </trkpt>
      <trkpt lat="61.774227" lon="9.551540">
        <ele>490.487338</ele>
        <time>2024-08-15T04:36:34.262Z</time>
      </trkpt>
      <trkpt lat="61.772755" lon="9.551226">
        <ele>472.785333</ele>
        <time>2024-08-15T04:36:46.655Z</time>
      </trkpt>
      <trkpt lat="61.771507" lon="9.551531">
        <ele>459.928158</ele>
        <time>2024-08-15T04:36:57.628Z</time>
      </trkpt>
      <trkpt lat="61.768889" lon="9.551667">
        <ele>437.626958</ele>
        <time>2024-08-15T04:37:20.806Z</time>
      </trkpt>
      <trkpt lat="61.768500" lon="9.551828">
        <ele>433.821798</ele>
        <time>2024-08-15T04:37:24.186Z</time>
      </trkpt>
      <trkpt lat="61.768393" lon="9.551794">
        <ele>432.783096</ele>
        <time>2024-08-15T04:37:25.136Z</time>
      </trkpt>
      <trkpt lat="61.768357" lon="9.551659">
        <ele>432.079362</ele>
        <time>2024-08-15T04:37:25.771Z</time>
      </trkpt>
      <trkpt lat="61.768396" lon="9.551500">
        <ele>431.266051</ele>
        <time>2024-08-15T04:37:26.464Z</time>
      </trkpt>
      <trkpt lat="61.768447" lon="9.551469">
        <ele>430.756632</ele>
        <time>2024-08-15T04:37:26.918Z</time>
      </trkpt>
      <trkpt lat="61.768827" lon="9.551399">
        <ele>426.925416</ele>
        <time>2024-08-15T04:37:30.172Z</time>
      </trkpt>
      <trkpt lat="61.769552" lon="9.551066">
        <ele>418.947301</ele>
        <time>2024-08-15T04:37:36.489Z</time>
      </trkpt>
      <trkpt lat="61.770594" lon="9.550329">
        <ele>407.324538</ele>
        <time>2024-08-15T04:37:45.897Z</time>
      </trkpt>
      <trkpt lat="61.771222" lon="9.549814">
        <ele>400.768242</ele>
        <time>2024-08-15T04:37:51.735Z</time>
      </trkpt>
      <trkpt lat="61.771786" lon="9.549519">
        <ele>395.113114</ele>
        <time>2024-08-15T04:37:56.765Z</time>
      </trkpt>
      <trkpt lat="61.771938" lon="9.549397">
        <ele>393.530616</ele>
        <time>2024-08-15T04:37:58.173Z</time>
      </trkpt>
      <trkpt lat="61.772327" lon="9.548961">
        <ele>389.244480</ele>
        <time>2024-08-15T04:38:01.969Z</time>
      </trkpt>
      <trkpt lat="61.773333" lon="9.548424">
        <ele>379.142459</ele>
        <time>2024-08-15T04:38:10.950Z</time>
      </trkpt>
      <trkpt lat="61.773759" lon="9.548591">
        <ele>374.924122</ele>
        <time>2024-08-15T04:38:14.688Z</time>
      </trkpt>
      <trkpt lat="61.773818" lon="9.548503">
        <ele>374.221138</ele>
        <time>2024-08-15T04:38:15.310Z</time>
      </trkpt>
      <trkpt lat="61.773837" lon="9.548348">
        <ele>373.424095</ele>
        <time>2024-08-15T04:38:15.965Z</time>
      </trkpt>
      <trkpt lat="61.773791" lon="9.548249">
        <ele>372.727300</ele>
        <time>2024-08-15T04:38:16.530Z</time>
      </trkpt>
      <trkpt lat="61.773730" lon="9.548216">
        <ele>372.058881</ele>
        <time>2024-08-15T04:38:17.068Z</time>
      </trkpt>
      <trkpt lat="61.773304" lon="9.548127">
        <ele>367.514558</ele>
        <time>2024-08-15T04:38:20.738Z</time>
      </trkpt>
      <trkpt lat="61.772433" lon="9.548099">
        <ele>358.267192</ele>
        <time>2024-08-15T04:38:28.178Z</time>
      </trkpt>
      <trkpt lat="61.771875" lon="9.548042">
        <ele>352.591447</ele>
        <time>2024-08-15T04:38:32.937Z</time>
      </trkpt>
      <trkpt lat="61.770992" lon="9.548152">
        <ele>344.082757</ele>
        <time>2024-08-15T04:38:40.553Z</time>
      </trkpt>
      <trkpt lat="61.769844" lon="9.548175">
        <ele>333.459394</ele>
        <time>2024-08-15T04:38:50.623Z</time>
      </trkpt>
      <trkpt lat="61.768525" lon="9.548321">
        <ele>321.887346</ele>
        <time>2024-08-15T04:39:02.175Z</time>
      </trkpt>
      <trkpt lat="61.767783" lon="9.548324">
        <ele>315.369649</ele>
        <time>2024-08-15T04:39:08.581Z</time>
      </trkpt>
      <trkpt lat="61.766599" lon="9.548181">
        <ele>305.365006</ele>
        <time>2024-08-15T04:39:18.969Z</time>
      </trkpt>
      <trkpt lat="61.766562" lon="9.548175">
        <ele>305.147548</ele>
        <time>2024-08-15T04:39:19.300Z</time>
      </trkpt>
      <trkpt lat="61.766587" lon="9.548090">
        <ele>304.870085</ele>
        <time>2024-08-15T04:39:19.709Z</time>
      </trkpt>
      <trkpt lat="61.767023" lon="9.547936">
        <ele>302.279694</ele>
        <time>2024-08-15T04:39:23.719Z</time>
      </trkpt>
      <trkpt lat="61.767342" lon="9.547748">
        <ele>300.339060</ele>
        <time>2024-08-15T04:39:26.748Z</time>
      </trkpt>
      <trkpt lat="61.768634" lon="9.546733">
        <ele>293.882513</ele>
        <time>2024-08-15T04:39:40.020Z</time>
      </trkpt>
      <trkpt lat="61.768631" lon="9.546685">
        <ele>293.812464</ele>
        <time>2024-08-15T04:39:40.236Z</time>
      </trkpt>
      <trkpt lat="61.768650" lon="9.546335">
        <ele>293.302773</ele>
        <time>2024-08-15T04:39:42.727Z</time>
      </trkpt>
      <trkpt lat="61.768707" lon="9.546150">
        <ele>292.983352</ele>
        <time>2024-08-15T04:39:44.338Z</time>
      </trkpt>
      <trkpt lat="61.768788" lon="9.546096">
        <ele>292.723588</ele>
        <time>2024-08-15T04:39:45.700Z</time>
      </trkpt>
      <trkpt lat="61.769087" lon="9.546054">
        <ele>291.807085</ele>
        <time>2024-08-15T04:39:50.267Z</time>
      </trkpt>
      <trkpt lat="61.769131" lon="9.546049">
        <ele>291.672317</ele>
        <time>2024-08-15T04:39:51.056Z</time>
      </trkpt>
      <trkpt lat="61.770310" lon="9.545808">
        <ele>289.390097</ele>
        <time>2024-08-15T04:40:03.664Z</time>
      </trkpt>
      <trkpt lat="61.770792" lon="9.545649">
        <ele>288.850076</ele>
        <time>2024-08-15T04:40:10.943Z</time>
      </trkpt>
      <trkpt lat="61.770802" lon="9.545559">
        <ele>288.801669</ele>
        <time>2024-08-15T04:40:11.537Z</time>
      </trkpt>
      <trkpt lat="61.770992" lon="9.544135">
        <ele>288.159454</ele>
        <time>2024-08-15T04:40:25.892Z</time>
      </trkpt>
      <trkpt lat="61.771036" lon="9.544060">
        <ele>288.159454</ele>
        <time>2024-08-15T04:40:26.534Z</time>
      </trkpt>
      <trkpt lat="61.771363" lon="9.543967">
        <ele>288.159454</ele>
        <time>2024-08-15T04:40:30.459Z</time>
      </trkpt>
      <trkpt lat="61.771514" lon="9.543909">
        <ele>288.159454</ele>
        <time>2024-08-15T04:40:32.487Z</time>
      </trkpt>
      <trkpt lat="61.771503" lon="9.543729">
        <ele>288.159454</ele>
        <time>2024-08-15T04:40:33.837Z</time>
      </trkpt>
      <trkpt lat="61.771542" lon="9.543595">
        <ele>288.159454</ele>
        <time>2024-08-15T04:40:34.718Z</time>
      </trkpt>
      <trkpt lat="61.771519" lon="9.542995">
        <ele>288.159454</ele>
        <time>2024-08-15T04:40:38.315Z</time>
      </trkpt>
      <trkpt lat="61.771512" lon="9.542763">
        <ele>288.159454</ele>
        <time>2024-08-15T04:40:39.805Z</time>
      </trkpt>
      <trkpt lat="61.771790" lon="9.542677">
        <ele>288.159454</ele>
        <time>2024-08-15T04:40:44.094Z</time>
      </trkpt>
      <trkpt lat="61.771892" lon="9.542652">
        <ele>288.159454</ele>
        <time>2024-08-15T04:40:45.506Z</time>
      </trkpt>
      <trkpt lat="61.772216" lon="9.542770">
        <ele>288.159454</ele>
        <time>2024-08-15T04:40:50.267Z</time>
      </trkpt>
      <trkpt lat="61.772261" lon="9.542850">
        <ele>288.159454</ele>
        <time>2024-08-15T04:40:51.030Z</time>
      </trkpt>
    </trkseg>
  </trk>
</gpx>