<?xml version='1.0' encoding='UTF-8'?>
<gpx version="1.1" creator="https://www.komoot.de" xmlns="http://www.topografix.com/GPX/1/1" xmlns:xsi="http://www.w3.org/2001/XMLSchema-instance" xsi:schemaLocation="http://www.topografix.com/GPX/1/1 http://www.topografix.com/GPX/1/1/gpx.xsd">
  <metadata>
    <name>Auerberg</name>
    <author>
      <link href="https://www.komoot.de">
        <text>komoot</text>
        <type>text/html</type>
      </link>
    </author>
  </metadata>
  <trk>
    <name>Auerberg</name>
    <trkseg>
      <trkpt lat="47.989629" lon="10.205821">
        <ele>603.423898</ele>
        <time>2023-05-27T11:25:26.227Z</time>
      </trkpt>
      <trkpt lat="47.989628" lon="10.205821">
        <ele>603.423898</ele>
        <time>2023-05-27T11:25:26.246Z</time>
      </trkpt>
      <trkpt lat="47.989624" lon="10.205810">
        <ele>603.423898</ele>
        <time>2023-05-27T11:25:26.401Z</time>
      </trkpt>
      <trkpt lat="47.989633" lon="10.205808">
        <ele>603.423898</ele>
        <time>2023-05-27T11:25:26.569Z</time>
      </trkpt>
      <trkpt lat="47.989635" lon="10.205807">
        <ele>603.423898</ele>
        <time>2023-05-27T11:25:26.608Z</time>
      </trkpt>
      <trkpt lat="47.989635" lon="10.205809">
        <ele>603.423898</ele>
        <time>2023-05-27T11:25:26.633Z</time>
      </trkpt>
      <trkpt lat="47.989641" lon="10.205812">
        <ele>603.423898</ele>
        <time>2023-05-27T11:25:26.751Z</time>
      </trkpt>
      <trkpt lat="47.989637" lon="10.205791">
        <ele>603.423898</ele>
        <time>2023-05-27T11:25:27.021Z</time>
      </trkpt>
      <trkpt lat="47.989612" lon="10.205763">
        <ele>603.423898</ele>
        <time>2023-05-27T11:25:27.600Z</time>
      </trkpt>
      <trkpt lat="47.989555" lon="10.205719">
        <ele>603.423898</ele>
        <time>2023-05-27T11:25:28.789Z</time>
      </trkpt>
      <trkpt lat="47.989504" lon="10.205737">
        <ele>603.423898</ele>
        <time>2023-05-27T11:25:29.761Z</time>
      </trkpt>
      <trkpt lat="47.989478" lon="10.205765">
        <ele>603.423898</ele>
        <time>2023-05-27T11:25:30.355Z</time>
      </trkpt>
      <trkpt lat="47.989428" lon="10.205930">
        <ele>603.423898</ele>
        <time>2023-05-27T11:25:32.602Z</time>
      </trkpt>
      <trkpt lat="47.989418" lon="10.205993">
        <ele>603.423898</ele>
        <time>2023-05-27T11:25:33.404Z</time>
      </trkpt>
      <trkpt lat="47.989396" lon="10.206169">
        <ele>603.423898</ele>
        <time>2023-05-27T11:25:35.626Z</time>
      </trkpt>
      <trkpt lat="47.989384" lon="10.206228">
        <ele>603.423898</ele>
        <time>2023-05-27T11:25:36.391Z</time>
      </trkpt>
      <trkpt lat="47.989329" lon="10.206536">
        <ele>603.423898</ele>
        <time>2023-05-27T11:25:40.345Z</time>
      </trkpt>
      <trkpt lat="47.989242" lon="10.206511">
        <ele>603.423898</ele>
        <time>2023-05-27T11:25:41.985Z</time>
      </trkpt>
      <trkpt lat="47.989206" lon="10.206787">
        <ele>604.051611</ele>
        <time>2023-05-27T11:25:47.728Z</time>
      </trkpt>
      <trkpt lat="47.989200" lon="10.207005">
        <ele>604.710173</ele>
        <time>2023-05-27T11:25:51.996Z</time>
      </trkpt>
      <trkpt lat="47.989225" lon="10.207222">
        <ele>605.374794</ele>
        <time>2023-05-27T11:25:56.702Z</time>
      </trkpt>
      <trkpt lat="47.989333" lon="10.207157">
        <ele>605.899897</ele>
        <time>2023-05-27T11:26:00.391Z</time>
      </trkpt>
      <trkpt lat="47.989770" lon="10.208221">
        <ele>609.667942</ele>
        <time>2023-05-27T11:26:28.947Z</time>
      </trkpt>
      <trkpt lat="47.989812" lon="10.208573">
        <ele>610.747151</ele>
        <time>2023-05-27T11:26:37.676Z</time>
      </trkpt>
      <trkpt lat="47.989807" lon="10.208669">
        <ele>611.037787</ele>
        <time>2023-05-27T11:26:40.077Z</time>
      </trkpt>
      <trkpt lat="47.989823" lon="10.209033">
        <ele>612.063488</ele>
        <time>2023-05-27T11:26:48.909Z</time>
      </trkpt>
      <trkpt lat="47.989861" lon="10.209261">
        <ele>612.684098</ele>
        <time>2023-05-27T11:26:54.521Z</time>
      </trkpt>
      <trkpt lat="47.989951" lon="10.209612">
        <ele>613.676907</ele>
        <time>2023-05-27T11:27:03.531Z</time>
      </trkpt>
      <trkpt lat="47.990127" lon="10.210261">
        <ele>615.526488</ele>
        <time>2023-05-27T11:27:18.883Z</time>
      </trkpt>
      <trkpt lat="47.990389" lon="10.211672">
        <ele>618.935599</ele>
        <time>2023-05-27T11:27:44.659Z</time>
      </trkpt>
      <trkpt lat="47.990406" lon="10.212084">
        <ele>619.368030</ele>
        <time>2023-05-27T11:27:51.011Z</time>
      </trkpt>
      <trkpt lat="47.990382" lon="10.212294">
        <ele>619.591211</ele>
        <time>2023-05-27T11:27:54.248Z</time>
      </trkpt>
      <trkpt lat="47.990401" lon="10.212578">
        <ele>619.890212</ele>
        <time>2023-05-27T11:27:58.498Z</time>
      </trkpt>
      <trkpt lat="47.990448" lon="10.212798">
        <ele>620.132142</ele>
        <time>2023-05-27T11:28:01.929Z</time>
      </trkpt>
      <trkpt lat="47.990562" lon="10.213042">
        <ele>620.443882</ele>
        <time>2023-05-27T11:28:06.095Z</time>
      </trkpt>
      <trkpt lat="47.990528" lon="10.213130">
        <ele>620.550330</ele>
        <time>2023-05-27T11:28:07.416Z</time>
      </trkpt>
      <trkpt lat="47.990439" lon="10.213474">
        <ele>620.936695</ele>
        <time>2023-05-27T11:28:13.587Z</time>
      </trkpt>
      <trkpt lat="47.990361" lon="10.213956">
        <ele>621.451131</ele>
        <time>2023-05-27T11:28:20.847Z</time>
      </trkpt>
      <trkpt lat="47.990354" lon="10.214741">
        <ele>621.637531</ele>
        <time>2023-05-27T11:28:28.475Z</time>
      </trkpt>
      <trkpt lat="47.990389" lon="10.215055">
        <ele>621.713112</ele>
        <time>2023-05-27T11:28:31.891Z</time>
      </trkpt>
      <trkpt lat="47.990256" lon="10.215058">
        <ele>621.760301</ele>
        <time>2023-05-27T11:28:33.827Z</time>
      </trkpt>
      <trkpt lat="47.990210" lon="10.215055">
        <ele>621.776636</ele>
        <time>2023-05-27T11:28:34.496Z</time>
      </trkpt>
      <trkpt lat="47.990211" lon="10.214969">
        <ele>621.797058</ele>
        <time>2023-05-27T11:28:35.399Z</time>
      </trkpt>
      <trkpt lat="47.990188" lon="10.214908">
        <ele>621.813682</ele>
        <time>2023-05-27T11:28:36.159Z</time>
      </trkpt>
      <trkpt lat="47.990211" lon="10.214969">
        <ele>621.830306</ele>
        <time>2023-05-27T11:28:37.072Z</time>
      </trkpt>
      <trkpt lat="47.990210" lon="10.215055">
        <ele>621.850728</ele>
        <time>2023-05-27T11:28:38.128Z</time>
      </trkpt>
      <trkpt lat="47.989922" lon="10.215123">
        <ele>621.954169</ele>
        <time>2023-05-27T11:28:42.832Z</time>
      </trkpt>
      <trkpt lat="47.989761" lon="10.215238">
        <ele>622.017478</ele>
        <time>2023-05-27T11:28:45.814Z</time>
      </trkpt>
      <trkpt lat="47.989670" lon="10.215363">
        <ele>622.061332</ele>
        <time>2023-05-27T11:28:47.852Z</time>
      </trkpt>
      <trkpt lat="47.989468" lon="10.215759">
        <ele>622.348665</ele>
        <time>2023-05-27T11:28:53.468Z</time>
      </trkpt>
      <trkpt lat="47.989076" lon="10.216589">
        <ele>623.034197</ele>
        <time>2023-05-27T11:29:05.070Z</time>
      </trkpt>
      <trkpt lat="47.988926" lon="10.216899">
        <ele>623.292344</ele>
        <time>2023-05-27T11:29:09.965Z</time>
      </trkpt>
      <trkpt lat="47.988725" lon="10.217177">
        <ele>623.568516</ele>
        <time>2023-05-27T11:29:21.771Z</time>
      </trkpt>
      <trkpt lat="47.988122" lon="10.217728">
        <ele>624.558906</ele>
        <time>2023-05-27T11:29:53.228Z</time>
      </trkpt>
      <trkpt lat="47.987366" lon="10.218297">
        <ele>626.036383</ele>
        <time>2023-05-27T11:30:30.937Z</time>
      </trkpt>
      <trkpt lat="47.986334" lon="10.219073">
        <ele>627.733429</ele>
        <time>2023-05-27T11:31:21.368Z</time>
      </trkpt>
      <trkpt lat="47.985943" lon="10.219385">
        <ele>628.262934</ele>
        <time>2023-05-27T11:31:40.565Z</time>
      </trkpt>
      <trkpt lat="47.985442" lon="10.219783">
        <ele>628.940738</ele>
        <time>2023-05-27T11:32:04.110Z</time>
      </trkpt>
      <trkpt lat="47.984601" lon="10.220387">
        <ele>628.596335</ele>
        <time>2023-05-27T11:32:38.366Z</time>
      </trkpt>
      <trkpt lat="47.984279" lon="10.220577">
        <ele>628.313245</ele>
        <time>2023-05-27T11:32:42.490Z</time>
      </trkpt>
      <trkpt lat="47.983950" lon="10.220678">
        <ele>628.038601</ele>
        <time>2023-05-27T11:32:46.335Z</time>
      </trkpt>
      <trkpt lat="47.983853" lon="10.220683">
        <ele>627.959238</ele>
        <time>2023-05-27T11:32:47.422Z</time>
      </trkpt>
      <trkpt lat="47.983622" lon="10.220609">
        <ele>627.766056</ele>
        <time>2023-05-27T11:32:50.075Z</time>
      </trkpt>
      <trkpt lat="47.983418" lon="10.220479">
        <ele>627.577710</ele>
        <time>2023-05-27T11:32:52.590Z</time>
      </trkpt>
      <trkpt lat="47.983185" lon="10.220196">
        <ele>627.319330</ele>
        <time>2023-05-27T11:32:56.054Z</time>
      </trkpt>
      <trkpt lat="47.983174" lon="10.220183">
        <ele>627.307262</ele>
        <time>2023-05-27T11:32:56.218Z</time>
      </trkpt>
      <trkpt lat="47.983038" lon="10.219897">
        <ele>627.105207</ele>
        <time>2023-05-27T11:32:59.029Z</time>
      </trkpt>
      <trkpt lat="47.982984" lon="10.219653">
        <ele>626.957194</ele>
        <time>2023-05-27T11:33:01.093Z</time>
      </trkpt>
      <trkpt lat="47.982974" lon="10.219074">
        <ele>626.623613</ele>
        <time>2023-05-27T11:33:05.934Z</time>
      </trkpt>
      <trkpt lat="47.982900" lon="10.218906">
        <ele>626.507783</ele>
        <time>2023-05-27T11:33:07.679Z</time>
      </trkpt>
      <trkpt lat="47.982800" lon="10.218855">
        <ele>626.416863</ele>
        <time>2023-05-27T11:33:09.120Z</time>
      </trkpt>
      <trkpt lat="47.982722" lon="10.218832">
        <ele>626.348453</ele>
        <time>2023-05-27T11:33:10.205Z</time>
      </trkpt>
      <trkpt lat="47.982689" lon="10.218986">
        <ele>626.255323</ele>
        <time>2023-05-27T11:33:11.705Z</time>
      </trkpt>
      <trkpt lat="47.982614" lon="10.219031">
        <ele>626.185779</ele>
        <time>2023-05-27T11:33:12.891Z</time>
      </trkpt>
      <trkpt lat="47.982560" lon="10.219121">
        <ele>626.245128</ele>
        <time>2023-05-27T11:33:14.125Z</time>
      </trkpt>
      <trkpt lat="47.982329" lon="10.219159">
        <ele>626.516731</ele>
        <time>2023-05-27T11:33:17.901Z</time>
      </trkpt>
      <trkpt lat="47.982239" lon="10.219203">
        <ele>626.627403</ele>
        <time>2023-05-27T11:33:19.631Z</time>
      </trkpt>
      <trkpt lat="47.982020" lon="10.219243">
        <ele>626.885255</ele>
        <time>2023-05-27T11:33:23.776Z</time>
      </trkpt>
      <trkpt lat="47.981065" lon="10.219746">
        <ele>628.068700</ele>
        <time>2023-05-27T11:33:45.710Z</time>
      </trkpt>
      <trkpt lat="47.980888" lon="10.219897">
        <ele>628.314676</ele>
        <time>2023-05-27T11:33:50.110Z</time>
      </trkpt>
      <trkpt lat="47.980699" lon="10.220116">
        <ele>628.658075</ele>
        <time>2023-05-27T11:33:54.919Z</time>
      </trkpt>
      <trkpt lat="47.980427" lon="10.220558">
        <ele>629.235074</ele>
        <time>2023-05-27T11:34:02.975Z</time>
      </trkpt>
      <trkpt lat="47.980246" lon="10.221093">
        <ele>629.811163</ele>
        <time>2023-05-27T11:34:11.337Z</time>
      </trkpt>
      <trkpt lat="47.980170" lon="10.221552">
        <ele>630.265571</ele>
        <time>2023-05-27T11:34:18.059Z</time>
      </trkpt>
      <trkpt lat="47.980150" lon="10.221882">
        <ele>630.584009</ele>
        <time>2023-05-27T11:34:22.761Z</time>
      </trkpt>
      <trkpt lat="47.980169" lon="10.222710">
        <ele>631.145792</ele>
        <time>2023-05-27T11:34:33.633Z</time>
      </trkpt>
      <trkpt lat="47.980145" lon="10.223223">
        <ele>631.419326</ele>
        <time>2023-05-27T11:34:39.638Z</time>
      </trkpt>
      <trkpt lat="47.980032" lon="10.223998">
        <ele>631.841221</ele>
        <time>2023-05-27T11:34:48.743Z</time>
      </trkpt>
      <trkpt lat="47.979884" lon="10.224835">
        <ele>632.301075</ele>
        <time>2023-05-27T11:34:58.843Z</time>
      </trkpt>
      <trkpt lat="47.979832" lon="10.225128">
        <ele>632.456460</ele>
        <time>2023-05-27T11:35:02.450Z</time>
      </trkpt>
      <trkpt lat="47.979786" lon="10.225514">
        <ele>632.657439</ele>
        <time>2023-05-27T11:35:06.815Z</time>
      </trkpt>
      <trkpt lat="47.979777" lon="10.225683">
        <ele>632.744344</ele>
        <time>2023-05-27T11:35:08.937Z</time>
      </trkpt>
      <trkpt lat="47.979763" lon="10.228299">
        <ele>634.009524</ele>
        <time>2023-05-27T11:35:40.613Z</time>
      </trkpt>
      <trkpt lat="47.979765" lon="10.228464">
        <ele>634.078968</ele>
        <time>2023-05-27T11:35:42.661Z</time>
      </trkpt>
      <trkpt lat="47.979767" lon="10.228602">
        <ele>634.137052</ele>
        <time>2023-05-27T11:35:44.391Z</time>
      </trkpt>
      <trkpt lat="47.979799" lon="10.229681">
        <ele>634.591543</ele>
        <time>2023-05-27T11:35:57.251Z</time>
      </trkpt>
      <trkpt lat="47.979866" lon="10.230244">
        <ele>634.789601</ele>
        <time>2023-05-27T11:36:03.289Z</time>
      </trkpt>
      <trkpt lat="47.979972" lon="10.230825">
        <ele>634.770922</ele>
        <time>2023-05-27T11:36:09.253Z</time>
      </trkpt>
      <trkpt lat="47.980188" lon="10.231571">
        <ele>634.745710</ele>
        <time>2023-05-27T11:36:17.335Z</time>
      </trkpt>
      <trkpt lat="47.980531" lon="10.232443">
        <ele>634.714337</ele>
        <time>2023-05-27T11:36:26.824Z</time>
      </trkpt>
      <trkpt lat="47.980587" lon="10.232577">
        <ele>634.709437</ele>
        <time>2023-05-27T11:36:28.312Z</time>
      </trkpt>
      <trkpt lat="47.980829" lon="10.233034">
        <ele>634.595259</ele>
        <time>2023-05-27T11:36:33.672Z</time>
      </trkpt>
      <trkpt lat="47.981254" lon="10.233747">
        <ele>634.405884</ele>
        <time>2023-05-27T11:36:42.406Z</time>
      </trkpt>
      <trkpt lat="47.981677" lon="10.234542">
        <ele>634.204441</ele>
        <time>2023-05-27T11:36:52.054Z</time>
      </trkpt>
      <trkpt lat="47.982340" lon="10.236170">
        <ele>633.411940</ele>
        <time>2023-05-27T11:37:08.840Z</time>
      </trkpt>
      <trkpt lat="47.982753" lon="10.237186">
        <ele>632.816674</ele>
        <time>2023-05-27T11:37:18.786Z</time>
      </trkpt>
      <trkpt lat="47.983120" lon="10.238084">
        <ele>632.042528</ele>
        <time>2023-05-27T11:37:27.192Z</time>
      </trkpt>
      <trkpt lat="47.983353" lon="10.238750">
        <ele>631.489610</ele>
        <time>2023-05-27T11:37:33.136Z</time>
      </trkpt>
      <trkpt lat="47.983490" lon="10.239172">
        <ele>631.144524</ele>
        <time>2023-05-27T11:37:36.899Z</time>
      </trkpt>
      <trkpt lat="47.983453" lon="10.239189">
        <ele>631.101973</ele>
        <time>2023-05-27T11:37:37.381Z</time>
      </trkpt>
      <trkpt lat="47.983469" lon="10.239255">
        <ele>631.050325</ele>
        <time>2023-05-27T11:37:37.996Z</time>
      </trkpt>
      <trkpt lat="47.983441" lon="10.239308">
        <ele>631.009923</ele>
        <time>2023-05-27T11:37:38.544Z</time>
      </trkpt>
      <trkpt lat="47.983438" lon="10.239341">
        <ele>630.992164</ele>
        <time>2023-05-27T11:37:38.827Z</time>
      </trkpt>
      <trkpt lat="47.983323" lon="10.239415">
        <ele>630.892413</ele>
        <time>2023-05-27T11:37:40.949Z</time>
      </trkpt>
      <trkpt lat="47.982903" lon="10.239617">
        <ele>630.540908</ele>
        <time>2023-05-27T11:37:48.682Z</time>
      </trkpt>
      <trkpt lat="47.982843" lon="10.239671">
        <ele>630.485106</ele>
        <time>2023-05-27T11:37:49.615Z</time>
      </trkpt>
      <trkpt lat="47.982773" lon="10.239794">
        <ele>630.399014</ele>
        <time>2023-05-27T11:37:51.036Z</time>
      </trkpt>
      <trkpt lat="47.982078" lon="10.241497">
        <ele>629.495673</ele>
        <time>2023-05-27T11:38:07.962Z</time>
      </trkpt>
      <trkpt lat="47.981739" lon="10.242208">
        <ele>629.310586</ele>
        <time>2023-05-27T11:38:16.218Z</time>
      </trkpt>
      <trkpt lat="47.981221" lon="10.243159">
        <ele>629.050619</ele>
        <time>2023-05-27T11:38:27.697Z</time>
      </trkpt>
      <trkpt lat="47.981057" lon="10.243404">
        <ele>629.033365</ele>
        <time>2023-05-27T11:38:30.996Z</time>
      </trkpt>
      <trkpt lat="47.980362" lon="10.244299">
        <ele>629.042185</ele>
        <time>2023-05-27T11:38:44.273Z</time>
      </trkpt>
      <trkpt lat="47.979937" lon="10.244968">
        <ele>629.048119</ele>
        <time>2023-05-27T11:38:53.608Z</time>
      </trkpt>
      <trkpt lat="47.979586" lon="10.245449">
        <ele>629.320381</ele>
        <time>2023-05-27T11:39:01.478Z</time>
      </trkpt>
      <trkpt lat="47.979463" lon="10.245557">
        <ele>629.420986</ele>
        <time>2023-05-27T11:39:04.067Z</time>
      </trkpt>
      <trkpt lat="47.979079" lon="10.246000">
        <ele>629.763105</ele>
        <time>2023-05-27T11:39:13.103Z</time>
      </trkpt>
      <trkpt lat="47.978807" lon="10.246488">
        <ele>630.062851</ele>
        <time>2023-05-27T11:39:21.378Z</time>
      </trkpt>
      <trkpt lat="47.978442" lon="10.247440">
        <ele>630.334102</ele>
        <time>2023-05-27T11:39:34.044Z</time>
      </trkpt>
      <trkpt lat="47.978178" lon="10.248228">
        <ele>630.360627</ele>
        <time>2023-05-27T11:39:42.896Z</time>
      </trkpt>
      <trkpt lat="47.978050" lon="10.248707">
        <ele>630.376153</ele>
        <time>2023-05-27T11:39:47.942Z</time>
      </trkpt>
      <trkpt lat="47.977889" lon="10.249379">
        <ele>630.397639</ele>
        <time>2023-05-27T11:39:54.442Z</time>
      </trkpt>
      <trkpt lat="47.977724" lon="10.249928">
        <ele>630.284175</ele>
        <time>2023-05-27T11:39:59.689Z</time>
      </trkpt>
      <trkpt lat="47.977604" lon="10.250196">
        <ele>630.221186</ele>
        <time>2023-05-27T11:40:02.547Z</time>
      </trkpt>
      <trkpt lat="47.976873" lon="10.251583">
        <ele>629.876322</ele>
        <time>2023-05-27T11:40:18.406Z</time>
      </trkpt>
      <trkpt lat="47.976133" lon="10.252894">
        <ele>630.736253</ele>
        <time>2023-05-27T11:40:38.899Z</time>
      </trkpt>
      <trkpt lat="47.975532" lon="10.253838">
        <ele>631.417183</ele>
        <time>2023-05-27T11:40:55.796Z</time>
      </trkpt>
      <trkpt lat="47.974834" lon="10.254796">
        <ele>632.223141</ele>
        <time>2023-05-27T11:41:13.485Z</time>
      </trkpt>
      <trkpt lat="47.974340" lon="10.255445">
        <ele>632.771722</ele>
        <time>2023-05-27T11:41:25.429Z</time>
      </trkpt>
      <trkpt lat="47.973667" lon="10.257168">
        <ele>633.113987</ele>
        <time>2023-05-27T11:41:46.352Z</time>
      </trkpt>
      <trkpt lat="47.973276" lon="10.257986">
        <ele>633.172653</ele>
        <time>2023-05-27T11:41:56.700Z</time>
      </trkpt>
      <trkpt lat="47.972756" lon="10.258954">
        <ele>632.970701</ele>
        <time>2023-05-27T11:42:08.501Z</time>
      </trkpt>
      <trkpt lat="47.972688" lon="10.259068">
        <ele>632.945856</ele>
        <time>2023-05-27T11:42:10.480Z</time>
      </trkpt>
      <trkpt lat="47.972243" lon="10.259924">
        <ele>632.739380</ele>
        <time>2023-05-27T11:42:24.108Z</time>
      </trkpt>
      <trkpt lat="47.971072" lon="10.262142">
        <ele>631.873907</ele>
        <time>2023-05-27T11:42:58.253Z</time>
      </trkpt>
      <trkpt lat="47.971016" lon="10.262208">
        <ele>631.927906</ele>
        <time>2023-05-27T11:42:59.580Z</time>
      </trkpt>
      <trkpt lat="47.971069" lon="10.262740">
        <ele>632.200497</ele>
        <time>2023-05-27T11:43:04.924Z</time>
      </trkpt>
      <trkpt lat="47.971153" lon="10.262934">
        <ele>632.317587</ele>
        <time>2023-05-27T11:43:07.549Z</time>
      </trkpt>
      <trkpt lat="47.971051" lon="10.263132">
        <ele>632.444203</ele>
        <time>2023-05-27T11:43:10.452Z</time>
      </trkpt>
      <trkpt lat="47.970955" lon="10.263240">
        <ele>632.535181</ele>
        <time>2023-05-27T11:43:12.669Z</time>
      </trkpt>
      <trkpt lat="47.970715" lon="10.263373">
        <ele>632.728960</ele>
        <time>2023-05-27T11:43:17.643Z</time>
      </trkpt>
      <trkpt lat="47.970594" lon="10.263490">
        <ele>632.838074</ele>
        <time>2023-05-27T11:43:21.427Z</time>
      </trkpt>
      <trkpt lat="47.970400" lon="10.263741">
        <ele>633.032365</ele>
        <time>2023-05-27T11:43:26.940Z</time>
      </trkpt>
      <trkpt lat="47.970302" lon="10.264000">
        <ele>633.395583</ele>
        <time>2023-05-27T11:43:31.648Z</time>
      </trkpt>
      <trkpt lat="47.970240" lon="10.264587">
        <ele>634.456400</ele>
        <time>2023-05-27T11:43:41.309Z</time>
      </trkpt>
      <trkpt lat="47.970226" lon="10.264718">
        <ele>634.693209</ele>
        <time>2023-05-27T11:43:43.546Z</time>
      </trkpt>
      <trkpt lat="47.970256" lon="10.265254">
        <ele>635.653365</ele>
        <time>2023-05-27T11:43:54.962Z</time>
      </trkpt>
      <trkpt lat="47.970464" lon="10.265919">
        <ele>636.963615</ele>
        <time>2023-05-27T11:44:11.133Z</time>
      </trkpt>
      <trkpt lat="47.970514" lon="10.266635">
        <ele>638.156384</ele>
        <time>2023-05-27T11:44:24.207Z</time>
      </trkpt>
      <trkpt lat="47.970450" lon="10.267374">
        <ele>639.139862</ele>
        <time>2023-05-27T11:44:36.621Z</time>
      </trkpt>
      <trkpt lat="47.970469" lon="10.267604">
        <ele>639.445725</ele>
        <time>2023-05-27T11:44:40.225Z</time>
      </trkpt>
      <trkpt lat="47.970503" lon="10.267681">
        <ele>639.567463</ele>
        <time>2023-05-27T11:44:41.608Z</time>
      </trkpt>
      <trkpt lat="47.970708" lon="10.268086">
        <ele>640.237564</ele>
        <time>2023-05-27T11:44:48.980Z</time>
      </trkpt>
      <trkpt lat="47.970788" lon="10.268418">
        <ele>640.703260</ele>
        <time>2023-05-27T11:44:53.794Z</time>
      </trkpt>
      <trkpt lat="47.970796" lon="10.268464">
        <ele>640.765987</ele>
        <time>2023-05-27T11:44:54.442Z</time>
      </trkpt>
      <trkpt lat="47.970836" lon="10.268930">
        <ele>641.386057</ele>
        <time>2023-05-27T11:45:00.590Z</time>
      </trkpt>
      <trkpt lat="47.970916" lon="10.269182">
        <ele>641.624864</ele>
        <time>2023-05-27T11:45:04.253Z</time>
      </trkpt>
      <trkpt lat="47.971310" lon="10.270322">
        <ele>642.620657</ele>
        <time>2023-05-27T11:45:20.702Z</time>
      </trkpt>
      <trkpt lat="47.971450" lon="10.270942">
        <ele>643.128521</ele>
        <time>2023-05-27T11:45:29.304Z</time>
      </trkpt>
      <trkpt lat="47.971541" lon="10.272212">
        <ele>643.584800</ele>
        <time>2023-05-27T11:45:46.144Z</time>
      </trkpt>
      <trkpt lat="47.971557" lon="10.272938">
        <ele>643.641039</ele>
        <time>2023-05-27T11:45:54.575Z</time>
      </trkpt>
      <trkpt lat="47.971575" lon="10.273616">
        <ele>643.693572</ele>
        <time>2023-05-27T11:46:01.238Z</time>
      </trkpt>
      <trkpt lat="47.971589" lon="10.274132">
        <ele>643.732443</ele>
        <time>2023-05-27T11:46:05.457Z</time>
      </trkpt>
      <trkpt lat="47.971719" lon="10.275191">
        <ele>641.764647</ele>
        <time>2023-05-27T11:46:13.253Z</time>
      </trkpt>
      <trkpt lat="47.971803" lon="10.275536">
        <ele>641.093690</ele>
        <time>2023-05-27T11:46:15.776Z</time>
      </trkpt>
      <trkpt lat="47.972084" lon="10.276837">
        <ele>638.553385</ele>
        <time>2023-05-27T11:46:24.888Z</time>
      </trkpt>
      <trkpt lat="47.972294" lon="10.277814">
        <ele>636.334235</ele>
        <time>2023-05-27T11:46:31.722Z</time>
      </trkpt>
      <trkpt lat="47.973292" lon="10.280167">
        <ele>630.717639</ele>
        <time>2023-05-27T11:46:50.860Z</time>
      </trkpt>
      <trkpt lat="47.974246" lon="10.282495">
        <ele>626.394346</ele>
        <time>2023-05-27T11:47:10.151Z</time>
      </trkpt>
      <trkpt lat="47.974295" lon="10.282621">
        <ele>626.204486</ele>
        <time>2023-05-27T11:47:11.205Z</time>
      </trkpt>
      <trkpt lat="47.974346" lon="10.282741">
        <ele>626.019288</ele>
        <time>2023-05-27T11:47:12.682Z</time>
      </trkpt>
      <trkpt lat="47.974518" lon="10.283178">
        <ele>625.358789</ele>
        <time>2023-05-27T11:47:18.146Z</time>
      </trkpt>
      <trkpt lat="47.975086" lon="10.284580">
        <ele>624.840515</ele>
        <time>2023-05-27T11:47:37.271Z</time>
      </trkpt>
      <trkpt lat="47.975236" lon="10.285167">
        <ele>624.999174</ele>
        <time>2023-05-27T11:47:47.587Z</time>
      </trkpt>
      <trkpt lat="47.975266" lon="10.285305">
        <ele>625.035812</ele>
        <time>2023-05-27T11:47:50.452Z</time>
      </trkpt>
      <trkpt lat="47.975361" lon="10.286264">
        <ele>625.285106</ele>
        <time>2023-05-27T11:48:07.702Z</time>
      </trkpt>
      <trkpt lat="47.975380" lon="10.286574">
        <ele>625.378344</ele>
        <time>2023-05-27T11:48:12.904Z</time>
      </trkpt>
      <trkpt lat="47.975383" lon="10.286968">
        <ele>625.496361</ele>
        <time>2023-05-27T11:48:18.809Z</time>
      </trkpt>
      <trkpt lat="47.975439" lon="10.287709">
        <ele>625.719713</ele>
        <time>2023-05-27T11:48:29.253Z</time>
      </trkpt>
      <trkpt lat="47.975536" lon="10.288138">
        <ele>625.855336</ele>
        <time>2023-05-27T11:48:35.748Z</time>
      </trkpt>
      <trkpt lat="47.975576" lon="10.288279">
        <ele>625.901203</ele>
        <time>2023-05-27T11:48:37.702Z</time>
      </trkpt>
      <trkpt lat="47.975728" lon="10.288673">
        <ele>626.037405</ele>
        <time>2023-05-27T11:48:44.472Z</time>
      </trkpt>
      <trkpt lat="47.976075" lon="10.289607">
        <ele>626.430546</ele>
        <time>2023-05-27T11:48:57.748Z</time>
      </trkpt>
      <trkpt lat="47.977291" lon="10.292597">
        <ele>630.309368</ele>
        <time>2023-05-27T11:49:54.766Z</time>
      </trkpt>
      <trkpt lat="47.977519" lon="10.293080">
        <ele>631.374371</ele>
        <time>2023-05-27T11:50:10.513Z</time>
      </trkpt>
      <trkpt lat="47.977706" lon="10.293355">
        <ele>632.394768</ele>
        <time>2023-05-27T11:50:22.154Z</time>
      </trkpt>
      <trkpt lat="47.978243" lon="10.293906">
        <ele>637.310115</ele>
        <time>2023-05-27T11:50:54.008Z</time>
      </trkpt>
      <trkpt lat="47.978027" lon="10.294476">
        <ele>640.618293</ele>
        <time>2023-05-27T11:51:17.534Z</time>
      </trkpt>
      <trkpt lat="47.977911" lon="10.295386">
        <ele>645.297040</ele>
        <time>2023-05-27T11:51:51.223Z</time>
      </trkpt>
      <trkpt lat="47.977796" lon="10.295615">
        <ele>646.690952</ele>
        <time>2023-05-27T11:52:01.743Z</time>
      </trkpt>
      <trkpt lat="47.976805" lon="10.296963">
        <ele>656.388054</ele>
        <time>2023-05-27T11:53:08.799Z</time>
      </trkpt>
      <trkpt lat="47.975900" lon="10.298063">
        <ele>663.648440</ele>
        <time>2023-05-27T11:53:58.052Z</time>
      </trkpt>
      <trkpt lat="47.975208" lon="10.298726">
        <ele>668.488222</ele>
        <time>2023-05-27T11:54:33.934Z</time>
      </trkpt>
      <trkpt lat="47.974922" lon="10.298902">
        <ele>670.572996</ele>
        <time>2023-05-27T11:54:48.136Z</time>
      </trkpt>
      <trkpt lat="47.974280" lon="10.299166">
        <ele>675.333863</ele>
        <time>2023-05-27T11:55:19.309Z</time>
      </trkpt>
      <trkpt lat="47.973663" lon="10.299478">
        <ele>679.991155</ele>
        <time>2023-05-27T11:55:50.457Z</time>
      </trkpt>
      <trkpt lat="47.973363" lon="10.299670">
        <ele>682.404601</ele>
        <time>2023-05-27T11:56:08.401Z</time>
      </trkpt>
      <trkpt lat="47.973144" lon="10.299857">
        <ele>684.582060</ele>
        <time>2023-05-27T11:56:23.564Z</time>
      </trkpt>
      <trkpt lat="47.972805" lon="10.299955">
        <ele>687.562565</ele>
        <time>2023-05-27T11:56:43.919Z</time>
      </trkpt>
      <trkpt lat="47.972682" lon="10.299988">
        <ele>688.641276</ele>
        <time>2023-05-27T11:56:50.820Z</time>
      </trkpt>
      <trkpt lat="47.972531" lon="10.300110">
        <ele>690.123150</ele>
        <time>2023-05-27T11:57:00.684Z</time>
      </trkpt>
      <trkpt lat="47.972421" lon="10.300255">
        <ele>691.389529</ele>
        <time>2023-05-27T11:57:08.669Z</time>
      </trkpt>
      <trkpt lat="47.972303" lon="10.300707">
        <ele>694.193177</ele>
        <time>2023-05-27T11:57:26.182Z</time>
      </trkpt>
      <trkpt lat="47.972233" lon="10.300882">
        <ele>695.371251</ele>
        <time>2023-05-27T11:57:33.273Z</time>
      </trkpt>
      <trkpt lat="47.972108" lon="10.301096">
        <ele>697.012479</ele>
        <time>2023-05-27T11:57:43.445Z</time>
      </trkpt>
      <trkpt lat="47.971886" lon="10.301339">
        <ele>698.804247</ele>
        <time>2023-05-27T11:57:57.610Z</time>
      </trkpt>
      <trkpt lat="47.971412" lon="10.301653">
        <ele>701.921250</ele>
        <time>2023-05-27T11:58:23.855Z</time>
      </trkpt>
      <trkpt lat="47.971093" lon="10.301749">
        <ele>703.877380</ele>
        <time>2023-05-27T11:58:39.409Z</time>
      </trkpt>
      <trkpt lat="47.970940" lon="10.301747">
        <ele>704.797140</ele>
        <time>2023-05-27T11:58:45.901Z</time>
      </trkpt>
      <trkpt lat="47.970666" lon="10.301660">
        <ele>706.481034</ele>
        <time>2023-05-27T11:58:56.475Z</time>
      </trkpt>
      <trkpt lat="47.970472" lon="10.301557">
        <ele>707.718706</ele>
        <time>2023-05-27T11:59:03.404Z</time>
      </trkpt>
      <trkpt lat="47.969936" lon="10.301459">
        <ele>709.530322</ele>
        <time>2023-05-27T11:59:20.077Z</time>
      </trkpt>
      <trkpt lat="47.968875" lon="10.301828">
        <ele>712.584152</ele>
        <time>2023-05-27T11:59:56.164Z</time>
      </trkpt>
      <trkpt lat="47.967602" lon="10.302370">
        <ele>714.129904</ele>
        <time>2023-05-27T12:00:29.493Z</time>
      </trkpt>
      <trkpt lat="47.967293" lon="10.302546">
        <ele>714.382544</ele>
        <time>2023-05-27T12:00:36.638Z</time>
      </trkpt>
      <trkpt lat="47.966988" lon="10.302788">
        <ele>714.646385</ele>
        <time>2023-05-27T12:00:43.495Z</time>
      </trkpt>
      <trkpt lat="47.965611" lon="10.304168">
        <ele>713.663076</ele>
        <time>2023-05-27T12:01:12.692Z</time>
      </trkpt>
      <trkpt lat="47.965455" lon="10.304269">
        <ele>713.553451</ele>
        <time>2023-05-27T12:01:16.042Z</time>
      </trkpt>
      <trkpt lat="47.965020" lon="10.304525">
        <ele>713.387924</ele>
        <time>2023-05-27T12:01:25.008Z</time>
      </trkpt>
      <trkpt lat="47.964909" lon="10.304627">
        <ele>713.344501</ele>
        <time>2023-05-27T12:01:27.529Z</time>
      </trkpt>
      <trkpt lat="47.964847" lon="10.304784">
        <ele>713.303838</ele>
        <time>2023-05-27T12:01:30.013Z</time>
      </trkpt>
      <trkpt lat="47.964725" lon="10.305269">
        <ele>713.188256</ele>
        <time>2023-05-27T12:01:36.827Z</time>
      </trkpt>
      <trkpt lat="47.964636" lon="10.305519">
        <ele>713.125090</ele>
        <time>2023-05-27T12:01:40.452Z</time>
      </trkpt>
      <trkpt lat="47.964466" lon="10.305830">
        <ele>713.035524</ele>
        <time>2023-05-27T12:01:45.792Z</time>
      </trkpt>
      <trkpt lat="47.964033" lon="10.306328">
        <ele>713.045187</ele>
        <time>2023-05-27T12:01:55.646Z</time>
      </trkpt>
      <trkpt lat="47.963551" lon="10.306748">
        <ele>713.301731</ele>
        <time>2023-05-27T12:02:05.957Z</time>
      </trkpt>
      <trkpt lat="47.962656" lon="10.307124">
        <ele>713.729149</ele>
        <time>2023-05-27T12:02:28.447Z</time>
      </trkpt>
      <trkpt lat="47.962368" lon="10.307324">
        <ele>714.299984</ele>
        <time>2023-05-27T12:02:37.319Z</time>
      </trkpt>
      <trkpt lat="47.961755" lon="10.308113">
        <ele>716.054963</ele>
        <time>2023-05-27T12:03:01.230Z</time>
      </trkpt>
      <trkpt lat="47.961576" lon="10.308539">
        <ele>716.785292</ele>
        <time>2023-05-27T12:03:11.480Z</time>
      </trkpt>
      <trkpt lat="47.961415" lon="10.309033">
        <ele>717.583119</ele>
        <time>2023-05-27T12:03:22.873Z</time>
      </trkpt>
      <trkpt lat="47.961225" lon="10.309393">
        <ele>718.011478</ele>
        <time>2023-05-27T12:03:32.197Z</time>
      </trkpt>
      <trkpt lat="47.959790" lon="10.311283">
        <ele>719.796997</ele>
        <time>2023-05-27T12:04:18.802Z</time>
      </trkpt>
      <trkpt lat="47.958969" lon="10.312319">
        <ele>719.269722</ele>
        <time>2023-05-27T12:04:38.804Z</time>
      </trkpt>
      <trkpt lat="47.958594" lon="10.312917">
        <ele>718.213599</ele>
        <time>2023-05-27T12:04:47.590Z</time>
      </trkpt>
      <trkpt lat="47.958385" lon="10.313494">
        <ele>716.355051</ele>
        <time>2023-05-27T12:04:54.138Z</time>
      </trkpt>
      <trkpt lat="47.957941" lon="10.315185">
        <ele>711.041708</ele>
        <time>2023-05-27T12:05:10.526Z</time>
      </trkpt>
      <trkpt lat="47.957416" lon="10.316588">
        <ele>703.817004</ele>
        <time>2023-05-27T12:05:24.202Z</time>
      </trkpt>
      <trkpt lat="47.956932" lon="10.317382">
        <ele>699.240702</ele>
        <time>2023-05-27T12:05:33.444Z</time>
      </trkpt>
      <trkpt lat="47.956686" lon="10.317672">
        <ele>698.360394</ele>
        <time>2023-05-27T12:05:37.593Z</time>
      </trkpt>
      <trkpt lat="47.956463" lon="10.317935">
        <ele>697.562257</ele>
        <time>2023-05-27T12:05:41.478Z</time>
      </trkpt>
      <trkpt lat="47.955830" lon="10.319217">
        <ele>694.566281</ele>
        <time>2023-05-27T12:05:58.511Z</time>
      </trkpt>
      <trkpt lat="47.955552" lon="10.319880">
        <ele>695.625545</ele>
        <time>2023-05-27T12:06:11.977Z</time>
      </trkpt>
      <trkpt lat="47.955377" lon="10.320300">
        <ele>696.543350</ele>
        <time>2023-05-27T12:06:22.246Z</time>
      </trkpt>
      <trkpt lat="47.954918" lon="10.320611">
        <ele>697.939827</ele>
        <time>2023-05-27T12:06:39.740Z</time>
      </trkpt>
      <trkpt lat="47.954179" lon="10.320831">
        <ele>700.316812</ele>
        <time>2023-05-27T12:07:08.646Z</time>
      </trkpt>
      <trkpt lat="47.953853" lon="10.321026">
        <ele>701.706453</ele>
        <time>2023-05-27T12:07:22.529Z</time>
      </trkpt>
      <trkpt lat="47.952408" lon="10.321157">
        <ele>706.987413</ele>
        <time>2023-05-27T12:08:13.796Z</time>
      </trkpt>
      <trkpt lat="47.951995" lon="10.321108">
        <ele>707.867106</ele>
        <time>2023-05-27T12:08:25.881Z</time>
      </trkpt>
      <trkpt lat="47.951240" lon="10.321105">
        <ele>709.470215</ele>
        <time>2023-05-27T12:08:45.957Z</time>
      </trkpt>
      <trkpt lat="47.951062" lon="10.321074">
        <ele>709.850728</ele>
        <time>2023-05-27T12:08:50.531Z</time>
      </trkpt>
      <trkpt lat="47.950862" lon="10.321000">
        <ele>710.288236</ele>
        <time>2023-05-27T12:08:55.603Z</time>
      </trkpt>
      <trkpt lat="47.950491" lon="10.320780">
        <ele>711.092170</ele>
        <time>2023-05-27T12:09:06.062Z</time>
      </trkpt>
      <trkpt lat="47.949784" lon="10.320481">
        <ele>712.572008</ele>
        <time>2023-05-27T12:09:27.605Z</time>
      </trkpt>
      <trkpt lat="47.949281" lon="10.320436">
        <ele>713.586812</ele>
        <time>2023-05-27T12:09:42.087Z</time>
      </trkpt>
      <trkpt lat="47.948539" lon="10.320643">
        <ele>714.480114</ele>
        <time>2023-05-27T12:10:04.337Z</time>
      </trkpt>
      <trkpt lat="47.948381" lon="10.320648">
        <ele>714.631608</ele>
        <time>2023-05-27T12:10:08.608Z</time>
      </trkpt>
      <trkpt lat="47.948161" lon="10.320655">
        <ele>714.842551</ele>
        <time>2023-05-27T12:10:14.243Z</time>
      </trkpt>
      <trkpt lat="47.947540" lon="10.320511">
        <ele>715.444986</ele>
        <time>2023-05-27T12:10:27.990Z</time>
      </trkpt>
      <trkpt lat="47.947381" lon="10.320468">
        <ele>715.599886</ele>
        <time>2023-05-27T12:10:30.771Z</time>
      </trkpt>
      <trkpt lat="47.947183" lon="10.320400">
        <ele>715.606613</ele>
        <time>2023-05-27T12:10:34.291Z</time>
      </trkpt>
      <trkpt lat="47.946982" lon="10.320331">
        <ele>715.571649</ele>
        <time>2023-05-27T12:10:37.733Z</time>
      </trkpt>
      <trkpt lat="47.946724" lon="10.320190">
        <ele>715.525073</ele>
        <time>2023-05-27T12:10:42.230Z</time>
      </trkpt>
      <trkpt lat="47.946576" lon="10.320270">
        <ele>715.498390</ele>
        <time>2023-05-27T12:10:45.307Z</time>
      </trkpt>
      <trkpt lat="47.946232" lon="10.319958">
        <ele>715.430154</ele>
        <time>2023-05-27T12:10:52.858Z</time>
      </trkpt>
      <trkpt lat="47.946119" lon="10.319914">
        <ele>715.410357</ele>
        <time>2023-05-27T12:10:55.102Z</time>
      </trkpt>
      <trkpt lat="47.945853" lon="10.319899">
        <ele>715.365231</ele>
        <time>2023-05-27T12:11:01.042Z</time>
      </trkpt>
      <trkpt lat="47.945512" lon="10.319982">
        <ele>715.785251</ele>
        <time>2023-05-27T12:11:08.898Z</time>
      </trkpt>
      <trkpt lat="47.945119" lon="10.320191">
        <ele>717.167658</ele>
        <time>2023-05-27T12:11:20.462Z</time>
      </trkpt>
      <trkpt lat="47.944792" lon="10.320317">
        <ele>718.286718</ele>
        <time>2023-05-27T12:11:31.279Z</time>
      </trkpt>
      <trkpt lat="47.944175" lon="10.320448">
        <ele>720.351787</ele>
        <time>2023-05-27T12:11:55.769Z</time>
      </trkpt>
      <trkpt lat="47.944013" lon="10.320530">
        <ele>720.918609</ele>
        <time>2023-05-27T12:12:02.799Z</time>
      </trkpt>
      <trkpt lat="47.943598" lon="10.320870">
        <ele>722.763644</ele>
        <time>2023-05-27T12:12:21.735Z</time>
      </trkpt>
      <trkpt lat="47.943115" lon="10.321141">
        <ele>724.868158</ele>
        <time>2023-05-27T12:12:41.279Z</time>
      </trkpt>
      <trkpt lat="47.942655" lon="10.321408">
        <ele>726.881148</ele>
        <time>2023-05-27T12:12:58.955Z</time>
      </trkpt>
      <trkpt lat="47.942338" lon="10.321635">
        <ele>728.315126</ele>
        <time>2023-05-27T12:13:11.070Z</time>
      </trkpt>
      <trkpt lat="47.941347" lon="10.322526">
        <ele>731.533632</ele>
        <time>2023-05-27T12:13:47.327Z</time>
      </trkpt>
      <trkpt lat="47.940404" lon="10.323199">
        <ele>734.238114</ele>
        <time>2023-05-27T12:14:18.051Z</time>
      </trkpt>
      <trkpt lat="47.939454" lon="10.323785">
        <ele>736.664993</ele>
        <time>2023-05-27T12:14:49.284Z</time>
      </trkpt>
      <trkpt lat="47.938833" lon="10.323788">
        <ele>737.923286</ele>
        <time>2023-05-27T12:15:07.319Z</time>
      </trkpt>
      <trkpt lat="47.938505" lon="10.323779">
        <ele>738.313666</ele>
        <time>2023-05-27T12:15:16.496Z</time>
      </trkpt>
      <trkpt lat="47.938377" lon="10.323812">
        <ele>738.468239</ele>
        <time>2023-05-27T12:15:19.850Z</time>
      </trkpt>
      <trkpt lat="47.938302" lon="10.324154">
        <ele>738.755118</ele>
        <time>2023-05-27T12:15:25.167Z</time>
      </trkpt>
      <trkpt lat="47.938184" lon="10.324495">
        <ele>739.061089</ele>
        <time>2023-05-27T12:15:30.281Z</time>
      </trkpt>
      <trkpt lat="47.937843" lon="10.325336">
        <ele>739.844776</ele>
        <time>2023-05-27T12:15:41.113Z</time>
      </trkpt>
      <trkpt lat="47.937782" lon="10.325489">
        <ele>739.859974</ele>
        <time>2023-05-27T12:15:42.835Z</time>
      </trkpt>
      <trkpt lat="47.937671" lon="10.325883">
        <ele>739.879221</ele>
        <time>2023-05-27T12:15:46.860Z</time>
      </trkpt>
      <trkpt lat="47.937600" lon="10.326135">
        <ele>739.891531</ele>
        <time>2023-05-27T12:15:49.539Z</time>
      </trkpt>
      <trkpt lat="47.937583" lon="10.326201">
        <ele>739.894715</ele>
        <time>2023-05-27T12:15:50.240Z</time>
      </trkpt>
      <trkpt lat="47.937472" lon="10.326651">
        <ele>739.916308</ele>
        <time>2023-05-27T12:15:54.929Z</time>
      </trkpt>
      <trkpt lat="47.937421" lon="10.326862">
        <ele>739.926408</ele>
        <time>2023-05-27T12:15:57.087Z</time>
      </trkpt>
      <trkpt lat="47.937389" lon="10.327101">
        <ele>739.937383</ele>
        <time>2023-05-27T12:15:59.485Z</time>
      </trkpt>
      <trkpt lat="47.937381" lon="10.327326">
        <ele>739.947529</ele>
        <time>2023-05-27T12:16:01.689Z</time>
      </trkpt>
      <trkpt lat="47.937406" lon="10.327634">
        <ele>739.961499</ele>
        <time>2023-05-27T12:16:04.906Z</time>
      </trkpt>
      <trkpt lat="47.937297" lon="10.327721">
        <ele>739.969807</ele>
        <time>2023-05-27T12:16:07.534Z</time>
      </trkpt>
      <trkpt lat="47.937305" lon="10.327823">
        <ele>739.976277</ele>
        <time>2023-05-27T12:16:08.534Z</time>
      </trkpt>
      <trkpt lat="47.937186" lon="10.327948">
        <ele>740.001733</ele>
        <time>2023-05-27T12:16:10.886Z</time>
      </trkpt>
      <trkpt lat="47.937138" lon="10.328063">
        <ele>740.017613</ele>
        <time>2023-05-27T12:16:12.388Z</time>
      </trkpt>
      <trkpt lat="47.936990" lon="10.328680">
        <ele>740.094421</ele>
        <time>2023-05-27T12:16:19.225Z</time>
      </trkpt>
      <trkpt lat="47.936860" lon="10.329014">
        <ele>740.139694</ele>
        <time>2023-05-27T12:16:23.447Z</time>
      </trkpt>
      <trkpt lat="47.936792" lon="10.329129">
        <ele>740.157671</ele>
        <time>2023-05-27T12:16:25.080Z</time>
      </trkpt>
      <trkpt lat="47.936770" lon="10.329056">
        <ele>740.167052</ele>
        <time>2023-05-27T12:16:27.102Z</time>
      </trkpt>
      <trkpt lat="47.936569" lon="10.329365">
        <ele>740.217530</ele>
        <time>2023-05-27T12:16:33.440Z</time>
      </trkpt>
      <trkpt lat="47.936336" lon="10.329596">
        <ele>740.266464</ele>
        <time>2023-05-27T12:16:39.212Z</time>
      </trkpt>
      <trkpt lat="47.935649" lon="10.329991">
        <ele>740.385741</ele>
        <time>2023-05-27T12:16:53.434Z</time>
      </trkpt>
      <trkpt lat="47.935456" lon="10.330160">
        <ele>740.421416</ele>
        <time>2023-05-27T12:16:57.819Z</time>
      </trkpt>
      <trkpt lat="47.934976" lon="10.330723">
        <ele>740.518743</ele>
        <time>2023-05-27T12:17:10.577Z</time>
      </trkpt>
      <trkpt lat="47.934650" lon="10.331062">
        <ele>740.619635</ele>
        <time>2023-05-27T12:17:19.590Z</time>
      </trkpt>
      <trkpt lat="47.934416" lon="10.331245">
        <ele>740.875705</ele>
        <time>2023-05-27T12:17:25.968Z</time>
      </trkpt>
      <trkpt lat="47.934209" lon="10.331346">
        <ele>741.086803</ele>
        <time>2023-05-27T12:17:30.978Z</time>
      </trkpt>
      <trkpt lat="47.933447" lon="10.331587">
        <ele>741.841824</ele>
        <time>2023-05-27T12:17:48.756Z</time>
      </trkpt>
      <trkpt lat="47.933062" lon="10.331863">
        <ele>742.255827</ele>
        <time>2023-05-27T12:17:58.914Z</time>
      </trkpt>
      <trkpt lat="47.932524" lon="10.332429">
        <ele>744.071926</ele>
        <time>2023-05-27T12:18:19.019Z</time>
      </trkpt>
      <trkpt lat="47.932284" lon="10.332614">
        <ele>744.869554</ele>
        <time>2023-05-27T12:18:28.024Z</time>
      </trkpt>
      <trkpt lat="47.931767" lon="10.332904">
        <ele>746.500453</ele>
        <time>2023-05-27T12:18:46.406Z</time>
      </trkpt>
      <trkpt lat="47.931453" lon="10.333086">
        <ele>747.495124</ele>
        <time>2023-05-27T12:18:57.718Z</time>
      </trkpt>
      <trkpt lat="47.931316" lon="10.333210">
        <ele>748.009072</ele>
        <time>2023-05-27T12:19:03.375Z</time>
      </trkpt>
      <trkpt lat="47.931155" lon="10.333461">
        <ele>748.779372</ele>
        <time>2023-05-27T12:19:11.493Z</time>
      </trkpt>
      <trkpt lat="47.931072" lon="10.333663">
        <ele>749.304671</ele>
        <time>2023-05-27T12:19:17.422Z</time>
      </trkpt>
      <trkpt lat="47.931012" lon="10.333967">
        <ele>750.007222</ele>
        <time>2023-05-27T12:19:25.330Z</time>
      </trkpt>
      <trkpt lat="47.930928" lon="10.334891">
        <ele>752.074355</ele>
        <time>2023-05-27T12:19:49.284Z</time>
      </trkpt>
      <trkpt lat="47.930851" lon="10.335236">
        <ele>752.880483</ele>
        <time>2023-05-27T12:19:57.526Z</time>
      </trkpt>
      <trkpt lat="47.930747" lon="10.335482">
        <ele>753.525311</ele>
        <time>2023-05-27T12:20:02.893Z</time>
      </trkpt>
      <trkpt lat="47.930611" lon="10.335693">
        <ele>753.460300</ele>
        <time>2023-05-27T12:20:07.187Z</time>
      </trkpt>
      <trkpt lat="47.929884" lon="10.336262">
        <ele>752.911490</ele>
        <time>2023-05-27T12:20:21.029Z</time>
      </trkpt>
      <trkpt lat="47.929716" lon="10.336455">
        <ele>752.769754</ele>
        <time>2023-05-27T12:20:24.552Z</time>
      </trkpt>
      <trkpt lat="47.929562" lon="10.336685">
        <ele>752.624100</ele>
        <time>2023-05-27T12:20:28.100Z</time>
      </trkpt>
      <trkpt lat="47.929364" lon="10.337235">
        <ele>752.366141</ele>
        <time>2023-05-27T12:20:34.988Z</time>
      </trkpt>
      <trkpt lat="47.929290" lon="10.337568">
        <ele>752.311071</ele>
        <time>2023-05-27T12:20:38.901Z</time>
      </trkpt>
      <trkpt lat="47.928955" lon="10.339588">
        <ele>751.984431</ele>
        <time>2023-05-27T12:21:06.138Z</time>
      </trkpt>
      <trkpt lat="47.928888" lon="10.339997">
        <ele>751.951171</ele>
        <time>2023-05-27T12:21:13.531Z</time>
      </trkpt>
      <trkpt lat="47.928866" lon="10.340133">
        <ele>751.948101</ele>
        <time>2023-05-27T12:21:15.804Z</time>
      </trkpt>
      <trkpt lat="47.928770" lon="10.340509">
        <ele>751.939271</ele>
        <time>2023-05-27T12:21:22.340Z</time>
      </trkpt>
      <trkpt lat="47.928630" lon="10.340799">
        <ele>751.931428</ele>
        <time>2023-05-27T12:21:27.774Z</time>
      </trkpt>
      <trkpt lat="47.928102" lon="10.341463">
        <ele>751.908817</ele>
        <time>2023-05-27T12:21:41.689Z</time>
      </trkpt>
      <trkpt lat="47.927642" lon="10.342300">
        <ele>751.231190</ele>
        <time>2023-05-27T12:21:54.019Z</time>
      </trkpt>
      <trkpt lat="47.927447" lon="10.342591">
        <ele>750.751300</ele>
        <time>2023-05-27T12:21:58.279Z</time>
      </trkpt>
      <trkpt lat="47.927227" lon="10.342815">
        <ele>750.287839</ele>
        <time>2023-05-27T12:22:02.332Z</time>
      </trkpt>
      <trkpt lat="47.926897" lon="10.343090">
        <ele>749.630103</ele>
        <time>2023-05-27T12:22:08.041Z</time>
      </trkpt>
      <trkpt lat="47.926510" lon="10.343316">
        <ele>748.906914</ele>
        <time>2023-05-27T12:22:14.534Z</time>
      </trkpt>
      <trkpt lat="47.926097" lon="10.343479">
        <ele>748.858267</ele>
        <time>2023-05-27T12:22:21.914Z</time>
      </trkpt>
      <trkpt lat="47.925409" lon="10.343644">
        <ele>749.040305</ele>
        <time>2023-05-27T12:22:36.613Z</time>
      </trkpt>
      <trkpt lat="47.925035" lon="10.343531">
        <ele>749.139991</ele>
        <time>2023-05-27T12:22:45.771Z</time>
      </trkpt>
      <trkpt lat="47.924757" lon="10.343347">
        <ele>749.219439</ele>
        <time>2023-05-27T12:22:53.429Z</time>
      </trkpt>
      <trkpt lat="47.924616" lon="10.343215">
        <ele>749.372239</ele>
        <time>2023-05-27T12:22:57.909Z</time>
      </trkpt>
      <trkpt lat="47.924233" lon="10.342735">
        <ele>750.063838</ele>
        <time>2023-05-27T12:23:11.697Z</time>
      </trkpt>
      <trkpt lat="47.924104" lon="10.342659">
        <ele>750.255615</ele>
        <time>2023-05-27T12:23:15.694Z</time>
      </trkpt>
      <trkpt lat="47.923956" lon="10.342640">
        <ele>750.461023</ele>
        <time>2023-05-27T12:23:20.256Z</time>
      </trkpt>
      <trkpt lat="47.923225" lon="10.342859">
        <ele>751.492008</ele>
        <time>2023-05-27T12:23:39.651Z</time>
      </trkpt>
      <trkpt lat="47.923016" lon="10.342872">
        <ele>751.749786</ele>
        <time>2023-05-27T12:23:44.128Z</time>
      </trkpt>
      <trkpt lat="47.922938" lon="10.342890">
        <ele>751.798306</ele>
        <time>2023-05-27T12:23:45.786Z</time>
      </trkpt>
      <trkpt lat="47.922490" lon="10.342609">
        <ele>752.097051</ele>
        <time>2023-05-27T12:23:55.197Z</time>
      </trkpt>
      <trkpt lat="47.922257" lon="10.342606">
        <ele>752.240292</ele>
        <time>2023-05-27T12:23:59.748Z</time>
      </trkpt>
      <trkpt lat="47.921770" lon="10.342744">
        <ele>752.545023</ele>
        <time>2023-05-27T12:24:10.526Z</time>
      </trkpt>
      <trkpt lat="47.920972" lon="10.342806">
        <ele>753.724488</ele>
        <time>2023-05-27T12:24:31.401Z</time>
      </trkpt>
      <trkpt lat="47.920709" lon="10.342745">
        <ele>754.434874</ele>
        <time>2023-05-27T12:24:38.876Z</time>
      </trkpt>
      <trkpt lat="47.919875" lon="10.342464">
        <ele>756.716891</ele>
        <time>2023-05-27T12:25:06.917Z</time>
      </trkpt>
      <trkpt lat="47.919277" lon="10.342266">
        <ele>758.331141</ele>
        <time>2023-05-27T12:25:28.559Z</time>
      </trkpt>
      <trkpt lat="47.918275" lon="10.341850">
        <ele>761.027561</ele>
        <time>2023-05-27T12:26:00.939Z</time>
      </trkpt>
      <trkpt lat="47.918059" lon="10.341843">
        <ele>761.587684</ele>
        <time>2023-05-27T12:26:06.845Z</time>
      </trkpt>
      <trkpt lat="47.917555" lon="10.341989">
        <ele>762.485304</ele>
        <time>2023-05-27T12:26:20.467Z</time>
      </trkpt>
      <trkpt lat="47.916244" lon="10.342508">
        <ele>763.562013</ele>
        <time>2023-05-27T12:26:53.917Z</time>
      </trkpt>
      <trkpt lat="47.915674" lon="10.342814">
        <ele>762.575390</ele>
        <time>2023-05-27T12:27:04.554Z</time>
      </trkpt>
      <trkpt lat="47.915222" lon="10.343145">
        <ele>761.148174</ele>
        <time>2023-05-27T12:27:12.202Z</time>
      </trkpt>
      <trkpt lat="47.914674" lon="10.343844">
        <ele>759.104564</ele>
        <time>2023-05-27T12:27:22.332Z</time>
      </trkpt>
      <trkpt lat="47.914353" lon="10.344303">
        <ele>757.626989</ele>
        <time>2023-05-27T12:27:28.355Z</time>
      </trkpt>
      <trkpt lat="47.914024" lon="10.344822">
        <ele>755.891359</ele>
        <time>2023-05-27T12:27:34.837Z</time>
      </trkpt>
      <trkpt lat="47.913697" lon="10.345494">
        <ele>753.873715</ele>
        <time>2023-05-27T12:27:42.684Z</time>
      </trkpt>
      <trkpt lat="47.913457" lon="10.346018">
        <ele>752.331708</ele>
        <time>2023-05-27T12:27:49.049Z</time>
      </trkpt>
      <trkpt lat="47.913363" lon="10.346098">
        <ele>752.152010</ele>
        <time>2023-05-27T12:27:50.850Z</time>
      </trkpt>
      <trkpt lat="47.913373" lon="10.346492">
        <ele>752.435941</ele>
        <time>2023-05-27T12:27:53.939Z</time>
      </trkpt>
      <trkpt lat="47.913276" lon="10.346888">
        <ele>752.739556</ele>
        <time>2023-05-27T12:27:58.156Z</time>
      </trkpt>
      <trkpt lat="47.913192" lon="10.347092">
        <ele>752.911968</ele>
        <time>2023-05-27T12:28:01.049Z</time>
      </trkpt>
      <trkpt lat="47.913002" lon="10.347393">
        <ele>753.209719</ele>
        <time>2023-05-27T12:28:06.440Z</time>
      </trkpt>
      <trkpt lat="47.912832" lon="10.347599">
        <ele>753.445021</ele>
        <time>2023-05-27T12:28:11.720Z</time>
      </trkpt>
      <trkpt lat="47.912590" lon="10.347824">
        <ele>753.751380</ele>
        <time>2023-05-27T12:28:18.970Z</time>
      </trkpt>
      <trkpt lat="47.912203" lon="10.348000">
        <ele>754.642985</ele>
        <time>2023-05-27T12:28:30.452Z</time>
      </trkpt>
      <trkpt lat="47.911446" lon="10.348133">
        <ele>757.953370</ele>
        <time>2023-05-27T12:28:54.307Z</time>
      </trkpt>
      <trkpt lat="47.911133" lon="10.348267">
        <ele>759.367596</ele>
        <time>2023-05-27T12:29:05.268Z</time>
      </trkpt>
      <trkpt lat="47.910747" lon="10.348577">
        <ele>761.271465</ele>
        <time>2023-05-27T12:29:20.965Z</time>
      </trkpt>
      <trkpt lat="47.910440" lon="10.349044">
        <ele>762.962585</ele>
        <time>2023-05-27T12:29:36.327Z</time>
      </trkpt>
      <trkpt lat="47.909971" lon="10.350197">
        <ele>766.258994</ele>
        <time>2023-05-27T12:30:04.587Z</time>
      </trkpt>
      <trkpt lat="47.909666" lon="10.350777">
        <ele>768.060799</ele>
        <time>2023-05-27T12:30:17.437Z</time>
      </trkpt>
      <trkpt lat="47.909286" lon="10.351354">
        <ele>768.599343</ele>
        <time>2023-05-27T12:30:29.358Z</time>
      </trkpt>
      <trkpt lat="47.908268" lon="10.352825">
        <ele>769.192681</ele>
        <time>2023-05-27T12:30:49.151Z</time>
      </trkpt>
      <trkpt lat="47.907408" lon="10.353793">
        <ele>769.347441</ele>
        <time>2023-05-27T12:31:03.817Z</time>
      </trkpt>
      <trkpt lat="47.907048" lon="10.354301">
        <ele>769.418627</ele>
        <time>2023-05-27T12:31:12.429Z</time>
      </trkpt>
      <trkpt lat="47.906177" lon="10.355828">
        <ele>770.689315</ele>
        <time>2023-05-27T12:31:39.399Z</time>
      </trkpt>
      <trkpt lat="47.905803" lon="10.356326">
        <ele>771.217448</ele>
        <time>2023-05-27T12:31:49.383Z</time>
      </trkpt>
      <trkpt lat="47.904783" lon="10.357416">
        <ele>771.084819</ele>
        <time>2023-05-27T12:32:08.676Z</time>
      </trkpt>
      <trkpt lat="47.904433" lon="10.357926">
        <ele>770.977013</ele>
        <time>2023-05-27T12:32:14.549Z</time>
      </trkpt>
      <trkpt lat="47.904125" lon="10.358315">
        <ele>770.930814</ele>
        <time>2023-05-27T12:32:19.266Z</time>
      </trkpt>
      <trkpt lat="47.903926" lon="10.358511">
        <ele>770.921441</ele>
        <time>2023-05-27T12:32:22.256Z</time>
      </trkpt>
      <trkpt lat="47.903456" lon="10.358890">
        <ele>770.900441</ele>
        <time>2023-05-27T12:32:29.442Z</time>
      </trkpt>
      <trkpt lat="47.902782" lon="10.359273">
        <ele>770.872091</ele>
        <time>2023-05-27T12:32:41.337Z</time>
      </trkpt>
      <trkpt lat="47.902383" lon="10.359504">
        <ele>771.899001</ele>
        <time>2023-05-27T12:32:50.187Z</time>
      </trkpt>
      <trkpt lat="47.902088" lon="10.359675">
        <ele>772.805827</ele>
        <time>2023-05-27T12:32:57.699Z</time>
      </trkpt>
      <trkpt lat="47.901392" lon="10.360078">
        <ele>774.945016</ele>
        <time>2023-05-27T12:33:18.794Z</time>
      </trkpt>
      <trkpt lat="47.901127" lon="10.360258">
        <ele>775.779325</ele>
        <time>2023-05-27T12:33:28.340Z</time>
      </trkpt>
      <trkpt lat="47.900839" lon="10.360867">
        <ele>777.315543</ele>
        <time>2023-05-27T12:33:44.646Z</time>
      </trkpt>
      <trkpt lat="47.900694" lon="10.361141">
        <ele>778.045147</ele>
        <time>2023-05-27T12:33:51.937Z</time>
      </trkpt>
      <trkpt lat="47.900284" lon="10.361667">
        <ele>779.731124</ele>
        <time>2023-05-27T12:34:07.161Z</time>
      </trkpt>
      <trkpt lat="47.900204" lon="10.361689">
        <ele>779.984736</ele>
        <time>2023-05-27T12:34:09.277Z</time>
      </trkpt>
      <trkpt lat="47.900067" lon="10.361664">
        <ele>780.415032</ele>
        <time>2023-05-27T12:34:12.702Z</time>
      </trkpt>
      <trkpt lat="47.899938" lon="10.361608">
        <ele>780.833890</ele>
        <time>2023-05-27T12:34:15.764Z</time>
      </trkpt>
      <trkpt lat="47.899773" lon="10.361577">
        <ele>781.352360</ele>
        <time>2023-05-27T12:34:19.370Z</time>
      </trkpt>
      <trkpt lat="47.899628" lon="10.361641">
        <ele>781.718425</ele>
        <time>2023-05-27T12:34:22.432Z</time>
      </trkpt>
      <trkpt lat="47.899409" lon="10.361973">
        <ele>782.161493</ele>
        <time>2023-05-27T12:34:28.416Z</time>
      </trkpt>
      <trkpt lat="47.898984" lon="10.362388">
        <ele>782.882267</ele>
        <time>2023-05-27T12:34:38.085Z</time>
      </trkpt>
      <trkpt lat="47.898788" lon="10.362462">
        <ele>783.169146</ele>
        <time>2023-05-27T12:34:41.960Z</time>
      </trkpt>
      <trkpt lat="47.898366" lon="10.362552">
        <ele>783.774021</ele>
        <time>2023-05-27T12:34:50.098Z</time>
      </trkpt>
      <trkpt lat="47.898009" lon="10.362598">
        <ele>784.455388</ele>
        <time>2023-05-27T12:34:57.479Z</time>
      </trkpt>
      <trkpt lat="47.897434" lon="10.362572">
        <ele>786.684310</ele>
        <time>2023-05-27T12:35:12.169Z</time>
      </trkpt>
      <trkpt lat="47.897134" lon="10.362623">
        <ele>787.854217</ele>
        <time>2023-05-27T12:35:21.378Z</time>
      </trkpt>
      <trkpt lat="47.896948" lon="10.362702">
        <ele>788.603545</ele>
        <time>2023-05-27T12:35:27.651Z</time>
      </trkpt>
      <trkpt lat="47.895667" lon="10.363590">
        <ele>795.035894</ele>
        <time>2023-05-27T12:36:19.569Z</time>
      </trkpt>
      <trkpt lat="47.894834" lon="10.364497">
        <ele>800.342214</ele>
        <time>2023-05-27T12:36:56.148Z</time>
      </trkpt>
      <trkpt lat="47.894261" lon="10.365054">
        <ele>802.771649</ele>
        <time>2023-05-27T12:37:17.332Z</time>
      </trkpt>
      <trkpt lat="47.892332" lon="10.366257">
        <ele>809.769980</ele>
        <time>2023-05-27T12:38:13.154Z</time>
      </trkpt>
      <trkpt lat="47.891216" lon="10.366628">
        <ele>813.409318</ele>
        <time>2023-05-27T12:38:45.315Z</time>
      </trkpt>
      <trkpt lat="47.890743" lon="10.366788">
        <ele>815.007233</ele>
        <time>2023-05-27T12:38:59.457Z</time>
      </trkpt>
      <trkpt lat="47.890374" lon="10.366982">
        <ele>816.296261</ele>
        <time>2023-05-27T12:39:10.735Z</time>
      </trkpt>
      <trkpt lat="47.890030" lon="10.367283">
        <ele>817.610269</ele>
        <time>2023-05-27T12:39:21.917Z</time>
      </trkpt>
      <trkpt lat="47.889788" lon="10.367610">
        <ele>818.597610</ele>
        <time>2023-05-27T12:39:30.845Z</time>
      </trkpt>
      <trkpt lat="47.888693" lon="10.369743">
        <ele>823.039225</ele>
        <time>2023-05-27T12:40:15.286Z</time>
      </trkpt>
      <trkpt lat="47.887145" lon="10.372970">
        <ele>827.867317</ele>
        <time>2023-05-27T12:41:14.013Z</time>
      </trkpt>
      <trkpt lat="47.886831" lon="10.373465">
        <ele>828.599939</ele>
        <time>2023-05-27T12:41:23.513Z</time>
      </trkpt>
      <trkpt lat="47.886511" lon="10.373861">
        <ele>829.244232</ele>
        <time>2023-05-27T12:41:31.871Z</time>
      </trkpt>
      <trkpt lat="47.886242" lon="10.374081">
        <ele>829.599756</ele>
        <time>2023-05-27T12:41:37.978Z</time>
      </trkpt>
      <trkpt lat="47.885630" lon="10.374538">
        <ele>830.392901</ele>
        <time>2023-05-27T12:41:51.212Z</time>
      </trkpt>
      <trkpt lat="47.884590" lon="10.375824">
        <ele>832.396780</ele>
        <time>2023-05-27T12:42:17.187Z</time>
      </trkpt>
      <trkpt lat="47.883655" lon="10.376607">
        <ele>834.430430</ele>
        <time>2023-05-27T12:42:42.715Z</time>
      </trkpt>
      <trkpt lat="47.882620" lon="10.377795">
        <ele>837.890368</ele>
        <time>2023-05-27T12:43:15.302Z</time>
      </trkpt>
      <trkpt lat="47.882078" lon="10.378197">
        <ele>839.545202</ele>
        <time>2023-05-27T12:43:32.003Z</time>
      </trkpt>
      <trkpt lat="47.881920" lon="10.378293">
        <ele>839.934916</ele>
        <time>2023-05-27T12:43:36.669Z</time>
      </trkpt>
      <trkpt lat="47.881768" lon="10.378455">
        <ele>840.350989</ele>
        <time>2023-05-27T12:43:41.991Z</time>
      </trkpt>
      <trkpt lat="47.881632" lon="10.378804">
        <ele>840.953828</ele>
        <time>2023-05-27T12:43:48.960Z</time>
      </trkpt>
      <trkpt lat="47.881479" lon="10.379274">
        <ele>841.734104</ele>
        <time>2023-05-27T12:43:57.462Z</time>
      </trkpt>
      <trkpt lat="47.881381" lon="10.379493">
        <ele>842.127310</ele>
        <time>2023-05-27T12:44:01.638Z</time>
      </trkpt>
      <trkpt lat="47.881113" lon="10.379916">
        <ele>842.996398</ele>
        <time>2023-05-27T12:44:09.942Z</time>
      </trkpt>
      <trkpt lat="47.880803" lon="10.380354">
        <ele>843.712500</ele>
        <time>2023-05-27T12:44:18.546Z</time>
      </trkpt>
      <trkpt lat="47.880625" lon="10.380550">
        <ele>843.868808</ele>
        <time>2023-05-27T12:44:23.075Z</time>
      </trkpt>
      <trkpt lat="47.880161" lon="10.380942">
        <ele>844.245528</ele>
        <time>2023-05-27T12:44:32.633Z</time>
      </trkpt>
      <trkpt lat="47.879936" lon="10.381172">
        <ele>844.438230</ele>
        <time>2023-05-27T12:44:36.625Z</time>
      </trkpt>
      <trkpt lat="47.879754" lon="10.381381">
        <ele>844.600503</ele>
        <time>2023-05-27T12:44:39.531Z</time>
      </trkpt>
      <trkpt lat="47.878954" lon="10.382532">
        <ele>846.157981</ele>
        <time>2023-05-27T12:45:00.047Z</time>
      </trkpt>
      <trkpt lat="47.878598" lon="10.383204">
        <ele>847.175651</ele>
        <time>2023-05-27T12:45:14.753Z</time>
      </trkpt>
      <trkpt lat="47.878436" lon="10.383552">
        <ele>847.679068</ele>
        <time>2023-05-27T12:45:22.044Z</time>
      </trkpt>
      <trkpt lat="47.878344" lon="10.383839">
        <ele>848.057092</ele>
        <time>2023-05-27T12:45:27.429Z</time>
      </trkpt>
      <trkpt lat="47.878174" lon="10.384692">
        <ele>847.511473</ele>
        <time>2023-05-27T12:45:40.580Z</time>
      </trkpt>
      <trkpt lat="47.878035" lon="10.385988">
        <ele>846.698322</ele>
        <time>2023-05-27T12:45:51.552Z</time>
      </trkpt>
      <trkpt lat="47.877770" lon="10.387518">
        <ele>842.716596</ele>
        <time>2023-05-27T12:46:01.411Z</time>
      </trkpt>
      <trkpt lat="47.877712" lon="10.387747">
        <ele>841.895321</ele>
        <time>2023-05-27T12:46:02.896Z</time>
      </trkpt>
      <trkpt lat="47.877626" lon="10.387886">
        <ele>841.260844</ele>
        <time>2023-05-27T12:46:04.051Z</time>
      </trkpt>
      <trkpt lat="47.877493" lon="10.387982">
        <ele>840.521673</ele>
        <time>2023-05-27T12:46:05.398Z</time>
      </trkpt>
      <trkpt lat="47.876433" lon="10.388137">
        <ele>836.955504</ele>
        <time>2023-05-27T12:46:15.610Z</time>
      </trkpt>
      <trkpt lat="47.876029" lon="10.388224">
        <ele>836.542607</ele>
        <time>2023-05-27T12:46:20.286Z</time>
      </trkpt>
      <trkpt lat="47.875634" lon="10.388356">
        <ele>836.133142</ele>
        <time>2023-05-27T12:46:26.932Z</time>
      </trkpt>
      <trkpt lat="47.875298" lon="10.388525">
        <ele>835.774449</ele>
        <time>2023-05-27T12:46:33.741Z</time>
      </trkpt>
      <trkpt lat="47.874262" lon="10.389217">
        <ele>836.644813</ele>
        <time>2023-05-27T12:46:58.996Z</time>
      </trkpt>
      <trkpt lat="47.873352" lon="10.389568">
        <ele>837.647997</ele>
        <time>2023-05-27T12:47:15.398Z</time>
      </trkpt>
      <trkpt lat="47.872820" lon="10.389905">
        <ele>837.947551</ele>
        <time>2023-05-27T12:47:23.406Z</time>
      </trkpt>
      <trkpt lat="47.871704" lon="10.390199">
        <ele>838.534855</ele>
        <time>2023-05-27T12:47:41.866Z</time>
      </trkpt>
      <trkpt lat="47.871130" lon="10.390479">
        <ele>840.578291</ele>
        <time>2023-05-27T12:47:56.217Z</time>
      </trkpt>
      <trkpt lat="47.870830" lon="10.390760">
        <ele>841.777684</ele>
        <time>2023-05-27T12:48:06.253Z</time>
      </trkpt>
      <trkpt lat="47.870110" lon="10.392169">
        <ele>846.393133</ele>
        <time>2023-05-27T12:48:46.261Z</time>
      </trkpt>
      <trkpt lat="47.869702" lon="10.392594">
        <ele>848.928033</ele>
        <time>2023-05-27T12:49:04.151Z</time>
      </trkpt>
      <trkpt lat="47.869384" lon="10.392739">
        <ele>850.621621</ele>
        <time>2023-05-27T12:49:16.057Z</time>
      </trkpt>
      <trkpt lat="47.868620" lon="10.392854">
        <ele>854.418112</ele>
        <time>2023-05-27T12:49:43.345Z</time>
      </trkpt>
      <trkpt lat="47.867970" lon="10.393132">
        <ele>857.336350</ele>
        <time>2023-05-27T12:50:06.488Z</time>
      </trkpt>
      <trkpt lat="47.867292" lon="10.393562">
        <ele>860.516062</ele>
        <time>2023-05-27T12:50:30.437Z</time>
      </trkpt>
      <trkpt lat="47.866810" lon="10.393805">
        <ele>861.626490</ele>
        <time>2023-05-27T12:50:44.779Z</time>
      </trkpt>
      <trkpt lat="47.866696" lon="10.393834">
        <ele>861.660925</ele>
        <time>2023-05-27T12:50:47.587Z</time>
      </trkpt>
      <trkpt lat="47.866012" lon="10.393717">
        <ele>861.865924</ele>
        <time>2023-05-27T12:50:59.347Z</time>
      </trkpt>
      <trkpt lat="47.865778" lon="10.393813">
        <ele>861.938189</ele>
        <time>2023-05-27T12:51:02.294Z</time>
      </trkpt>
      <trkpt lat="47.865276" lon="10.394044">
        <ele>861.955352</ele>
        <time>2023-05-27T12:51:08.138Z</time>
      </trkpt>
      <trkpt lat="47.864992" lon="10.394282">
        <ele>861.014475</ele>
        <time>2023-05-27T12:51:11.598Z</time>
      </trkpt>
      <trkpt lat="47.864617" lon="10.394508">
        <ele>859.846369</ele>
        <time>2023-05-27T12:51:15.748Z</time>
      </trkpt>
      <trkpt lat="47.864060" lon="10.394707">
        <ele>858.192285</ele>
        <time>2023-05-27T12:51:21.501Z</time>
      </trkpt>
      <trkpt lat="47.863513" lon="10.394946">
        <ele>856.461371</ele>
        <time>2023-05-27T12:51:27.223Z</time>
      </trkpt>
      <trkpt lat="47.863170" lon="10.395160">
        <ele>855.120735</ele>
        <time>2023-05-27T12:51:31.072Z</time>
      </trkpt>
      <trkpt lat="47.862974" lon="10.395331">
        <ele>854.301911</ele>
        <time>2023-05-27T12:51:33.488Z</time>
      </trkpt>
      <trkpt lat="47.862778" lon="10.395589">
        <ele>853.359119</ele>
        <time>2023-05-27T12:51:36.253Z</time>
      </trkpt>
      <trkpt lat="47.862525" lon="10.395986">
        <ele>852.034629</ele>
        <time>2023-05-27T12:51:39.970Z</time>
      </trkpt>
      <trkpt lat="47.861752" lon="10.397286">
        <ele>845.525581</ele>
        <time>2023-05-27T12:51:50.868Z</time>
      </trkpt>
      <trkpt lat="47.861450" lon="10.397946">
        <ele>841.858157</ele>
        <time>2023-05-27T12:51:55.674Z</time>
      </trkpt>
      <trkpt lat="47.861339" lon="10.398190">
        <ele>840.504813</ele>
        <time>2023-05-27T12:51:57.414Z</time>
      </trkpt>
      <trkpt lat="47.861258" lon="10.398299">
        <ele>839.758114</ele>
        <time>2023-05-27T12:51:58.371Z</time>
      </trkpt>
      <trkpt lat="47.861140" lon="10.398370">
        <ele>838.887408</ele>
        <time>2023-05-27T12:51:59.483Z</time>
      </trkpt>
      <trkpt lat="47.860936" lon="10.398414">
        <ele>837.455626</ele>
        <time>2023-05-27T12:52:01.271Z</time>
      </trkpt>
      <trkpt lat="47.860146" lon="10.398550">
        <ele>831.825939</ele>
        <time>2023-05-27T12:52:08.197Z</time>
      </trkpt>
      <trkpt lat="47.859994" lon="10.398613">
        <ele>830.709080</ele>
        <time>2023-05-27T12:52:09.608Z</time>
      </trkpt>
      <trkpt lat="47.859884" lon="10.398752">
        <ele>829.688172</ele>
        <time>2023-05-27T12:52:10.914Z</time>
      </trkpt>
      <trkpt lat="47.859607" lon="10.399408">
        <ele>826.006663</ele>
        <time>2023-05-27T12:52:15.835Z</time>
      </trkpt>
      <trkpt lat="47.859482" lon="10.399539">
        <ele>825.128794</ele>
        <time>2023-05-27T12:52:17.315Z</time>
      </trkpt>
      <trkpt lat="47.859402" lon="10.399579">
        <ele>824.809606</ele>
        <time>2023-05-27T12:52:18.133Z</time>
      </trkpt>
      <trkpt lat="47.859237" lon="10.399570">
        <ele>824.185048</ele>
        <time>2023-05-27T12:52:19.740Z</time>
      </trkpt>
      <trkpt lat="47.859132" lon="10.399494">
        <ele>823.743507</ele>
        <time>2023-05-27T12:52:20.873Z</time>
      </trkpt>
      <trkpt lat="47.859055" lon="10.399382">
        <ele>823.336522</ele>
        <time>2023-05-27T12:52:21.919Z</time>
      </trkpt>
      <trkpt lat="47.858893" lon="10.399018">
        <ele>822.227925</ele>
        <time>2023-05-27T12:52:24.753Z</time>
      </trkpt>
      <trkpt lat="47.858771" lon="10.398864">
        <ele>821.623163</ele>
        <time>2023-05-27T12:52:26.322Z</time>
      </trkpt>
      <trkpt lat="47.858669" lon="10.398806">
        <ele>821.210203</ele>
        <time>2023-05-27T12:52:27.417Z</time>
      </trkpt>
      <trkpt lat="47.858455" lon="10.398881">
        <ele>820.378632</ele>
        <time>2023-05-27T12:52:29.638Z</time>
      </trkpt>
      <trkpt lat="47.858323" lon="10.399045">
        <ele>819.728581</ele>
        <time>2023-05-27T12:52:31.404Z</time>
      </trkpt>
      <trkpt lat="47.858224" lon="10.399249">
        <ele>819.089585</ele>
        <time>2023-05-27T12:52:33.222Z</time>
      </trkpt>
      <trkpt lat="47.858109" lon="10.399761">
        <ele>816.975337</ele>
        <time>2023-05-27T12:52:37.074Z</time>
      </trkpt>
      <trkpt lat="47.858046" lon="10.400418">
        <ele>813.798912</ele>
        <time>2023-05-27T12:52:41.381Z</time>
      </trkpt>
      <trkpt lat="47.857949" lon="10.401091">
        <ele>810.504377</ele>
        <time>2023-05-27T12:52:45.524Z</time>
      </trkpt>
      <trkpt lat="47.857751" lon="10.401682">
        <ele>807.342769</ele>
        <time>2023-05-27T12:52:49.360Z</time>
      </trkpt>
      <trkpt lat="47.857603" lon="10.402051">
        <ele>804.898014</ele>
        <time>2023-05-27T12:52:51.822Z</time>
      </trkpt>
      <trkpt lat="47.856966" lon="10.403131">
        <ele>792.012959</ele>
        <time>2023-05-27T12:52:59.914Z</time>
      </trkpt>
      <trkpt lat="47.856807" lon="10.403289">
        <ele>789.460831</ele>
        <time>2023-05-27T12:53:01.508Z</time>
      </trkpt>
      <trkpt lat="47.856450" lon="10.403531">
        <ele>784.223188</ele>
        <time>2023-05-27T12:53:04.763Z</time>
      </trkpt>
      <trkpt lat="47.856394" lon="10.403678">
        <ele>782.708442</ele>
        <time>2023-05-27T12:53:05.707Z</time>
      </trkpt>
      <trkpt lat="47.856276" lon="10.404188">
        <ele>778.276014</ele>
        <time>2023-05-27T12:53:08.715Z</time>
      </trkpt>
      <trkpt lat="47.855972" lon="10.406052">
        <ele>762.887323</ele>
        <time>2023-05-27T12:53:19.595Z</time>
      </trkpt>
      <trkpt lat="47.855955" lon="10.406638">
        <ele>758.883574</ele>
        <time>2023-05-27T12:53:23.052Z</time>
      </trkpt>
      <trkpt lat="47.855913" lon="10.406938">
        <ele>757.277840</ele>
        <time>2023-05-27T12:53:24.878Z</time>
      </trkpt>
      <trkpt lat="47.855771" lon="10.407225">
        <ele>755.409460</ele>
        <time>2023-05-27T12:53:27.008Z</time>
      </trkpt>
      <trkpt lat="47.854697" lon="10.408976">
        <ele>743.919809</ele>
        <time>2023-05-27T12:53:41.212Z</time>
      </trkpt>
      <trkpt lat="47.854184" lon="10.409666">
        <ele>740.119415</ele>
        <time>2023-05-27T12:53:47.496Z</time>
      </trkpt>
      <trkpt lat="47.853641" lon="10.410764">
        <ele>736.151791</ele>
        <time>2023-05-27T12:53:56.445Z</time>
      </trkpt>
      <trkpt lat="47.853530" lon="10.410915">
        <ele>736.070498</ele>
        <time>2023-05-27T12:53:58.093Z</time>
      </trkpt>
      <trkpt lat="47.853361" lon="10.411056">
        <ele>735.965734</ele>
        <time>2023-05-27T12:54:00.317Z</time>
      </trkpt>
      <trkpt lat="47.851965" lon="10.411796">
        <ele>735.439281</ele>
        <time>2023-05-27T12:54:26.105Z</time>
      </trkpt>
      <trkpt lat="47.851683" lon="10.412042">
        <ele>735.633896</ele>
        <time>2023-05-27T12:54:32.769Z</time>
      </trkpt>
      <trkpt lat="47.851451" lon="10.412339">
        <ele>735.816057</ele>
        <time>2023-05-27T12:54:38.332Z</time>
      </trkpt>
      <trkpt lat="47.851279" lon="10.412507">
        <ele>735.938542</ele>
        <time>2023-05-27T12:54:41.791Z</time>
      </trkpt>
      <trkpt lat="47.850961" lon="10.412675">
        <ele>736.139487</ele>
        <time>2023-05-27T12:54:47.414Z</time>
      </trkpt>
      <trkpt lat="47.850695" lon="10.412736">
        <ele>736.299778</ele>
        <time>2023-05-27T12:54:51.822Z</time>
      </trkpt>
      <trkpt lat="47.850391" lon="10.412831">
        <ele>736.367048</ele>
        <time>2023-05-27T12:54:56.549Z</time>
      </trkpt>
      <trkpt lat="47.850158" lon="10.412957">
        <ele>736.367844</ele>
        <time>2023-05-27T12:55:00.141Z</time>
      </trkpt>
      <trkpt lat="47.850031" lon="10.413077">
        <ele>736.368326</ele>
        <time>2023-05-27T12:55:02.312Z</time>
      </trkpt>
      <trkpt lat="47.849956" lon="10.413148">
        <ele>736.368611</ele>
        <time>2023-05-27T12:55:03.552Z</time>
      </trkpt>
      <trkpt lat="47.849334" lon="10.413694">
        <ele>736.370926</ele>
        <time>2023-05-27T12:55:14.042Z</time>
      </trkpt>
      <trkpt lat="47.848921" lon="10.414133">
        <ele>736.387568</ele>
        <time>2023-05-27T12:55:21.488Z</time>
      </trkpt>
      <trkpt lat="47.848491" lon="10.414491">
        <ele>736.452684</ele>
        <time>2023-05-27T12:55:29.057Z</time>
      </trkpt>
      <trkpt lat="47.848239" lon="10.414594">
        <ele>736.487228</ele>
        <time>2023-05-27T12:55:32.973Z</time>
      </trkpt>
      <trkpt lat="47.848025" lon="10.414766">
        <ele>736.519371</ele>
        <time>2023-05-27T12:55:36.615Z</time>
      </trkpt>
      <trkpt lat="47.847791" lon="10.415074">
        <ele>736.560645</ele>
        <time>2023-05-27T12:55:41.378Z</time>
      </trkpt>
      <trkpt lat="47.847376" lon="10.416074">
        <ele>736.794998</ele>
        <time>2023-05-27T12:55:53.842Z</time>
      </trkpt>
      <trkpt lat="47.847304" lon="10.416466">
        <ele>736.916306</ele>
        <time>2023-05-27T12:55:58.605Z</time>
      </trkpt>
      <trkpt lat="47.847293" lon="10.416731">
        <ele>736.995556</ele>
        <time>2023-05-27T12:56:01.901Z</time>
      </trkpt>
      <trkpt lat="47.847298" lon="10.416992">
        <ele>737.073492</ele>
        <time>2023-05-27T12:56:04.950Z</time>
      </trkpt>
      <trkpt lat="47.847372" lon="10.417765">
        <ele>737.306555</ele>
        <time>2023-05-27T12:56:13.837Z</time>
      </trkpt>
      <trkpt lat="47.847377" lon="10.417831">
        <ele>737.326380</ele>
        <time>2023-05-27T12:56:14.600Z</time>
      </trkpt>
      <trkpt lat="47.847378" lon="10.417855">
        <ele>737.333558</ele>
        <time>2023-05-27T12:56:14.870Z</time>
      </trkpt>
      <trkpt lat="47.847383" lon="10.417966">
        <ele>737.366764</ele>
        <time>2023-05-27T12:56:16.036Z</time>
      </trkpt>
      <trkpt lat="47.847416" lon="10.418399">
        <ele>737.323649</ele>
        <time>2023-05-27T12:56:20.840Z</time>
      </trkpt>
      <trkpt lat="47.847488" lon="10.418933">
        <ele>737.162273</ele>
        <time>2023-05-27T12:56:26.429Z</time>
      </trkpt>
      <trkpt lat="47.847924" lon="10.418710">
        <ele>736.958762</ele>
        <time>2023-05-27T12:56:32.519Z</time>
      </trkpt>
      <trkpt lat="47.848266" lon="10.418544">
        <ele>736.799967</ele>
        <time>2023-05-27T12:56:37.131Z</time>
      </trkpt>
      <trkpt lat="47.848457" lon="10.418491">
        <ele>736.714194</ele>
        <time>2023-05-27T12:56:39.593Z</time>
      </trkpt>
      <trkpt lat="47.848820" lon="10.418380">
        <ele>736.478192</ele>
        <time>2023-05-27T12:56:44.065Z</time>
      </trkpt>
      <trkpt lat="47.848918" lon="10.418280">
        <ele>736.367574</ele>
        <time>2023-05-27T12:56:45.434Z</time>
      </trkpt>
      <trkpt lat="47.849000" lon="10.418109">
        <ele>736.236219</ele>
        <time>2023-05-27T12:56:47.042Z</time>
      </trkpt>
      <trkpt lat="47.849072" lon="10.418023">
        <ele>736.150280</ele>
        <time>2023-05-27T12:56:48.113Z</time>
      </trkpt>
      <trkpt lat="47.849204" lon="10.417960">
        <ele>736.021194</ele>
        <time>2023-05-27T12:56:49.676Z</time>
      </trkpt>
      <trkpt lat="47.849251" lon="10.417948">
        <ele>735.976784</ele>
        <time>2023-05-27T12:56:50.212Z</time>
      </trkpt>
      <trkpt lat="47.849900" lon="10.417889">
        <ele>735.371233</ele>
        <time>2023-05-27T12:56:57.564Z</time>
      </trkpt>
      <trkpt lat="47.850083" lon="10.417837">
        <ele>735.197731</ele>
        <time>2023-05-27T12:56:59.832Z</time>
      </trkpt>
      <trkpt lat="47.850504" lon="10.417595">
        <ele>735.473997</ele>
        <time>2023-05-27T12:57:06.233Z</time>
      </trkpt>
      <trkpt lat="47.850921" lon="10.417416">
        <ele>736.794140</ele>
        <time>2023-05-27T12:57:17.337Z</time>
      </trkpt>
      <trkpt lat="47.851292" lon="10.417352">
        <ele>737.930300</ele>
        <time>2023-05-27T12:57:29.651Z</time>
      </trkpt>
      <trkpt lat="47.851348" lon="10.417912">
        <ele>739.086123</ele>
        <time>2023-05-27T12:57:42.235Z</time>
      </trkpt>
      <trkpt lat="47.851359" lon="10.418304">
        <ele>739.887062</ele>
        <time>2023-05-27T12:57:50.807Z</time>
      </trkpt>
      <trkpt lat="47.851394" lon="10.419286">
        <ele>741.276632</ele>
        <time>2023-05-27T12:58:08.960Z</time>
      </trkpt>
      <trkpt lat="47.851530" lon="10.419755">
        <ele>741.884784</ele>
        <time>2023-05-27T12:58:17.417Z</time>
      </trkpt>
      <trkpt lat="47.851565" lon="10.420003">
        <ele>742.186441</ele>
        <time>2023-05-27T12:58:21.167Z</time>
      </trkpt>
      <trkpt lat="47.851529" lon="10.420406">
        <ele>742.670371</ele>
        <time>2023-05-27T12:58:27.610Z</time>
      </trkpt>
      <trkpt lat="47.851412" lon="10.420870">
        <ele>743.260383</ele>
        <time>2023-05-27T12:58:34.133Z</time>
      </trkpt>
      <trkpt lat="47.851162" lon="10.421843">
        <ele>743.273312</ele>
        <time>2023-05-27T12:58:42.013Z</time>
      </trkpt>
      <trkpt lat="47.850533" lon="10.424418">
        <ele>743.494671</ele>
        <time>2023-05-27T12:59:05.786Z</time>
      </trkpt>
      <trkpt lat="47.851158" lon="10.424886">
        <ele>744.855546</ele>
        <time>2023-05-27T12:59:23.164Z</time>
      </trkpt>
      <trkpt lat="47.851703" lon="10.425376">
        <ele>746.390504</ele>
        <time>2023-05-27T12:59:41.421Z</time>
      </trkpt>
      <trkpt lat="47.852156" lon="10.425932">
        <ele>749.611877</ele>
        <time>2023-05-27T13:00:01.771Z</time>
      </trkpt>
      <trkpt lat="47.852441" lon="10.426389">
        <ele>751.909895</ele>
        <time>2023-05-27T13:00:17.399Z</time>
      </trkpt>
      <trkpt lat="47.852532" lon="10.426536">
        <ele>752.646568</ele>
        <time>2023-05-27T13:00:22.485Z</time>
      </trkpt>
      <trkpt lat="47.852739" lon="10.426931">
        <ele>754.492616</ele>
        <time>2023-05-27T13:00:35.651Z</time>
      </trkpt>
      <trkpt lat="47.852835" lon="10.427134">
        <ele>755.407370</ele>
        <time>2023-05-27T13:00:42.692Z</time>
      </trkpt>
      <trkpt lat="47.853071" lon="10.427583">
        <ele>758.641521</ele>
        <time>2023-05-27T13:00:58.697Z</time>
      </trkpt>
      <trkpt lat="47.853089" lon="10.427811">
        <ele>760.049497</ele>
        <time>2023-05-27T13:01:05.972Z</time>
      </trkpt>
      <trkpt lat="47.853214" lon="10.428357">
        <ele>763.587652</ele>
        <time>2023-05-27T13:01:26.363Z</time>
      </trkpt>
      <trkpt lat="47.853342" lon="10.428864">
        <ele>766.909881</ele>
        <time>2023-05-27T13:01:47.723Z</time>
      </trkpt>
      <trkpt lat="47.853625" lon="10.429794">
        <ele>773.438988</ele>
        <time>2023-05-27T13:02:32.536Z</time>
      </trkpt>
      <trkpt lat="47.853690" lon="10.430234">
        <ele>776.993812</ele>
        <time>2023-05-27T13:02:53.774Z</time>
      </trkpt>
      <trkpt lat="47.853799" lon="10.430652">
        <ele>780.532191</ele>
        <time>2023-05-27T13:03:15.019Z</time>
      </trkpt>
      <trkpt lat="47.854099" lon="10.431094">
        <ele>785.492607</ele>
        <time>2023-05-27T13:03:45.167Z</time>
      </trkpt>
      <trkpt lat="47.854618" lon="10.431952">
        <ele>794.249152</ele>
        <time>2023-05-27T13:04:36.827Z</time>
      </trkpt>
      <trkpt lat="47.855136" lon="10.432639">
        <ele>800.001236</ele>
        <time>2023-05-27T13:05:16.315Z</time>
      </trkpt>
      <trkpt lat="47.855568" lon="10.433282">
        <ele>805.065944</ele>
        <time>2023-05-27T13:05:46.457Z</time>
      </trkpt>
      <trkpt lat="47.855863" lon="10.434163">
        <ele>810.170858</ele>
        <time>2023-05-27T13:06:17.026Z</time>
      </trkpt>
      <trkpt lat="47.856144" lon="10.435299">
        <ele>815.777153</ele>
        <time>2023-05-27T13:06:55.001Z</time>
      </trkpt>
      <trkpt lat="47.856345" lon="10.436158">
        <ele>819.989653</ele>
        <time>2023-05-27T13:07:26.003Z</time>
      </trkpt>
      <trkpt lat="47.856634" lon="10.437792">
        <ele>825.985968</ele>
        <time>2023-05-27T13:08:18.843Z</time>
      </trkpt>
      <trkpt lat="47.856749" lon="10.438170">
        <ele>827.412179</ele>
        <time>2023-05-27T13:08:28.960Z</time>
      </trkpt>
      <trkpt lat="47.856881" lon="10.438539">
        <ele>828.849126</ele>
        <time>2023-05-27T13:08:37.970Z</time>
      </trkpt>
      <trkpt lat="47.857065" lon="10.438904">
        <ele>830.154693</ele>
        <time>2023-05-27T13:08:47.274Z</time>
      </trkpt>
      <trkpt lat="47.857774" lon="10.440142">
        <ele>832.692350</ele>
        <time>2023-05-27T13:09:17.914Z</time>
      </trkpt>
      <trkpt lat="47.857917" lon="10.440472">
        <ele>833.304823</ele>
        <time>2023-05-27T13:09:25.350Z</time>
      </trkpt>
      <trkpt lat="47.858126" lon="10.440816">
        <ele>834.028351</ele>
        <time>2023-05-27T13:09:34.598Z</time>
      </trkpt>
      <trkpt lat="47.858318" lon="10.441053">
        <ele>834.865259</ele>
        <time>2023-05-27T13:09:42.536Z</time>
      </trkpt>
      <trkpt lat="47.858372" lon="10.441151">
        <ele>835.166457</ele>
        <time>2023-05-27T13:09:45.348Z</time>
      </trkpt>
      <trkpt lat="47.858430" lon="10.441359">
        <ele>835.701455</ele>
        <time>2023-05-27T13:09:50.500Z</time>
      </trkpt>
      <trkpt lat="47.858411" lon="10.441559">
        <ele>836.181224</ele>
        <time>2023-05-27T13:09:55.368Z</time>
      </trkpt>
      <trkpt lat="47.858149" lon="10.441993">
        <ele>837.567864</ele>
        <time>2023-05-27T13:10:09.659Z</time>
      </trkpt>
      <trkpt lat="47.858047" lon="10.442284">
        <ele>838.347668</ele>
        <time>2023-05-27T13:10:17.758Z</time>
      </trkpt>
      <trkpt lat="47.858061" lon="10.442562">
        <ele>839.009824</ele>
        <time>2023-05-27T13:10:24.616Z</time>
      </trkpt>
      <trkpt lat="47.858255" lon="10.443591">
        <ele>841.086743</ele>
        <time>2023-05-27T13:10:49.794Z</time>
      </trkpt>
      <trkpt lat="47.858476" lon="10.445041">
        <ele>843.088587</ele>
        <time>2023-05-27T13:11:18.929Z</time>
      </trkpt>
      <trkpt lat="47.858590" lon="10.445950">
        <ele>843.846954</ele>
        <time>2023-05-27T13:11:33.087Z</time>
      </trkpt>
      <trkpt lat="47.858666" lon="10.446165">
        <ele>843.516527</ele>
        <time>2023-05-27T13:11:36.268Z</time>
      </trkpt>
      <trkpt lat="47.859010" lon="10.446638">
        <ele>842.568052</ele>
        <time>2023-05-27T13:11:44.939Z</time>
      </trkpt>
      <trkpt lat="47.859175" lon="10.446995">
        <ele>841.978619</ele>
        <time>2023-05-27T13:11:49.741Z</time>
      </trkpt>
      <trkpt lat="47.859364" lon="10.447570">
        <ele>841.108018</ele>
        <time>2023-05-27T13:11:56.108Z</time>
      </trkpt>
      <trkpt lat="47.859748" lon="10.448762">
        <ele>837.282071</ele>
        <time>2023-05-27T13:12:07.952Z</time>
      </trkpt>
      <trkpt lat="47.859860" lon="10.449312">
        <ele>835.105799</ele>
        <time>2023-05-27T13:12:12.911Z</time>
      </trkpt>
      <trkpt lat="47.859843" lon="10.449513">
        <ele>834.338729</ele>
        <time>2023-05-27T13:12:14.656Z</time>
      </trkpt>
      <trkpt lat="47.859781" lon="10.449756">
        <ele>833.354376</ele>
        <time>2023-05-27T13:12:16.942Z</time>
      </trkpt>
      <trkpt lat="47.859581" lon="10.450325">
        <ele>830.922227</ele>
        <time>2023-05-27T13:12:22.638Z</time>
      </trkpt>
      <trkpt lat="47.859510" lon="10.450705">
        <ele>830.127920</ele>
        <time>2023-05-27T13:12:26.187Z</time>
      </trkpt>
      <trkpt lat="47.859503" lon="10.451074">
        <ele>829.856625</ele>
        <time>2023-05-27T13:12:29.552Z</time>
      </trkpt>
      <trkpt lat="47.859564" lon="10.451716">
        <ele>829.380097</ele>
        <time>2023-05-27T13:12:36.026Z</time>
      </trkpt>
      <trkpt lat="47.859570" lon="10.451948">
        <ele>829.209468</ele>
        <time>2023-05-27T13:12:38.868Z</time>
      </trkpt>
      <trkpt lat="47.859530" lon="10.452037">
        <ele>829.130741</ele>
        <time>2023-05-27T13:12:40.274Z</time>
      </trkpt>
      <trkpt lat="47.859439" lon="10.452135">
        <ele>829.007767</ele>
        <time>2023-05-27T13:12:42.638Z</time>
      </trkpt>
      <trkpt lat="47.859328" lon="10.452164">
        <ele>828.884330</ele>
        <time>2023-05-27T13:12:45.480Z</time>
      </trkpt>
      <trkpt lat="47.858693" lon="10.452198">
        <ele>828.707793</ele>
        <time>2023-05-27T13:13:04.559Z</time>
      </trkpt>
      <trkpt lat="47.858609" lon="10.452222">
        <ele>828.967118</ele>
        <time>2023-05-27T13:13:07.628Z</time>
      </trkpt>
      <trkpt lat="47.858488" lon="10.452367">
        <ele>829.437871</ele>
        <time>2023-05-27T13:13:13.161Z</time>
      </trkpt>
      <trkpt lat="47.858438" lon="10.452485">
        <ele>829.721787</ele>
        <time>2023-05-27T13:13:16.248Z</time>
      </trkpt>
      <trkpt lat="47.858418" lon="10.452621">
        <ele>830.005027</ele>
        <time>2023-05-27T13:13:19.472Z</time>
      </trkpt>
      <trkpt lat="47.858417" lon="10.453147">
        <ele>831.075105</ele>
        <time>2023-05-27T13:13:31.343Z</time>
      </trkpt>
      <trkpt lat="47.858376" lon="10.453425">
        <ele>831.654158</ele>
        <time>2023-05-27T13:13:37.616Z</time>
      </trkpt>
      <trkpt lat="47.858263" lon="10.453876">
        <ele>832.633539</ele>
        <time>2023-05-27T13:13:48.223Z</time>
      </trkpt>
      <trkpt lat="47.857801" lon="10.454874">
        <ele>835.174273</ele>
        <time>2023-05-27T13:14:14.263Z</time>
      </trkpt>
      <trkpt lat="47.857551" lon="10.455253">
        <ele>836.316165</ele>
        <time>2023-05-27T13:14:25.126Z</time>
      </trkpt>
      <trkpt lat="47.856928" lon="10.455916">
        <ele>838.767461</ele>
        <time>2023-05-27T13:14:49.633Z</time>
      </trkpt>
      <trkpt lat="47.856877" lon="10.456044">
        <ele>839.087310</ele>
        <time>2023-05-27T13:14:53.100Z</time>
      </trkpt>
      <trkpt lat="47.856585" lon="10.457028">
        <ele>842.668941</ele>
        <time>2023-05-27T13:15:20.506Z</time>
      </trkpt>
      <trkpt lat="47.856518" lon="10.457580">
        <ele>844.697128</ele>
        <time>2023-05-27T13:15:36.345Z</time>
      </trkpt>
      <trkpt lat="47.856516" lon="10.457772">
        <ele>845.391402</ele>
        <time>2023-05-27T13:15:42.087Z</time>
      </trkpt>
      <trkpt lat="47.856543" lon="10.457978">
        <ele>846.150287</ele>
        <time>2023-05-27T13:15:48.373Z</time>
      </trkpt>
      <trkpt lat="47.856689" lon="10.458525">
        <ele>848.278731</ele>
        <time>2023-05-27T13:16:06.837Z</time>
      </trkpt>
      <trkpt lat="47.856765" lon="10.459147">
        <ele>850.476286</ele>
        <time>2023-05-27T13:16:26.233Z</time>
      </trkpt>
      <trkpt lat="47.856802" lon="10.459864">
        <ele>852.904134</ele>
        <time>2023-05-27T13:16:47.478Z</time>
      </trkpt>
      <trkpt lat="47.856763" lon="10.460567">
        <ele>855.285666</ele>
        <time>2023-05-27T13:17:06.898Z</time>
      </trkpt>
      <trkpt lat="47.856646" lon="10.461896">
        <ele>858.711235</ele>
        <time>2023-05-27T13:17:39.031Z</time>
      </trkpt>
      <trkpt lat="47.856484" lon="10.462908">
        <ele>859.698840</ele>
        <time>2023-05-27T13:17:58.348Z</time>
      </trkpt>
      <trkpt lat="47.856409" lon="10.463243">
        <ele>860.034075</ele>
        <time>2023-05-27T13:18:03.768Z</time>
      </trkpt>
      <trkpt lat="47.856238" lon="10.463826">
        <ele>860.638056</ele>
        <time>2023-05-27T13:18:12.667Z</time>
      </trkpt>
      <trkpt lat="47.855708" lon="10.465399">
        <ele>859.205918</ele>
        <time>2023-05-27T13:18:32.929Z</time>
      </trkpt>
      <trkpt lat="47.855175" lon="10.466784">
        <ele>857.057785</ele>
        <time>2023-05-27T13:18:49.422Z</time>
      </trkpt>
      <trkpt lat="47.854410" lon="10.468587">
        <ele>852.648805</ele>
        <time>2023-05-27T13:19:10.082Z</time>
      </trkpt>
      <trkpt lat="47.853705" lon="10.470250">
        <ele>849.093074</ele>
        <time>2023-05-27T13:19:29.399Z</time>
      </trkpt>
      <trkpt lat="47.853614" lon="10.470590">
        <ele>848.434825</ele>
        <time>2023-05-27T13:19:33.297Z</time>
      </trkpt>
      <trkpt lat="47.853624" lon="10.470706">
        <ele>848.224512</ele>
        <time>2023-05-27T13:19:34.569Z</time>
      </trkpt>
      <trkpt lat="47.853676" lon="10.470876">
        <ele>847.888544</ele>
        <time>2023-05-27T13:19:36.602Z</time>
      </trkpt>
      <trkpt lat="47.853848" lon="10.471260">
        <ele>847.272886</ele>
        <time>2023-05-27T13:19:41.840Z</time>
      </trkpt>
      <trkpt lat="47.853922" lon="10.471484">
        <ele>846.977189</ele>
        <time>2023-05-27T13:19:44.554Z</time>
      </trkpt>
      <trkpt lat="47.853643" lon="10.472065">
        <ele>846.131047</ele>
        <time>2023-05-27T13:19:50.041Z</time>
      </trkpt>
      <trkpt lat="47.853375" lon="10.472467">
        <ele>845.459920</ele>
        <time>2023-05-27T13:19:54.325Z</time>
      </trkpt>
      <trkpt lat="47.853261" lon="10.472589">
        <ele>845.212209</ele>
        <time>2023-05-27T13:19:55.848Z</time>
      </trkpt>
      <trkpt lat="47.853004" lon="10.472738">
        <ele>844.725497</ele>
        <time>2023-05-27T13:19:58.973Z</time>
      </trkpt>
      <trkpt lat="47.852722" lon="10.473110">
        <ele>843.795119</ele>
        <time>2023-05-27T13:20:03.235Z</time>
      </trkpt>
      <trkpt lat="47.853047" lon="10.473639">
        <ele>842.445856</ele>
        <time>2023-05-27T13:20:08.251Z</time>
      </trkpt>
      <trkpt lat="47.853597" lon="10.474425">
        <ele>840.309546</ele>
        <time>2023-05-27T13:20:15.815Z</time>
      </trkpt>
      <trkpt lat="47.853703" lon="10.474612">
        <ele>839.849046</ele>
        <time>2023-05-27T13:20:17.483Z</time>
      </trkpt>
      <trkpt lat="47.853730" lon="10.474722">
        <ele>839.628705</ele>
        <time>2023-05-27T13:20:18.269Z</time>
      </trkpt>
      <trkpt lat="47.853726" lon="10.474917">
        <ele>839.391728</ele>
        <time>2023-05-27T13:20:19.593Z</time>
      </trkpt>
      <trkpt lat="47.853431" lon="10.475934">
        <ele>838.609305</ele>
        <time>2023-05-27T13:20:27.888Z</time>
      </trkpt>
      <trkpt lat="47.853305" lon="10.476775">
        <ele>838.000776</ele>
        <time>2023-05-27T13:20:35.396Z</time>
      </trkpt>
      <trkpt lat="47.853274" lon="10.477230">
        <ele>837.677806</ele>
        <time>2023-05-27T13:20:39.853Z</time>
      </trkpt>
      <trkpt lat="47.853349" lon="10.478592">
        <ele>838.276376</ele>
        <time>2023-05-27T13:20:58.036Z</time>
      </trkpt>
      <trkpt lat="47.853521" lon="10.481462">
        <ele>838.741774</ele>
        <time>2023-05-27T13:21:33.118Z</time>
      </trkpt>
      <trkpt lat="47.853730" lon="10.484928">
        <ele>835.614940</ele>
        <time>2023-05-27T13:21:59.312Z</time>
      </trkpt>
      <trkpt lat="47.853870" lon="10.485992">
        <ele>833.649305</ele>
        <time>2023-05-27T13:22:07.184Z</time>
      </trkpt>
      <trkpt lat="47.854032" lon="10.486997">
        <ele>831.360882</ele>
        <time>2023-05-27T13:22:14.291Z</time>
      </trkpt>
      <trkpt lat="47.854205" lon="10.487824">
        <ele>829.442954</ele>
        <time>2023-05-27T13:22:19.921Z</time>
      </trkpt>
      <trkpt lat="47.854129" lon="10.487885">
        <ele>829.158134</ele>
        <time>2023-05-27T13:22:21.097Z</time>
      </trkpt>
      <trkpt lat="47.854092" lon="10.487988">
        <ele>828.818853</ele>
        <time>2023-05-27T13:22:22.174Z</time>
      </trkpt>
      <trkpt lat="47.854042" lon="10.488781">
        <ele>826.365337</ele>
        <time>2023-05-27T13:22:29.404Z</time>
      </trkpt>
      <trkpt lat="47.854002" lon="10.489055">
        <ele>825.501564</ele>
        <time>2023-05-27T13:22:31.970Z</time>
      </trkpt>
      <trkpt lat="47.853877" lon="10.489595">
        <ele>823.741950</ele>
        <time>2023-05-27T13:22:37.202Z</time>
      </trkpt>
      <trkpt lat="47.853815" lon="10.489983">
        <ele>822.513329</ele>
        <time>2023-05-27T13:22:40.850Z</time>
      </trkpt>
      <trkpt lat="47.853833" lon="10.490516">
        <ele>820.869391</ele>
        <time>2023-05-27T13:22:45.720Z</time>
      </trkpt>
      <trkpt lat="47.854062" lon="10.492272">
        <ele>816.597576</ele>
        <time>2023-05-27T13:23:02.860Z</time>
      </trkpt>
      <trkpt lat="47.854098" lon="10.492734">
        <ele>815.488121</ele>
        <time>2023-05-27T13:23:07.554Z</time>
      </trkpt>
      <trkpt lat="47.854109" lon="10.493419">
        <ele>813.664611</ele>
        <time>2023-05-27T13:23:14.406Z</time>
      </trkpt>
      <trkpt lat="47.854070" lon="10.495178">
        <ele>808.145860</ele>
        <time>2023-05-27T13:23:30.799Z</time>
      </trkpt>
      <trkpt lat="47.853977" lon="10.496756">
        <ele>802.073805</ele>
        <time>2023-05-27T13:23:44.567Z</time>
      </trkpt>
      <trkpt lat="47.853935" lon="10.497020">
        <ele>800.895606</ele>
        <time>2023-05-27T13:23:46.896Z</time>
      </trkpt>
      <trkpt lat="47.853792" lon="10.497199">
        <ele>799.687051</ele>
        <time>2023-05-27T13:23:49.281Z</time>
      </trkpt>
      <trkpt lat="47.853043" lon="10.497487">
        <ele>794.681184</ele>
        <time>2023-05-27T13:23:59.281Z</time>
      </trkpt>
      <trkpt lat="47.852931" lon="10.497564">
        <ele>794.103241</ele>
        <time>2023-05-27T13:24:00.914Z</time>
      </trkpt>
      <trkpt lat="47.852846" lon="10.497653">
        <ele>793.712128</ele>
        <time>2023-05-27T13:24:02.274Z</time>
      </trkpt>
      <trkpt lat="47.852703" lon="10.497942">
        <ele>792.804963</ele>
        <time>2023-05-27T13:24:05.485Z</time>
      </trkpt>
      <trkpt lat="47.852586" lon="10.498402">
        <ele>791.562131</ele>
        <time>2023-05-27T13:24:09.968Z</time>
      </trkpt>
      <trkpt lat="47.852603" lon="10.498918">
        <ele>790.256930</ele>
        <time>2023-05-27T13:24:14.863Z</time>
      </trkpt>
      <trkpt lat="47.852647" lon="10.499217">
        <ele>789.483581</ele>
        <time>2023-05-27T13:24:17.855Z</time>
      </trkpt>
      <trkpt lat="47.853216" lon="10.502384">
        <ele>785.547814</ele>
        <time>2023-05-27T13:24:54.705Z</time>
      </trkpt>
      <trkpt lat="47.853218" lon="10.502766">
        <ele>785.274442</ele>
        <time>2023-05-27T13:24:59.860Z</time>
      </trkpt>
      <trkpt lat="47.853197" lon="10.502923">
        <ele>785.168769</ele>
        <time>2023-05-27T13:25:01.893Z</time>
      </trkpt>
      <trkpt lat="47.852990" lon="10.503496">
        <ele>784.739211</ele>
        <time>2023-05-27T13:25:10.077Z</time>
      </trkpt>
      <trkpt lat="47.852791" lon="10.503917">
        <ele>784.399288</ele>
        <time>2023-05-27T13:25:16.156Z</time>
      </trkpt>
      <trkpt lat="47.852491" lon="10.504483">
        <ele>783.923185</ele>
        <time>2023-05-27T13:25:24.472Z</time>
      </trkpt>
      <trkpt lat="47.852269" lon="10.504837">
        <ele>783.520335</ele>
        <time>2023-05-27T13:25:29.896Z</time>
      </trkpt>
      <trkpt lat="47.852014" lon="10.505399">
        <ele>782.513853</ele>
        <time>2023-05-27T13:25:37.116Z</time>
      </trkpt>
      <trkpt lat="47.851735" lon="10.506470">
        <ele>780.809403</ele>
        <time>2023-05-27T13:25:48.753Z</time>
      </trkpt>
      <trkpt lat="47.851644" lon="10.507323">
        <ele>779.625880</ele>
        <time>2023-05-27T13:25:57.457Z</time>
      </trkpt>
      <trkpt lat="47.851650" lon="10.507707">
        <ele>779.393292</ele>
        <time>2023-05-27T13:26:01.501Z</time>
      </trkpt>
      <trkpt lat="47.851604" lon="10.508156">
        <ele>779.118258</ele>
        <time>2023-05-27T13:26:06.457Z</time>
      </trkpt>
      <trkpt lat="47.851445" lon="10.509175">
        <ele>778.484757</ele>
        <time>2023-05-27T13:26:18.718Z</time>
      </trkpt>
      <trkpt lat="47.851015" lon="10.510626">
        <ele>779.435749</ele>
        <time>2023-05-27T13:26:43.345Z</time>
      </trkpt>
      <trkpt lat="47.850926" lon="10.511043">
        <ele>780.098273</ele>
        <time>2023-05-27T13:26:51.529Z</time>
      </trkpt>
      <trkpt lat="47.850896" lon="10.511396">
        <ele>780.637004</ele>
        <time>2023-05-27T13:26:58.715Z</time>
      </trkpt>
      <trkpt lat="47.850608" lon="10.513221">
        <ele>785.019451</ele>
        <time>2023-05-27T13:27:43.462Z</time>
      </trkpt>
      <trkpt lat="47.850463" lon="10.513790">
        <ele>786.997164</ele>
        <time>2023-05-27T13:27:59.945Z</time>
      </trkpt>
      <trkpt lat="47.850269" lon="10.514291">
        <ele>788.876684</ele>
        <time>2023-05-27T13:28:16.164Z</time>
      </trkpt>
      <trkpt lat="47.849825" lon="10.515234">
        <ele>792.759279</ele>
        <time>2023-05-27T13:28:49.513Z</time>
      </trkpt>
      <trkpt lat="47.849629" lon="10.515827">
        <ele>795.075275</ele>
        <time>2023-05-27T13:29:08.608Z</time>
      </trkpt>
      <trkpt lat="47.849333" lon="10.516533">
        <ele>797.991931</ele>
        <time>2023-05-27T13:29:31.564Z</time>
      </trkpt>
      <trkpt lat="47.849166" lon="10.516846">
        <ele>799.392947</ele>
        <time>2023-05-27T13:29:42.105Z</time>
      </trkpt>
      <trkpt lat="47.848474" lon="10.517858">
        <ele>803.047150</ele>
        <time>2023-05-27T13:30:17.761Z</time>
      </trkpt>
      <trkpt lat="47.848256" lon="10.518111">
        <ele>804.009251</ele>
        <time>2023-05-27T13:30:27.335Z</time>
      </trkpt>
      <trkpt lat="47.847811" lon="10.518425">
        <ele>805.723621</ele>
        <time>2023-05-27T13:30:43.416Z</time>
      </trkpt>
      <trkpt lat="47.847522" lon="10.518690">
        <ele>806.598481</ele>
        <time>2023-05-27T13:30:53.521Z</time>
      </trkpt>
      <trkpt lat="47.847138" lon="10.519146">
        <ele>807.042562</ele>
        <time>2023-05-27T13:31:06.804Z</time>
      </trkpt>
      <trkpt lat="47.846826" lon="10.519609">
        <ele>807.440796</ele>
        <time>2023-05-27T13:31:17.440Z</time>
      </trkpt>
      <trkpt lat="47.846345" lon="10.520327">
        <ele>808.056548</ele>
        <time>2023-05-27T13:31:31.962Z</time>
      </trkpt>
      <trkpt lat="47.846107" lon="10.520404">
        <ele>807.629443</ele>
        <time>2023-05-27T13:31:36.501Z</time>
      </trkpt>
      <trkpt lat="47.845899" lon="10.520412">
        <ele>807.052681</ele>
        <time>2023-05-27T13:31:40.133Z</time>
      </trkpt>
      <trkpt lat="47.845218" lon="10.520517">
        <ele>805.154885</ele>
        <time>2023-05-27T13:31:50.373Z</time>
      </trkpt>
      <trkpt lat="47.845121" lon="10.520527">
        <ele>804.885361</ele>
        <time>2023-05-27T13:31:51.723Z</time>
      </trkpt>
      <trkpt lat="47.844673" lon="10.520565">
        <ele>803.641505</ele>
        <time>2023-05-27T13:31:57.881Z</time>
      </trkpt>
      <trkpt lat="47.844575" lon="10.520619">
        <ele>803.351871</ele>
        <time>2023-05-27T13:31:59.340Z</time>
      </trkpt>
      <trkpt lat="47.844571" lon="10.520625">
        <ele>803.336137</ele>
        <time>2023-05-27T13:31:59.417Z</time>
      </trkpt>
      <trkpt lat="47.844429" lon="10.520838">
        <ele>802.551996</ele>
        <time>2023-05-27T13:32:02.197Z</time>
      </trkpt>
      <trkpt lat="47.844368" lon="10.520972">
        <ele>802.058878</ele>
        <time>2023-05-27T13:32:03.748Z</time>
      </trkpt>
      <trkpt lat="47.844354" lon="10.521088">
        <ele>801.699933</ele>
        <time>2023-05-27T13:32:04.848Z</time>
      </trkpt>
      <trkpt lat="47.844346" lon="10.521595">
        <ele>800.155432</ele>
        <time>2023-05-27T13:32:09.674Z</time>
      </trkpt>
      <trkpt lat="47.844372" lon="10.522220">
        <ele>798.248335</ele>
        <time>2023-05-27T13:32:15.593Z</time>
      </trkpt>
      <trkpt lat="47.844399" lon="10.522334">
        <ele>797.880163</ele>
        <time>2023-05-27T13:32:16.687Z</time>
      </trkpt>
      <trkpt lat="47.844470" lon="10.522363">
        <ele>797.546095</ele>
        <time>2023-05-27T13:32:17.763Z</time>
      </trkpt>
      <trkpt lat="47.844671" lon="10.522345">
        <ele>796.632357</ele>
        <time>2023-05-27T13:32:20.485Z</time>
      </trkpt>
      <trkpt lat="47.844774" lon="10.522450">
        <ele>796.066044</ele>
        <time>2023-05-27T13:32:22.151Z</time>
      </trkpt>
      <trkpt lat="47.844835" lon="10.522464">
        <ele>795.785976</ele>
        <time>2023-05-27T13:32:22.990Z</time>
      </trkpt>
      <trkpt lat="47.845499" lon="10.522204">
        <ele>791.562757</ele>
        <time>2023-05-27T13:32:32.042Z</time>
      </trkpt>
      <trkpt lat="47.845600" lon="10.522204">
        <ele>790.883623</ele>
        <time>2023-05-27T13:32:33.373Z</time>
      </trkpt>
      <trkpt lat="47.846121" lon="10.522565">
        <ele>787.020114</ele>
        <time>2023-05-27T13:32:40.904Z</time>
      </trkpt>
      <trkpt lat="47.846251" lon="10.522711">
        <ele>785.925493</ele>
        <time>2023-05-27T13:32:42.993Z</time>
      </trkpt>
      <trkpt lat="47.846322" lon="10.522833">
        <ele>785.196780</ele>
        <time>2023-05-27T13:32:44.355Z</time>
      </trkpt>
      <trkpt lat="47.846330" lon="10.523264">
        <ele>783.251071</ele>
        <time>2023-05-27T13:32:47.957Z</time>
      </trkpt>
      <trkpt lat="47.846084" lon="10.524986">
        <ele>774.183892</ele>
        <time>2023-05-27T13:33:02.557Z</time>
      </trkpt>
      <trkpt lat="47.846070" lon="10.525124">
        <ele>773.460689</ele>
        <time>2023-05-27T13:33:03.733Z</time>
      </trkpt>
      <trkpt lat="47.846024" lon="10.525493">
        <ele>771.515923</ele>
        <time>2023-05-27T13:33:06.950Z</time>
      </trkpt>
      <trkpt lat="47.845928" lon="10.525811">
        <ele>769.709097</ele>
        <time>2023-05-27T13:33:09.980Z</time>
      </trkpt>
      <trkpt lat="47.845917" lon="10.526127">
        <ele>768.593139</ele>
        <time>2023-05-27T13:33:11.934Z</time>
      </trkpt>
      <trkpt lat="47.845785" lon="10.531201">
        <ele>758.353022</ele>
        <time>2023-05-27T13:34:03.108Z</time>
      </trkpt>
      <trkpt lat="47.845733" lon="10.531837">
        <ele>757.395750</ele>
        <time>2023-05-27T13:34:09.488Z</time>
      </trkpt>
      <trkpt lat="47.845647" lon="10.532112">
        <ele>756.961242</ele>
        <time>2023-05-27T13:34:12.542Z</time>
      </trkpt>
      <trkpt lat="47.845523" lon="10.532337">
        <ele>756.544277</ele>
        <time>2023-05-27T13:34:15.496Z</time>
      </trkpt>
      <trkpt lat="47.845219" lon="10.532523">
        <ele>755.842983</ele>
        <time>2023-05-27T13:34:20.542Z</time>
      </trkpt>
      <trkpt lat="47.844553" lon="10.532570">
        <ele>754.420158</ele>
        <time>2023-05-27T13:34:31.212Z</time>
      </trkpt>
      <trkpt lat="47.844371" lon="10.532665">
        <ele>754.411652</ele>
        <time>2023-05-27T13:34:34.519Z</time>
      </trkpt>
      <trkpt lat="47.844220" lon="10.532783">
        <ele>754.511557</ele>
        <time>2023-05-27T13:34:37.529Z</time>
      </trkpt>
      <trkpt lat="47.844054" lon="10.532972">
        <ele>754.633968</ele>
        <time>2023-05-27T13:34:41.557Z</time>
      </trkpt>
      <trkpt lat="47.843931" lon="10.533174">
        <ele>754.741226</ele>
        <time>2023-05-27T13:34:45.348Z</time>
      </trkpt>
      <trkpt lat="47.843831" lon="10.533399">
        <ele>754.847348</ele>
        <time>2023-05-27T13:34:49.549Z</time>
      </trkpt>
      <trkpt lat="47.843744" lon="10.533692">
        <ele>754.973343</ele>
        <time>2023-05-27T13:34:54.868Z</time>
      </trkpt>
      <trkpt lat="47.843598" lon="10.534380">
        <ele>755.257102</ele>
        <time>2023-05-27T13:35:07.919Z</time>
      </trkpt>
      <trkpt lat="47.843458" lon="10.534753">
        <ele>755.518943</ele>
        <time>2023-05-27T13:35:16.047Z</time>
      </trkpt>
      <trkpt lat="47.843225" lon="10.535254">
        <ele>756.242554</ele>
        <time>2023-05-27T13:35:27.592Z</time>
      </trkpt>
      <trkpt lat="47.843063" lon="10.535528">
        <ele>756.676054</ele>
        <time>2023-05-27T13:35:34.450Z</time>
      </trkpt>
      <trkpt lat="47.842904" lon="10.535734">
        <ele>757.048757</ele>
        <time>2023-05-27T13:35:40.258Z</time>
      </trkpt>
      <trkpt lat="47.842681" lon="10.535941">
        <ele>757.513496</ele>
        <time>2023-05-27T13:35:47.475Z</time>
      </trkpt>
      <trkpt lat="47.842495" lon="10.536173">
        <ele>757.942569</ele>
        <time>2023-05-27T13:35:54.116Z</time>
      </trkpt>
      <trkpt lat="47.842305" lon="10.536528">
        <ele>758.481616</ele>
        <time>2023-05-27T13:36:02.378Z</time>
      </trkpt>
      <trkpt lat="47.841596" lon="10.538033">
        <ele>759.751976</ele>
        <time>2023-05-27T13:36:33.192Z</time>
      </trkpt>
      <trkpt lat="47.841367" lon="10.538389">
        <ele>760.083515</ele>
        <time>2023-05-27T13:36:40.738Z</time>
      </trkpt>
      <trkpt lat="47.840871" lon="10.539041">
        <ele>760.343272</ele>
        <time>2023-05-27T13:36:55.190Z</time>
      </trkpt>
      <trkpt lat="47.840634" lon="10.539460">
        <ele>760.325299</ele>
        <time>2023-05-27T13:37:02.804Z</time>
      </trkpt>
      <trkpt lat="47.840443" lon="10.539903">
        <ele>760.308029</ele>
        <time>2023-05-27T13:37:09.853Z</time>
      </trkpt>
      <trkpt lat="47.839759" lon="10.541918">
        <ele>760.107433</ele>
        <time>2023-05-27T13:37:38.095Z</time>
      </trkpt>
      <trkpt lat="47.839491" lon="10.542530">
        <ele>760.007927</ele>
        <time>2023-05-27T13:37:47.511Z</time>
      </trkpt>
      <trkpt lat="47.838905" lon="10.543705">
        <ele>760.277355</ele>
        <time>2023-05-27T13:38:08.238Z</time>
      </trkpt>
      <trkpt lat="47.838407" lon="10.544997">
        <ele>761.019674</ele>
        <time>2023-05-27T13:38:32.447Z</time>
      </trkpt>
      <trkpt lat="47.838222" lon="10.545244">
        <ele>761.204073</ele>
        <time>2023-05-27T13:38:38.786Z</time>
      </trkpt>
      <trkpt lat="47.838204" lon="10.545445">
        <ele>761.288331</ele>
        <time>2023-05-27T13:38:42.171Z</time>
      </trkpt>
      <trkpt lat="47.837888" lon="10.547103">
        <ele>761.910033</ele>
        <time>2023-05-27T13:39:08.896Z</time>
      </trkpt>
      <trkpt lat="47.837744" lon="10.547987">
        <ele>762.207742</ele>
        <time>2023-05-27T13:39:20.807Z</time>
      </trkpt>
      <trkpt lat="47.837529" lon="10.549698">
        <ele>762.134934</ele>
        <time>2023-05-27T13:39:44.608Z</time>
      </trkpt>
      <trkpt lat="47.837422" lon="10.550680">
        <ele>762.176819</ele>
        <time>2023-05-27T13:39:57.330Z</time>
      </trkpt>
      <trkpt lat="47.837372" lon="10.551054">
        <ele>762.402939</ele>
        <time>2023-05-27T13:40:02.473Z</time>
      </trkpt>
      <trkpt lat="47.837295" lon="10.551274">
        <ele>762.550058</ele>
        <time>2023-05-27T13:40:05.853Z</time>
      </trkpt>
      <trkpt lat="47.837040" lon="10.551882">
        <ele>762.975165</ele>
        <time>2023-05-27T13:40:17.039Z</time>
      </trkpt>
      <trkpt lat="47.836675" lon="10.552458">
        <ele>763.444862</ele>
        <time>2023-05-27T13:40:30.554Z</time>
      </trkpt>
      <trkpt lat="47.836360" lon="10.553065">
        <ele>764.567311</ele>
        <time>2023-05-27T13:40:43.878Z</time>
      </trkpt>
      <trkpt lat="47.835584" lon="10.554708">
        <ele>769.507354</ele>
        <time>2023-05-27T13:41:30.161Z</time>
      </trkpt>
      <trkpt lat="47.834911" lon="10.555892">
        <ele>777.214902</ele>
        <time>2023-05-27T13:42:18.529Z</time>
      </trkpt>
      <trkpt lat="47.834811" lon="10.556105">
        <ele>778.670925</ele>
        <time>2023-05-27T13:42:28.164Z</time>
      </trkpt>
      <trkpt lat="47.834666" lon="10.556593">
        <ele>781.660382</ele>
        <time>2023-05-27T13:42:49.190Z</time>
      </trkpt>
      <trkpt lat="47.834627" lon="10.556743">
        <ele>782.561465</ele>
        <time>2023-05-27T13:42:55.651Z</time>
      </trkpt>
      <trkpt lat="47.834395" lon="10.557732">
        <ele>789.680000</ele>
        <time>2023-05-27T13:43:41.792Z</time>
      </trkpt>
      <trkpt lat="47.834291" lon="10.558554">
        <ele>796.228565</ele>
        <time>2023-05-27T13:44:20.605Z</time>
      </trkpt>
      <trkpt lat="47.834288" lon="10.558842">
        <ele>798.483529</ele>
        <time>2023-05-27T13:44:33.646Z</time>
      </trkpt>
      <trkpt lat="47.834316" lon="10.559152">
        <ele>800.932324</ele>
        <time>2023-05-27T13:44:48.166Z</time>
      </trkpt>
      <trkpt lat="47.834585" lon="10.560413">
        <ele>810.386145</ele>
        <time>2023-05-27T13:45:48.327Z</time>
      </trkpt>
      <trkpt lat="47.834725" lon="10.561614">
        <ele>818.211960</ele>
        <time>2023-05-27T13:46:36.605Z</time>
      </trkpt>
      <trkpt lat="47.834802" lon="10.561860">
        <ele>819.954532</ele>
        <time>2023-05-27T13:46:46.370Z</time>
      </trkpt>
      <trkpt lat="47.834964" lon="10.562231">
        <ele>822.795927</ele>
        <time>2023-05-27T13:47:01.633Z</time>
      </trkpt>
      <trkpt lat="47.835059" lon="10.562541">
        <ele>824.433932</ele>
        <time>2023-05-27T13:47:12.855Z</time>
      </trkpt>
      <trkpt lat="47.835252" lon="10.563596">
        <ele>828.912683</ele>
        <time>2023-05-27T13:47:46.616Z</time>
      </trkpt>
      <trkpt lat="47.835418" lon="10.564237">
        <ele>831.726743</ele>
        <time>2023-05-27T13:48:06.651Z</time>
      </trkpt>
      <trkpt lat="47.835573" lon="10.565242">
        <ele>835.226569</ele>
        <time>2023-05-27T13:48:35.595Z</time>
      </trkpt>
      <trkpt lat="47.836232" lon="10.567368">
        <ele>840.160081</ele>
        <time>2023-05-27T13:49:27.238Z</time>
      </trkpt>
      <trkpt lat="47.836868" lon="10.569482">
        <ele>840.469154</ele>
        <time>2023-05-27T13:49:55.865Z</time>
      </trkpt>
      <trkpt lat="47.837153" lon="10.570323">
        <ele>840.825802</ele>
        <time>2023-05-27T13:50:09.883Z</time>
      </trkpt>
      <trkpt lat="47.837392" lon="10.570143">
        <ele>841.030048</ele>
        <time>2023-05-27T13:50:14.840Z</time>
      </trkpt>
      <trkpt lat="47.837443" lon="10.570271">
        <ele>841.106249</ele>
        <time>2023-05-27T13:50:16.692Z</time>
      </trkpt>
      <trkpt lat="47.837584" lon="10.570514">
        <ele>841.270685</ele>
        <time>2023-05-27T13:50:20.689Z</time>
      </trkpt>
      <trkpt lat="47.837698" lon="10.570752">
        <ele>841.420365</ele>
        <time>2023-05-27T13:50:24.327Z</time>
      </trkpt>
      <trkpt lat="47.837896" lon="10.571054">
        <ele>841.636479</ele>
        <time>2023-05-27T13:50:29.577Z</time>
      </trkpt>
      <trkpt lat="47.837973" lon="10.571178">
        <ele>841.722955</ele>
        <time>2023-05-27T13:50:31.679Z</time>
      </trkpt>
      <trkpt lat="47.838046" lon="10.571473">
        <ele>841.883909</ele>
        <time>2023-05-27T13:50:35.590Z</time>
      </trkpt>
      <trkpt lat="47.838088" lon="10.571710">
        <ele>841.626165</ele>
        <time>2023-05-27T13:50:38.641Z</time>
      </trkpt>
      <trkpt lat="47.838159" lon="10.571983">
        <ele>841.313530</ele>
        <time>2023-05-27T13:50:42.281Z</time>
      </trkpt>
      <trkpt lat="47.838201" lon="10.572451">
        <ele>840.809337</ele>
        <time>2023-05-27T13:50:48.156Z</time>
      </trkpt>
      <trkpt lat="47.838243" lon="10.572579">
        <ele>840.657197</ele>
        <time>2023-05-27T13:50:49.927Z</time>
      </trkpt>
      <trkpt lat="47.838301" lon="10.572951">
        <ele>840.249388</ele>
        <time>2023-05-27T13:50:54.679Z</time>
      </trkpt>
      <trkpt lat="47.838419" lon="10.573312">
        <ele>839.820624</ele>
        <time>2023-05-27T13:50:59.674Z</time>
      </trkpt>
      <trkpt lat="47.838513" lon="10.573502">
        <ele>839.568580</ele>
        <time>2023-05-27T13:51:02.610Z</time>
      </trkpt>
      <trkpt lat="47.838591" lon="10.573792">
        <ele>839.234974</ele>
        <time>2023-05-27T13:51:06.500Z</time>
      </trkpt>
      <trkpt lat="47.838609" lon="10.573908">
        <ele>839.107840</ele>
        <time>2023-05-27T13:51:07.980Z</time>
      </trkpt>
      <trkpt lat="47.838694" lon="10.574265">
        <ele>838.220551</ele>
        <time>2023-05-27T13:51:12.697Z</time>
      </trkpt>
      <trkpt lat="47.838626" lon="10.574446">
        <ele>837.665352</ele>
        <time>2023-05-27T13:51:15.279Z</time>
      </trkpt>
      <trkpt lat="47.839336" lon="10.575041">
        <ele>834.416879</ele>
        <time>2023-05-27T13:51:26.605Z</time>
      </trkpt>
      <trkpt lat="47.839550" lon="10.575327">
        <ele>833.270469</ele>
        <time>2023-05-27T13:51:30.807Z</time>
      </trkpt>
      <trkpt lat="47.839723" lon="10.575856">
        <ele>831.555833</ele>
        <time>2023-05-27T13:51:36.552Z</time>
      </trkpt>
      <trkpt lat="47.840009" lon="10.577245">
        <ele>824.184319</ele>
        <time>2023-05-27T13:51:49.488Z</time>
      </trkpt>
      <trkpt lat="47.839982" lon="10.577601">
        <ele>822.366592</ele>
        <time>2023-05-27T13:51:52.498Z</time>
      </trkpt>
      <trkpt lat="47.839358" lon="10.580508">
        <ele>801.097871</ele>
        <time>2023-05-27T13:52:17.051Z</time>
      </trkpt>
      <trkpt lat="47.839055" lon="10.582413">
        <ele>787.063994</ele>
        <time>2023-05-27T13:52:32.921Z</time>
      </trkpt>
      <trkpt lat="47.839004" lon="10.582832">
        <ele>784.071034</ele>
        <time>2023-05-27T13:52:36.394Z</time>
      </trkpt>
      <trkpt lat="47.838958" lon="10.583680">
        <ele>778.303765</ele>
        <time>2023-05-27T13:52:43.358Z</time>
      </trkpt>
      <trkpt lat="47.838853" lon="10.584425">
        <ele>774.338730</ele>
        <time>2023-05-27T13:52:47.817Z</time>
      </trkpt>
      <trkpt lat="47.838805" lon="10.584767">
        <ele>772.518857</ele>
        <time>2023-05-27T13:52:49.888Z</time>
      </trkpt>
      <trkpt lat="47.838819" lon="10.585195">
        <ele>770.286923</ele>
        <time>2023-05-27T13:52:52.455Z</time>
      </trkpt>
      <trkpt lat="47.838896" lon="10.585770">
        <ele>767.232947</ele>
        <time>2023-05-27T13:52:55.980Z</time>
      </trkpt>
      <trkpt lat="47.839048" lon="10.587064">
        <ele>762.578218</ele>
        <time>2023-05-27T13:53:04.100Z</time>
      </trkpt>
      <trkpt lat="47.839096" lon="10.587796">
        <ele>760.583805</ele>
        <time>2023-05-27T13:53:08.955Z</time>
      </trkpt>
      <trkpt lat="47.839060" lon="10.588128">
        <ele>759.671849</ele>
        <time>2023-05-27T13:53:11.297Z</time>
      </trkpt>
      <trkpt lat="47.838924" lon="10.588339">
        <ele>758.878590</ele>
        <time>2023-05-27T13:53:13.332Z</time>
      </trkpt>
      <trkpt lat="47.838426" lon="10.588646">
        <ele>756.862454</ele>
        <time>2023-05-27T13:53:19.164Z</time>
      </trkpt>
      <trkpt lat="47.838332" lon="10.588779">
        <ele>756.424326</ele>
        <time>2023-05-27T13:53:20.544Z</time>
      </trkpt>
      <trkpt lat="47.838313" lon="10.588867">
        <ele>756.214624</ele>
        <time>2023-05-27T13:53:21.253Z</time>
      </trkpt>
      <trkpt lat="47.838231" lon="10.589347">
        <ele>755.091025</ele>
        <time>2023-05-27T13:53:24.779Z</time>
      </trkpt>
      <trkpt lat="47.838238" lon="10.589580">
        <ele>754.561931</ele>
        <time>2023-05-27T13:53:26.445Z</time>
      </trkpt>
      <trkpt lat="47.838222" lon="10.589627">
        <ele>754.442383</ele>
        <time>2023-05-27T13:53:26.804Z</time>
      </trkpt>
      <trkpt lat="47.838162" lon="10.589796">
        <ele>754.008679</ele>
        <time>2023-05-27T13:53:28.054Z</time>
      </trkpt>
      <trkpt lat="47.838390" lon="10.590010">
        <ele>753.097943</ele>
        <time>2023-05-27T13:53:30.728Z</time>
      </trkpt>
      <trkpt lat="47.838934" lon="10.590625">
        <ele>750.238075</ele>
        <time>2023-05-27T13:53:37.207Z</time>
      </trkpt>
      <trkpt lat="47.838706" lon="10.591206">
        <ele>747.682187</ele>
        <time>2023-05-27T13:53:43.227Z</time>
      </trkpt>
      <trkpt lat="47.838500" lon="10.591844">
        <ele>744.993493</ele>
        <time>2023-05-27T13:53:49.524Z</time>
      </trkpt>
      <trkpt lat="47.838488" lon="10.591980">
        <ele>744.472561</ele>
        <time>2023-05-27T13:53:50.735Z</time>
      </trkpt>
      <trkpt lat="47.838690" lon="10.592696">
        <ele>741.522979</ele>
        <time>2023-05-27T13:53:57.513Z</time>
      </trkpt>
      <trkpt lat="47.838690" lon="10.592882">
        <ele>740.906789</ele>
        <time>2023-05-27T13:53:59.120Z</time>
      </trkpt>
      <trkpt lat="47.838582" lon="10.593240">
        <ele>739.634566</ele>
        <time>2023-05-27T13:54:02.531Z</time>
      </trkpt>
      <trkpt lat="47.838514" lon="10.593450">
        <ele>738.878810</ele>
        <time>2023-05-27T13:54:04.582Z</time>
      </trkpt>
      <trkpt lat="47.838393" lon="10.594032">
        <ele>736.903908</ele>
        <time>2023-05-27T13:54:08.411Z</time>
      </trkpt>
      <trkpt lat="47.838351" lon="10.594559">
        <ele>735.183702</ele>
        <time>2023-05-27T13:54:11.832Z</time>
      </trkpt>
      <trkpt lat="47.838336" lon="10.595443">
        <ele>732.614997</ele>
        <time>2023-05-27T13:54:17.677Z</time>
      </trkpt>
      <trkpt lat="47.838057" lon="10.597111">
        <ele>730.907767</ele>
        <time>2023-05-27T13:54:30.498Z</time>
      </trkpt>
      <trkpt lat="47.837958" lon="10.598100">
        <ele>730.033537</ele>
        <time>2023-05-27T13:54:40.929Z</time>
      </trkpt>
      <trkpt lat="47.838036" lon="10.599301">
        <ele>729.670551</ele>
        <time>2023-05-27T13:54:54.166Z</time>
      </trkpt>
      <trkpt lat="47.838034" lon="10.599885">
        <ele>729.494864</ele>
        <time>2023-05-27T13:54:59.638Z</time>
      </trkpt>
      <trkpt lat="47.837976" lon="10.600556">
        <ele>729.291339</ele>
        <time>2023-05-27T13:55:04.985Z</time>
      </trkpt>
      <trkpt lat="47.837887" lon="10.601135">
        <ele>728.370844</ele>
        <time>2023-05-27T13:55:09.309Z</time>
      </trkpt>
      <trkpt lat="47.837754" lon="10.601661">
        <ele>727.448032</ele>
        <time>2023-05-27T13:55:13.246Z</time>
      </trkpt>
      <trkpt lat="47.837602" lon="10.602034">
        <ele>726.731630</ele>
        <time>2023-05-27T13:55:16.263Z</time>
      </trkpt>
      <trkpt lat="47.837427" lon="10.602378">
        <ele>726.022982</ele>
        <time>2023-05-27T13:55:19.190Z</time>
      </trkpt>
      <trkpt lat="47.837224" lon="10.602652">
        <ele>725.352985</ele>
        <time>2023-05-27T13:55:21.980Z</time>
      </trkpt>
      <trkpt lat="47.836884" lon="10.602993">
        <ele>724.700532</ele>
        <time>2023-05-27T13:55:26.248Z</time>
      </trkpt>
      <trkpt lat="47.835783" lon="10.603818">
        <ele>723.679816</ele>
        <time>2023-05-27T13:55:41.776Z</time>
      </trkpt>
      <trkpt lat="47.835318" lon="10.604234">
        <ele>723.510383</ele>
        <time>2023-05-27T13:55:51.391Z</time>
      </trkpt>
      <trkpt lat="47.834889" lon="10.604721">
        <ele>723.847318</ele>
        <time>2023-05-27T13:56:01.047Z</time>
      </trkpt>
      <trkpt lat="47.834595" lon="10.605180">
        <ele>724.113360</ele>
        <time>2023-05-27T13:56:08.774Z</time>
      </trkpt>
      <trkpt lat="47.834482" lon="10.605358">
        <ele>724.216095</ele>
        <time>2023-05-27T13:56:11.728Z</time>
      </trkpt>
      <trkpt lat="47.834019" lon="10.606174">
        <ele>724.576487</ele>
        <time>2023-05-27T13:56:24.161Z</time>
      </trkpt>
      <trkpt lat="47.832839" lon="10.608610">
        <ele>724.808932</ele>
        <time>2023-05-27T13:56:55.473Z</time>
      </trkpt>
      <trkpt lat="47.832607" lon="10.609034">
        <ele>724.669851</ele>
        <time>2023-05-27T13:57:00.488Z</time>
      </trkpt>
      <trkpt lat="47.832335" lon="10.609351">
        <ele>724.539046</ele>
        <time>2023-05-27T13:57:04.901Z</time>
      </trkpt>
      <trkpt lat="47.831690" lon="10.609982">
        <ele>724.284630</ele>
        <time>2023-05-27T13:57:14.582Z</time>
      </trkpt>
      <trkpt lat="47.831029" lon="10.610857">
        <ele>724.181631</ele>
        <time>2023-05-27T13:57:26.968Z</time>
      </trkpt>
      <trkpt lat="47.830813" lon="10.611085">
        <ele>724.150795</ele>
        <time>2023-05-27T13:57:31.121Z</time>
      </trkpt>
      <trkpt lat="47.830222" lon="10.611660">
        <ele>724.166881</ele>
        <time>2023-05-27T13:57:42.360Z</time>
      </trkpt>
      <trkpt lat="47.830079" lon="10.611838">
        <ele>724.236502</ele>
        <time>2023-05-27T13:57:45.434Z</time>
      </trkpt>
      <trkpt lat="47.829919" lon="10.612074">
        <ele>724.320623</ele>
        <time>2023-05-27T13:57:49.207Z</time>
      </trkpt>
      <trkpt lat="47.829762" lon="10.612368">
        <ele>724.414842</ele>
        <time>2023-05-27T13:57:53.610Z</time>
      </trkpt>
      <trkpt lat="47.829273" lon="10.613353">
        <ele>724.722095</ele>
        <time>2023-05-27T13:58:07.449Z</time>
      </trkpt>
      <trkpt lat="47.829036" lon="10.613691">
        <ele>724.681886</ele>
        <time>2023-05-27T13:58:12.263Z</time>
      </trkpt>
      <trkpt lat="47.828798" lon="10.613941">
        <ele>724.571432</ele>
        <time>2023-05-27T13:58:16.289Z</time>
      </trkpt>
      <trkpt lat="47.828735" lon="10.614092">
        <ele>724.526165</ele>
        <time>2023-05-27T13:58:17.868Z</time>
      </trkpt>
      <trkpt lat="47.828722" lon="10.614272">
        <ele>724.480069</ele>
        <time>2023-05-27T13:58:19.444Z</time>
      </trkpt>
      <trkpt lat="47.829164" lon="10.616094">
        <ele>723.989589</ele>
        <time>2023-05-27T13:58:36.445Z</time>
      </trkpt>
      <trkpt lat="47.829610" lon="10.617950">
        <ele>723.502444</ele>
        <time>2023-05-27T13:58:54.470Z</time>
      </trkpt>
      <trkpt lat="47.828437" lon="10.618597">
        <ele>723.417000</ele>
        <time>2023-05-27T13:59:12.679Z</time>
      </trkpt>
      <trkpt lat="47.827529" lon="10.619067">
        <ele>723.281134</ele>
        <time>2023-05-27T13:59:27.462Z</time>
      </trkpt>
      <trkpt lat="47.827318" lon="10.619146">
        <ele>723.126669</ele>
        <time>2023-05-27T13:59:30.699Z</time>
      </trkpt>
      <trkpt lat="47.826974" lon="10.619198">
        <ele>722.881181</ele>
        <time>2023-05-27T13:59:35.699Z</time>
      </trkpt>
      <trkpt lat="47.826695" lon="10.619110">
        <ele>722.678705</ele>
        <time>2023-05-27T13:59:39.723Z</time>
      </trkpt>
      <trkpt lat="47.826533" lon="10.619105">
        <ele>722.563664</ele>
        <time>2023-05-27T13:59:41.980Z</time>
      </trkpt>
      <trkpt lat="47.824247" lon="10.619214">
        <ele>718.349531</ele>
        <time>2023-05-27T14:00:07.345Z</time>
      </trkpt>
      <trkpt lat="47.824061" lon="10.619212">
        <ele>717.804022</ele>
        <time>2023-05-27T14:00:09.144Z</time>
      </trkpt>
      <trkpt lat="47.823842" lon="10.619269">
        <ele>716.925612</ele>
        <time>2023-05-27T14:00:11.281Z</time>
      </trkpt>
      <trkpt lat="47.823726" lon="10.619339">
        <ele>716.431091</ele>
        <time>2023-05-27T14:00:12.480Z</time>
      </trkpt>
      <trkpt lat="47.823687" lon="10.619426">
        <ele>716.153580</ele>
        <time>2023-05-27T14:00:13.444Z</time>
      </trkpt>
      <trkpt lat="47.823584" lon="10.619970">
        <ele>714.654148</ele>
        <time>2023-05-27T14:00:18.666Z</time>
      </trkpt>
      <trkpt lat="47.823473" lon="10.620310">
        <ele>713.651204</ele>
        <time>2023-05-27T14:00:22.169Z</time>
      </trkpt>
      <trkpt lat="47.823407" lon="10.620444">
        <ele>713.210328</ele>
        <time>2023-05-27T14:00:23.695Z</time>
      </trkpt>
      <trkpt lat="47.823283" lon="10.620598">
        <ele>712.572405</ele>
        <time>2023-05-27T14:00:25.924Z</time>
      </trkpt>
      <trkpt lat="47.823199" lon="10.620658">
        <ele>712.204315</ele>
        <time>2023-05-27T14:00:27.210Z</time>
      </trkpt>
      <trkpt lat="47.823023" lon="10.620741">
        <ele>711.474889</ele>
        <time>2023-05-27T14:00:29.781Z</time>
      </trkpt>
      <trkpt lat="47.822763" lon="10.620723">
        <ele>710.716031</ele>
        <time>2023-05-27T14:00:33.524Z</time>
      </trkpt>
      <trkpt lat="47.822239" lon="10.620752">
        <ele>709.664819</ele>
        <time>2023-05-27T14:00:41.417Z</time>
      </trkpt>
      <trkpt lat="47.821943" lon="10.620870">
        <ele>709.050526</ele>
        <time>2023-05-27T14:00:46.241Z</time>
      </trkpt>
      <trkpt lat="47.821868" lon="10.620907">
        <ele>708.892136</ele>
        <time>2023-05-27T14:00:47.544Z</time>
      </trkpt>
      <trkpt lat="47.821725" lon="10.620978">
        <ele>708.589947</ele>
        <time>2023-05-27T14:00:50.052Z</time>
      </trkpt>
      <trkpt lat="47.821270" lon="10.621178">
        <ele>707.638890</ele>
        <time>2023-05-27T14:00:58.286Z</time>
      </trkpt>
      <trkpt lat="47.821220" lon="10.621198">
        <ele>707.535100</ele>
        <time>2023-05-27T14:00:59.222Z</time>
      </trkpt>
      <trkpt lat="47.821065" lon="10.621270">
        <ele>707.329038</ele>
        <time>2023-05-27T14:01:02.108Z</time>
      </trkpt>
      <trkpt lat="47.820657" lon="10.621495">
        <ele>707.041305</ele>
        <time>2023-05-27T14:01:09.878Z</time>
      </trkpt>
      <trkpt lat="47.820611" lon="10.621520">
        <ele>707.008921</ele>
        <time>2023-05-27T14:01:10.761Z</time>
      </trkpt>
      <trkpt lat="47.820697" lon="10.621820">
        <ele>706.864069</ele>
        <time>2023-05-27T14:01:13.593Z</time>
      </trkpt>
      <trkpt lat="47.822083" lon="10.628750">
        <ele>703.779160</ele>
        <time>2023-05-27T14:02:16.355Z</time>
      </trkpt>
      <trkpt lat="47.822118" lon="10.629154">
        <ele>703.685042</ele>
        <time>2023-05-27T14:02:19.985Z</time>
      </trkpt>
      <trkpt lat="47.822125" lon="10.629617">
        <ele>703.578039</ele>
        <time>2023-05-27T14:02:24.169Z</time>
      </trkpt>
      <trkpt lat="47.822186" lon="10.630832">
        <ele>703.296530</ele>
        <time>2023-05-27T14:02:35.572Z</time>
      </trkpt>
      <trkpt lat="47.822226" lon="10.631295">
        <ele>703.254932</ele>
        <time>2023-05-27T14:02:40.225Z</time>
      </trkpt>
      <trkpt lat="47.822278" lon="10.631590">
        <ele>703.264985</ele>
        <time>2023-05-27T14:02:43.279Z</time>
      </trkpt>
      <trkpt lat="47.823074" lon="10.634195">
        <ele>703.150362</ele>
        <time>2023-05-27T14:03:12.684Z</time>
      </trkpt>
      <trkpt lat="47.823188" lon="10.634396">
        <ele>703.084657</ele>
        <time>2023-05-27T14:03:15.220Z</time>
      </trkpt>
      <trkpt lat="47.823307" lon="10.634509">
        <ele>703.032168</ele>
        <time>2023-05-27T14:03:17.118Z</time>
      </trkpt>
      <trkpt lat="47.823431" lon="10.634597">
        <ele>702.981081</ele>
        <time>2023-05-27T14:03:18.993Z</time>
      </trkpt>
      <trkpt lat="47.823552" lon="10.634623">
        <ele>702.935612</ele>
        <time>2023-05-27T14:03:20.620Z</time>
      </trkpt>
      <trkpt lat="47.823925" lon="10.634946">
        <ele>702.775139</ele>
        <time>2023-05-27T14:03:26.156Z</time>
      </trkpt>
      <trkpt lat="47.824358" lon="10.635274">
        <ele>702.553124</ele>
        <time>2023-05-27T14:03:32.276Z</time>
      </trkpt>
      <trkpt lat="47.824599" lon="10.635396">
        <ele>702.403746</ele>
        <time>2023-05-27T14:03:35.455Z</time>
      </trkpt>
      <trkpt lat="47.825045" lon="10.635516">
        <ele>702.137772</ele>
        <time>2023-05-27T14:03:41.100Z</time>
      </trkpt>
      <trkpt lat="47.825398" lon="10.635508">
        <ele>701.930588</ele>
        <time>2023-05-27T14:03:45.687Z</time>
      </trkpt>
      <trkpt lat="47.825766" lon="10.635476">
        <ele>701.714257</ele>
        <time>2023-05-27T14:03:50.707Z</time>
      </trkpt>
      <trkpt lat="47.825933" lon="10.635487">
        <ele>701.616156</ele>
        <time>2023-05-27T14:03:53.034Z</time>
      </trkpt>
      <trkpt lat="47.826318" lon="10.635695">
        <ele>701.532640</ele>
        <time>2023-05-27T14:03:58.973Z</time>
      </trkpt>
      <trkpt lat="47.826531" lon="10.635912">
        <ele>701.482418</ele>
        <time>2023-05-27T14:04:02.827Z</time>
      </trkpt>
      <trkpt lat="47.826681" lon="10.636180">
        <ele>701.436828</ele>
        <time>2023-05-27T14:04:06.238Z</time>
      </trkpt>
      <trkpt lat="47.826835" lon="10.636537">
        <ele>701.381384</ele>
        <time>2023-05-27T14:04:10.337Z</time>
      </trkpt>
      <trkpt lat="47.827317" lon="10.637739">
        <ele>701.099210</ele>
        <time>2023-05-27T14:04:23.212Z</time>
      </trkpt>
      <trkpt lat="47.827777" lon="10.638583">
        <ele>700.729663</ele>
        <time>2023-05-27T14:04:32.656Z</time>
      </trkpt>
      <trkpt lat="47.828054" lon="10.638956">
        <ele>700.540590</ele>
        <time>2023-05-27T14:04:39.422Z</time>
      </trkpt>
      <trkpt lat="47.828715" lon="10.639701">
        <ele>700.221613</ele>
        <time>2023-05-27T14:04:55.087Z</time>
      </trkpt>
      <trkpt lat="47.829018" lon="10.640097">
        <ele>700.107365</ele>
        <time>2023-05-27T14:05:02.970Z</time>
      </trkpt>
      <trkpt lat="47.829265" lon="10.640505">
        <ele>700.002829</ele>
        <time>2023-05-27T14:05:10.149Z</time>
      </trkpt>
      <trkpt lat="47.829511" lon="10.640910">
        <ele>699.898907</ele>
        <time>2023-05-27T14:05:17.235Z</time>
      </trkpt>
      <trkpt lat="47.829671" lon="10.641244">
        <ele>699.791646</ele>
        <time>2023-05-27T14:05:22.676Z</time>
      </trkpt>
      <trkpt lat="47.829460" lon="10.641266">
        <ele>699.639931</ele>
        <time>2023-05-27T14:05:25.490Z</time>
      </trkpt>
      <trkpt lat="47.829034" lon="10.641422">
        <ele>699.325276</ele>
        <time>2023-05-27T14:05:31.317Z</time>
      </trkpt>
      <trkpt lat="47.828878" lon="10.641490">
        <ele>699.208689</ele>
        <time>2023-05-27T14:05:33.383Z</time>
      </trkpt>
      <trkpt lat="47.828732" lon="10.641548">
        <ele>699.100307</ele>
        <time>2023-05-27T14:05:35.307Z</time>
      </trkpt>
      <trkpt lat="47.828230" lon="10.641755">
        <ele>698.726694</ele>
        <time>2023-05-27T14:05:41.679Z</time>
      </trkpt>
      <trkpt lat="47.828087" lon="10.641834">
        <ele>698.617297</ele>
        <time>2023-05-27T14:05:43.409Z</time>
      </trkpt>
      <trkpt lat="47.827970" lon="10.641888">
        <ele>698.533253</ele>
        <time>2023-05-27T14:05:44.855Z</time>
      </trkpt>
      <trkpt lat="47.826692" lon="10.642569">
        <ele>697.742111</ele>
        <time>2023-05-27T14:06:02.245Z</time>
      </trkpt>
      <trkpt lat="47.826190" lon="10.642833">
        <ele>697.581097</ele>
        <time>2023-05-27T14:06:09.613Z</time>
      </trkpt>
      <trkpt lat="47.826159" lon="10.642851">
        <ele>697.603298</ele>
        <time>2023-05-27T14:06:10.069Z</time>
      </trkpt>
      <trkpt lat="47.826016" lon="10.642930">
        <ele>697.705069</ele>
        <time>2023-05-27T14:06:12.370Z</time>
      </trkpt>
      <trkpt lat="47.824902" lon="10.643557">
        <ele>698.499708</ele>
        <time>2023-05-27T14:06:33.753Z</time>
      </trkpt>
      <trkpt lat="47.824934" lon="10.643694">
        <ele>698.564693</ele>
        <time>2023-05-27T14:06:36.128Z</time>
      </trkpt>
      <trkpt lat="47.824983" lon="10.644127">
        <ele>698.865040</ele>
        <time>2023-05-27T14:06:43.623Z</time>
      </trkpt>
      <trkpt lat="47.824989" lon="10.644326">
        <ele>699.108867</ele>
        <time>2023-05-27T14:06:46.350Z</time>
      </trkpt>
      <trkpt lat="47.825018" lon="10.644949">
        <ele>699.873263</ele>
        <time>2023-05-27T14:06:55.258Z</time>
      </trkpt>
      <trkpt lat="47.825014" lon="10.645411">
        <ele>700.438809</ele>
        <time>2023-05-27T14:07:02.238Z</time>
      </trkpt>
      <trkpt lat="47.824707" lon="10.647688">
        <ele>702.826870</ele>
        <time>2023-05-27T14:07:38.585Z</time>
      </trkpt>
      <trkpt lat="47.824632" lon="10.648062">
        <ele>703.137647</ele>
        <time>2023-05-27T14:07:43.911Z</time>
      </trkpt>
      <trkpt lat="47.824513" lon="10.648639">
        <ele>703.618240</ele>
        <time>2023-05-27T14:07:51.317Z</time>
      </trkpt>
      <trkpt lat="47.824381" lon="10.649163">
        <ele>704.063849</ele>
        <time>2023-05-27T14:07:57.299Z</time>
      </trkpt>
      <trkpt lat="47.824324" lon="10.649510">
        <ele>703.996291</ele>
        <time>2023-05-27T14:08:00.774Z</time>
      </trkpt>
      <trkpt lat="47.824291" lon="10.650000">
        <ele>703.800148</ele>
        <time>2023-05-27T14:08:05.253Z</time>
      </trkpt>
      <trkpt lat="47.824293" lon="10.650263">
        <ele>703.695391</ele>
        <time>2023-05-27T14:08:07.549Z</time>
      </trkpt>
      <trkpt lat="47.824345" lon="10.651366">
        <ele>703.254992</ele>
        <time>2023-05-27T14:08:16.631Z</time>
      </trkpt>
      <trkpt lat="47.824307" lon="10.652190">
        <ele>703.009632</ele>
        <time>2023-05-27T14:08:23.503Z</time>
      </trkpt>
      <trkpt lat="47.824361" lon="10.653166">
        <ele>702.889902</ele>
        <time>2023-05-27T14:08:32.222Z</time>
      </trkpt>
      <trkpt lat="47.824365" lon="10.653389">
        <ele>702.862628</ele>
        <time>2023-05-27T14:08:34.381Z</time>
      </trkpt>
      <trkpt lat="47.824359" lon="10.653498">
        <ele>702.849257</ele>
        <time>2023-05-27T14:08:35.444Z</time>
      </trkpt>
      <trkpt lat="47.824325" lon="10.653768">
        <ele>702.815671</ele>
        <time>2023-05-27T14:08:38.238Z</time>
      </trkpt>
      <trkpt lat="47.824292" lon="10.653907">
        <ele>702.797646</ele>
        <time>2023-05-27T14:08:39.835Z</time>
      </trkpt>
      <trkpt lat="47.824213" lon="10.654098">
        <ele>702.770219</ele>
        <time>2023-05-27T14:08:42.233Z</time>
      </trkpt>
      <trkpt lat="47.824101" lon="10.654279">
        <ele>702.740125</ele>
        <time>2023-05-27T14:08:44.945Z</time>
      </trkpt>
      <trkpt lat="47.823732" lon="10.654759">
        <ele>702.913542</ele>
        <time>2023-05-27T14:08:53.251Z</time>
      </trkpt>
      <trkpt lat="47.822748" lon="10.655904">
        <ele>703.561452</ele>
        <time>2023-05-27T14:09:14.679Z</time>
      </trkpt>
      <trkpt lat="47.821934" lon="10.656633">
        <ele>704.011960</ele>
        <time>2023-05-27T14:09:30.343Z</time>
      </trkpt>
      <trkpt lat="47.821410" lon="10.656987">
        <ele>704.279067</ele>
        <time>2023-05-27T14:09:39.325Z</time>
      </trkpt>
      <trkpt lat="47.820411" lon="10.657576">
        <ele>705.694323</ele>
        <time>2023-05-27T14:09:58.544Z</time>
      </trkpt>
      <trkpt lat="47.819847" lon="10.657980">
        <ele>706.901480</ele>
        <time>2023-05-27T14:10:12.031Z</time>
      </trkpt>
      <trkpt lat="47.818827" lon="10.658886">
        <ele>711.776100</ele>
        <time>2023-05-27T14:10:45.917Z</time>
      </trkpt>
      <trkpt lat="47.818526" lon="10.659160">
        <ele>713.879486</ele>
        <time>2023-05-27T14:11:00.268Z</time>
      </trkpt>
      <trkpt lat="47.818284" lon="10.659500">
        <ele>715.863143</ele>
        <time>2023-05-27T14:11:15.302Z</time>
      </trkpt>
      <trkpt lat="47.818193" lon="10.659801">
        <ele>717.184749</ele>
        <time>2023-05-27T14:11:25.646Z</time>
      </trkpt>
      <trkpt lat="47.818187" lon="10.660170">
        <ele>718.662527</ele>
        <time>2023-05-27T14:11:37.554Z</time>
      </trkpt>
      <trkpt lat="47.818396" lon="10.661828">
        <ele>726.305158</ele>
        <time>2023-05-27T14:12:30.554Z</time>
      </trkpt>
      <trkpt lat="47.819039" lon="10.663689">
        <ele>732.899046</ele>
        <time>2023-05-27T14:13:18.161Z</time>
      </trkpt>
      <trkpt lat="47.819300" lon="10.664740">
        <ele>735.023498</ele>
        <time>2023-05-27T14:13:34.508Z</time>
      </trkpt>
      <trkpt lat="47.819412" lon="10.665519">
        <ele>735.976457</ele>
        <time>2023-05-27T14:13:44.705Z</time>
      </trkpt>
      <trkpt lat="47.819445" lon="10.665949">
        <ele>736.077464</ele>
        <time>2023-05-27T14:13:49.830Z</time>
      </trkpt>
      <trkpt lat="47.819496" lon="10.667554">
        <ele>736.452460</ele>
        <time>2023-05-27T14:14:07.725Z</time>
      </trkpt>
      <trkpt lat="47.819595" lon="10.669708">
        <ele>734.921508</ele>
        <time>2023-05-27T14:14:25.467Z</time>
      </trkpt>
      <trkpt lat="47.819667" lon="10.670147">
        <ele>734.531325</ele>
        <time>2023-05-27T14:14:28.738Z</time>
      </trkpt>
      <trkpt lat="47.819755" lon="10.670494">
        <ele>734.211063</ele>
        <time>2023-05-27T14:14:31.427Z</time>
      </trkpt>
      <trkpt lat="47.819959" lon="10.671120">
        <ele>733.125315</ele>
        <time>2023-05-27T14:14:36.440Z</time>
      </trkpt>
      <trkpt lat="47.819992" lon="10.671367">
        <ele>732.732198</ele>
        <time>2023-05-27T14:14:38.245Z</time>
      </trkpt>
      <trkpt lat="47.819992" lon="10.671619">
        <ele>732.338835</ele>
        <time>2023-05-27T14:14:40.070Z</time>
      </trkpt>
      <trkpt lat="47.819900" lon="10.673432">
        <ele>729.872774</ele>
        <time>2023-05-27T14:14:52.921Z</time>
      </trkpt>
      <trkpt lat="47.819895" lon="10.674553">
        <ele>729.354832</ele>
        <time>2023-05-27T14:15:01.728Z</time>
      </trkpt>
      <trkpt lat="47.819917" lon="10.675273">
        <ele>729.021830</ele>
        <time>2023-05-27T14:15:08.289Z</time>
      </trkpt>
      <trkpt lat="47.819927" lon="10.675693">
        <ele>728.827658</ele>
        <time>2023-05-27T14:15:12.582Z</time>
      </trkpt>
      <trkpt lat="47.819991" lon="10.679538">
        <ele>735.999397</ele>
        <time>2023-05-27T14:16:17.717Z</time>
      </trkpt>
      <trkpt lat="47.819941" lon="10.679826">
        <ele>736.841021</ele>
        <time>2023-05-27T14:16:24.161Z</time>
      </trkpt>
      <trkpt lat="47.819854" lon="10.680074">
        <ele>737.632669</ele>
        <time>2023-05-27T14:16:30.343Z</time>
      </trkpt>
      <trkpt lat="47.819714" lon="10.680304">
        <ele>738.510984</ele>
        <time>2023-05-27T14:16:37.506Z</time>
      </trkpt>
      <trkpt lat="47.819498" lon="10.680522">
        <ele>739.610424</ele>
        <time>2023-05-27T14:16:46.904Z</time>
      </trkpt>
      <trkpt lat="47.819360" lon="10.680595">
        <ele>740.227491</ele>
        <time>2023-05-27T14:16:52.396Z</time>
      </trkpt>
      <trkpt lat="47.818737" lon="10.680722">
        <ele>745.301569</ele>
        <time>2023-05-27T14:17:18.513Z</time>
      </trkpt>
      <trkpt lat="47.818564" lon="10.680836">
        <ele>746.910380</ele>
        <time>2023-05-27T14:17:27.197Z</time>
      </trkpt>
      <trkpt lat="47.818424" lon="10.680976">
        <ele>748.344472</ele>
        <time>2023-05-27T14:17:35.116Z</time>
      </trkpt>
      <trkpt lat="47.818311" lon="10.681164">
        <ele>749.785303</ele>
        <time>2023-05-27T14:17:43.345Z</time>
      </trkpt>
      <trkpt lat="47.818231" lon="10.681391">
        <ele>751.249256</ele>
        <time>2023-05-27T14:17:51.888Z</time>
      </trkpt>
      <trkpt lat="47.818168" lon="10.681689">
        <ele>753.033311</ele>
        <time>2023-05-27T14:18:02.740Z</time>
      </trkpt>
      <trkpt lat="47.818148" lon="10.681967">
        <ele>754.629896</ele>
        <time>2023-05-27T14:18:13.570Z</time>
      </trkpt>
      <trkpt lat="47.818167" lon="10.683803">
        <ele>768.681908</ele>
        <time>2023-05-27T14:19:33.940Z</time>
      </trkpt>
      <trkpt lat="47.818225" lon="10.684112">
        <ele>771.214910</ele>
        <time>2023-05-27T14:19:48.360Z</time>
      </trkpt>
      <trkpt lat="47.818314" lon="10.684247">
        <ele>772.708511</ele>
        <time>2023-05-27T14:19:56.559Z</time>
      </trkpt>
      <trkpt lat="47.818923" lon="10.684855">
        <ele>779.337705</ele>
        <time>2023-05-27T14:20:38.503Z</time>
      </trkpt>
      <trkpt lat="47.819280" lon="10.685426">
        <ele>782.703484</ele>
        <time>2023-05-27T14:21:02.991Z</time>
      </trkpt>
      <trkpt lat="47.819465" lon="10.685818">
        <ele>784.770472</ele>
        <time>2023-05-27T14:21:14.860Z</time>
      </trkpt>
      <trkpt lat="47.819524" lon="10.685935">
        <ele>785.401694</ele>
        <time>2023-05-27T14:21:17.945Z</time>
      </trkpt>
      <trkpt lat="47.819898" lon="10.686473">
        <ele>788.522921</ele>
        <time>2023-05-27T14:21:31.746Z</time>
      </trkpt>
      <trkpt lat="47.820062" lon="10.686803">
        <ele>788.724960</ele>
        <time>2023-05-27T14:21:37.360Z</time>
      </trkpt>
      <trkpt lat="47.820159" lon="10.687002">
        <ele>788.845974</ele>
        <time>2023-05-27T14:21:40.238Z</time>
      </trkpt>
      <trkpt lat="47.820287" lon="10.687144">
        <ele>788.962951</ele>
        <time>2023-05-27T14:21:42.748Z</time>
      </trkpt>
      <trkpt lat="47.820551" lon="10.687293">
        <ele>789.169864</ele>
        <time>2023-05-27T14:21:46.648Z</time>
      </trkpt>
      <trkpt lat="47.821317" lon="10.687917">
        <ele>789.809757</ele>
        <time>2023-05-27T14:22:00.516Z</time>
      </trkpt>
      <trkpt lat="47.821423" lon="10.688078">
        <ele>789.686434</ele>
        <time>2023-05-27T14:22:02.919Z</time>
      </trkpt>
      <trkpt lat="47.821571" lon="10.688474">
        <ele>789.424908</ele>
        <time>2023-05-27T14:22:07.847Z</time>
      </trkpt>
      <trkpt lat="47.821785" lon="10.688884">
        <ele>789.125242</ele>
        <time>2023-05-27T14:22:12.937Z</time>
      </trkpt>
      <trkpt lat="47.821820" lon="10.688947">
        <ele>789.078057</ele>
        <time>2023-05-27T14:22:13.616Z</time>
      </trkpt>
      <trkpt lat="47.821924" lon="10.689132">
        <ele>788.938827</ele>
        <time>2023-05-27T14:22:15.717Z</time>
      </trkpt>
      <trkpt lat="47.822103" lon="10.689344">
        <ele>788.742280</ele>
        <time>2023-05-27T14:22:18.347Z</time>
      </trkpt>
      <trkpt lat="47.822308" lon="10.689628">
        <ele>788.501663</ele>
        <time>2023-05-27T14:22:21.427Z</time>
      </trkpt>
      <trkpt lat="47.822341" lon="10.689691">
        <ele>788.455555</ele>
        <time>2023-05-27T14:22:21.973Z</time>
      </trkpt>
      <trkpt lat="47.822394" lon="10.689840">
        <ele>788.358256</ele>
        <time>2023-05-27T14:22:23.227Z</time>
      </trkpt>
      <trkpt lat="47.822426" lon="10.690074">
        <ele>788.150517</ele>
        <time>2023-05-27T14:22:24.983Z</time>
      </trkpt>
      <trkpt lat="47.822464" lon="10.690426">
        <ele>787.636288</ele>
        <time>2023-05-27T14:22:27.610Z</time>
      </trkpt>
      <trkpt lat="47.822521" lon="10.690919">
        <ele>786.914744</ele>
        <time>2023-05-27T14:22:31.266Z</time>
      </trkpt>
      <trkpt lat="47.822664" lon="10.691792">
        <ele>785.618644</ele>
        <time>2023-05-27T14:22:37.631Z</time>
      </trkpt>
      <trkpt lat="47.822402" lon="10.691994">
        <ele>784.984880</ele>
        <time>2023-05-27T14:22:42.133Z</time>
      </trkpt>
      <trkpt lat="47.821975" lon="10.692107">
        <ele>784.223479</ele>
        <time>2023-05-27T14:22:48.947Z</time>
      </trkpt>
      <trkpt lat="47.821944" lon="10.692099">
        <ele>784.188762</ele>
        <time>2023-05-27T14:22:49.472Z</time>
      </trkpt>
      <trkpt lat="47.821474" lon="10.691990">
        <ele>783.663889</ele>
        <time>2023-05-27T14:22:57.577Z</time>
      </trkpt>
      <trkpt lat="47.821267" lon="10.691954">
        <ele>783.433921</ele>
        <time>2023-05-27T14:23:01.304Z</time>
      </trkpt>
      <trkpt lat="47.820871" lon="10.692105">
        <ele>782.982859</ele>
        <time>2023-05-27T14:23:09.172Z</time>
      </trkpt>
      <trkpt lat="47.820458" lon="10.692457">
        <ele>782.457782</ele>
        <time>2023-05-27T14:23:17.638Z</time>
      </trkpt>
      <trkpt lat="47.820062" lon="10.692867">
        <ele>781.571490</ele>
        <time>2023-05-27T14:23:25.723Z</time>
      </trkpt>
      <trkpt lat="47.819699" lon="10.693412">
        <ele>780.594162</ele>
        <time>2023-05-27T14:23:33.960Z</time>
      </trkpt>
      <trkpt lat="47.819254" lon="10.694016">
        <ele>779.452558</ele>
        <time>2023-05-27T14:23:43.133Z</time>
      </trkpt>
      <trkpt lat="47.818981" lon="10.694516">
        <ele>778.672893</ele>
        <time>2023-05-27T14:23:49.659Z</time>
      </trkpt>
      <trkpt lat="47.818793" lon="10.695077">
        <ele>777.961243</ele>
        <time>2023-05-27T14:23:56.113Z</time>
      </trkpt>
      <trkpt lat="47.818644" lon="10.695862">
        <ele>777.035323</ele>
        <time>2023-05-27T14:24:04.921Z</time>
      </trkpt>
      <trkpt lat="47.818523" lon="10.696322">
        <ele>776.474571</ele>
        <time>2023-05-27T14:24:10.565Z</time>
      </trkpt>
      <trkpt lat="47.818386" lon="10.696682">
        <ele>776.004894</ele>
        <time>2023-05-27T14:24:15.495Z</time>
      </trkpt>
      <trkpt lat="47.817895" lon="10.697625">
        <ele>775.436776</ele>
        <time>2023-05-27T14:24:30.054Z</time>
      </trkpt>
      <trkpt lat="47.817654" lon="10.698290">
        <ele>775.091002</ele>
        <time>2023-05-27T14:24:39.460Z</time>
      </trkpt>
      <trkpt lat="47.817586" lon="10.698616">
        <ele>774.934801</ele>
        <time>2023-05-27T14:24:43.804Z</time>
      </trkpt>
      <trkpt lat="47.817508" lon="10.699188">
        <ele>774.566064</ele>
        <time>2023-05-27T14:24:51.024Z</time>
      </trkpt>
      <trkpt lat="47.817485" lon="10.699928">
        <ele>773.764420</ele>
        <time>2023-05-27T14:24:59.667Z</time>
      </trkpt>
      <trkpt lat="47.817554" lon="10.701547">
        <ele>772.008903</ele>
        <time>2023-05-27T14:25:16.656Z</time>
      </trkpt>
      <trkpt lat="47.817561" lon="10.701999">
        <ele>771.542813</ele>
        <time>2023-05-27T14:25:21.439Z</time>
      </trkpt>
      <trkpt lat="47.817542" lon="10.702235">
        <ele>771.303993</ele>
        <time>2023-05-27T14:25:24.021Z</time>
      </trkpt>
      <trkpt lat="47.817442" lon="10.702517">
        <ele>770.983570</ele>
        <time>2023-05-27T14:25:27.467Z</time>
      </trkpt>
      <trkpt lat="47.817247" lon="10.702757">
        <ele>770.605042</ele>
        <time>2023-05-27T14:25:31.580Z</time>
      </trkpt>
      <trkpt lat="47.816966" lon="10.702999">
        <ele>770.119337</ele>
        <time>2023-05-27T14:25:36.904Z</time>
      </trkpt>
      <trkpt lat="47.816463" lon="10.703351">
        <ele>769.287742</ele>
        <time>2023-05-27T14:25:46.195Z</time>
      </trkpt>
      <trkpt lat="47.815680" lon="10.703997">
        <ele>768.639118</ele>
        <time>2023-05-27T14:26:02.542Z</time>
      </trkpt>
      <trkpt lat="47.815179" lon="10.704512">
        <ele>768.250843</ele>
        <time>2023-05-27T14:26:13.940Z</time>
      </trkpt>
      <trkpt lat="47.814821" lon="10.704795">
        <ele>767.993165</ele>
        <time>2023-05-27T14:26:21.381Z</time>
      </trkpt>
      <trkpt lat="47.814486" lon="10.704951">
        <ele>767.783855</ele>
        <time>2023-05-27T14:26:27.756Z</time>
      </trkpt>
      <trkpt lat="47.813981" lon="10.705101">
        <ele>767.476776</ele>
        <time>2023-05-27T14:26:36.922Z</time>
      </trkpt>
      <trkpt lat="47.813618" lon="10.705298">
        <ele>767.246381</ele>
        <time>2023-05-27T14:26:43.677Z</time>
      </trkpt>
      <trkpt lat="47.812215" lon="10.706370">
        <ele>767.974051</ele>
        <time>2023-05-27T14:27:14.190Z</time>
      </trkpt>
      <trkpt lat="47.812052" lon="10.706551">
        <ele>768.175615</ele>
        <time>2023-05-27T14:27:19.722Z</time>
      </trkpt>
      <trkpt lat="47.811960" lon="10.706708">
        <ele>768.314329</ele>
        <time>2023-05-27T14:27:23.850Z</time>
      </trkpt>
      <trkpt lat="47.811837" lon="10.707076">
        <ele>768.587982</ele>
        <time>2023-05-27T14:27:32.307Z</time>
      </trkpt>
      <trkpt lat="47.811723" lon="10.707515">
        <ele>769.339352</ele>
        <time>2023-05-27T14:27:42.679Z</time>
      </trkpt>
      <trkpt lat="47.811578" lon="10.708065">
        <ele>770.660158</ele>
        <time>2023-05-27T14:27:56.616Z</time>
      </trkpt>
      <trkpt lat="47.811429" lon="10.708395">
        <ele>771.549062</ele>
        <time>2023-05-27T14:28:06.330Z</time>
      </trkpt>
      <trkpt lat="47.811247" lon="10.708452">
        <ele>772.168122</ele>
        <time>2023-05-27T14:28:13.171Z</time>
      </trkpt>
      <trkpt lat="47.811049" lon="10.708452">
        <ele>772.827185</ele>
        <time>2023-05-27T14:28:20.116Z</time>
      </trkpt>
      <trkpt lat="47.810120" lon="10.708326">
        <ele>775.051213</ele>
        <time>2023-05-27T14:28:50.373Z</time>
      </trkpt>
      <trkpt lat="47.809945" lon="10.708336">
        <ele>775.216507</ele>
        <time>2023-05-27T14:28:55.121Z</time>
      </trkpt>
      <trkpt lat="47.809675" lon="10.708429">
        <ele>775.478073</ele>
        <time>2023-05-27T14:29:02.218Z</time>
      </trkpt>
      <trkpt lat="47.809452" lon="10.708619">
        <ele>775.720572</ele>
        <time>2023-05-27T14:29:07.995Z</time>
      </trkpt>
      <trkpt lat="47.808429" lon="10.709759">
        <ele>776.291147</ele>
        <time>2023-05-27T14:29:31.577Z</time>
      </trkpt>
      <trkpt lat="47.808025" lon="10.710366">
        <ele>776.178987</ele>
        <time>2023-05-27T14:29:42.495Z</time>
      </trkpt>
      <trkpt lat="47.806176" lon="10.712590">
        <ele>775.926253</ele>
        <time>2023-05-27T14:30:32.281Z</time>
      </trkpt>
      <trkpt lat="47.805653" lon="10.713283">
        <ele>774.868164</ele>
        <time>2023-05-27T14:30:43.728Z</time>
      </trkpt>
      <trkpt lat="47.804942" lon="10.714294">
        <ele>773.177200</ele>
        <time>2023-05-27T14:30:58.968Z</time>
      </trkpt>
      <trkpt lat="47.804659" lon="10.714665">
        <ele>772.669395</ele>
        <time>2023-05-27T14:31:04.852Z</time>
      </trkpt>
      <trkpt lat="47.804522" lon="10.714758">
        <ele>772.532834</ele>
        <time>2023-05-27T14:31:07.266Z</time>
      </trkpt>
      <trkpt lat="47.802868" lon="10.715460">
        <ele>771.295000</ele>
        <time>2023-05-27T14:31:38.450Z</time>
      </trkpt>
      <trkpt lat="47.801600" lon="10.716092">
        <ele>771.840516</ele>
        <time>2023-05-27T14:32:08.286Z</time>
      </trkpt>
      <trkpt lat="47.800041" lon="10.716931">
        <ele>773.599644</ele>
        <time>2023-05-27T14:32:49.699Z</time>
      </trkpt>
      <trkpt lat="47.797861" lon="10.718079">
        <ele>776.647557</ele>
        <time>2023-05-27T14:33:49.187Z</time>
      </trkpt>
      <trkpt lat="47.797211" lon="10.718486">
        <ele>777.461706</ele>
        <time>2023-05-27T14:34:07.011Z</time>
      </trkpt>
      <trkpt lat="47.797043" lon="10.718600">
        <ele>777.674873</ele>
        <time>2023-05-27T14:34:11.628Z</time>
      </trkpt>
      <trkpt lat="47.796538" lon="10.718686">
        <ele>778.261729</ele>
        <time>2023-05-27T14:34:23.763Z</time>
      </trkpt>
      <trkpt lat="47.796438" lon="10.718736">
        <ele>778.383524</ele>
        <time>2023-05-27T14:34:26.215Z</time>
      </trkpt>
      <trkpt lat="47.796450" lon="10.718781">
        <ele>778.421075</ele>
        <time>2023-05-27T14:34:26.865Z</time>
      </trkpt>
      <trkpt lat="47.796462" lon="10.718815">
        <ele>778.450863</ele>
        <time>2023-05-27T14:34:27.373Z</time>
      </trkpt>
      <trkpt lat="47.796497" lon="10.718923">
        <ele>778.543849</ele>
        <time>2023-05-27T14:34:28.926Z</time>
      </trkpt>
      <trkpt lat="47.796518" lon="10.718976">
        <ele>778.583525</ele>
        <time>2023-05-27T14:34:29.671Z</time>
      </trkpt>
      <trkpt lat="47.796260" lon="10.719171">
        <ele>778.861262</ele>
        <time>2023-05-27T14:34:36.613Z</time>
      </trkpt>
      <trkpt lat="47.795750" lon="10.719646">
        <ele>779.438713</ele>
        <time>2023-05-27T14:34:50.957Z</time>
      </trkpt>
      <trkpt lat="47.795727" lon="10.719729">
        <ele>779.496607</ele>
        <time>2023-05-27T14:34:52.493Z</time>
      </trkpt>
      <trkpt lat="47.795533" lon="10.719996">
        <ele>779.750214</ele>
        <time>2023-05-27T14:34:58.881Z</time>
      </trkpt>
      <trkpt lat="47.795432" lon="10.720099">
        <ele>779.867728</ele>
        <time>2023-05-27T14:35:02.008Z</time>
      </trkpt>
      <trkpt lat="47.795275" lon="10.720186">
        <ele>780.028530</ele>
        <time>2023-05-27T14:35:06.110Z</time>
      </trkpt>
      <trkpt lat="47.795204" lon="10.720275">
        <ele>780.117625</ele>
        <time>2023-05-27T14:35:08.340Z</time>
      </trkpt>
      <trkpt lat="47.795024" lon="10.720745">
        <ele>780.370423</ele>
        <time>2023-05-27T14:35:16.881Z</time>
      </trkpt>
      <trkpt lat="47.794915" lon="10.720788">
        <ele>780.425684</ele>
        <time>2023-05-27T14:35:19.539Z</time>
      </trkpt>
      <trkpt lat="47.794496" lon="10.720834">
        <ele>780.631582</ele>
        <time>2023-05-27T14:35:29.246Z</time>
      </trkpt>
      <trkpt lat="47.794439" lon="10.720798">
        <ele>780.661927</ele>
        <time>2023-05-27T14:35:30.659Z</time>
      </trkpt>
      <trkpt lat="47.794361" lon="10.720743">
        <ele>780.704224</ele>
        <time>2023-05-27T14:35:32.605Z</time>
      </trkpt>
      <trkpt lat="47.794284" lon="10.720686">
        <ele>780.746368</ele>
        <time>2023-05-27T14:35:34.598Z</time>
      </trkpt>
      <trkpt lat="47.794142" lon="10.720577">
        <ele>780.824666</ele>
        <time>2023-05-27T14:35:38.207Z</time>
      </trkpt>
      <trkpt lat="47.793562" lon="10.720161">
        <ele>781.140184</ele>
        <time>2023-05-27T14:35:51.962Z</time>
      </trkpt>
      <trkpt lat="47.794142" lon="10.720577">
        <ele>780.827437</ele>
        <time>2023-05-27T14:36:04.297Z</time>
      </trkpt>
      <trkpt lat="47.794284" lon="10.720686">
        <ele>780.743929</ele>
        <time>2023-05-27T14:36:07.223Z</time>
      </trkpt>
      <trkpt lat="47.794361" lon="10.720743">
        <ele>780.698981</ele>
        <time>2023-05-27T14:36:08.769Z</time>
      </trkpt>
      <trkpt lat="47.794439" lon="10.720798">
        <ele>780.653870</ele>
        <time>2023-05-27T14:36:10.337Z</time>
      </trkpt>
      <trkpt lat="47.794496" lon="10.720834">
        <ele>780.621507</ele>
        <time>2023-05-27T14:36:11.462Z</time>
      </trkpt>
      <trkpt lat="47.794915" lon="10.720788">
        <ele>780.401911</ele>
        <time>2023-05-27T14:36:19.031Z</time>
      </trkpt>
      <trkpt lat="47.795024" lon="10.720745">
        <ele>780.342972</ele>
        <time>2023-05-27T14:36:21.031Z</time>
      </trkpt>
      <trkpt lat="47.795204" lon="10.720275">
        <ele>780.083226</ele>
        <time>2023-05-27T14:36:27.473Z</time>
      </trkpt>
      <trkpt lat="47.795275" lon="10.720186">
        <ele>779.976902</ele>
        <time>2023-05-27T14:36:29.110Z</time>
      </trkpt>
      <trkpt lat="47.795432" lon="10.720099">
        <ele>779.785006</ele>
        <time>2023-05-27T14:36:31.980Z</time>
      </trkpt>
      <trkpt lat="47.795533" lon="10.719996">
        <ele>779.644767</ele>
        <time>2023-05-27T14:36:34.016Z</time>
      </trkpt>
      <trkpt lat="47.795727" lon="10.719729">
        <ele>779.342120</ele>
        <time>2023-05-27T14:36:38.437Z</time>
      </trkpt>
      <trkpt lat="47.795750" lon="10.719646">
        <ele>779.273031</ele>
        <time>2023-05-27T14:36:39.417Z</time>
      </trkpt>
      <trkpt lat="47.796260" lon="10.719171">
        <ele>778.583917</ele>
        <time>2023-05-27T14:36:49.434Z</time>
      </trkpt>
      <trkpt lat="47.796518" lon="10.718976">
        <ele>778.252474</ele>
        <time>2023-05-27T14:36:54.376Z</time>
      </trkpt>
      <trkpt lat="47.796497" lon="10.718923">
        <ele>778.205125</ele>
        <time>2023-05-27T14:36:54.888Z</time>
      </trkpt>
      <trkpt lat="47.796462" lon="10.718815">
        <ele>778.124197</ele>
        <time>2023-05-27T14:36:55.873Z</time>
      </trkpt>
      <trkpt lat="47.796450" lon="10.718781">
        <ele>778.103367</ele>
        <time>2023-05-27T14:36:56.177Z</time>
      </trkpt>
      <trkpt lat="47.796438" lon="10.718736">
        <ele>778.077109</ele>
        <time>2023-05-27T14:36:56.572Z</time>
      </trkpt>
      <trkpt lat="47.796309" lon="10.718203">
        <ele>777.769848</ele>
        <time>2023-05-27T14:37:01.440Z</time>
      </trkpt>
      <trkpt lat="47.796273" lon="10.717951">
        <ele>777.630120</ele>
        <time>2023-05-27T14:37:03.687Z</time>
      </trkpt>
      <trkpt lat="47.796236" lon="10.717567">
        <ele>777.419727</ele>
        <time>2023-05-27T14:37:06.967Z</time>
      </trkpt>
      <trkpt lat="47.796168" lon="10.716195">
        <ele>776.696393</ele>
        <time>2023-05-27T14:37:18.314Z</time>
      </trkpt>
      <trkpt lat="47.796138" lon="10.715883">
        <ele>776.677943</ele>
        <time>2023-05-27T14:37:21.271Z</time>
      </trkpt>
      <trkpt lat="47.796068" lon="10.715555">
        <ele>776.657797</ele>
        <time>2023-05-27T14:37:24.516Z</time>
      </trkpt>
      <trkpt lat="47.796050" lon="10.715480">
        <ele>776.653134</ele>
        <time>2023-05-27T14:37:25.309Z</time>
      </trkpt>
      <trkpt lat="47.796027" lon="10.715492">
        <ele>776.651010</ele>
        <time>2023-05-27T14:37:25.763Z</time>
      </trkpt>
      <trkpt lat="47.795856" lon="10.714817">
        <ele>776.608780</ele>
        <time>2023-05-27T14:37:34.743Z</time>
      </trkpt>
      <trkpt lat="47.795750" lon="10.714678">
        <ele>776.596470</ele>
        <time>2023-05-27T14:37:37.360Z</time>
      </trkpt>
      <trkpt lat="47.795652" lon="10.714735">
        <ele>776.587302</ele>
        <time>2023-05-27T14:37:39.312Z</time>
      </trkpt>
      <trkpt lat="47.795583" lon="10.714854">
        <ele>776.578099</ele>
        <time>2023-05-27T14:37:41.269Z</time>
      </trkpt>
      <trkpt lat="47.795494" lon="10.714969">
        <ele>776.567829</ele>
        <time>2023-05-27T14:37:43.452Z</time>
      </trkpt>
      <trkpt lat="47.795441" lon="10.715019">
        <ele>776.562361</ele>
        <time>2023-05-27T14:37:44.616Z</time>
      </trkpt>
      <trkpt lat="47.795149" lon="10.715154">
        <ele>776.590079</ele>
        <time>2023-05-27T14:37:50.281Z</time>
      </trkpt>
      <trkpt lat="47.795087" lon="10.715162">
        <ele>776.628674</ele>
        <time>2023-05-27T14:37:51.434Z</time>
      </trkpt>
      <trkpt lat="47.794844" lon="10.715207">
        <ele>776.780537</ele>
        <time>2023-05-27T14:37:55.973Z</time>
      </trkpt>
      <trkpt lat="47.794788" lon="10.715236">
        <ele>776.817308</ele>
        <time>2023-05-27T14:37:57.072Z</time>
      </trkpt>
      <trkpt lat="47.794634" lon="10.715367">
        <ele>776.927309</ele>
        <time>2023-05-27T14:38:00.360Z</time>
      </trkpt>
      <trkpt lat="47.794546" lon="10.715468">
        <ele>776.996223</ele>
        <time>2023-05-27T14:38:02.419Z</time>
      </trkpt>
      <trkpt lat="47.794507" lon="10.715525">
        <ele>777.030119</ele>
        <time>2023-05-27T14:38:03.432Z</time>
      </trkpt>
      <trkpt lat="47.794405" lon="10.715705">
        <ele>777.128228</ele>
        <time>2023-05-27T14:38:06.363Z</time>
      </trkpt>
      <trkpt lat="47.794353" lon="10.715820">
        <ele>777.185983</ele>
        <time>2023-05-27T14:38:08.090Z</time>
      </trkpt>
      <trkpt lat="47.794287" lon="10.715882">
        <ele>777.234383</ele>
        <time>2023-05-27T14:38:09.536Z</time>
      </trkpt>
      <trkpt lat="47.794202" lon="10.715874">
        <ele>777.287203</ele>
        <time>2023-05-27T14:38:11.115Z</time>
      </trkpt>
      <trkpt lat="47.794225" lon="10.715893">
        <ele>777.303516</ele>
        <time>2023-05-27T14:38:11.602Z</time>
      </trkpt>
      <trkpt lat="47.794256" lon="10.715881">
        <ele>777.323381</ele>
        <time>2023-05-27T14:38:12.195Z</time>
      </trkpt>
      <trkpt lat="47.794311" lon="10.715890">
        <ele>777.357696</ele>
        <time>2023-05-27T14:38:13.220Z</time>
      </trkpt>
      <trkpt lat="47.794311" lon="10.715948">
        <ele>777.381860</ele>
        <time>2023-05-27T14:38:13.942Z</time>
      </trkpt>
      <trkpt lat="47.794304" lon="10.715984">
        <ele>777.397474</ele>
        <time>2023-05-27T14:38:14.409Z</time>
      </trkpt>
      <trkpt lat="47.794238" lon="10.716267">
        <ele>777.522283</ele>
        <time>2023-05-27T14:38:18.138Z</time>
      </trkpt>
      <trkpt lat="47.794139" lon="10.716623">
        <ele>777.702113</ele>
        <time>2023-05-27T14:38:22.937Z</time>
      </trkpt>
      <trkpt lat="47.794205" lon="10.716643">
        <ele>777.776234</ele>
        <time>2023-05-27T14:38:24.189Z</time>
      </trkpt>
      <trkpt lat="47.794172" lon="10.716880">
        <ele>777.955170</ele>
        <time>2023-05-27T14:38:30.973Z</time>
      </trkpt>
      <trkpt lat="47.793296" lon="10.719331">
        <ele>779.777763</ele>
        <time>2023-05-27T14:39:48.565Z</time>
      </trkpt>
      <trkpt lat="47.793122" lon="10.719600">
        <ele>779.882491</ele>
        <time>2023-05-27T14:39:58.575Z</time>
      </trkpt>
      <trkpt lat="47.792997" lon="10.719657">
        <ele>779.937068</ele>
        <time>2023-05-27T14:40:03.651Z</time>
      </trkpt>
      <trkpt lat="47.792939" lon="10.719750">
        <ele>779.972657</ele>
        <time>2023-05-27T14:40:06.945Z</time>
      </trkpt>
      <trkpt lat="47.792930" lon="10.719784">
        <ele>779.982906</ele>
        <time>2023-05-27T14:40:07.927Z</time>
      </trkpt>
      <trkpt lat="47.790781" lon="10.719065">
        <ele>781.293126</ele>
        <time>2023-05-27T14:40:53.082Z</time>
      </trkpt>
      <trkpt lat="47.790521" lon="10.719033">
        <ele>781.484773</ele>
        <time>2023-05-27T14:40:59.628Z</time>
      </trkpt>
      <trkpt lat="47.790183" lon="10.719055">
        <ele>781.843945</ele>
        <time>2023-05-27T14:41:08.955Z</time>
      </trkpt>
      <trkpt lat="47.789949" lon="10.719110">
        <ele>782.823122</ele>
        <time>2023-05-27T14:41:16.151Z</time>
      </trkpt>
      <trkpt lat="47.789734" lon="10.719208">
        <ele>783.752517</ele>
        <time>2023-05-27T14:41:23.531Z</time>
      </trkpt>
      <trkpt lat="47.789575" lon="10.719355">
        <ele>784.526173</ele>
        <time>2023-05-27T14:41:30.167Z</time>
      </trkpt>
      <trkpt lat="47.789450" lon="10.719529">
        <ele>785.233575</ele>
        <time>2023-05-27T14:41:36.452Z</time>
      </trkpt>
      <trkpt lat="47.789181" lon="10.720126">
        <ele>787.229756</ele>
        <time>2023-05-27T14:41:55.473Z</time>
      </trkpt>
      <trkpt lat="47.789065" lon="10.720308">
        <ele>787.926411</ele>
        <time>2023-05-27T14:42:02.452Z</time>
      </trkpt>
      <trkpt lat="47.788396" lon="10.720927">
        <ele>792.485227</ele>
        <time>2023-05-27T14:42:36.289Z</time>
      </trkpt>
      <trkpt lat="47.787615" lon="10.721558">
        <ele>798.505729</ele>
        <time>2023-05-27T14:43:17.391Z</time>
      </trkpt>
      <trkpt lat="47.787157" lon="10.721670">
        <ele>801.801044</ele>
        <time>2023-05-27T14:43:41.519Z</time>
      </trkpt>
      <trkpt lat="47.786471" lon="10.721700">
        <ele>808.635728</ele>
        <time>2023-05-27T14:44:21.368Z</time>
      </trkpt>
      <trkpt lat="47.785650" lon="10.721834">
        <ele>816.860920</ele>
        <time>2023-05-27T14:45:14.187Z</time>
      </trkpt>
      <trkpt lat="47.784772" lon="10.722130">
        <ele>824.340032</ele>
        <time>2023-05-27T14:46:10.350Z</time>
      </trkpt>
      <trkpt lat="47.784166" lon="10.722204">
        <ele>829.028576</ele>
        <time>2023-05-27T14:46:42.343Z</time>
      </trkpt>
      <trkpt lat="47.783984" lon="10.722280">
        <ele>830.486168</ele>
        <time>2023-05-27T14:46:50.924Z</time>
      </trkpt>
      <trkpt lat="47.783424" lon="10.722664">
        <ele>833.270970</ele>
        <time>2023-05-27T14:47:13.406Z</time>
      </trkpt>
      <trkpt lat="47.783360" lon="10.722707">
        <ele>833.311662</ele>
        <time>2023-05-27T14:47:15.383Z</time>
      </trkpt>
      <trkpt lat="47.782731" lon="10.723077">
        <ele>833.703600</ele>
        <time>2023-05-27T14:47:29.202Z</time>
      </trkpt>
      <trkpt lat="47.782338" lon="10.723181">
        <ele>833.934911</ele>
        <time>2023-05-27T14:47:35.993Z</time>
      </trkpt>
      <trkpt lat="47.781976" lon="10.723328">
        <ele>834.152355</ele>
        <time>2023-05-27T14:47:42.355Z</time>
      </trkpt>
      <trkpt lat="47.781723" lon="10.723522">
        <ele>833.819598</ele>
        <time>2023-05-27T14:47:47.271Z</time>
      </trkpt>
      <trkpt lat="47.781584" lon="10.723652">
        <ele>833.626153</ele>
        <time>2023-05-27T14:47:50.105Z</time>
      </trkpt>
      <trkpt lat="47.781239" lon="10.723893">
        <ele>833.177075</ele>
        <time>2023-05-27T14:47:56.802Z</time>
      </trkpt>
      <trkpt lat="47.780766" lon="10.724133">
        <ele>832.588223</ele>
        <time>2023-05-27T14:48:05.297Z</time>
      </trkpt>
      <trkpt lat="47.780386" lon="10.724394">
        <ele>832.095072</ele>
        <time>2023-05-27T14:48:12.218Z</time>
      </trkpt>
      <trkpt lat="47.780270" lon="10.724490">
        <ele>831.805980</ele>
        <time>2023-05-27T14:48:14.340Z</time>
      </trkpt>
      <trkpt lat="47.780158" lon="10.724738">
        <ele>831.239486</ele>
        <time>2023-05-27T14:48:17.837Z</time>
      </trkpt>
      <trkpt lat="47.780260" lon="10.725252">
        <ele>830.223403</ele>
        <time>2023-05-27T14:48:23.804Z</time>
      </trkpt>
      <trkpt lat="47.780373" lon="10.725623">
        <ele>829.451156</ele>
        <time>2023-05-27T14:48:28.077Z</time>
      </trkpt>
      <trkpt lat="47.780688" lon="10.726470">
        <ele>827.615835</ele>
        <time>2023-05-27T14:48:37.498Z</time>
      </trkpt>
      <trkpt lat="47.780776" lon="10.726788">
        <ele>826.963832</ele>
        <time>2023-05-27T14:48:40.669Z</time>
      </trkpt>
      <trkpt lat="47.780839" lon="10.727256">
        <ele>824.985019</ele>
        <time>2023-05-27T14:48:44.929Z</time>
      </trkpt>
      <trkpt lat="47.780799" lon="10.727755">
        <ele>822.895817</ele>
        <time>2023-05-27T14:48:49.383Z</time>
      </trkpt>
      <trkpt lat="47.780744" lon="10.727975">
        <ele>821.919963</ele>
        <time>2023-05-27T14:48:51.457Z</time>
      </trkpt>
      <trkpt lat="47.780656" lon="10.728167">
        <ele>820.953766</ele>
        <time>2023-05-27T14:48:53.493Z</time>
      </trkpt>
      <trkpt lat="47.780031" lon="10.729135">
        <ele>815.332339</ele>
        <time>2023-05-27T14:49:05.062Z</time>
      </trkpt>
      <trkpt lat="47.779997" lon="10.729304">
        <ele>814.534139</ele>
        <time>2023-05-27T14:49:06.559Z</time>
      </trkpt>
      <trkpt lat="47.780027" lon="10.729874">
        <ele>811.947192</ele>
        <time>2023-05-27T14:49:11.445Z</time>
      </trkpt>
      <trkpt lat="47.780215" lon="10.730713">
        <ele>807.945527</ele>
        <time>2023-05-27T14:49:19.098Z</time>
      </trkpt>
      <trkpt lat="47.780317" lon="10.730973">
        <ele>806.583317</ele>
        <time>2023-05-27T14:49:21.705Z</time>
      </trkpt>
      <trkpt lat="47.780491" lon="10.731257">
        <ele>804.844398</ele>
        <time>2023-05-27T14:49:25.039Z</time>
      </trkpt>
      <trkpt lat="47.780518" lon="10.731272">
        <ele>804.650343</ele>
        <time>2023-05-27T14:49:25.404Z</time>
      </trkpt>
      <trkpt lat="47.780822" lon="10.731492">
        <ele>803.055660</ele>
        <time>2023-05-27T14:49:29.835Z</time>
      </trkpt>
      <trkpt lat="47.780908" lon="10.731620">
        <ele>802.651170</ele>
        <time>2023-05-27T14:49:31.450Z</time>
      </trkpt>
      <trkpt lat="47.780919" lon="10.731677">
        <ele>802.518646</ele>
        <time>2023-05-27T14:49:31.991Z</time>
      </trkpt>
      <trkpt lat="47.780945" lon="10.731819">
        <ele>802.189754</ele>
        <time>2023-05-27T14:49:33.325Z</time>
      </trkpt>
      <trkpt lat="47.781041" lon="10.732196">
        <ele>801.288825</ele>
        <time>2023-05-27T14:49:37.011Z</time>
      </trkpt>
      <trkpt lat="47.781140" lon="10.732378">
        <ele>800.765563</ele>
        <time>2023-05-27T14:49:39.227Z</time>
      </trkpt>
      <trkpt lat="47.781276" lon="10.732582">
        <ele>800.123402</ele>
        <time>2023-05-27T14:49:42.042Z</time>
      </trkpt>
      <trkpt lat="47.781380" lon="10.732966">
        <ele>799.198221</ele>
        <time>2023-05-27T14:49:46.330Z</time>
      </trkpt>
      <trkpt lat="47.781596" lon="10.734172">
        <ele>798.272275</ele>
        <time>2023-05-27T14:50:02.166Z</time>
      </trkpt>
      <trkpt lat="47.781596" lon="10.734655">
        <ele>798.704890</ele>
        <time>2023-05-27T14:50:09.666Z</time>
      </trkpt>
      <trkpt lat="47.781531" lon="10.734998">
        <ele>799.024093</ele>
        <time>2023-05-27T14:50:15.911Z</time>
      </trkpt>
      <trkpt lat="47.781439" lon="10.735240">
        <ele>799.273134</ele>
        <time>2023-05-27T14:50:21.429Z</time>
      </trkpt>
      <trkpt lat="47.781066" lon="10.735746">
        <ele>799.945891</ele>
        <time>2023-05-27T14:50:37.065Z</time>
      </trkpt>
      <trkpt lat="47.778439" lon="10.738239">
        <ele>806.950866</ele>
        <time>2023-05-27T14:52:11.906Z</time>
      </trkpt>
      <trkpt lat="47.777715" lon="10.738886">
        <ele>808.128945</ele>
        <time>2023-05-27T14:52:31.988Z</time>
      </trkpt>
      <trkpt lat="47.777152" lon="10.739242">
        <ele>808.108744</ele>
        <time>2023-05-27T14:52:44.330Z</time>
      </trkpt>
      <trkpt lat="47.776068" lon="10.739845">
        <ele>808.198530</ele>
        <time>2023-05-27T14:53:05.939Z</time>
      </trkpt>
      <trkpt lat="47.775681" lon="10.740153">
        <ele>808.479465</ele>
        <time>2023-05-27T14:53:14.565Z</time>
      </trkpt>
      <trkpt lat="47.775414" lon="10.740496">
        <ele>808.705260</ele>
        <time>2023-05-27T14:53:22.169Z</time>
      </trkpt>
      <trkpt lat="47.775259" lon="10.740882">
        <ele>808.898698</ele>
        <time>2023-05-27T14:53:29.286Z</time>
      </trkpt>
      <trkpt lat="47.775212" lon="10.741278">
        <ele>809.071689</ele>
        <time>2023-05-27T14:53:36.105Z</time>
      </trkpt>
      <trkpt lat="47.775222" lon="10.741692">
        <ele>809.326059</ele>
        <time>2023-05-27T14:53:43.547Z</time>
      </trkpt>
      <trkpt lat="47.775326" lon="10.743782">
        <ele>813.385548</ele>
        <time>2023-05-27T14:54:26.534Z</time>
      </trkpt>
      <trkpt lat="47.775340" lon="10.744555">
        <ele>815.032186</ele>
        <time>2023-05-27T14:54:46.414Z</time>
      </trkpt>
      <trkpt lat="47.775327" lon="10.744888">
        <ele>815.882389</ele>
        <time>2023-05-27T14:54:54.962Z</time>
      </trkpt>
      <trkpt lat="47.775281" lon="10.745335">
        <ele>817.035014</ele>
        <time>2023-05-27T14:55:06.222Z</time>
      </trkpt>
      <trkpt lat="47.775232" lon="10.745587">
        <ele>817.703674</ele>
        <time>2023-05-27T14:55:12.802Z</time>
      </trkpt>
      <trkpt lat="47.775090" lon="10.745920">
        <ele>818.708898</ele>
        <time>2023-05-27T14:55:20.519Z</time>
      </trkpt>
      <trkpt lat="47.774993" lon="10.746097">
        <ele>819.291036</ele>
        <time>2023-05-27T14:55:25.018Z</time>
      </trkpt>
      <trkpt lat="47.774875" lon="10.746265">
        <ele>819.910440</ele>
        <time>2023-05-27T14:55:29.554Z</time>
      </trkpt>
      <trkpt lat="47.774751" lon="10.746420">
        <ele>820.524661</ele>
        <time>2023-05-27T14:55:34.718Z</time>
      </trkpt>
      <trkpt lat="47.774646" lon="10.746532">
        <ele>821.014651</ele>
        <time>2023-05-27T14:55:38.508Z</time>
      </trkpt>
      <trkpt lat="47.774449" lon="10.746667">
        <ele>821.436071</ele>
        <time>2023-05-27T14:55:44.598Z</time>
      </trkpt>
      <trkpt lat="47.773885" lon="10.746903">
        <ele>822.179900</ele>
        <time>2023-05-27T14:55:59.784Z</time>
      </trkpt>
      <trkpt lat="47.773727" lon="10.747033">
        <ele>822.409122</ele>
        <time>2023-05-27T14:56:03.506Z</time>
      </trkpt>
      <trkpt lat="47.773587" lon="10.747206">
        <ele>822.640168</ele>
        <time>2023-05-27T14:56:06.317Z</time>
      </trkpt>
      <trkpt lat="47.773393" lon="10.747537">
        <ele>823.014908</ele>
        <time>2023-05-27T14:56:10.654Z</time>
      </trkpt>
      <trkpt lat="47.773190" lon="10.747528">
        <ele>823.272751</ele>
        <time>2023-05-27T14:56:13.113Z</time>
      </trkpt>
      <trkpt lat="47.773040" lon="10.747558">
        <ele>823.464904</ele>
        <time>2023-05-27T14:56:14.919Z</time>
      </trkpt>
      <trkpt lat="47.772850" lon="10.747686">
        <ele>823.753480</ele>
        <time>2023-05-27T14:56:17.401Z</time>
      </trkpt>
      <trkpt lat="47.772735" lon="10.747686">
        <ele>823.915866</ele>
        <time>2023-05-27T14:56:19.044Z</time>
      </trkpt>
      <trkpt lat="47.772591" lon="10.747749">
        <ele>824.127808</ele>
        <time>2023-05-27T14:56:21.868Z</time>
      </trkpt>
      <trkpt lat="47.772432" lon="10.747763">
        <ele>824.352716</ele>
        <time>2023-05-27T14:56:25.911Z</time>
      </trkpt>
      <trkpt lat="47.772235" lon="10.747696">
        <ele>824.638064</ele>
        <time>2023-05-27T14:56:30.893Z</time>
      </trkpt>
      <trkpt lat="47.771986" lon="10.747910">
        <ele>825.044103</ele>
        <time>2023-05-27T14:56:39.531Z</time>
      </trkpt>
      <trkpt lat="47.771848" lon="10.747956">
        <ele>825.243796</ele>
        <time>2023-05-27T14:56:43.651Z</time>
      </trkpt>
      <trkpt lat="47.771731" lon="10.747931">
        <ele>825.410700</ele>
        <time>2023-05-27T14:56:47.335Z</time>
      </trkpt>
      <trkpt lat="47.771577" lon="10.747955">
        <ele>825.629345</ele>
        <time>2023-05-27T14:56:51.809Z</time>
      </trkpt>
      <trkpt lat="47.771527" lon="10.748072">
        <ele>825.760926</ele>
        <time>2023-05-27T14:56:54.932Z</time>
      </trkpt>
      <trkpt lat="47.771521" lon="10.748115">
        <ele>825.802605</ele>
        <time>2023-05-27T14:56:55.894Z</time>
      </trkpt>
      <trkpt lat="47.771493" lon="10.748310">
        <ele>825.991840</ele>
        <time>2023-05-27T14:56:59.852Z</time>
      </trkpt>
      <trkpt lat="47.771504" lon="10.749429">
        <ele>827.286865</ele>
        <time>2023-05-27T14:57:22.911Z</time>
      </trkpt>
      <trkpt lat="47.771530" lon="10.749788">
        <ele>827.709653</ele>
        <time>2023-05-27T14:57:30.475Z</time>
      </trkpt>
      <trkpt lat="47.771586" lon="10.750108">
        <ele>828.096836</ele>
        <time>2023-05-27T14:57:36.792Z</time>
      </trkpt>
      <trkpt lat="47.771150" lon="10.750225">
        <ele>828.868685</ele>
        <time>2023-05-27T14:57:46.883Z</time>
      </trkpt>
      <trkpt lat="47.770299" lon="10.750250">
        <ele>827.562376</ele>
        <time>2023-05-27T14:57:57.024Z</time>
      </trkpt>
      <trkpt lat="47.769808" lon="10.750262">
        <ele>826.361627</ele>
        <time>2023-05-27T14:58:01.870Z</time>
      </trkpt>
      <trkpt lat="47.769569" lon="10.750298">
        <ele>825.774240</ele>
        <time>2023-05-27T14:58:04.235Z</time>
      </trkpt>
      <trkpt lat="47.769526" lon="10.750305">
        <ele>825.668469</ele>
        <time>2023-05-27T14:58:04.656Z</time>
      </trkpt>
      <trkpt lat="47.769327" lon="10.750340">
        <ele>825.178489</ele>
        <time>2023-05-27T14:58:06.649Z</time>
      </trkpt>
      <trkpt lat="47.768815" lon="10.750509">
        <ele>823.853346</ele>
        <time>2023-05-27T14:58:11.934Z</time>
      </trkpt>
      <trkpt lat="47.768483" lon="10.750653">
        <ele>822.967432</ele>
        <time>2023-05-27T14:58:15.491Z</time>
      </trkpt>
      <trkpt lat="47.767708" lon="10.751003">
        <ele>820.892607</ele>
        <time>2023-05-27T14:58:24.080Z</time>
      </trkpt>
      <trkpt lat="47.767504" lon="10.751061">
        <ele>820.360548</ele>
        <time>2023-05-27T14:58:26.388Z</time>
      </trkpt>
      <trkpt lat="47.766744" lon="10.751075">
        <ele>819.977034</ele>
        <time>2023-05-27T14:58:35.284Z</time>
      </trkpt>
      <trkpt lat="47.766601" lon="10.751116">
        <ele>819.933170</ele>
        <time>2023-05-27T14:58:37.031Z</time>
      </trkpt>
      <trkpt lat="47.766442" lon="10.751222">
        <ele>819.880690</ele>
        <time>2023-05-27T14:58:39.144Z</time>
      </trkpt>
      <trkpt lat="47.766331" lon="10.751293">
        <ele>819.844297</ele>
        <time>2023-05-27T14:58:40.602Z</time>
      </trkpt>
      <trkpt lat="47.764900" lon="10.752071">
        <ele>821.843811</ele>
        <time>2023-05-27T14:59:12.375Z</time>
      </trkpt>
      <trkpt lat="47.764367" lon="10.752275">
        <ele>823.256292</ele>
        <time>2023-05-27T14:59:30.424Z</time>
      </trkpt>
      <trkpt lat="47.763921" lon="10.752361">
        <ele>824.208847</ele>
        <time>2023-05-27T14:59:43.488Z</time>
      </trkpt>
      <trkpt lat="47.763605" lon="10.752365">
        <ele>823.934645</ele>
        <time>2023-05-27T14:59:50.980Z</time>
      </trkpt>
      <trkpt lat="47.763278" lon="10.752261">
        <ele>823.644497</ele>
        <time>2023-05-27T14:59:57.174Z</time>
      </trkpt>
      <trkpt lat="47.763079" lon="10.752164">
        <ele>823.462793</ele>
        <time>2023-05-27T15:00:00.105Z</time>
      </trkpt>
      <trkpt lat="47.762902" lon="10.752037">
        <ele>823.292281</ele>
        <time>2023-05-27T15:00:02.529Z</time>
      </trkpt>
      <trkpt lat="47.762520" lon="10.751675">
        <ele>822.899284</ele>
        <time>2023-05-27T15:00:07.276Z</time>
      </trkpt>
      <trkpt lat="47.762268" lon="10.751509">
        <ele>822.379697</ele>
        <time>2023-05-27T15:00:09.906Z</time>
      </trkpt>
      <trkpt lat="47.762197" lon="10.751503">
        <ele>821.874051</ele>
        <time>2023-05-27T15:00:10.554Z</time>
      </trkpt>
      <trkpt lat="47.761980" lon="10.751582">
        <ele>820.285581</ele>
        <time>2023-05-27T15:00:12.585Z</time>
      </trkpt>
      <trkpt lat="47.761844" lon="10.751689">
        <ele>819.191667</ele>
        <time>2023-05-27T15:00:13.962Z</time>
      </trkpt>
      <trkpt lat="47.761736" lon="10.751829">
        <ele>818.173111</ele>
        <time>2023-05-27T15:00:15.223Z</time>
      </trkpt>
      <trkpt lat="47.761193" lon="10.753194">
        <ele>810.592034</ele>
        <time>2023-05-27T15:00:24.592Z</time>
      </trkpt>
      <trkpt lat="47.761032" lon="10.753476">
        <ele>809.120526</ele>
        <time>2023-05-27T15:00:26.825Z</time>
      </trkpt>
      <trkpt lat="47.760463" lon="10.754265">
        <ele>805.100933</ele>
        <time>2023-05-27T15:00:33.970Z</time>
      </trkpt>
      <trkpt lat="47.760178" lon="10.754820">
        <ele>802.674856</ele>
        <time>2023-05-27T15:00:38.411Z</time>
      </trkpt>
      <trkpt lat="47.759622" lon="10.756034">
        <ele>800.070483</ele>
        <time>2023-05-27T15:00:48.699Z</time>
      </trkpt>
      <trkpt lat="47.759396" lon="10.756560">
        <ele>799.681999</ele>
        <time>2023-05-27T15:00:54.131Z</time>
      </trkpt>
      <trkpt lat="47.759321" lon="10.756792">
        <ele>799.521795</ele>
        <time>2023-05-27T15:00:56.705Z</time>
      </trkpt>
      <trkpt lat="47.759146" lon="10.758373">
        <ele>799.253331</ele>
        <time>2023-05-27T15:01:15.210Z</time>
      </trkpt>
      <trkpt lat="47.758965" lon="10.759150">
        <ele>799.616831</ele>
        <time>2023-05-27T15:01:26.332Z</time>
      </trkpt>
      <trkpt lat="47.758585" lon="10.760421">
        <ele>799.876639</ele>
        <time>2023-05-27T15:01:42.768Z</time>
      </trkpt>
      <trkpt lat="47.758544" lon="10.760635">
        <ele>799.619747</ele>
        <time>2023-05-27T15:01:44.671Z</time>
      </trkpt>
      <trkpt lat="47.758504" lon="10.761469">
        <ele>798.654474</ele>
        <time>2023-05-27T15:01:50.985Z</time>
      </trkpt>
      <trkpt lat="47.758459" lon="10.761930">
        <ele>798.116684</ele>
        <time>2023-05-27T15:01:54.320Z</time>
      </trkpt>
      <trkpt lat="47.758387" lon="10.762305">
        <ele>797.666448</ele>
        <time>2023-05-27T15:01:57.093Z</time>
      </trkpt>
      <trkpt lat="47.758017" lon="10.763579">
        <ele>795.447523</ele>
        <time>2023-05-27T15:02:06.792Z</time>
      </trkpt>
      <trkpt lat="47.757891" lon="10.764157">
        <ele>794.304706</ele>
        <time>2023-05-27T15:02:10.932Z</time>
      </trkpt>
      <trkpt lat="47.757717" lon="10.765235">
        <ele>792.219596</ele>
        <time>2023-05-27T15:02:18.559Z</time>
      </trkpt>
      <trkpt lat="47.757534" lon="10.765859">
        <ele>791.313947</ele>
        <time>2023-05-27T15:02:23.623Z</time>
      </trkpt>
      <trkpt lat="47.757331" lon="10.766205">
        <ele>790.751790</ele>
        <time>2023-05-27T15:02:27.121Z</time>
      </trkpt>
      <trkpt lat="47.756690" lon="10.766821">
        <ele>789.362219</ele>
        <time>2023-05-27T15:02:35.649Z</time>
      </trkpt>
      <trkpt lat="47.756307" lon="10.767130">
        <ele>788.708430</ele>
        <time>2023-05-27T15:02:40.593Z</time>
      </trkpt>
      <trkpt lat="47.756086" lon="10.767241">
        <ele>788.635277</ele>
        <time>2023-05-27T15:02:43.327Z</time>
      </trkpt>
      <trkpt lat="47.755993" lon="10.767272">
        <ele>788.605388</ele>
        <time>2023-05-27T15:02:44.498Z</time>
      </trkpt>
      <trkpt lat="47.755553" lon="10.767376">
        <ele>788.465666</ele>
        <time>2023-05-27T15:02:50.154Z</time>
      </trkpt>
      <trkpt lat="47.755447" lon="10.767368">
        <ele>788.432380</ele>
        <time>2023-05-27T15:02:51.593Z</time>
      </trkpt>
      <trkpt lat="47.755010" lon="10.767271">
        <ele>788.293814</ele>
        <time>2023-05-27T15:02:57.809Z</time>
      </trkpt>
      <trkpt lat="47.754201" lon="10.767016">
        <ele>789.234302</ele>
        <time>2023-05-27T15:03:13.398Z</time>
      </trkpt>
      <trkpt lat="47.753890" lon="10.767001">
        <ele>789.979502</ele>
        <time>2023-05-27T15:03:21.511Z</time>
      </trkpt>
      <trkpt lat="47.753742" lon="10.767024">
        <ele>790.335874</ele>
        <time>2023-05-27T15:03:25.661Z</time>
      </trkpt>
      <trkpt lat="47.753465" lon="10.767145">
        <ele>791.027273</ele>
        <time>2023-05-27T15:03:33.820Z</time>
      </trkpt>
      <trkpt lat="47.753185" lon="10.767352">
        <ele>791.776104</ele>
        <time>2023-05-27T15:03:42.654Z</time>
      </trkpt>
      <trkpt lat="47.753071" lon="10.767490">
        <ele>792.128113</ele>
        <time>2023-05-27T15:03:46.672Z</time>
      </trkpt>
      <trkpt lat="47.752967" lon="10.767679">
        <ele>792.500163</ele>
        <time>2023-05-27T15:03:51.069Z</time>
      </trkpt>
      <trkpt lat="47.752794" lon="10.768114">
        <ele>792.887258</ele>
        <time>2023-05-27T15:03:59.511Z</time>
      </trkpt>
      <trkpt lat="47.752612" lon="10.768294">
        <ele>793.136242</ele>
        <time>2023-05-27T15:04:04.457Z</time>
      </trkpt>
      <trkpt lat="47.752460" lon="10.768341">
        <ele>793.313101</ele>
        <time>2023-05-27T15:04:07.929Z</time>
      </trkpt>
      <trkpt lat="47.751960" lon="10.768336">
        <ele>793.882707</ele>
        <time>2023-05-27T15:04:17.485Z</time>
      </trkpt>
      <trkpt lat="47.751708" lon="10.768259">
        <ele>794.175777</ele>
        <time>2023-05-27T15:04:21.598Z</time>
      </trkpt>
      <trkpt lat="47.751393" lon="10.768059">
        <ele>794.513463</ele>
        <time>2023-05-27T15:04:26.184Z</time>
      </trkpt>
      <trkpt lat="47.751160" lon="10.767952">
        <ele>794.386566</ele>
        <time>2023-05-27T15:04:29.070Z</time>
      </trkpt>
      <trkpt lat="47.750527" lon="10.767780">
        <ele>794.051712</ele>
        <time>2023-05-27T15:04:36.626Z</time>
      </trkpt>
      <trkpt lat="47.750376" lon="10.767695">
        <ele>793.967695</ele>
        <time>2023-05-27T15:04:38.559Z</time>
      </trkpt>
      <trkpt lat="47.749819" lon="10.767245">
        <ele>793.637838</ele>
        <time>2023-05-27T15:04:47.218Z</time>
      </trkpt>
      <trkpt lat="47.748955" lon="10.766842">
        <ele>794.375717</ele>
        <time>2023-05-27T15:05:04.812Z</time>
      </trkpt>
      <trkpt lat="47.748413" lon="10.766477">
        <ele>794.942175</ele>
        <time>2023-05-27T15:05:17.274Z</time>
      </trkpt>
      <trkpt lat="47.748011" lon="10.766301">
        <ele>795.253572</ele>
        <time>2023-05-27T15:05:25.296Z</time>
      </trkpt>
      <trkpt lat="47.747984" lon="10.766300">
        <ele>795.214524</ele>
        <time>2023-05-27T15:05:25.751Z</time>
      </trkpt>
      <trkpt lat="47.747385" lon="10.766335">
        <ele>794.347821</ele>
        <time>2023-05-27T15:05:34.546Z</time>
      </trkpt>
      <trkpt lat="47.746993" lon="10.766368">
        <ele>793.780161</ele>
        <time>2023-05-27T15:05:39.136Z</time>
      </trkpt>
      <trkpt lat="47.746327" lon="10.766521">
        <ele>792.805838</ele>
        <time>2023-05-27T15:05:46.100Z</time>
      </trkpt>
      <trkpt lat="47.746042" lon="10.766662">
        <ele>791.747044</ele>
        <time>2023-05-27T15:05:49.097Z</time>
      </trkpt>
      <trkpt lat="47.745814" lon="10.766806">
        <ele>790.719867</ele>
        <time>2023-05-27T15:05:51.519Z</time>
      </trkpt>
      <trkpt lat="47.745266" lon="10.767247">
        <ele>788.136098</ele>
        <time>2023-05-27T15:05:57.488Z</time>
      </trkpt>
      <trkpt lat="47.744986" lon="10.767594">
        <ele>786.624713</ele>
        <time>2023-05-27T15:06:00.960Z</time>
      </trkpt>
      <trkpt lat="47.744894" lon="10.767758">
        <ele>786.029180</ele>
        <time>2023-05-27T15:06:02.347Z</time>
      </trkpt>
      <trkpt lat="47.744596" lon="10.768534">
        <ele>783.917317</ele>
        <time>2023-05-27T15:06:08.136Z</time>
      </trkpt>
      <trkpt lat="47.744344" lon="10.768951">
        <ele>782.701315</ele>
        <time>2023-05-27T15:06:11.899Z</time>
      </trkpt>
      <trkpt lat="47.744059" lon="10.769269">
        <ele>781.552087</ele>
        <time>2023-05-27T15:06:15.534Z</time>
      </trkpt>
      <trkpt lat="47.743629" lon="10.769645">
        <ele>779.943155</ele>
        <time>2023-05-27T15:06:20.692Z</time>
      </trkpt>
      <trkpt lat="47.743085" lon="10.770049">
        <ele>779.128558</ele>
        <time>2023-05-27T15:06:27.452Z</time>
      </trkpt>
      <trkpt lat="47.742979" lon="10.770128">
        <ele>779.045633</ele>
        <time>2023-05-27T15:06:28.980Z</time>
      </trkpt>
      <trkpt lat="47.742777" lon="10.770245">
        <ele>778.894018</ele>
        <time>2023-05-27T15:06:31.827Z</time>
      </trkpt>
      <trkpt lat="47.742315" lon="10.770432">
        <ele>778.559144</ele>
        <time>2023-05-27T15:06:38.804Z</time>
      </trkpt>
      <trkpt lat="47.742168" lon="10.770510">
        <ele>778.449985</ele>
        <time>2023-05-27T15:06:41.008Z</time>
      </trkpt>
      <trkpt lat="47.741916" lon="10.770661">
        <ele>778.259968</ele>
        <time>2023-05-27T15:06:45.327Z</time>
      </trkpt>
      <trkpt lat="47.741646" lon="10.770870">
        <ele>778.088538</ele>
        <time>2023-05-27T15:06:50.008Z</time>
      </trkpt>
      <trkpt lat="47.741468" lon="10.771082">
        <ele>777.975936</ele>
        <time>2023-05-27T15:06:53.355Z</time>
      </trkpt>
      <trkpt lat="47.741067" lon="10.771660">
        <ele>777.700192</ele>
        <time>2023-05-27T15:07:01.569Z</time>
      </trkpt>
      <trkpt lat="47.741019" lon="10.771744">
        <ele>777.663591</ele>
        <time>2023-05-27T15:07:02.519Z</time>
      </trkpt>
      <trkpt lat="47.740519" lon="10.772510">
        <ele>777.309135</ele>
        <time>2023-05-27T15:07:11.478Z</time>
      </trkpt>
      <trkpt lat="47.740260" lon="10.772955">
        <ele>776.619590</ele>
        <time>2023-05-27T15:07:15.850Z</time>
      </trkpt>
      <trkpt lat="47.739927" lon="10.773768">
        <ele>775.465046</ele>
        <time>2023-05-27T15:07:22.843Z</time>
      </trkpt>
      <trkpt lat="47.739430" lon="10.774817">
        <ele>774.052966</ele>
        <time>2023-05-27T15:07:32.314Z</time>
      </trkpt>
      <trkpt lat="47.739334" lon="10.774981">
        <ele>774.047310</ele>
        <time>2023-05-27T15:07:33.940Z</time>
      </trkpt>
      <trkpt lat="47.739229" lon="10.775126">
        <ele>774.041767</ele>
        <time>2023-05-27T15:07:35.587Z</time>
      </trkpt>
      <trkpt lat="47.738741" lon="10.775628">
        <ele>774.018813</ele>
        <time>2023-05-27T15:07:43.401Z</time>
      </trkpt>
      <trkpt lat="47.738676" lon="10.775723">
        <ele>774.015287</ele>
        <time>2023-05-27T15:07:44.881Z</time>
      </trkpt>
      <trkpt lat="47.738457" lon="10.776236">
        <ele>773.999480</ele>
        <time>2023-05-27T15:07:52.291Z</time>
      </trkpt>
      <trkpt lat="47.738346" lon="10.776565">
        <ele>773.989904</ele>
        <time>2023-05-27T15:07:57.391Z</time>
      </trkpt>
      <trkpt lat="47.738007" lon="10.776302">
        <ele>774.702805</ele>
        <time>2023-05-27T15:08:05.886Z</time>
      </trkpt>
      <trkpt lat="47.737521" lon="10.776027">
        <ele>775.962405</ele>
        <time>2023-05-27T15:08:17.718Z</time>
      </trkpt>
      <trkpt lat="47.737406" lon="10.775987">
        <ele>776.248491</ele>
        <time>2023-05-27T15:08:20.511Z</time>
      </trkpt>
      <trkpt lat="47.737320" lon="10.775976">
        <ele>776.457578</ele>
        <time>2023-05-27T15:08:22.633Z</time>
      </trkpt>
      <trkpt lat="47.737175" lon="10.775964">
        <ele>776.809356</ele>
        <time>2023-05-27T15:08:26.404Z</time>
      </trkpt>
      <trkpt lat="47.737094" lon="10.775957">
        <ele>777.005894</ele>
        <time>2023-05-27T15:08:28.524Z</time>
      </trkpt>
      <trkpt lat="47.736946" lon="10.775945">
        <ele>777.364928</ele>
        <time>2023-05-27T15:08:32.485Z</time>
      </trkpt>
      <trkpt lat="47.736648" lon="10.775924">
        <ele>778.087586</ele>
        <time>2023-05-27T15:08:40.970Z</time>
      </trkpt>
      <trkpt lat="47.736735" lon="10.775462">
        <ele>779.005302</ele>
        <time>2023-05-27T15:08:50.161Z</time>
      </trkpt>
      <trkpt lat="47.736773" lon="10.775288">
        <ele>779.380500</ele>
        <time>2023-05-27T15:08:53.648Z</time>
      </trkpt>
      <trkpt lat="47.736843" lon="10.774957">
        <ele>780.092115</ele>
        <time>2023-05-27T15:09:00.072Z</time>
      </trkpt>
      <trkpt lat="47.736893" lon="10.774731">
        <ele>780.580050</ele>
        <time>2023-05-27T15:09:04.396Z</time>
      </trkpt>
      <trkpt lat="47.736907" lon="10.774641">
        <ele>780.769503</ele>
        <time>2023-05-27T15:09:06.041Z</time>
      </trkpt>
      <trkpt lat="47.736993" lon="10.774013">
        <ele>782.083886</ele>
        <time>2023-05-27T15:09:17.406Z</time>
      </trkpt>
      <trkpt lat="47.737082" lon="10.773269">
        <ele>783.633689</ele>
        <time>2023-05-27T15:09:30.748Z</time>
      </trkpt>
      <trkpt lat="47.737202" lon="10.772394">
        <ele>786.024267</ele>
        <time>2023-05-27T15:09:46.529Z</time>
      </trkpt>
      <trkpt lat="47.737239" lon="10.769543">
        <ele>794.899231</ele>
        <time>2023-05-27T15:10:50.597Z</time>
      </trkpt>
      <trkpt lat="47.737238" lon="10.769483">
        <ele>795.127706</ele>
        <time>2023-05-27T15:10:52.292Z</time>
      </trkpt>
      <trkpt lat="47.737233" lon="10.769379">
        <ele>795.524618</ele>
        <time>2023-05-27T15:10:55.161Z</time>
      </trkpt>
      <trkpt lat="47.737232" lon="10.769337">
        <ele>795.684601</ele>
        <time>2023-05-27T15:10:56.309Z</time>
      </trkpt>
      <trkpt lat="47.737221" lon="10.769032">
        <ele>796.847327</ele>
        <time>2023-05-27T15:11:04.625Z</time>
      </trkpt>
      <trkpt lat="47.737245" lon="10.768551">
        <ele>798.683404</ele>
        <time>2023-05-27T15:11:18.161Z</time>
      </trkpt>
      <trkpt lat="47.737312" lon="10.767919">
        <ele>801.118972</ele>
        <time>2023-05-27T15:11:36.241Z</time>
      </trkpt>
      <trkpt lat="47.737350" lon="10.765902">
        <ele>807.609069</ele>
        <time>2023-05-27T15:12:23.271Z</time>
      </trkpt>
      <trkpt lat="47.737327" lon="10.765411">
        <ele>809.182438</ele>
        <time>2023-05-27T15:12:32.228Z</time>
      </trkpt>
      <trkpt lat="47.737058" lon="10.763743">
        <ele>814.818052</ele>
        <time>2023-05-27T15:13:07.123Z</time>
      </trkpt>
      <trkpt lat="47.736948" lon="10.763384">
        <ele>816.119630</ele>
        <time>2023-05-27T15:13:16.644Z</time>
      </trkpt>
      <trkpt lat="47.736603" lon="10.762616">
        <ele>819.504021</ele>
        <time>2023-05-27T15:13:40.970Z</time>
      </trkpt>
      <trkpt lat="47.736415" lon="10.762309">
        <ele>821.958596</ele>
        <time>2023-05-27T15:13:53.417Z</time>
      </trkpt>
      <trkpt lat="47.736141" lon="10.762011">
        <ele>824.942670</ele>
        <time>2023-05-27T15:14:09.914Z</time>
      </trkpt>
      <trkpt lat="47.735993" lon="10.761784">
        <ele>826.811744</ele>
        <time>2023-05-27T15:14:21.626Z</time>
      </trkpt>
      <trkpt lat="47.735927" lon="10.761622">
        <ele>827.931483</ele>
        <time>2023-05-27T15:14:28.450Z</time>
      </trkpt>
      <trkpt lat="47.735859" lon="10.761046">
        <ele>831.388789</ele>
        <time>2023-05-27T15:14:49.590Z</time>
      </trkpt>
      <trkpt lat="47.735811" lon="10.760886">
        <ele>832.424529</ele>
        <time>2023-05-27T15:14:55.960Z</time>
      </trkpt>
      <trkpt lat="47.735707" lon="10.760731">
        <ele>833.718911</ele>
        <time>2023-05-27T15:15:04.001Z</time>
      </trkpt>
      <trkpt lat="47.735435" lon="10.760523">
        <ele>836.628270</ele>
        <time>2023-05-27T15:15:20.587Z</time>
      </trkpt>
      <trkpt lat="47.735273" lon="10.760348">
        <ele>838.597752</ele>
        <time>2023-05-27T15:15:31.394Z</time>
      </trkpt>
      <trkpt lat="47.735187" lon="10.760110">
        <ele>840.384952</ele>
        <time>2023-05-27T15:15:41.225Z</time>
      </trkpt>
      <trkpt lat="47.735147" lon="10.759898">
        <ele>841.841466</ele>
        <time>2023-05-27T15:15:49.151Z</time>
      </trkpt>
      <trkpt lat="47.735076" lon="10.759210">
        <ele>846.445834</ele>
        <time>2023-05-27T15:16:13.789Z</time>
      </trkpt>
      <trkpt lat="47.735057" lon="10.758810">
        <ele>849.098418</ele>
        <time>2023-05-27T15:16:28.327Z</time>
      </trkpt>
      <trkpt lat="47.735113" lon="10.758322">
        <ele>852.380069</ele>
        <time>2023-05-27T15:16:46.893Z</time>
      </trkpt>
      <trkpt lat="47.735392" lon="10.757030">
        <ele>861.827576</ele>
        <time>2023-05-27T15:17:38.480Z</time>
      </trkpt>
      <trkpt lat="47.735493" lon="10.756403">
        <ele>866.316346</ele>
        <time>2023-05-27T15:18:02.741Z</time>
      </trkpt>
      <trkpt lat="47.735504" lon="10.756111">
        <ele>868.352497</ele>
        <time>2023-05-27T15:18:13.774Z</time>
      </trkpt>
      <trkpt lat="47.735465" lon="10.755685">
        <ele>871.302911</ele>
        <time>2023-05-27T15:18:30.286Z</time>
      </trkpt>
      <trkpt lat="47.735363" lon="10.755238">
        <ele>874.298666</ele>
        <time>2023-05-27T15:18:48.593Z</time>
      </trkpt>
      <trkpt lat="47.735159" lon="10.754677">
        <ele>878.346198</ele>
        <time>2023-05-27T15:19:13.360Z</time>
      </trkpt>
      <trkpt lat="47.734918" lon="10.754012">
        <ele>883.140422</ele>
        <time>2023-05-27T15:19:40.437Z</time>
      </trkpt>
      <trkpt lat="47.734818" lon="10.753637">
        <ele>885.700661</ele>
        <time>2023-05-27T15:19:53.692Z</time>
      </trkpt>
      <trkpt lat="47.734719" lon="10.753011">
        <ele>889.080723</ele>
        <time>2023-05-27T15:20:13.059Z</time>
      </trkpt>
      <trkpt lat="47.734655" lon="10.752797">
        <ele>890.031956</ele>
        <time>2023-05-27T15:20:19.718Z</time>
      </trkpt>
      <trkpt lat="47.734232" lon="10.751708">
        <ele>895.139686</ele>
        <time>2023-05-27T15:20:51.929Z</time>
      </trkpt>
      <trkpt lat="47.734123" lon="10.751251">
        <ele>897.109104</ele>
        <time>2023-05-27T15:21:03.240Z</time>
      </trkpt>
      <trkpt lat="47.734071" lon="10.750785">
        <ele>899.093871</ele>
        <time>2023-05-27T15:21:14.274Z</time>
      </trkpt>
      <trkpt lat="47.734049" lon="10.750560">
        <ele>900.201654</ele>
        <time>2023-05-27T15:21:19.641Z</time>
      </trkpt>
      <trkpt lat="47.733987" lon="10.749856">
        <ele>903.661009</ele>
        <time>2023-05-27T15:21:37.457Z</time>
      </trkpt>
      <trkpt lat="47.733988" lon="10.749563">
        <ele>905.088602</ele>
        <time>2023-05-27T15:21:45.626Z</time>
      </trkpt>
      <trkpt lat="47.734028" lon="10.749267">
        <ele>906.559615</ele>
        <time>2023-05-27T15:21:54.363Z</time>
      </trkpt>
      <trkpt lat="47.734334" lon="10.748082">
        <ele>913.349260</ele>
        <time>2023-05-27T15:22:36.700Z</time>
      </trkpt>
      <trkpt lat="47.734892" lon="10.746391">
        <ele>927.979754</ele>
        <time>2023-05-27T15:23:53.251Z</time>
      </trkpt>
      <trkpt lat="47.734983" lon="10.745991">
        <ele>931.259650</ele>
        <time>2023-05-27T15:24:11.411Z</time>
      </trkpt>
      <trkpt lat="47.734987" lon="10.745564">
        <ele>935.755993</ele>
        <time>2023-05-27T15:24:31.825Z</time>
      </trkpt>
      <trkpt lat="47.734940" lon="10.745248">
        <ele>939.696279</ele>
        <time>2023-05-27T15:24:48.243Z</time>
      </trkpt>
      <trkpt lat="47.734870" lon="10.745034">
        <ele>942.593560</ele>
        <time>2023-05-27T15:25:00.684Z</time>
      </trkpt>
      <trkpt lat="47.734748" lon="10.744808">
        <ele>946.121836</ele>
        <time>2023-05-27T15:25:16.812Z</time>
      </trkpt>
      <trkpt lat="47.734576" lon="10.744588">
        <ele>950.229067</ele>
        <time>2023-05-27T15:25:36.047Z</time>
      </trkpt>
      <trkpt lat="47.734305" lon="10.744235">
        <ele>956.751216</ele>
        <time>2023-05-27T15:26:10.536Z</time>
      </trkpt>
      <trkpt lat="47.734118" lon="10.743809">
        <ele>962.944839</ele>
        <time>2023-05-27T15:26:45.167Z</time>
      </trkpt>
      <trkpt lat="47.734049" lon="10.743716">
        <ele>964.630754</ele>
        <time>2023-05-27T15:26:55.074Z</time>
      </trkpt>
      <trkpt lat="47.733752" lon="10.743562">
        <ele>971.870760</ele>
        <time>2023-05-27T15:27:26.868Z</time>
      </trkpt>
      <trkpt lat="47.733662" lon="10.743482">
        <ele>974.326182</ele>
        <time>2023-05-27T15:27:37.996Z</time>
      </trkpt>
      <trkpt lat="47.733612" lon="10.743380">
        <ele>976.314037</ele>
        <time>2023-05-27T15:27:47.031Z</time>
      </trkpt>
      <trkpt lat="47.733595" lon="10.743229">
        <ele>978.725314</ele>
        <time>2023-05-27T15:27:57.251Z</time>
      </trkpt>
      <trkpt lat="47.733601" lon="10.743209">
        <ele>979.070220</ele>
        <time>2023-05-27T15:27:58.692Z</time>
      </trkpt>
      <trkpt lat="47.733540" lon="10.743169">
        <ele>980.631395</ele>
        <time>2023-05-27T15:27:59.970Z</time>
      </trkpt>
      <trkpt lat="47.733537" lon="10.743096">
        <ele>981.783262</ele>
        <time>2023-05-27T15:28:00.904Z</time>
      </trkpt>
      <trkpt lat="47.733536" lon="10.743060">
        <ele>982.350732</ele>
        <time>2023-05-27T15:28:01.368Z</time>
      </trkpt>
      <trkpt lat="47.733551" lon="10.742975">
        <ele>983.734763</ele>
        <time>2023-05-27T15:28:02.493Z</time>
      </trkpt>
      <trkpt lat="47.733569" lon="10.742910">
        <ele>984.841865</ele>
        <time>2023-05-27T15:28:03.391Z</time>
      </trkpt>
      <trkpt lat="47.733589" lon="10.742858">
        <ele>985.785298</ele>
        <time>2023-05-27T15:28:04.154Z</time>
      </trkpt>
      <trkpt lat="47.733641" lon="10.742764">
        <ele>987.702194</ele>
        <time>2023-05-27T15:28:05.705Z</time>
      </trkpt>
      <trkpt lat="47.733695" lon="10.742672">
        <ele>989.625332</ele>
        <time>2023-05-27T15:28:07.273Z</time>
      </trkpt>
      <trkpt lat="47.733717" lon="10.742596">
        <ele>990.928454</ele>
        <time>2023-05-27T15:28:08.335Z</time>
      </trkpt>
      <trkpt lat="47.733738" lon="10.742545">
        <ele>991.870258</ele>
        <time>2023-05-27T15:28:09.103Z</time>
      </trkpt>
      <trkpt lat="47.733755" lon="10.742456">
        <ele>993.327401</ele>
        <time>2023-05-27T15:28:10.289Z</time>
      </trkpt>
      <trkpt lat="47.733779" lon="10.742403">
        <ele>994.333688</ele>
        <time>2023-05-27T15:28:11.103Z</time>
      </trkpt>
      <trkpt lat="47.733803" lon="10.742351">
        <ele>995.326949</ele>
        <time>2023-05-27T15:28:11.906Z</time>
      </trkpt>
      <trkpt lat="47.733848" lon="10.742254">
        <ele>997.182826</ele>
        <time>2023-05-27T15:28:13.417Z</time>
      </trkpt>
      <trkpt lat="47.733863" lon="10.742234">
        <ele>997.654627</ele>
        <time>2023-05-27T15:28:13.799Z</time>
      </trkpt>
      <trkpt lat="47.733890" lon="10.742164">
        <ele>998.925522</ele>
        <time>2023-05-27T15:28:14.830Z</time>
      </trkpt>
      <trkpt lat="47.733938" lon="10.742067">
        <ele>1000.822166</ele>
        <time>2023-05-27T15:28:16.373Z</time>
      </trkpt>
      <trkpt lat="47.733955" lon="10.742042">
        <ele>1001.382077</ele>
        <time>2023-05-27T15:28:16.827Z</time>
      </trkpt>
      <trkpt lat="47.734000" lon="10.741936">
        <ele>1003.356272</ele>
        <time>2023-05-27T15:28:18.421Z</time>
      </trkpt>
      <trkpt lat="47.734023" lon="10.741878">
        <ele>1004.416696</ele>
        <time>2023-05-27T15:28:19.276Z</time>
      </trkpt>
      <trkpt lat="47.734091" lon="10.741752">
        <ele>1006.961006</ele>
        <time>2023-05-27T15:28:21.337Z</time>
      </trkpt>
      <trkpt lat="47.734110" lon="10.741618">
        <ele>1008.144762</ele>
        <time>2023-05-27T15:28:23.082Z</time>
      </trkpt>
      <trkpt lat="47.734121" lon="10.741478">
        <ele>1009.251788</ele>
        <time>2023-05-27T15:28:24.868Z</time>
      </trkpt>
      <trkpt lat="47.734138" lon="10.741301">
        <ele>1010.656033</ele>
        <time>2023-05-27T15:28:27.131Z</time>
      </trkpt>
      <trkpt lat="47.734137" lon="10.741267">
        <ele>1010.923321</ele>
        <time>2023-05-27T15:28:27.562Z</time>
      </trkpt>
      <trkpt lat="47.734131" lon="10.741101">
        <ele>1012.228952</ele>
        <time>2023-05-27T15:28:29.664Z</time>
      </trkpt>
      <trkpt lat="47.734147" lon="10.740965">
        <ele>1013.313302</ele>
        <time>2023-05-27T15:28:31.404Z</time>
      </trkpt>
      <trkpt lat="47.734149" lon="10.740931">
        <ele>1013.581354</ele>
        <time>2023-05-27T15:28:31.832Z</time>
      </trkpt>
      <trkpt lat="47.734164" lon="10.740771">
        <ele>1014.850129</ele>
        <time>2023-05-27T15:28:33.860Z</time>
      </trkpt>
      <trkpt lat="47.734166" lon="10.740741">
        <ele>1015.086901</ele>
        <time>2023-05-27T15:28:34.238Z</time>
      </trkpt>
      <trkpt lat="47.734169" lon="10.740623">
        <ele>1016.014323</ele>
        <time>2023-05-27T15:28:35.722Z</time>
      </trkpt>
      <trkpt lat="47.734176" lon="10.740522">
        <ele>1016.811768</ele>
        <time>2023-05-27T15:28:36.996Z</time>
      </trkpt>
      <trkpt lat="47.734179" lon="10.740443">
        <ele>1017.433215</ele>
        <time>2023-05-27T15:28:37.990Z</time>
      </trkpt>
      <trkpt lat="47.734181" lon="10.740307">
        <ele>1018.501602</ele>
        <time>2023-05-27T15:28:39.694Z</time>
      </trkpt>
      <trkpt lat="47.734191" lon="10.740269">
        <ele>1018.822082</ele>
        <time>2023-05-27T15:28:40.202Z</time>
      </trkpt>
      <trkpt lat="47.734209" lon="10.740161">
        <ele>1019.695959</ele>
        <time>2023-05-27T15:28:41.593Z</time>
      </trkpt>
      <trkpt lat="47.734221" lon="10.740019">
        <ele>1020.819982</ele>
        <time>2023-05-27T15:28:43.383Z</time>
      </trkpt>
      <trkpt lat="47.734217" lon="10.739978">
        <ele>1021.145362</ele>
        <time>2023-05-27T15:28:43.901Z</time>
      </trkpt>
      <trkpt lat="47.734257" lon="10.739782">
        <ele>1022.754032</ele>
        <time>2023-05-27T15:28:46.460Z</time>
      </trkpt>
      <trkpt lat="47.734267" lon="10.739747">
        <ele>1023.052693</ele>
        <time>2023-05-27T15:28:46.934Z</time>
      </trkpt>
      <trkpt lat="47.734294" lon="10.739635">
        <ele>1023.987127</ele>
        <time>2023-05-27T15:28:48.419Z</time>
      </trkpt>
      <trkpt lat="47.734308" lon="10.739519">
        <ele>1024.912730</ele>
        <time>2023-05-27T15:28:49.891Z</time>
      </trkpt>
      <trkpt lat="47.734319" lon="10.739457">
        <ele>1025.416329</ele>
        <time>2023-05-27T15:28:50.690Z</time>
      </trkpt>
      <trkpt lat="47.734355" lon="10.739335">
        <ele>1026.462666</ele>
        <time>2023-05-27T15:28:52.353Z</time>
      </trkpt>
      <trkpt lat="47.734356" lon="10.739279">
        <ele>1026.902638</ele>
        <time>2023-05-27T15:28:53.052Z</time>
      </trkpt>
      <trkpt lat="47.734587" lon="10.739354">
        <ele>1028.071327</ele>
        <time>2023-05-27T15:28:57.437Z</time>
      </trkpt>
      <trkpt lat="47.734707" lon="10.738532">
        <ele>1027.585701</ele>
        <time>2023-05-27T15:29:03.914Z</time>
      </trkpt>
      <trkpt lat="47.734777" lon="10.738289">
        <ele>1027.433081</ele>
        <time>2023-05-27T15:29:05.715Z</time>
      </trkpt>
      <trkpt lat="47.734904" lon="10.738063">
        <ele>1027.263051</ele>
        <time>2023-05-27T15:29:07.733Z</time>
      </trkpt>
      <trkpt lat="47.735053" lon="10.737930">
        <ele>1027.113868</ele>
        <time>2023-05-27T15:29:09.534Z</time>
      </trkpt>
      <trkpt lat="47.735214" lon="10.737890">
        <ele>1026.973747</ele>
        <time>2023-05-27T15:29:11.327Z</time>
      </trkpt>
      <trkpt lat="47.735512" lon="10.737928">
        <ele>1026.716999</ele>
        <time>2023-05-27T15:29:14.741Z</time>
      </trkpt>
      <trkpt lat="47.735593" lon="10.737874">
        <ele>1026.640798</ele>
        <time>2023-05-27T15:29:15.827Z</time>
      </trkpt>
      <trkpt lat="47.735654" lon="10.737718">
        <ele>1026.660942</ele>
        <time>2023-05-27T15:29:17.404Z</time>
      </trkpt>
      <trkpt lat="47.735637" lon="10.737555">
        <ele>1026.684388</ele>
        <time>2023-05-27T15:29:18.682Z</time>
      </trkpt>
      <trkpt lat="47.735553" lon="10.737454">
        <ele>1026.707220</ele>
        <time>2023-05-27T15:29:20.167Z</time>
      </trkpt>
      <trkpt lat="47.735459" lon="10.737432">
        <ele>1026.727331</ele>
        <time>2023-05-27T15:29:21.605Z</time>
      </trkpt>
      <trkpt lat="47.735132" lon="10.737507">
        <ele>1026.797260</ele>
        <time>2023-05-27T15:29:27.674Z</time>
      </trkpt>
      <trkpt lat="47.734997" lon="10.737494">
        <ele>1026.825852</ele>
        <time>2023-05-27T15:29:30.623Z</time>
      </trkpt>
      <trkpt lat="47.734838" lon="10.737425">
        <ele>1026.860858</ele>
        <time>2023-05-27T15:29:33.911Z</time>
      </trkpt>
      <trkpt lat="47.734726" lon="10.737289">
        <ele>1026.891420</ele>
        <time>2023-05-27T15:29:36.837Z</time>
      </trkpt>
      <trkpt lat="47.734702" lon="10.737042">
        <ele>1026.926895</ele>
        <time>2023-05-27T15:29:39.799Z</time>
      </trkpt>
      <trkpt lat="47.734749" lon="10.736902">
        <ele>1026.949137</ele>
        <time>2023-05-27T15:29:41.603Z</time>
      </trkpt>
      <trkpt lat="47.734830" lon="10.736825">
        <ele>1026.969456</ele>
        <time>2023-05-27T15:29:43.320Z</time>
      </trkpt>
      <trkpt lat="47.734920" lon="10.736795">
        <ele>1026.988949</ele>
        <time>2023-05-27T15:29:44.781Z</time>
      </trkpt>
      <trkpt lat="47.735050" lon="10.736778">
        <ele>1027.016495</ele>
        <time>2023-05-27T15:29:46.641Z</time>
      </trkpt>
      <trkpt lat="47.734920" lon="10.736795">
        <ele>1026.938724</ele>
        <time>2023-05-27T15:29:48.664Z</time>
      </trkpt>
      <trkpt lat="47.734830" lon="10.736825">
        <ele>1026.883759</ele>
        <time>2023-05-27T15:29:49.932Z</time>
      </trkpt>
      <trkpt lat="47.734749" lon="10.736902">
        <ele>1026.826465</ele>
        <time>2023-05-27T15:29:51.154Z</time>
      </trkpt>
      <trkpt lat="47.734702" lon="10.737042">
        <ele>1026.763751</ele>
        <time>2023-05-27T15:29:52.524Z</time>
      </trkpt>
      <trkpt lat="47.734726" lon="10.737289">
        <ele>1026.663724</ele>
        <time>2023-05-27T15:29:54.679Z</time>
      </trkpt>
      <trkpt lat="47.734838" lon="10.737425">
        <ele>1026.577549</ele>
        <time>2023-05-27T15:29:56.371Z</time>
      </trkpt>
      <trkpt lat="47.734997" lon="10.737494">
        <ele>1026.478842</ele>
        <time>2023-05-27T15:29:58.327Z</time>
      </trkpt>
      <trkpt lat="47.735132" lon="10.737507">
        <ele>1026.398222</ele>
        <time>2023-05-27T15:29:59.842Z</time>
      </trkpt>
      <trkpt lat="47.735459" lon="10.737432">
        <ele>1026.201047</ele>
        <time>2023-05-27T15:30:03.955Z</time>
      </trkpt>
      <trkpt lat="47.735553" lon="10.737454">
        <ele>1026.144339</ele>
        <time>2023-05-27T15:30:05.358Z</time>
      </trkpt>
      <trkpt lat="47.735637" lon="10.737555">
        <ele>1026.079961</ele>
        <time>2023-05-27T15:30:06.809Z</time>
      </trkpt>
      <trkpt lat="47.735654" lon="10.737718">
        <ele>1026.013850</ele>
        <time>2023-05-27T15:30:08.763Z</time>
      </trkpt>
      <trkpt lat="47.735593" lon="10.737874">
        <ele>1025.927458</ele>
        <time>2023-05-27T15:30:10.503Z</time>
      </trkpt>
      <trkpt lat="47.735512" lon="10.737928">
        <ele>1025.636076</ele>
        <time>2023-05-27T15:30:11.712Z</time>
      </trkpt>
      <trkpt lat="47.735214" lon="10.737890">
        <ele>1024.654313</ele>
        <time>2023-05-27T15:30:15.807Z</time>
      </trkpt>
      <trkpt lat="47.735053" lon="10.737930">
        <ele>1024.118510</ele>
        <time>2023-05-27T15:30:17.789Z</time>
      </trkpt>
      <trkpt lat="47.734904" lon="10.738063">
        <ele>1023.548057</ele>
        <time>2023-05-27T15:30:19.771Z</time>
      </trkpt>
      <trkpt lat="47.734777" lon="10.738289">
        <ele>1022.897893</ele>
        <time>2023-05-27T15:30:22.054Z</time>
      </trkpt>
      <trkpt lat="47.734707" lon="10.738532">
        <ele>1022.314295</ele>
        <time>2023-05-27T15:30:23.952Z</time>
      </trkpt>
      <trkpt lat="47.734529" lon="10.739754">
        <ele>1017.984372</ele>
        <time>2023-05-27T15:30:31.921Z</time>
      </trkpt>
      <trkpt lat="47.734524" lon="10.741519">
        <ele>1001.521305</ele>
        <time>2023-05-27T15:30:41.876Z</time>
      </trkpt>
      <trkpt lat="47.734488" lon="10.741851">
        <ele>998.384607</ele>
        <time>2023-05-27T15:30:43.733Z</time>
      </trkpt>
      <trkpt lat="47.734434" lon="10.741997">
        <ele>996.830464</ele>
        <time>2023-05-27T15:30:44.651Z</time>
      </trkpt>
      <trkpt lat="47.734330" lon="10.742157">
        <ele>994.609172</ele>
        <time>2023-05-27T15:30:45.873Z</time>
      </trkpt>
      <trkpt lat="47.733659" lon="10.743016">
        <ele>977.082760</ele>
        <time>2023-05-27T15:30:53.092Z</time>
      </trkpt>
      <trkpt lat="47.733595" lon="10.743229">
        <ele>973.977021</ele>
        <time>2023-05-27T15:30:54.378Z</time>
      </trkpt>
      <trkpt lat="47.733612" lon="10.743380">
        <ele>971.938813</ele>
        <time>2023-05-27T15:30:55.218Z</time>
      </trkpt>
      <trkpt lat="47.733662" lon="10.743482">
        <ele>970.258515</ele>
        <time>2023-05-27T15:30:55.917Z</time>
      </trkpt>
      <trkpt lat="47.733752" lon="10.743562">
        <ele>968.182992</ele>
        <time>2023-05-27T15:30:56.774Z</time>
      </trkpt>
      <trkpt lat="47.734049" lon="10.743716">
        <ele>961.957014</ele>
        <time>2023-05-27T15:30:59.355Z</time>
      </trkpt>
      <trkpt lat="47.734118" lon="10.743809">
        <ele>960.113601</ele>
        <time>2023-05-27T15:31:00.121Z</time>
      </trkpt>
      <trkpt lat="47.734305" lon="10.744235">
        <ele>954.480216</ele>
        <time>2023-05-27T15:31:02.932Z</time>
      </trkpt>
      <trkpt lat="47.734576" lon="10.744588">
        <ele>948.668695</ele>
        <time>2023-05-27T15:31:05.896Z</time>
      </trkpt>
      <trkpt lat="47.734748" lon="10.744808">
        <ele>945.008972</ele>
        <time>2023-05-27T15:31:07.766Z</time>
      </trkpt>
      <trkpt lat="47.734870" lon="10.745034">
        <ele>941.865123</ele>
        <time>2023-05-27T15:31:09.373Z</time>
      </trkpt>
      <trkpt lat="47.734940" lon="10.745248">
        <ele>939.283518</ele>
        <time>2023-05-27T15:31:10.702Z</time>
      </trkpt>
      <trkpt lat="47.734987" lon="10.745564">
        <ele>935.772551</ele>
        <time>2023-05-27T15:31:12.508Z</time>
      </trkpt>
      <trkpt lat="47.734983" lon="10.745991">
        <ele>931.139775</ele>
        <time>2023-05-27T15:31:14.906Z</time>
      </trkpt>
      <trkpt lat="47.734892" lon="10.746391">
        <ele>927.755853</ele>
        <time>2023-05-27T15:31:17.299Z</time>
      </trkpt>
      <trkpt lat="47.734334" lon="10.748082">
        <ele>913.556613</ele>
        <time>2023-05-27T15:31:28.072Z</time>
      </trkpt>
      <trkpt lat="47.734028" lon="10.749267">
        <ele>906.416940</ele>
        <time>2023-05-27T15:31:35.536Z</time>
      </trkpt>
      <trkpt lat="47.733988" lon="10.749563">
        <ele>905.013837</ele>
        <time>2023-05-27T15:31:37.358Z</time>
      </trkpt>
      <trkpt lat="47.733987" lon="10.749856">
        <ele>903.652150</ele>
        <time>2023-05-27T15:31:39.144Z</time>
      </trkpt>
      <trkpt lat="47.734049" lon="10.750560">
        <ele>900.352498</ele>
        <time>2023-05-27T15:31:43.567Z</time>
      </trkpt>
      <trkpt lat="47.734071" lon="10.750785">
        <ele>899.295856</ele>
        <time>2023-05-27T15:31:45.003Z</time>
      </trkpt>
      <trkpt lat="47.734123" lon="10.751251">
        <ele>897.176288</ele>
        <time>2023-05-27T15:31:48.006Z</time>
      </trkpt>
      <trkpt lat="47.734232" lon="10.751708">
        <ele>895.137970</ele>
        <time>2023-05-27T15:31:51.087Z</time>
      </trkpt>
      <trkpt lat="47.734655" lon="10.752797">
        <ele>889.851543</ele>
        <time>2023-05-27T15:31:58.881Z</time>
      </trkpt>
      <trkpt lat="47.734719" lon="10.753011">
        <ele>888.867031</ele>
        <time>2023-05-27T15:32:00.299Z</time>
      </trkpt>
      <trkpt lat="47.734818" lon="10.753637">
        <ele>885.897979</ele>
        <time>2023-05-27T15:32:04.151Z</time>
      </trkpt>
      <trkpt lat="47.734918" lon="10.754012">
        <ele>883.278402</ele>
        <time>2023-05-27T15:32:06.531Z</time>
      </trkpt>
      <trkpt lat="47.735363" lon="10.755238">
        <ele>874.231725</ele>
        <time>2023-05-27T15:32:14.587Z</time>
      </trkpt>
      <trkpt lat="47.735465" lon="10.755685">
        <ele>871.166538</ele>
        <time>2023-05-27T15:32:17.304Z</time>
      </trkpt>
      <trkpt lat="47.735504" lon="10.756111">
        <ele>868.313278</ele>
        <time>2023-05-27T15:32:19.781Z</time>
      </trkpt>
      <trkpt lat="47.735493" lon="10.756403">
        <ele>866.286002</ele>
        <time>2023-05-27T15:32:21.467Z</time>
      </trkpt>
      <trkpt lat="47.735392" lon="10.757030">
        <ele>861.816796</ele>
        <time>2023-05-27T15:32:25.194Z</time>
      </trkpt>
      <trkpt lat="47.735113" lon="10.758322">
        <ele>852.410465</ele>
        <time>2023-05-27T15:32:33.019Z</time>
      </trkpt>
      <trkpt lat="47.735057" lon="10.758810">
        <ele>849.064446</ele>
        <time>2023-05-27T15:32:35.878Z</time>
      </trkpt>
      <trkpt lat="47.735076" lon="10.759210">
        <ele>846.419394</ele>
        <time>2023-05-27T15:32:38.207Z</time>
      </trkpt>
      <trkpt lat="47.735147" lon="10.759898">
        <ele>841.828099</ele>
        <time>2023-05-27T15:32:42.263Z</time>
      </trkpt>
      <trkpt lat="47.735187" lon="10.760110">
        <ele>840.375721</ele>
        <time>2023-05-27T15:32:43.539Z</time>
      </trkpt>
      <trkpt lat="47.735273" lon="10.760348">
        <ele>838.593595</ele>
        <time>2023-05-27T15:32:45.110Z</time>
      </trkpt>
      <trkpt lat="47.735435" lon="10.760523">
        <ele>836.629705</ele>
        <time>2023-05-27T15:32:46.837Z</time>
      </trkpt>
      <trkpt lat="47.735707" lon="10.760731">
        <ele>833.629900</ele>
        <time>2023-05-27T15:32:49.480Z</time>
      </trkpt>
      <trkpt lat="47.735811" lon="10.760886">
        <ele>832.305104</ele>
        <time>2023-05-27T15:32:50.748Z</time>
      </trkpt>
      <trkpt lat="47.735859" lon="10.761046">
        <ele>831.299286</ele>
        <time>2023-05-27T15:32:51.763Z</time>
      </trkpt>
      <trkpt lat="47.735927" lon="10.761622">
        <ele>827.941860</ele>
        <time>2023-05-27T15:32:55.156Z</time>
      </trkpt>
      <trkpt lat="47.735993" lon="10.761784">
        <ele>826.854469</ele>
        <time>2023-05-27T15:32:56.258Z</time>
      </trkpt>
      <trkpt lat="47.736141" lon="10.762011">
        <ele>825.039393</ele>
        <time>2023-05-27T15:32:58.093Z</time>
      </trkpt>
      <trkpt lat="47.736415" lon="10.762309">
        <ele>822.141526</ele>
        <time>2023-05-27T15:33:01.070Z</time>
      </trkpt>
      <trkpt lat="47.736603" lon="10.762616">
        <ele>819.757863</ele>
        <time>2023-05-27T15:33:03.562Z</time>
      </trkpt>
      <trkpt lat="47.736948" lon="10.763384">
        <ele>815.943258</ele>
        <time>2023-05-27T15:33:09.256Z</time>
      </trkpt>
      <trkpt lat="47.737058" lon="10.763743">
        <ele>814.700201</ele>
        <time>2023-05-27T15:33:11.733Z</time>
      </trkpt>
      <trkpt lat="47.737327" lon="10.765411">
        <ele>809.294000</ele>
        <time>2023-05-27T15:33:23.067Z</time>
      </trkpt>
      <trkpt lat="47.737350" lon="10.765902">
        <ele>807.669379</ele>
        <time>2023-05-27T15:33:26.455Z</time>
      </trkpt>
      <trkpt lat="47.737312" lon="10.767919">
        <ele>801.009046</ele>
        <time>2023-05-27T15:33:39.263Z</time>
      </trkpt>
      <trkpt lat="47.737245" lon="10.768551">
        <ele>798.680339</ele>
        <time>2023-05-27T15:33:43.151Z</time>
      </trkpt>
      <trkpt lat="47.737221" lon="10.769032">
        <ele>796.872669</ele>
        <time>2023-05-27T15:33:46.077Z</time>
      </trkpt>
      <trkpt lat="47.737232" lon="10.769337">
        <ele>795.727932</ele>
        <time>2023-05-27T15:33:47.945Z</time>
      </trkpt>
      <trkpt lat="47.737233" lon="10.769379">
        <ele>795.570424</ele>
        <time>2023-05-27T15:33:48.202Z</time>
      </trkpt>
      <trkpt lat="47.737238" lon="10.769483">
        <ele>795.179653</ele>
        <time>2023-05-27T15:33:48.837Z</time>
      </trkpt>
      <trkpt lat="47.737239" lon="10.769543">
        <ele>794.954713</ele>
        <time>2023-05-27T15:33:49.207Z</time>
      </trkpt>
      <trkpt lat="47.737202" lon="10.772394">
        <ele>786.070367</ele>
        <time>2023-05-27T15:34:07.493Z</time>
      </trkpt>
      <trkpt lat="47.737082" lon="10.773269">
        <ele>783.695528</ele>
        <time>2023-05-27T15:34:13.694Z</time>
      </trkpt>
      <trkpt lat="47.736993" lon="10.774013">
        <ele>782.065759</ele>
        <time>2023-05-27T15:34:18.949Z</time>
      </trkpt>
      <trkpt lat="47.736907" lon="10.774641">
        <ele>780.747537</ele>
        <time>2023-05-27T15:34:23.398Z</time>
      </trkpt>
      <trkpt lat="47.736893" lon="10.774731">
        <ele>780.557531</ele>
        <time>2023-05-27T15:34:24.036Z</time>
      </trkpt>
      <trkpt lat="47.736843" lon="10.774957">
        <ele>780.068171</ele>
        <time>2023-05-27T15:34:25.672Z</time>
      </trkpt>
      <trkpt lat="47.736773" lon="10.775288">
        <ele>779.354477</ele>
        <time>2023-05-27T15:34:28.047Z</time>
      </trkpt>
      <trkpt lat="47.736735" lon="10.775462">
        <ele>778.978183</ele>
        <time>2023-05-27T15:34:29.281Z</time>
      </trkpt>
      <trkpt lat="47.736648" lon="10.775924">
        <ele>777.991355</ele>
        <time>2023-05-27T15:34:32.513Z</time>
      </trkpt>
      <trkpt lat="47.736946" lon="10.775945">
        <ele>777.219633</ele>
        <time>2023-05-27T15:34:35.506Z</time>
      </trkpt>
      <trkpt lat="47.737094" lon="10.775957">
        <ele>776.847811</ele>
        <time>2023-05-27T15:34:37.016Z</time>
      </trkpt>
      <trkpt lat="47.737175" lon="10.775964">
        <ele>776.644272</ele>
        <time>2023-05-27T15:34:37.853Z</time>
      </trkpt>
      <trkpt lat="47.737320" lon="10.775976">
        <ele>776.279964</ele>
        <time>2023-05-27T15:34:39.332Z</time>
      </trkpt>
      <trkpt lat="47.737406" lon="10.775987">
        <ele>776.063429</ele>
        <time>2023-05-27T15:34:40.233Z</time>
      </trkpt>
      <trkpt lat="47.737521" lon="10.776027">
        <ele>775.767154</ele>
        <time>2023-05-27T15:34:41.506Z</time>
      </trkpt>
      <trkpt lat="47.738007" lon="10.776302">
        <ele>774.462689</ele>
        <time>2023-05-27T15:34:47.253Z</time>
      </trkpt>
      <trkpt lat="47.738130" lon="10.776397">
        <ele>774.114990</ele>
        <time>2023-05-27T15:34:48.769Z</time>
      </trkpt>
      <trkpt lat="47.738346" lon="10.776565">
        <ele>773.503486</ele>
        <time>2023-05-27T15:34:51.417Z</time>
      </trkpt>
      <trkpt lat="47.738317" lon="10.776664">
        <ele>773.322207</ele>
        <time>2023-05-27T15:34:52.223Z</time>
      </trkpt>
      <trkpt lat="47.738220" lon="10.776983">
        <ele>772.750323</ele>
        <time>2023-05-27T15:34:54.848Z</time>
      </trkpt>
      <trkpt lat="47.738194" lon="10.777072">
        <ele>772.591815</ele>
        <time>2023-05-27T15:34:55.547Z</time>
      </trkpt>
      <trkpt lat="47.737965" lon="10.777898">
        <ele>771.132364</ele>
        <time>2023-05-27T15:35:01.960Z</time>
      </trkpt>
      <trkpt lat="47.737952" lon="10.777924">
        <ele>771.079440</ele>
        <time>2023-05-27T15:35:02.192Z</time>
      </trkpt>
      <trkpt lat="47.737929" lon="10.777971">
        <ele>770.984490</ele>
        <time>2023-05-27T15:35:02.587Z</time>
      </trkpt>
      <trkpt lat="47.737889" lon="10.778020">
        <ele>770.858606</ele>
        <time>2023-05-27T15:35:03.108Z</time>
      </trkpt>
      <trkpt lat="47.737842" lon="10.778063">
        <ele>770.724565</ele>
        <time>2023-05-27T15:35:03.682Z</time>
      </trkpt>
      <trkpt lat="47.737733" lon="10.778087">
        <ele>770.456921</ele>
        <time>2023-05-27T15:35:04.837Z</time>
      </trkpt>
      <trkpt lat="47.737665" lon="10.778084">
        <ele>770.291679</ele>
        <time>2023-05-27T15:35:05.539Z</time>
      </trkpt>
      <trkpt lat="47.737597" lon="10.778081">
        <ele>770.126436</ele>
        <time>2023-05-27T15:35:06.238Z</time>
      </trkpt>
      <trkpt lat="47.737554" lon="10.778079">
        <ele>770.021940</ele>
        <time>2023-05-27T15:35:06.669Z</time>
      </trkpt>
      <trkpt lat="47.737460" lon="10.778056">
        <ele>769.790546</ele>
        <time>2023-05-27T15:35:07.651Z</time>
      </trkpt>
      <trkpt lat="47.737174" lon="10.777953">
        <ele>769.075776</ele>
        <time>2023-05-27T15:35:10.751Z</time>
      </trkpt>
      <trkpt lat="47.737083" lon="10.777954">
        <ele>768.910270</ele>
        <time>2023-05-27T15:35:11.715Z</time>
      </trkpt>
      <trkpt lat="47.737037" lon="10.777986">
        <ele>768.841293</ele>
        <time>2023-05-27T15:35:12.256Z</time>
      </trkpt>
      <trkpt lat="47.737005" lon="10.778008">
        <ele>768.793410</ele>
        <time>2023-05-27T15:35:12.649Z</time>
      </trkpt>
      <trkpt lat="47.736960" lon="10.778145">
        <ele>768.654142</ele>
        <time>2023-05-27T15:35:13.758Z</time>
      </trkpt>
      <trkpt lat="47.736889" lon="10.778260">
        <ele>768.511546</ele>
        <time>2023-05-27T15:35:14.866Z</time>
      </trkpt>
      <trkpt lat="47.736803" lon="10.778358">
        <ele>768.364384</ele>
        <time>2023-05-27T15:35:16.021Z</time>
      </trkpt>
      <trkpt lat="47.736605" lon="10.778472">
        <ele>768.076005</ele>
        <time>2023-05-27T15:35:18.337Z</time>
      </trkpt>
      <trkpt lat="47.736337" lon="10.778594">
        <ele>767.695332</ele>
        <time>2023-05-27T15:35:21.434Z</time>
      </trkpt>
      <trkpt lat="47.736134" lon="10.778788">
        <ele>767.367581</ele>
        <time>2023-05-27T15:35:24.240Z</time>
      </trkpt>
      <trkpt lat="47.735921" lon="10.779000">
        <ele>767.019453</ele>
        <time>2023-05-27T15:35:27.396Z</time>
      </trkpt>
      <trkpt lat="47.735726" lon="10.779162">
        <ele>766.716068</ele>
        <time>2023-05-27T15:35:30.373Z</time>
      </trkpt>
      <trkpt lat="47.735586" lon="10.779267">
        <ele>766.573778</ele>
        <time>2023-05-27T15:35:32.700Z</time>
      </trkpt>
      <trkpt lat="47.735310" lon="10.779423">
        <ele>766.989467</ele>
        <time>2023-05-27T15:35:38.171Z</time>
      </trkpt>
      <trkpt lat="47.734975" lon="10.779651">
        <ele>767.508151</ele>
        <time>2023-05-27T15:35:45.766Z</time>
      </trkpt>
      <trkpt lat="47.734866" lon="10.779729">
        <ele>767.678452</ele>
        <time>2023-05-27T15:35:48.253Z</time>
      </trkpt>
      <trkpt lat="47.734675" lon="10.779875">
        <ele>767.980802</ele>
        <time>2023-05-27T15:35:53.475Z</time>
      </trkpt>
      <trkpt lat="47.734519" lon="10.779998">
        <ele>768.229393</ele>
        <time>2023-05-27T15:35:57.539Z</time>
      </trkpt>
      <trkpt lat="47.734372" lon="10.780113">
        <ele>768.463242</ele>
        <time>2023-05-27T15:36:01.638Z</time>
      </trkpt>
      <trkpt lat="47.734289" lon="10.780178">
        <ele>768.595309</ele>
        <time>2023-05-27T15:36:03.748Z</time>
      </trkpt>
      <trkpt lat="47.734053" lon="10.780369">
        <ele>768.973590</ele>
        <time>2023-05-27T15:36:10.195Z</time>
      </trkpt>
      <trkpt lat="47.734007" lon="10.780428">
        <ele>769.059116</ele>
        <time>2023-05-27T15:36:11.580Z</time>
      </trkpt>
      <trkpt lat="47.733635" lon="10.780977">
        <ele>768.927798</ele>
        <time>2023-05-27T15:36:22.212Z</time>
      </trkpt>
      <trkpt lat="47.733205" lon="10.781731">
        <ele>768.744727</ele>
        <time>2023-05-27T15:36:31.888Z</time>
      </trkpt>
      <trkpt lat="47.732941" lon="10.782117">
        <ele>768.642778</ele>
        <time>2023-05-27T15:36:36.095Z</time>
      </trkpt>
      <trkpt lat="47.732723" lon="10.782346">
        <ele>768.500607</ele>
        <time>2023-05-27T15:36:38.952Z</time>
      </trkpt>
      <trkpt lat="47.732556" lon="10.782480">
        <ele>767.791890</ele>
        <time>2023-05-27T15:36:41.819Z</time>
      </trkpt>
      <trkpt lat="47.732371" lon="10.782593">
        <ele>767.044947</ele>
        <time>2023-05-27T15:36:44.804Z</time>
      </trkpt>
      <trkpt lat="47.732199" lon="10.782666">
        <ele>766.376927</ele>
        <time>2023-05-27T15:36:47.394Z</time>
      </trkpt>
      <trkpt lat="47.731971" lon="10.782710">
        <ele>765.518285</ele>
        <time>2023-05-27T15:36:50.661Z</time>
      </trkpt>
      <trkpt lat="47.731970" lon="10.782710">
        <ele>765.514550</ele>
        <time>2023-05-27T15:36:50.682Z</time>
      </trkpt>
      <trkpt lat="47.731670" lon="10.782716">
        <ele>764.394054</ele>
        <time>2023-05-27T15:36:54.860Z</time>
      </trkpt>
      <trkpt lat="47.731464" lon="10.782673">
        <ele>763.617171</ele>
        <time>2023-05-27T15:36:57.682Z</time>
      </trkpt>
      <trkpt lat="47.730960" lon="10.782481">
        <ele>761.683655</ele>
        <time>2023-05-27T15:37:04.748Z</time>
      </trkpt>
      <trkpt lat="47.730484" lon="10.782318">
        <ele>759.954475</ele>
        <time>2023-05-27T15:37:11.526Z</time>
      </trkpt>
      <trkpt lat="47.730013" lon="10.782227">
        <ele>758.273095</ele>
        <time>2023-05-27T15:37:18.315Z</time>
      </trkpt>
      <trkpt lat="47.729678" lon="10.782207">
        <ele>757.086225</ele>
        <time>2023-05-27T15:37:23.182Z</time>
      </trkpt>
      <trkpt lat="47.728600" lon="10.782261">
        <ele>754.174575</ele>
        <time>2023-05-27T15:37:39.508Z</time>
      </trkpt>
      <trkpt lat="47.728476" lon="10.782268">
        <ele>753.914518</ele>
        <time>2023-05-27T15:37:40.924Z</time>
      </trkpt>
      <trkpt lat="47.728268" lon="10.782293">
        <ele>753.477186</ele>
        <time>2023-05-27T15:37:43.297Z</time>
      </trkpt>
      <trkpt lat="47.727991" lon="10.782317">
        <ele>752.895687</ele>
        <time>2023-05-27T15:37:46.468Z</time>
      </trkpt>
      <trkpt lat="47.727637" lon="10.782335">
        <ele>752.153368</ele>
        <time>2023-05-27T15:37:50.398Z</time>
      </trkpt>
      <trkpt lat="47.727603" lon="10.781903">
        <ele>751.579963</ele>
        <time>2023-05-27T15:37:53.582Z</time>
      </trkpt>
      <trkpt lat="47.727589" lon="10.781483">
        <ele>751.117678</ele>
        <time>2023-05-27T15:37:56.672Z</time>
      </trkpt>
      <trkpt lat="47.727608" lon="10.780931">
        <ele>750.510054</ele>
        <time>2023-05-27T15:38:00.743Z</time>
      </trkpt>
      <trkpt lat="47.727682" lon="10.780281">
        <ele>749.785328</ele>
        <time>2023-05-27T15:38:05.753Z</time>
      </trkpt>
      <trkpt lat="47.727674" lon="10.780060">
        <ele>749.542024</ele>
        <time>2023-05-27T15:38:07.498Z</time>
      </trkpt>
      <trkpt lat="47.727643" lon="10.779845">
        <ele>749.300300</ele>
        <time>2023-05-27T15:38:09.230Z</time>
      </trkpt>
      <trkpt lat="47.727337" lon="10.778536">
        <ele>748.666768</ele>
        <time>2023-05-27T15:38:20.429Z</time>
      </trkpt>
      <trkpt lat="47.726848" lon="10.777112">
        <ele>748.466542</ele>
        <time>2023-05-27T15:38:37.797Z</time>
      </trkpt>
      <trkpt lat="47.726476" lon="10.776054">
        <ele>748.981478</ele>
        <time>2023-05-27T15:38:51.074Z</time>
      </trkpt>
      <trkpt lat="47.726332" lon="10.775773">
        <ele>749.164611</ele>
        <time>2023-05-27T15:38:55.110Z</time>
      </trkpt>
      <trkpt lat="47.726183" lon="10.775572">
        <ele>749.319674</ele>
        <time>2023-05-27T15:38:58.457Z</time>
      </trkpt>
      <trkpt lat="47.725400" lon="10.774829">
        <ele>750.454431</ele>
        <time>2023-05-27T15:39:16.286Z</time>
      </trkpt>
      <trkpt lat="47.724920" lon="10.774444">
        <ele>751.741749</ele>
        <time>2023-05-27T15:39:29.047Z</time>
      </trkpt>
      <trkpt lat="47.724320" lon="10.774112">
        <ele>753.252837</ele>
        <time>2023-05-27T15:39:45.674Z</time>
      </trkpt>
      <trkpt lat="47.724193" lon="10.774034">
        <ele>753.577167</ele>
        <time>2023-05-27T15:39:49.426Z</time>
      </trkpt>
      <trkpt lat="47.723986" lon="10.773844">
        <ele>754.174785</ele>
        <time>2023-05-27T15:39:55.932Z</time>
      </trkpt>
      <trkpt lat="47.723763" lon="10.773527">
        <ele>755.134749</ele>
        <time>2023-05-27T15:40:04.506Z</time>
      </trkpt>
      <trkpt lat="47.723640" lon="10.773241">
        <ele>755.845198</ele>
        <time>2023-05-27T15:40:11.121Z</time>
      </trkpt>
      <trkpt lat="47.723509" lon="10.772719">
        <ele>757.011257</ele>
        <time>2023-05-27T15:40:21.817Z</time>
      </trkpt>
      <trkpt lat="47.723480" lon="10.772305">
        <ele>757.882417</ele>
        <time>2023-05-27T15:40:31.246Z</time>
      </trkpt>
      <trkpt lat="47.723483" lon="10.771904">
        <ele>758.721737</ele>
        <time>2023-05-27T15:40:40.440Z</time>
      </trkpt>
      <trkpt lat="47.723523" lon="10.771518">
        <ele>759.539140</ele>
        <time>2023-05-27T15:40:48.983Z</time>
      </trkpt>
      <trkpt lat="47.723649" lon="10.770799">
        <ele>760.578350</ele>
        <time>2023-05-27T15:41:03.485Z</time>
      </trkpt>
      <trkpt lat="47.723681" lon="10.770402">
        <ele>761.111289</ele>
        <time>2023-05-27T15:41:10.547Z</time>
      </trkpt>
      <trkpt lat="47.723671" lon="10.770022">
        <ele>761.618172</ele>
        <time>2023-05-27T15:41:17.266Z</time>
      </trkpt>
      <trkpt lat="47.723614" lon="10.769629">
        <ele>762.154031</ele>
        <time>2023-05-27T15:41:24.565Z</time>
      </trkpt>
      <trkpt lat="47.723382" lon="10.769054">
        <ele>763.047725</ele>
        <time>2023-05-27T15:41:37.047Z</time>
      </trkpt>
      <trkpt lat="47.723005" lon="10.768384">
        <ele>764.192129</ele>
        <time>2023-05-27T15:41:53.506Z</time>
      </trkpt>
      <trkpt lat="47.721236" lon="10.765799">
        <ele>769.408605</ele>
        <time>2023-05-27T15:43:02.871Z</time>
      </trkpt>
      <trkpt lat="47.720959" lon="10.765511">
        <ele>770.180383</ele>
        <time>2023-05-27T15:43:13.394Z</time>
      </trkpt>
      <trkpt lat="47.720905" lon="10.765467">
        <ele>770.320980</ele>
        <time>2023-05-27T15:43:15.294Z</time>
      </trkpt>
      <trkpt lat="47.720477" lon="10.765133">
        <ele>771.858914</ele>
        <time>2023-05-27T15:43:30.807Z</time>
      </trkpt>
      <trkpt lat="47.720314" lon="10.764928">
        <ele>772.705580</ele>
        <time>2023-05-27T15:43:37.916Z</time>
      </trkpt>
      <trkpt lat="47.719967" lon="10.764400">
        <ele>774.674669</ele>
        <time>2023-05-27T15:43:54.613Z</time>
      </trkpt>
      <trkpt lat="47.719878" lon="10.764210">
        <ele>775.292295</ele>
        <time>2023-05-27T15:44:00.309Z</time>
      </trkpt>
      <trkpt lat="47.719347" lon="10.762505">
        <ele>781.348388</ele>
        <time>2023-05-27T15:44:51.682Z</time>
      </trkpt>
      <trkpt lat="47.719292" lon="10.762139">
        <ele>782.795722</ele>
        <time>2023-05-27T15:45:02.830Z</time>
      </trkpt>
      <trkpt lat="47.719265" lon="10.761114">
        <ele>786.754601</ele>
        <time>2023-05-27T15:45:34.044Z</time>
      </trkpt>
      <trkpt lat="47.719225" lon="10.760709">
        <ele>788.323744</ele>
        <time>2023-05-27T15:45:46.302Z</time>
      </trkpt>
      <trkpt lat="47.719161" lon="10.760374">
        <ele>789.374625</ele>
        <time>2023-05-27T15:45:56.496Z</time>
      </trkpt>
      <trkpt lat="47.718988" lon="10.759920">
        <ele>790.949137</ele>
        <time>2023-05-27T15:46:11.473Z</time>
      </trkpt>
      <trkpt lat="47.718855" lon="10.759731">
        <ele>791.774470</ele>
        <time>2023-05-27T15:46:18.909Z</time>
      </trkpt>
      <trkpt lat="47.718701" lon="10.759570">
        <ele>792.618976</ele>
        <time>2023-05-27T15:46:26.289Z</time>
      </trkpt>
      <trkpt lat="47.718481" lon="10.759410">
        <ele>793.717563</ele>
        <time>2023-05-27T15:46:35.547Z</time>
      </trkpt>
      <trkpt lat="47.717332" lon="10.759002">
        <ele>797.334022</ele>
        <time>2023-05-27T15:47:13.557Z</time>
      </trkpt>
      <trkpt lat="47.717186" lon="10.758871">
        <ele>797.615736</ele>
        <time>2023-05-27T15:47:17.919Z</time>
      </trkpt>
      <trkpt lat="47.717049" lon="10.758582">
        <ele>798.008645</ele>
        <time>2023-05-27T15:47:23.837Z</time>
      </trkpt>
      <trkpt lat="47.716858" lon="10.758141">
        <ele>798.591538</ele>
        <time>2023-05-27T15:47:31.980Z</time>
      </trkpt>
      <trkpt lat="47.716720" lon="10.757882">
        <ele>798.958720</ele>
        <time>2023-05-27T15:47:36.934Z</time>
      </trkpt>
      <trkpt lat="47.716529" lon="10.757615">
        <ele>799.402951</ele>
        <time>2023-05-27T15:47:42.970Z</time>
      </trkpt>
      <trkpt lat="47.716314" lon="10.757375">
        <ele>799.920227</ele>
        <time>2023-05-27T15:47:49.546Z</time>
      </trkpt>
      <trkpt lat="47.716140" lon="10.757247">
        <ele>800.293722</ele>
        <time>2023-05-27T15:47:54.258Z</time>
      </trkpt>
      <trkpt lat="47.716095" lon="10.757189">
        <ele>800.408309</ele>
        <time>2023-05-27T15:47:55.720Z</time>
      </trkpt>
      <trkpt lat="47.715991" lon="10.756869">
        <ele>800.868289</ele>
        <time>2023-05-27T15:48:01.801Z</time>
      </trkpt>
      <trkpt lat="47.715921" lon="10.756363">
        <ele>801.536927</ele>
        <time>2023-05-27T15:48:11.317Z</time>
      </trkpt>
      <trkpt lat="47.715865" lon="10.756147">
        <ele>801.836544</ele>
        <time>2023-05-27T15:48:15.919Z</time>
      </trkpt>
      <trkpt lat="47.715404" lon="10.755076">
        <ele>804.337304</ele>
        <time>2023-05-27T15:48:44.034Z</time>
      </trkpt>
      <trkpt lat="47.715097" lon="10.754456">
        <ele>806.555117</ele>
        <time>2023-05-27T15:49:03.238Z</time>
      </trkpt>
      <trkpt lat="47.715017" lon="10.754190">
        <ele>807.394544</ele>
        <time>2023-05-27T15:49:10.832Z</time>
      </trkpt>
      <trkpt lat="47.714926" lon="10.753727">
        <ele>808.784204</ele>
        <time>2023-05-27T15:49:23.855Z</time>
      </trkpt>
      <trkpt lat="47.714927" lon="10.753394">
        <ele>809.743592</ele>
        <time>2023-05-27T15:49:32.932Z</time>
      </trkpt>
      <trkpt lat="47.714974" lon="10.753211">
        <ele>810.307924</ele>
        <time>2023-05-27T15:49:38.373Z</time>
      </trkpt>
      <trkpt lat="47.715147" lon="10.752807">
        <ele>811.620392</ele>
        <time>2023-05-27T15:49:51.613Z</time>
      </trkpt>
      <trkpt lat="47.715188" lon="10.752637">
        <ele>812.111568</ele>
        <time>2023-05-27T15:49:56.375Z</time>
      </trkpt>
      <trkpt lat="47.715238" lon="10.751969">
        <ele>813.939610</ele>
        <time>2023-05-27T15:50:13.348Z</time>
      </trkpt>
      <trkpt lat="47.715238" lon="10.751717">
        <ele>814.625002</ele>
        <time>2023-05-27T15:50:19.292Z</time>
      </trkpt>
      <trkpt lat="47.715201" lon="10.751452">
        <ele>815.361107</ele>
        <time>2023-05-27T15:50:25.238Z</time>
      </trkpt>
      <trkpt lat="47.715162" lon="10.751328">
        <ele>815.733394</ele>
        <time>2023-05-27T15:50:28.241Z</time>
      </trkpt>
      <trkpt lat="47.714917" lon="10.750941">
        <ele>817.178657</ele>
        <time>2023-05-27T15:50:39.868Z</time>
      </trkpt>
      <trkpt lat="47.714590" lon="10.750223">
        <ele>819.111745</ele>
        <time>2023-05-27T15:51:00.383Z</time>
      </trkpt>
      <trkpt lat="47.714397" lon="10.749315">
        <ele>821.083005</ele>
        <time>2023-05-27T15:51:23.457Z</time>
      </trkpt>
      <trkpt lat="47.714356" lon="10.749230">
        <ele>821.299515</ele>
        <time>2023-05-27T15:51:25.789Z</time>
      </trkpt>
      <trkpt lat="47.714300" lon="10.749185">
        <ele>821.495386</ele>
        <time>2023-05-27T15:51:27.993Z</time>
      </trkpt>
      <trkpt lat="47.714211" lon="10.749174">
        <ele>821.770166</ele>
        <time>2023-05-27T15:51:31.059Z</time>
      </trkpt>
      <trkpt lat="47.713779" lon="10.749172">
        <ele>823.099348</ele>
        <time>2023-05-27T15:51:43.730Z</time>
      </trkpt>
      <trkpt lat="47.713626" lon="10.749252">
        <ele>823.313267</ele>
        <time>2023-05-27T15:51:47.720Z</time>
      </trkpt>
      <trkpt lat="47.713253" lon="10.749764">
        <ele>823.424641</ele>
        <time>2023-05-27T15:51:59.151Z</time>
      </trkpt>
      <trkpt lat="47.713085" lon="10.749965">
        <ele>823.471948</ele>
        <time>2023-05-27T15:52:04.036Z</time>
      </trkpt>
      <trkpt lat="47.712814" lon="10.750220">
        <ele>823.542304</ele>
        <time>2023-05-27T15:52:11.324Z</time>
      </trkpt>
      <trkpt lat="47.712556" lon="10.750590">
        <ele>823.620947</ele>
        <time>2023-05-27T15:52:18.138Z</time>
      </trkpt>
      <trkpt lat="47.712482" lon="10.750633">
        <ele>823.638375</ele>
        <time>2023-05-27T15:52:19.409Z</time>
      </trkpt>
      <trkpt lat="47.712374" lon="10.750614">
        <ele>823.662230</ele>
        <time>2023-05-27T15:52:21.238Z</time>
      </trkpt>
      <trkpt lat="47.712074" lon="10.750243">
        <ele>823.445630</ele>
        <time>2023-05-27T15:52:27.743Z</time>
      </trkpt>
      <trkpt lat="47.711841" lon="10.749802">
        <ele>823.124521</ele>
        <time>2023-05-27T15:52:33.820Z</time>
      </trkpt>
      <trkpt lat="47.711635" lon="10.749345">
        <ele>822.809502</ele>
        <time>2023-05-27T15:52:39.855Z</time>
      </trkpt>
      <trkpt lat="47.711016" lon="10.747405">
        <ele>821.949911</ele>
        <time>2023-05-27T15:53:08.687Z</time>
      </trkpt>
      <trkpt lat="47.710914" lon="10.747217">
        <ele>821.900582</ele>
        <time>2023-05-27T15:53:11.970Z</time>
      </trkpt>
      <trkpt lat="47.710769" lon="10.747040">
        <ele>821.843620</ele>
        <time>2023-05-27T15:53:15.799Z</time>
      </trkpt>
      <trkpt lat="47.710439" lon="10.746767">
        <ele>821.728969</ele>
        <time>2023-05-27T15:53:23.192Z</time>
      </trkpt>
      <trkpt lat="47.709429" lon="10.745661">
        <ele>820.530788</ele>
        <time>2023-05-27T15:53:45.202Z</time>
      </trkpt>
      <trkpt lat="47.709182" lon="10.745503">
        <ele>820.193442</ele>
        <time>2023-05-27T15:53:49.730Z</time>
      </trkpt>
      <trkpt lat="47.708912" lon="10.745444">
        <ele>819.851085</ele>
        <time>2023-05-27T15:53:54.424Z</time>
      </trkpt>
      <trkpt lat="47.708775" lon="10.745363">
        <ele>819.666116</ele>
        <time>2023-05-27T15:53:56.929Z</time>
      </trkpt>
      <trkpt lat="47.708468" lon="10.745088">
        <ele>819.015365</ele>
        <time>2023-05-27T15:54:02.672Z</time>
      </trkpt>
      <trkpt lat="47.708350" lon="10.744947">
        <ele>818.545032</ele>
        <time>2023-05-27T15:54:04.947Z</time>
      </trkpt>
      <trkpt lat="47.708280" lon="10.744708">
        <ele>818.000196</ele>
        <time>2023-05-27T15:54:07.551Z</time>
      </trkpt>
      <trkpt lat="47.708235" lon="10.744248">
        <ele>817.028581</ele>
        <time>2023-05-27T15:54:12.013Z</time>
      </trkpt>
      <trkpt lat="47.708089" lon="10.743680">
        <ele>815.757656</ele>
        <time>2023-05-27T15:54:17.753Z</time>
      </trkpt>
      <trkpt lat="47.707846" lon="10.743424">
        <ele>814.832400</ele>
        <time>2023-05-27T15:54:22.013Z</time>
      </trkpt>
      <trkpt lat="47.707291" lon="10.742995">
        <ele>812.827011</ele>
        <time>2023-05-27T15:54:31.276Z</time>
      </trkpt>
      <trkpt lat="47.707181" lon="10.742750">
        <ele>812.167720</ele>
        <time>2023-05-27T15:54:34.246Z</time>
      </trkpt>
      <trkpt lat="47.707063" lon="10.742395">
        <ele>811.281401</ele>
        <time>2023-05-27T15:54:38.116Z</time>
      </trkpt>
      <trkpt lat="47.706913" lon="10.741782">
        <ele>809.821306</ele>
        <time>2023-05-27T15:54:44.312Z</time>
      </trkpt>
      <trkpt lat="47.706752" lon="10.741220">
        <ele>808.454019</ele>
        <time>2023-05-27T15:54:50.166Z</time>
      </trkpt>
      <trkpt lat="47.706648" lon="10.740953">
        <ele>807.761564</ele>
        <time>2023-05-27T15:54:53.161Z</time>
      </trkpt>
      <trkpt lat="47.706389" lon="10.740585">
        <ele>806.451634</ele>
        <time>2023-05-27T15:54:58.513Z</time>
      </trkpt>
      <trkpt lat="47.706262" lon="10.740501">
        <ele>805.943466</ele>
        <time>2023-05-27T15:55:00.626Z</time>
      </trkpt>
      <trkpt lat="47.705829" lon="10.740340">
        <ele>804.311801</ele>
        <time>2023-05-27T15:55:07.220Z</time>
      </trkpt>
      <trkpt lat="47.704807" lon="10.739160">
        <ele>799.353774</ele>
        <time>2023-05-27T15:55:25.126Z</time>
      </trkpt>
      <trkpt lat="47.704608" lon="10.739061">
        <ele>798.479640</ele>
        <time>2023-05-27T15:55:28.013Z</time>
      </trkpt>
      <trkpt lat="47.704400" lon="10.739012">
        <ele>797.602418</ele>
        <time>2023-05-27T15:55:30.899Z</time>
      </trkpt>
      <trkpt lat="47.704000" lon="10.738843">
        <ele>795.870221</ele>
        <time>2023-05-27T15:55:36.636Z</time>
      </trkpt>
      <trkpt lat="47.703808" lon="10.738812">
        <ele>795.065757</ele>
        <time>2023-05-27T15:55:39.330Z</time>
      </trkpt>
      <trkpt lat="47.702728" lon="10.738791">
        <ele>791.494449</ele>
        <time>2023-05-27T15:55:54.968Z</time>
      </trkpt>
      <trkpt lat="47.702498" lon="10.738822">
        <ele>790.815923</ele>
        <time>2023-05-27T15:55:58.401Z</time>
      </trkpt>
      <trkpt lat="47.702115" lon="10.738779">
        <ele>789.687444</ele>
        <time>2023-05-27T15:56:04.154Z</time>
      </trkpt>
      <trkpt lat="47.701614" lon="10.738357">
        <ele>788.113903</ele>
        <time>2023-05-27T15:56:12.906Z</time>
      </trkpt>
      <trkpt lat="47.701323" lon="10.738179">
        <ele>787.440973</ele>
        <time>2023-05-27T15:56:17.761Z</time>
      </trkpt>
      <trkpt lat="47.700974" lon="10.738140">
        <ele>786.692574</ele>
        <time>2023-05-27T15:56:23.279Z</time>
      </trkpt>
      <trkpt lat="47.700565" lon="10.738159">
        <ele>785.817553</ele>
        <time>2023-05-27T15:56:29.776Z</time>
      </trkpt>
      <trkpt lat="47.699919" lon="10.737951">
        <ele>784.475295</ele>
        <time>2023-05-27T15:56:40.138Z</time>
      </trkpt>
      <trkpt lat="47.699467" lon="10.737916">
        <ele>783.889320</ele>
        <time>2023-05-27T15:56:47.164Z</time>
      </trkpt>
      <trkpt lat="47.699332" lon="10.737936">
        <ele>783.713676</ele>
        <time>2023-05-27T15:56:49.330Z</time>
      </trkpt>
      <trkpt lat="47.698568" lon="10.738053">
        <ele>782.719324</ele>
        <time>2023-05-27T15:57:02.049Z</time>
      </trkpt>
      <trkpt lat="47.698310" lon="10.738136">
        <ele>782.377565</ele>
        <time>2023-05-27T15:57:06.993Z</time>
      </trkpt>
      <trkpt lat="47.697767" lon="10.738107">
        <ele>782.641288</ele>
        <time>2023-05-27T15:57:18.799Z</time>
      </trkpt>
      <trkpt lat="47.697642" lon="10.738060">
        <ele>782.751857</ele>
        <time>2023-05-27T15:57:21.618Z</time>
      </trkpt>
      <trkpt lat="47.697179" lon="10.737674">
        <ele>783.207119</ele>
        <time>2023-05-27T15:57:33.914Z</time>
      </trkpt>
      <trkpt lat="47.696452" lon="10.737356">
        <ele>783.960620</ele>
        <time>2023-05-27T15:57:53.756Z</time>
      </trkpt>
      <trkpt lat="47.696129" lon="10.737820">
        <ele>785.026100</ele>
        <time>2023-05-27T15:58:06.893Z</time>
      </trkpt>
      <trkpt lat="47.695823" lon="10.738020">
        <ele>785.818886</ele>
        <time>2023-05-27T15:58:17.065Z</time>
      </trkpt>
      <trkpt lat="47.695432" lon="10.738167">
        <ele>786.775361</ele>
        <time>2023-05-27T15:58:29.233Z</time>
      </trkpt>
      <trkpt lat="47.694572" lon="10.738273">
        <ele>788.978774</ele>
        <time>2023-05-27T15:58:55.340Z</time>
      </trkpt>
      <trkpt lat="47.694481" lon="10.738322">
        <ele>789.255832</ele>
        <time>2023-05-27T15:58:58.641Z</time>
      </trkpt>
      <trkpt lat="47.693959" lon="10.738770">
        <ele>790.981391</ele>
        <time>2023-05-27T15:59:19.159Z</time>
      </trkpt>
      <trkpt lat="47.693456" lon="10.739098">
        <ele>792.553758</ele>
        <time>2023-05-27T15:59:36.605Z</time>
      </trkpt>
      <trkpt lat="47.693241" lon="10.739345">
        <ele>793.264758</ele>
        <time>2023-05-27T15:59:44.761Z</time>
      </trkpt>
      <trkpt lat="47.693251" lon="10.739492">
        <ele>793.389988</ele>
        <time>2023-05-27T15:59:47.664Z</time>
      </trkpt>
      <trkpt lat="47.693230" lon="10.739703">
        <ele>793.570774</ele>
        <time>2023-05-27T15:59:51.837Z</time>
      </trkpt>
      <trkpt lat="47.693075" lon="10.740095">
        <ele>793.956117</ele>
        <time>2023-05-27T16:00:00.498Z</time>
      </trkpt>
      <trkpt lat="47.692631" lon="10.740984">
        <ele>794.894400</ele>
        <time>2023-05-27T16:00:20.343Z</time>
      </trkpt>
      <trkpt lat="47.692479" lon="10.741215">
        <ele>795.168208</ele>
        <time>2023-05-27T16:00:25.371Z</time>
      </trkpt>
      <trkpt lat="47.692355" lon="10.741352">
        <ele>795.362799</ele>
        <time>2023-05-27T16:00:28.440Z</time>
      </trkpt>
      <trkpt lat="47.692039" lon="10.741533">
        <ele>794.967567</ele>
        <time>2023-05-27T16:00:34.485Z</time>
      </trkpt>
      <trkpt lat="47.691475" lon="10.741710">
        <ele>793.782866</ele>
        <time>2023-05-27T16:00:43.659Z</time>
      </trkpt>
      <trkpt lat="47.690633" lon="10.741923">
        <ele>792.027496</ele>
        <time>2023-05-27T16:00:56.437Z</time>
      </trkpt>
      <trkpt lat="47.690012" lon="10.742174">
        <ele>790.175349</ele>
        <time>2023-05-27T16:01:05.769Z</time>
      </trkpt>
      <trkpt lat="47.689944" lon="10.742277">
        <ele>789.877521</ele>
        <time>2023-05-27T16:01:07.154Z</time>
      </trkpt>
      <trkpt lat="47.689658" lon="10.744278">
        <ele>785.812198</ele>
        <time>2023-05-27T16:01:27.427Z</time>
      </trkpt>
      <trkpt lat="47.689590" lon="10.744623">
        <ele>785.261844</ele>
        <time>2023-05-27T16:01:31.044Z</time>
      </trkpt>
      <trkpt lat="47.689211" lon="10.745755">
        <ele>783.326279</ele>
        <time>2023-05-27T16:01:43.776Z</time>
      </trkpt>
      <trkpt lat="47.688825" lon="10.746601">
        <ele>782.267819</ele>
        <time>2023-05-27T16:01:55.141Z</time>
      </trkpt>
      <trkpt lat="47.688789" lon="10.746653">
        <ele>782.293860</ele>
        <time>2023-05-27T16:01:56.144Z</time>
      </trkpt>
      <trkpt lat="47.688746" lon="10.746717">
        <ele>782.325428</ele>
        <time>2023-05-27T16:01:57.307Z</time>
      </trkpt>
      <trkpt lat="47.688660" lon="10.746781">
        <ele>782.375313</ele>
        <time>2023-05-27T16:01:59.136Z</time>
      </trkpt>
      <trkpt lat="47.688553" lon="10.746811">
        <ele>782.431785</ele>
        <time>2023-05-27T16:02:01.478Z</time>
      </trkpt>
      <trkpt lat="47.687938" lon="10.746921">
        <ele>782.753039</ele>
        <time>2023-05-27T16:02:16.223Z</time>
      </trkpt>
      <trkpt lat="47.687866" lon="10.747005">
        <ele>782.800519</ele>
        <time>2023-05-27T16:02:18.199Z</time>
      </trkpt>
      <trkpt lat="47.687833" lon="10.747131">
        <ele>782.847719</ele>
        <time>2023-05-27T16:02:20.447Z</time>
      </trkpt>
      <trkpt lat="47.687839" lon="10.747525">
        <ele>782.985307</ele>
        <time>2023-05-27T16:02:27.164Z</time>
      </trkpt>
      <trkpt lat="47.687676" lon="10.748095">
        <ele>782.964326</ele>
        <time>2023-05-27T16:02:38.878Z</time>
      </trkpt>
      <trkpt lat="47.687585" lon="10.748926">
        <ele>782.523509</ele>
        <time>2023-05-27T16:02:53.237Z</time>
      </trkpt>
      <trkpt lat="47.687566" lon="10.749205">
        <ele>782.376684</ele>
        <time>2023-05-27T16:02:55.848Z</time>
      </trkpt>
      <trkpt lat="47.687594" lon="10.749810">
        <ele>782.059168</ele>
        <time>2023-05-27T16:03:00.632Z</time>
      </trkpt>
      <trkpt lat="47.687587" lon="10.750059">
        <ele>781.928682</ele>
        <time>2023-05-27T16:03:02.433Z</time>
      </trkpt>
      <trkpt lat="47.687525" lon="10.750216">
        <ele>781.833379</ele>
        <time>2023-05-27T16:03:03.647Z</time>
      </trkpt>
      <trkpt lat="47.687428" lon="10.750336">
        <ele>781.735198</ele>
        <time>2023-05-27T16:03:04.904Z</time>
      </trkpt>
      <trkpt lat="47.687058" lon="10.750602">
        <ele>780.199198</ele>
        <time>2023-05-27T16:03:08.842Z</time>
      </trkpt>
      <trkpt lat="47.686524" lon="10.750900">
        <ele>777.908607</ele>
        <time>2023-05-27T16:03:14.207Z</time>
      </trkpt>
      <trkpt lat="47.686261" lon="10.750972">
        <ele>776.834748</ele>
        <time>2023-05-27T16:03:16.772Z</time>
      </trkpt>
      <trkpt lat="47.685900" lon="10.751132">
        <ele>775.322006</ele>
        <time>2023-05-27T16:03:20.401Z</time>
      </trkpt>
      <trkpt lat="47.685639" lon="10.751311">
        <ele>774.514554</ele>
        <time>2023-05-27T16:03:23.266Z</time>
      </trkpt>
      <trkpt lat="47.685470" lon="10.751468">
        <ele>774.588452</ele>
        <time>2023-05-27T16:03:25.406Z</time>
      </trkpt>
      <trkpt lat="47.685412" lon="10.751488">
        <ele>774.610526</ele>
        <time>2023-05-27T16:03:26.094Z</time>
      </trkpt>
      <trkpt lat="47.685304" lon="10.751464">
        <ele>774.651011</ele>
        <time>2023-05-27T16:03:27.343Z</time>
      </trkpt>
      <trkpt lat="47.685013" lon="10.751134">
        <ele>774.786740</ele>
        <time>2023-05-27T16:03:32.784Z</time>
      </trkpt>
      <trkpt lat="47.684914" lon="10.751105">
        <ele>774.824149</ele>
        <time>2023-05-27T16:03:34.638Z</time>
      </trkpt>
      <trkpt lat="47.684813" lon="10.751118">
        <ele>774.861733</ele>
        <time>2023-05-27T16:03:36.894Z</time>
      </trkpt>
      <trkpt lat="47.684461" lon="10.751378">
        <ele>775.007475</ele>
        <time>2023-05-27T16:03:45.973Z</time>
      </trkpt>
      <trkpt lat="47.684536" lon="10.751637">
        <ele>775.077844</ele>
        <time>2023-05-27T16:03:50.544Z</time>
      </trkpt>
      <trkpt lat="47.684018" lon="10.751967">
        <ele>775.902231</ele>
        <time>2023-05-27T16:04:05.355Z</time>
      </trkpt>
      <trkpt lat="47.683523" lon="10.752700">
        <ele>777.344846</ele>
        <time>2023-05-27T16:04:22.886Z</time>
      </trkpt>
      <trkpt lat="47.683340" lon="10.752877">
        <ele>777.795566</ele>
        <time>2023-05-27T16:04:27.755Z</time>
      </trkpt>
      <trkpt lat="47.683208" lon="10.752944">
        <ele>778.083475</ele>
        <time>2023-05-27T16:04:31.190Z</time>
      </trkpt>
      <trkpt lat="47.682470" lon="10.753041">
        <ele>779.038424</ele>
        <time>2023-05-27T16:04:45.169Z</time>
      </trkpt>
      <trkpt lat="47.681553" lon="10.753025">
        <ele>779.478705</ele>
        <time>2023-05-27T16:04:58.284Z</time>
      </trkpt>
      <trkpt lat="47.681435" lon="10.752976">
        <ele>779.537529</ele>
        <time>2023-05-27T16:04:59.962Z</time>
      </trkpt>
      <trkpt lat="47.681139" lon="10.753011">
        <ele>779.680088</ele>
        <time>2023-05-27T16:05:04.776Z</time>
      </trkpt>
      <trkpt lat="47.680638" lon="10.753255">
        <ele>780.785018</ele>
        <time>2023-05-27T16:05:15.161Z</time>
      </trkpt>
      <trkpt lat="47.680375" lon="10.753313">
        <ele>781.442246</ele>
        <time>2023-05-27T16:05:21.460Z</time>
      </trkpt>
      <trkpt lat="47.680056" lon="10.753651">
        <ele>782.410848</ele>
        <time>2023-05-27T16:05:32.225Z</time>
      </trkpt>
      <trkpt lat="47.679321" lon="10.752807">
        <ele>784.758945</ele>
        <time>2023-05-27T16:05:58.955Z</time>
      </trkpt>
      <trkpt lat="47.679012" lon="10.752368">
        <ele>785.918199</ele>
        <time>2023-05-27T16:06:09.776Z</time>
      </trkpt>
      <trkpt lat="47.678747" lon="10.751881">
        <ele>787.061152</ele>
        <time>2023-05-27T16:06:20.705Z</time>
      </trkpt>
      <trkpt lat="47.678545" lon="10.751318">
        <ele>788.225620</ele>
        <time>2023-05-27T16:06:31.519Z</time>
      </trkpt>
      <trkpt lat="47.678437" lon="10.750876">
        <ele>789.073717</ele>
        <time>2023-05-27T16:06:39.133Z</time>
      </trkpt>
      <trkpt lat="47.678363" lon="10.750402">
        <ele>789.693882</ele>
        <time>2023-05-27T16:06:46.794Z</time>
      </trkpt>
      <trkpt lat="47.678055" lon="10.747717">
        <ele>792.595414</ele>
        <time>2023-05-27T16:07:27.473Z</time>
      </trkpt>
      <trkpt lat="47.677954" lon="10.747082">
        <ele>792.759787</ele>
        <time>2023-05-27T16:07:35.378Z</time>
      </trkpt>
      <trkpt lat="47.677863" lon="10.746607">
        <ele>792.884199</ele>
        <time>2023-05-27T16:07:40.480Z</time>
      </trkpt>
      <trkpt lat="47.677618" lon="10.745660">
        <ele>793.150499</ele>
        <time>2023-05-27T16:07:49.269Z</time>
      </trkpt>
      <trkpt lat="47.677355" lon="10.744961">
        <ele>793.535748</ele>
        <time>2023-05-27T16:07:55.636Z</time>
      </trkpt>
      <trkpt lat="47.676725" lon="10.743254">
        <ele>794.751676</ele>
        <time>2023-05-27T16:08:20.457Z</time>
      </trkpt>
      <trkpt lat="47.675701" lon="10.740588">
        <ele>802.576308</ele>
        <time>2023-05-27T16:09:30.172Z</time>
      </trkpt>
      <trkpt lat="47.675454" lon="10.740170">
        <ele>803.430960</ele>
        <time>2023-05-27T16:09:39.929Z</time>
      </trkpt>
      <trkpt lat="47.675189" lon="10.739839">
        <ele>804.221244</ele>
        <time>2023-05-27T16:09:47.643Z</time>
      </trkpt>
      <trkpt lat="47.674563" lon="10.739265">
        <ele>805.877849</ele>
        <time>2023-05-27T16:10:02.110Z</time>
      </trkpt>
      <trkpt lat="47.674300" lon="10.738858">
        <ele>805.729618</ele>
        <time>2023-05-27T16:10:07.967Z</time>
      </trkpt>
      <trkpt lat="47.674137" lon="10.738583">
        <ele>805.633346</ele>
        <time>2023-05-27T16:10:11.210Z</time>
      </trkpt>
      <trkpt lat="47.673871" lon="10.738039">
        <ele>805.456680</ele>
        <time>2023-05-27T16:10:16.962Z</time>
      </trkpt>
      <trkpt lat="47.673599" lon="10.737067">
        <ele>805.180080</ele>
        <time>2023-05-27T16:10:25.623Z</time>
      </trkpt>
      <trkpt lat="47.673530" lon="10.736497">
        <ele>804.802043</ele>
        <time>2023-05-27T16:10:30.942Z</time>
      </trkpt>
      <trkpt lat="47.673509" lon="10.736080">
        <ele>804.528143</ele>
        <time>2023-05-27T16:10:34.500Z</time>
      </trkpt>
      <trkpt lat="47.673517" lon="10.735730">
        <ele>804.298758</ele>
        <time>2023-05-27T16:10:37.315Z</time>
      </trkpt>
      <trkpt lat="47.673661" lon="10.734736">
        <ele>803.632784</ele>
        <time>2023-05-27T16:10:45.493Z</time>
      </trkpt>
      <trkpt lat="47.673712" lon="10.734167">
        <ele>803.280400</ele>
        <time>2023-05-27T16:10:50.187Z</time>
      </trkpt>
      <trkpt lat="47.673715" lon="10.733709">
        <ele>803.021377</ele>
        <time>2023-05-27T16:10:53.911Z</time>
      </trkpt>
      <trkpt lat="47.673564" lon="10.731902">
        <ele>801.991628</ele>
        <time>2023-05-27T16:11:10.026Z</time>
      </trkpt>
      <trkpt lat="47.673438" lon="10.730838">
        <ele>800.644005</ele>
        <time>2023-05-27T16:11:18.526Z</time>
      </trkpt>
      <trkpt lat="47.673350" lon="10.729812">
        <ele>799.258581</ele>
        <time>2023-05-27T16:11:26.059Z</time>
      </trkpt>
      <trkpt lat="47.673371" lon="10.729501">
        <ele>798.839909</ele>
        <time>2023-05-27T16:11:28.304Z</time>
      </trkpt>
      <trkpt lat="47.673423" lon="10.729389">
        <ele>798.657680</ele>
        <time>2023-05-27T16:11:29.271Z</time>
      </trkpt>
      <trkpt lat="47.673515" lon="10.729258">
        <ele>798.404136</ele>
        <time>2023-05-27T16:11:30.546Z</time>
      </trkpt>
      <trkpt lat="47.673544" lon="10.729231">
        <ele>798.334549</ele>
        <time>2023-05-27T16:11:30.873Z</time>
      </trkpt>
      <trkpt lat="47.673399" lon="10.727671">
        <ele>795.579846</ele>
        <time>2023-05-27T16:11:46.475Z</time>
      </trkpt>
      <trkpt lat="47.673386" lon="10.727238">
        <ele>794.821668</ele>
        <time>2023-05-27T16:11:50.761Z</time>
      </trkpt>
      <trkpt lat="47.673369" lon="10.726671">
        <ele>793.828860</ele>
        <time>2023-05-27T16:11:55.049Z</time>
      </trkpt>
      <trkpt lat="47.673328" lon="10.726268">
        <ele>793.333245</ele>
        <time>2023-05-27T16:11:58.281Z</time>
      </trkpt>
      <trkpt lat="47.673270" lon="10.726056">
        <ele>793.090419</ele>
        <time>2023-05-27T16:12:00.039Z</time>
      </trkpt>
      <trkpt lat="47.673188" lon="10.725869">
        <ele>792.853615</ele>
        <time>2023-05-27T16:12:01.758Z</time>
      </trkpt>
      <trkpt lat="47.673146" lon="10.725683">
        <ele>792.645436</ele>
        <time>2023-05-27T16:12:03.281Z</time>
      </trkpt>
      <trkpt lat="47.673171" lon="10.725397">
        <ele>792.339398</ele>
        <time>2023-05-27T16:12:05.457Z</time>
      </trkpt>
      <trkpt lat="47.673367" lon="10.724640">
        <ele>791.478762</ele>
        <time>2023-05-27T16:12:11.730Z</time>
      </trkpt>
      <trkpt lat="47.673516" lon="10.724235">
        <ele>790.989030</ele>
        <time>2023-05-27T16:12:15.309Z</time>
      </trkpt>
      <trkpt lat="47.673703" lon="10.723857">
        <ele>790.621972</ele>
        <time>2023-05-27T16:12:18.988Z</time>
      </trkpt>
      <trkpt lat="47.673934" lon="10.723495">
        <ele>790.294608</ele>
        <time>2023-05-27T16:12:22.922Z</time>
      </trkpt>
      <trkpt lat="47.674376" lon="10.723005">
        <ele>789.756935</ele>
        <time>2023-05-27T16:12:29.562Z</time>
      </trkpt>
      <trkpt lat="47.674835" lon="10.722678">
        <ele>789.260679</ele>
        <time>2023-05-27T16:12:35.868Z</time>
      </trkpt>
      <trkpt lat="47.676521" lon="10.721810">
        <ele>788.846604</ele>
        <time>2023-05-27T16:13:01.702Z</time>
      </trkpt>
      <trkpt lat="47.676833" lon="10.721533">
        <ele>788.815319</ele>
        <time>2023-05-27T16:13:07.008Z</time>
      </trkpt>
      <trkpt lat="47.677040" lon="10.721293">
        <ele>788.811837</ele>
        <time>2023-05-27T16:13:10.904Z</time>
      </trkpt>
      <trkpt lat="47.677259" lon="10.721002">
        <ele>788.807940</ele>
        <time>2023-05-27T16:13:15.324Z</time>
      </trkpt>
      <trkpt lat="47.677512" lon="10.720553">
        <ele>788.802713</ele>
        <time>2023-05-27T16:13:21.327Z</time>
      </trkpt>
      <trkpt lat="47.679059" lon="10.717260">
        <ele>788.751861</ele>
        <time>2023-05-27T16:14:00.006Z</time>
      </trkpt>
      <trkpt lat="47.679344" lon="10.716655">
        <ele>789.070771</ele>
        <time>2023-05-27T16:14:08.294Z</time>
      </trkpt>
      <trkpt lat="47.679619" lon="10.716156">
        <ele>789.349282</ele>
        <time>2023-05-27T16:14:16.542Z</time>
      </trkpt>
      <trkpt lat="47.680045" lon="10.715613">
        <ele>789.709391</ele>
        <time>2023-05-27T16:14:26.490Z</time>
      </trkpt>
      <trkpt lat="47.680108" lon="10.715317">
        <ele>789.894904</ele>
        <time>2023-05-27T16:14:30.480Z</time>
      </trkpt>
      <trkpt lat="47.680105" lon="10.715043">
        <ele>790.089530</ele>
        <time>2023-05-27T16:14:33.761Z</time>
      </trkpt>
      <trkpt lat="47.680079" lon="10.714790">
        <ele>790.271298</ele>
        <time>2023-05-27T16:14:37.488Z</time>
      </trkpt>
      <trkpt lat="47.680070" lon="10.714737">
        <ele>790.310118</ele>
        <time>2023-05-27T16:14:38.399Z</time>
      </trkpt>
      <trkpt lat="47.680598" lon="10.714659">
        <ele>790.869846</ele>
        <time>2023-05-27T16:14:49.559Z</time>
      </trkpt>
      <trkpt lat="47.682185" lon="10.714631">
        <ele>791.494479</ele>
        <time>2023-05-27T16:15:17.574Z</time>
      </trkpt>
      <trkpt lat="47.682376" lon="10.714604">
        <ele>791.456310</ele>
        <time>2023-05-27T16:15:20.116Z</time>
      </trkpt>
      <trkpt lat="47.682612" lon="10.714492">
        <ele>791.407021</ele>
        <time>2023-05-27T16:15:23.315Z</time>
      </trkpt>
      <trkpt lat="47.682903" lon="10.714255">
        <ele>791.340999</ele>
        <time>2023-05-27T16:15:27.399Z</time>
      </trkpt>
      <trkpt lat="47.683341" lon="10.713803">
        <ele>790.782450</ele>
        <time>2023-05-27T16:15:33.559Z</time>
      </trkpt>
      <trkpt lat="47.684478" lon="10.712558">
        <ele>788.639712</ele>
        <time>2023-05-27T16:15:49.396Z</time>
      </trkpt>
      <trkpt lat="47.685205" lon="10.711702">
        <ele>788.113867</ele>
        <time>2023-05-27T16:16:01.256Z</time>
      </trkpt>
      <trkpt lat="47.685549" lon="10.711088">
        <ele>787.833766</ele>
        <time>2023-05-27T16:16:08.904Z</time>
      </trkpt>
      <trkpt lat="47.685738" lon="10.710595">
        <ele>787.634674</ele>
        <time>2023-05-27T16:16:14.575Z</time>
      </trkpt>
      <trkpt lat="47.686147" lon="10.709122">
        <ele>787.047096</ele>
        <time>2023-05-27T16:16:29.621Z</time>
      </trkpt>
      <trkpt lat="47.686302" lon="10.708755">
        <ele>786.887331</ele>
        <time>2023-05-27T16:16:33.307Z</time>
      </trkpt>
      <trkpt lat="47.686476" lon="10.708422">
        <ele>786.731884</ele>
        <time>2023-05-27T16:16:36.705Z</time>
      </trkpt>
      <trkpt lat="47.686685" lon="10.708103">
        <ele>786.581386</ele>
        <time>2023-05-27T16:16:40.261Z</time>
      </trkpt>
      <trkpt lat="47.686914" lon="10.707834">
        <ele>786.447171</ele>
        <time>2023-05-27T16:16:43.741Z</time>
      </trkpt>
      <trkpt lat="47.687340" lon="10.707430">
        <ele>786.214822</ele>
        <time>2023-05-27T16:16:49.919Z</time>
      </trkpt>
      <trkpt lat="47.687720" lon="10.707183">
        <ele>786.024136</ele>
        <time>2023-05-27T16:16:55.597Z</time>
      </trkpt>
      <trkpt lat="47.688496" lon="10.706989">
        <ele>786.174674</ele>
        <time>2023-05-27T16:17:08.977Z</time>
      </trkpt>
      <trkpt lat="47.688957" lon="10.706765">
        <ele>786.650773</ele>
        <time>2023-05-27T16:17:18.396Z</time>
      </trkpt>
      <trkpt lat="47.689407" lon="10.706469">
        <ele>787.133848</ele>
        <time>2023-05-27T16:17:28.791Z</time>
      </trkpt>
      <trkpt lat="47.690846" lon="10.704885">
        <ele>787.922615</ele>
        <time>2023-05-27T16:18:00.565Z</time>
      </trkpt>
      <trkpt lat="47.692380" lon="10.703204">
        <ele>786.806701</ele>
        <time>2023-05-27T16:18:24.003Z</time>
      </trkpt>
      <trkpt lat="47.693562" lon="10.702108">
        <ele>785.493447</ele>
        <time>2023-05-27T16:18:42.021Z</time>
      </trkpt>
      <trkpt lat="47.693605" lon="10.702068">
        <ele>785.444168</ele>
        <time>2023-05-27T16:18:42.677Z</time>
      </trkpt>
      <trkpt lat="47.695502" lon="10.700398">
        <ele>782.138242</ele>
        <time>2023-05-27T16:19:08.125Z</time>
      </trkpt>
      <trkpt lat="47.695770" lon="10.700262">
        <ele>781.641044</ele>
        <time>2023-05-27T16:19:11.105Z</time>
      </trkpt>
      <trkpt lat="47.696060" lon="10.700157">
        <ele>780.700012</ele>
        <time>2023-05-27T16:19:14.218Z</time>
      </trkpt>
      <trkpt lat="47.696473" lon="10.700078">
        <ele>779.319377</ele>
        <time>2023-05-27T16:19:18.506Z</time>
      </trkpt>
      <trkpt lat="47.697283" lon="10.700022">
        <ele>776.630855</ele>
        <time>2023-05-27T16:19:26.608Z</time>
      </trkpt>
      <trkpt lat="47.697767" lon="10.699930">
        <ele>774.793067</ele>
        <time>2023-05-27T16:19:31.358Z</time>
      </trkpt>
      <trkpt lat="47.703026" lon="10.698404">
        <ele>751.314426</ele>
        <time>2023-05-27T16:20:22.597Z</time>
      </trkpt>
      <trkpt lat="47.705333" lon="10.697696">
        <ele>746.555923</ele>
        <time>2023-05-27T16:20:49.218Z</time>
      </trkpt>
      <trkpt lat="47.705698" lon="10.697559">
        <ele>745.908731</ele>
        <time>2023-05-27T16:20:53.603Z</time>
      </trkpt>
      <trkpt lat="47.706070" lon="10.697292">
        <ele>745.198523</ele>
        <time>2023-05-27T16:20:58.322Z</time>
      </trkpt>
      <trkpt lat="47.709124" lon="10.694679">
        <ele>738.189028</ele>
        <time>2023-05-27T16:21:36.565Z</time>
      </trkpt>
      <trkpt lat="47.710220" lon="10.693622">
        <ele>736.602953</ele>
        <time>2023-05-27T16:21:52.416Z</time>
      </trkpt>
      <trkpt lat="47.710608" lon="10.693188">
        <ele>736.146110</ele>
        <time>2023-05-27T16:21:58.636Z</time>
      </trkpt>
      <trkpt lat="47.712273" lon="10.691154">
        <ele>734.490132</ele>
        <time>2023-05-27T16:22:25.840Z</time>
      </trkpt>
      <trkpt lat="47.712834" lon="10.690458">
        <ele>734.358540</ele>
        <time>2023-05-27T16:22:35.636Z</time>
      </trkpt>
      <trkpt lat="47.713098" lon="10.690141">
        <ele>734.305092</ele>
        <time>2023-05-27T16:22:40.371Z</time>
      </trkpt>
      <trkpt lat="47.714690" lon="10.688173">
        <ele>734.642558</ele>
        <time>2023-05-27T16:23:12.940Z</time>
      </trkpt>
      <trkpt lat="47.715835" lon="10.686766">
        <ele>735.230380</ele>
        <time>2023-05-27T16:23:38.562Z</time>
      </trkpt>
      <trkpt lat="47.716541" lon="10.685902">
        <ele>735.504002</ele>
        <time>2023-05-27T16:23:53.733Z</time>
      </trkpt>
      <trkpt lat="47.717080" lon="10.685427">
        <ele>735.176711</ele>
        <time>2023-05-27T16:24:01.965Z</time>
      </trkpt>
      <trkpt lat="47.717182" lon="10.685283">
        <ele>735.103233</ele>
        <time>2023-05-27T16:24:03.695Z</time>
      </trkpt>
      <trkpt lat="47.717225" lon="10.685037">
        <ele>735.013917</ele>
        <time>2023-05-27T16:24:05.792Z</time>
      </trkpt>
      <trkpt lat="47.717141" lon="10.684948">
        <ele>734.960036</ele>
        <time>2023-05-27T16:24:07.508Z</time>
      </trkpt>
      <trkpt lat="47.716919" lon="10.684711">
        <ele>734.817272</ele>
        <time>2023-05-27T16:24:12.460Z</time>
      </trkpt>
      <trkpt lat="47.716556" lon="10.684307">
        <ele>734.583219</ele>
        <time>2023-05-27T16:24:20.807Z</time>
      </trkpt>
      <trkpt lat="47.716029" lon="10.683871">
        <ele>734.287901</ele>
        <time>2023-05-27T16:24:31.922Z</time>
      </trkpt>
      <trkpt lat="47.715901" lon="10.683787">
        <ele>734.219391</ele>
        <time>2023-05-27T16:24:34.337Z</time>
      </trkpt>
      <trkpt lat="47.715170" lon="10.683260">
        <ele>733.821587</ele>
        <time>2023-05-27T16:24:49.373Z</time>
      </trkpt>
      <trkpt lat="47.714917" lon="10.683131">
        <ele>733.807293</ele>
        <time>2023-05-27T16:24:54.475Z</time>
      </trkpt>
      <trkpt lat="47.714836" lon="10.683063">
        <ele>733.860153</ele>
        <time>2023-05-27T16:24:56.309Z</time>
      </trkpt>
      <trkpt lat="47.714822" lon="10.682783">
        <ele>733.967494</ele>
        <time>2023-05-27T16:25:00.103Z</time>
      </trkpt>
      <trkpt lat="47.714715" lon="10.682250">
        <ele>734.180141</ele>
        <time>2023-05-27T16:25:08.057Z</time>
      </trkpt>
      <trkpt lat="47.714745" lon="10.681465">
        <ele>734.480737</ele>
        <time>2023-05-27T16:25:20.031Z</time>
      </trkpt>
      <trkpt lat="47.714690" lon="10.681028">
        <ele>734.650703</ele>
        <time>2023-05-27T16:25:27.251Z</time>
      </trkpt>
      <trkpt lat="47.714619" lon="10.680653">
        <ele>734.894060</ele>
        <time>2023-05-27T16:25:33.945Z</time>
      </trkpt>
      <trkpt lat="47.714557" lon="10.680368">
        <ele>735.336264</ele>
        <time>2023-05-27T16:25:39.235Z</time>
      </trkpt>
      <trkpt lat="47.714099" lon="10.678800">
        <ele>737.859908</ele>
        <time>2023-05-27T16:26:14.386Z</time>
      </trkpt>
      <trkpt lat="47.713960" lon="10.678241">
        <ele>738.719435</ele>
        <time>2023-05-27T16:26:26.911Z</time>
      </trkpt>
      <trkpt lat="47.713715" lon="10.677043">
        <ele>739.147999</ele>
        <time>2023-05-27T16:26:49.138Z</time>
      </trkpt>
      <trkpt lat="47.713621" lon="10.676485">
        <ele>739.344882</ele>
        <time>2023-05-27T16:26:57.149Z</time>
      </trkpt>
      <trkpt lat="47.713585" lon="10.676081">
        <ele>739.484368</ele>
        <time>2023-05-27T16:27:02.177Z</time>
      </trkpt>
      <trkpt lat="47.713583" lon="10.675798">
        <ele>739.581237</ele>
        <time>2023-05-27T16:27:05.424Z</time>
      </trkpt>
      <trkpt lat="47.713647" lon="10.674908">
        <ele>738.466945</ele>
        <time>2023-05-27T16:27:15.205Z</time>
      </trkpt>
      <trkpt lat="47.713643" lon="10.674571">
        <ele>737.950297</ele>
        <time>2023-05-27T16:27:18.656Z</time>
      </trkpt>
      <trkpt lat="47.713573" lon="10.674079">
        <ele>737.179461</ele>
        <time>2023-05-27T16:27:23.768Z</time>
      </trkpt>
      <trkpt lat="47.713373" lon="10.673055">
        <ele>735.545032</ele>
        <time>2023-05-27T16:27:34.449Z</time>
      </trkpt>
      <trkpt lat="47.713227" lon="10.672440">
        <ele>734.752989</ele>
        <time>2023-05-27T16:27:41.034Z</time>
      </trkpt>
      <trkpt lat="47.713097" lon="10.672060">
        <ele>734.237232</ele>
        <time>2023-05-27T16:27:45.429Z</time>
      </trkpt>
      <trkpt lat="47.712945" lon="10.671740">
        <ele>733.763325</ele>
        <time>2023-05-27T16:27:49.567Z</time>
      </trkpt>
      <trkpt lat="47.712719" lon="10.671429">
        <ele>733.209505</ele>
        <time>2023-05-27T16:27:54.488Z</time>
      </trkpt>
      <trkpt lat="47.712586" lon="10.671204">
        <ele>732.847157</ele>
        <time>2023-05-27T16:27:57.832Z</time>
      </trkpt>
      <trkpt lat="47.712461" lon="10.670970">
        <ele>732.485675</ele>
        <time>2023-05-27T16:28:01.419Z</time>
      </trkpt>
      <trkpt lat="47.712316" lon="10.670574">
        <ele>732.470228</ele>
        <time>2023-05-27T16:28:07.013Z</time>
      </trkpt>
      <trkpt lat="47.712266" lon="10.670338">
        <ele>732.616229</ele>
        <time>2023-05-27T16:28:10.345Z</time>
      </trkpt>
      <trkpt lat="47.712189" lon="10.669614">
        <ele>733.048758</ele>
        <time>2023-05-27T16:28:21.230Z</time>
      </trkpt>
      <trkpt lat="47.712139" lon="10.669353">
        <ele>733.208892</ele>
        <time>2023-05-27T16:28:25.919Z</time>
      </trkpt>
      <trkpt lat="47.712068" lon="10.669137">
        <ele>733.350748</ele>
        <time>2023-05-27T16:28:30.062Z</time>
      </trkpt>
      <trkpt lat="47.711928" lon="10.668890">
        <ele>733.541323</ele>
        <time>2023-05-27T16:28:35.575Z</time>
      </trkpt>
      <trkpt lat="47.711064" lon="10.667679">
        <ele>736.326212</ele>
        <time>2023-05-27T16:29:10.883Z</time>
      </trkpt>
      <trkpt lat="47.710845" lon="10.667350">
        <ele>737.270815</ele>
        <time>2023-05-27T16:29:20.934Z</time>
      </trkpt>
      <trkpt lat="47.710435" lon="10.666559">
        <ele>739.308837</ele>
        <time>2023-05-27T16:29:43.628Z</time>
      </trkpt>
      <trkpt lat="47.710335" lon="10.666150">
        <ele>741.341333</ele>
        <time>2023-05-27T16:29:54.215Z</time>
      </trkpt>
      <trkpt lat="47.710309" lon="10.665693">
        <ele>743.512804</ele>
        <time>2023-05-27T16:30:06.758Z</time>
      </trkpt>
      <trkpt lat="47.710609" lon="10.664123">
        <ele>751.240160</ele>
        <time>2023-05-27T16:31:05.215Z</time>
      </trkpt>
      <trkpt lat="47.710813" lon="10.662918">
        <ele>757.871974</ele>
        <time>2023-05-27T16:31:54.526Z</time>
      </trkpt>
      <trkpt lat="47.710909" lon="10.662637">
        <ele>759.581546</ele>
        <time>2023-05-27T16:32:06.585Z</time>
      </trkpt>
      <trkpt lat="47.711013" lon="10.662423">
        <ele>761.013559</ele>
        <time>2023-05-27T16:32:16.394Z</time>
      </trkpt>
      <trkpt lat="47.711188" lon="10.662242">
        <ele>762.732448</ele>
        <time>2023-05-27T16:32:27.784Z</time>
      </trkpt>
      <trkpt lat="47.711428" lon="10.662058">
        <ele>764.909619</ele>
        <time>2023-05-27T16:32:41.564Z</time>
      </trkpt>
      <trkpt lat="47.711581" lon="10.661896">
        <ele>766.424141</ele>
        <time>2023-05-27T16:32:50.031Z</time>
      </trkpt>
      <trkpt lat="47.711760" lon="10.661639">
        <ele>766.652440</ele>
        <time>2023-05-27T16:32:59.886Z</time>
      </trkpt>
      <trkpt lat="47.711872" lon="10.661397">
        <ele>766.788251</ele>
        <time>2023-05-27T16:33:06.174Z</time>
      </trkpt>
      <trkpt lat="47.711924" lon="10.661208">
        <ele>766.882664</ele>
        <time>2023-05-27T16:33:10.199Z</time>
      </trkpt>
      <trkpt lat="47.712048" lon="10.660545">
        <ele>767.200845</ele>
        <time>2023-05-27T16:33:19.929Z</time>
      </trkpt>
      <trkpt lat="47.712232" lon="10.660183">
        <ele>767.410617</ele>
        <time>2023-05-27T16:33:24.840Z</time>
      </trkpt>
      <trkpt lat="47.712781" lon="10.659531">
        <ele>767.323811</ele>
        <time>2023-05-27T16:33:35.381Z</time>
      </trkpt>
      <trkpt lat="47.713533" lon="10.659017">
        <ele>765.995153</ele>
        <time>2023-05-27T16:33:47.939Z</time>
      </trkpt>
      <trkpt lat="47.713708" lon="10.658867">
        <ele>765.670872</ele>
        <time>2023-05-27T16:33:51.212Z</time>
      </trkpt>
      <trkpt lat="47.714146" lon="10.658316">
        <ele>764.938774</ele>
        <time>2023-05-27T16:34:02.029Z</time>
      </trkpt>
      <trkpt lat="47.714348" lon="10.657892">
        <ele>765.613869</ele>
        <time>2023-05-27T16:34:10.393Z</time>
      </trkpt>
      <trkpt lat="47.714517" lon="10.657437">
        <ele>766.289217</ele>
        <time>2023-05-27T16:34:19.807Z</time>
      </trkpt>
      <trkpt lat="47.715284" lon="10.655336">
        <ele>769.292622</ele>
        <time>2023-05-27T16:35:10.929Z</time>
      </trkpt>
      <trkpt lat="47.715387" lon="10.654948">
        <ele>769.783386</ele>
        <time>2023-05-27T16:35:18.394Z</time>
      </trkpt>
      <trkpt lat="47.715544" lon="10.653812">
        <ele>771.147888</ele>
        <time>2023-05-27T16:35:38.059Z</time>
      </trkpt>
      <trkpt lat="47.715583" lon="10.652797">
        <ele>771.488343</ele>
        <time>2023-05-27T16:35:54.113Z</time>
      </trkpt>
      <trkpt lat="47.715625" lon="10.652446">
        <ele>771.504238</ele>
        <time>2023-05-27T16:35:58.916Z</time>
      </trkpt>
      <trkpt lat="47.715697" lon="10.652158">
        <ele>771.517936</ele>
        <time>2023-05-27T16:36:03.044Z</time>
      </trkpt>
      <trkpt lat="47.715796" lon="10.651975">
        <ele>771.528405</ele>
        <time>2023-05-27T16:36:05.860Z</time>
      </trkpt>
      <trkpt lat="47.716156" lon="10.651592">
        <ele>771.557742</ele>
        <time>2023-05-27T16:36:13.618Z</time>
      </trkpt>
      <trkpt lat="47.716385" lon="10.651244">
        <ele>771.690253</ele>
        <time>2023-05-27T16:36:19.699Z</time>
      </trkpt>
      <trkpt lat="47.716623" lon="10.650695">
        <ele>772.293860</ele>
        <time>2023-05-27T16:36:29.695Z</time>
      </trkpt>
      <trkpt lat="47.716816" lon="10.650159">
        <ele>772.855726</ele>
        <time>2023-05-27T16:36:40.121Z</time>
      </trkpt>
      <trkpt lat="47.717026" lon="10.649605">
        <ele>773.443415</ele>
        <time>2023-05-27T16:36:51.638Z</time>
      </trkpt>
      <trkpt lat="47.717207" lon="10.649286">
        <ele>773.829086</ele>
        <time>2023-05-27T16:36:59.723Z</time>
      </trkpt>
      <trkpt lat="47.717655" lon="10.648741">
        <ele>775.629819</ele>
        <time>2023-05-27T16:37:18.235Z</time>
      </trkpt>
      <trkpt lat="47.717925" lon="10.648474">
        <ele>776.847941</ele>
        <time>2023-05-27T16:37:29.360Z</time>
      </trkpt>
      <trkpt lat="47.718162" lon="10.648311">
        <ele>777.828843</ele>
        <time>2023-05-27T16:37:38.667Z</time>
      </trkpt>
      <trkpt lat="47.718994" lon="10.647930">
        <ele>781.098594</ele>
        <time>2023-05-27T16:38:12.098Z</time>
      </trkpt>
      <trkpt lat="47.719193" lon="10.647779">
        <ele>781.936825</ele>
        <time>2023-05-27T16:38:20.786Z</time>
      </trkpt>
      <trkpt lat="47.719391" lon="10.647556">
        <ele>782.868805</ele>
        <time>2023-05-27T16:38:30.258Z</time>
      </trkpt>
      <trkpt lat="47.719736" lon="10.646953">
        <ele>784.866699</ele>
        <time>2023-05-27T16:38:49.511Z</time>
      </trkpt>
      <trkpt lat="47.719903" lon="10.646747">
        <ele>785.680864</ele>
        <time>2023-05-27T16:38:56.901Z</time>
      </trkpt>
      <trkpt lat="47.720324" lon="10.646443">
        <ele>787.436812</ele>
        <time>2023-05-27T16:39:12.036Z</time>
      </trkpt>
      <trkpt lat="47.720535" lon="10.646247">
        <ele>787.982843</ele>
        <time>2023-05-27T16:39:19.684Z</time>
      </trkpt>
      <trkpt lat="47.721224" lon="10.645474">
        <ele>789.694429</ele>
        <time>2023-05-27T16:39:44.860Z</time>
      </trkpt>
      <trkpt lat="47.721352" lon="10.645285">
        <ele>790.052158</ele>
        <time>2023-05-27T16:39:49.618Z</time>
      </trkpt>
      <trkpt lat="47.721429" lon="10.645173">
        <ele>790.265767</ele>
        <time>2023-05-27T16:39:52.394Z</time>
      </trkpt>
      <trkpt lat="47.721597" lon="10.644863">
        <ele>790.796754</ele>
        <time>2023-05-27T16:39:59.047Z</time>
      </trkpt>
      <trkpt lat="47.721711" lon="10.644548">
        <ele>791.219880</ele>
        <time>2023-05-27T16:40:04.955Z</time>
      </trkpt>
      <trkpt lat="47.721808" lon="10.644200">
        <ele>791.551705</ele>
        <time>2023-05-27T16:40:11.284Z</time>
      </trkpt>
      <trkpt lat="47.721921" lon="10.643438">
        <ele>792.239066</ele>
        <time>2023-05-27T16:40:24.801Z</time>
      </trkpt>
      <trkpt lat="47.722174" lon="10.643319">
        <ele>792.586543</ele>
        <time>2023-05-27T16:40:31.643Z</time>
      </trkpt>
      <trkpt lat="47.722384" lon="10.643205">
        <ele>792.879289</ele>
        <time>2023-05-27T16:40:37.406Z</time>
      </trkpt>
      <trkpt lat="47.722549" lon="10.643102">
        <ele>793.113624</ele>
        <time>2023-05-27T16:40:42.090Z</time>
      </trkpt>
      <trkpt lat="47.722661" lon="10.642969">
        <ele>793.301332</ele>
        <time>2023-05-27T16:40:45.741Z</time>
      </trkpt>
      <trkpt lat="47.722837" lon="10.642679">
        <ele>793.570456</ele>
        <time>2023-05-27T16:40:52.414Z</time>
      </trkpt>
      <trkpt lat="47.723089" lon="10.642445">
        <ele>793.793212</ele>
        <time>2023-05-27T16:40:59.741Z</time>
      </trkpt>
      <trkpt lat="47.723460" lon="10.642268">
        <ele>794.085325</ele>
        <time>2023-05-27T16:41:09.177Z</time>
      </trkpt>
      <trkpt lat="47.723690" lon="10.642151">
        <ele>794.267573</ele>
        <time>2023-05-27T16:41:14.914Z</time>
      </trkpt>
      <trkpt lat="47.724008" lon="10.642047">
        <ele>794.511679</ele>
        <time>2023-05-27T16:41:22.376Z</time>
      </trkpt>
      <trkpt lat="47.724107" lon="10.642050">
        <ele>794.585915</ele>
        <time>2023-05-27T16:41:24.547Z</time>
      </trkpt>
      <trkpt lat="47.724128" lon="10.640825">
        <ele>794.706716</ele>
        <time>2023-05-27T16:41:41.184Z</time>
      </trkpt>
      <trkpt lat="47.724201" lon="10.639643">
        <ele>794.533000</ele>
        <time>2023-05-27T16:41:56.031Z</time>
      </trkpt>
      <trkpt lat="47.724269" lon="10.638348">
        <ele>794.517506</ele>
        <time>2023-05-27T16:42:12.888Z</time>
      </trkpt>
      <trkpt lat="47.724393" lon="10.638032">
        <ele>794.574812</ele>
        <time>2023-05-27T16:42:17.748Z</time>
      </trkpt>
      <trkpt lat="47.725473" lon="10.636418">
        <ele>794.809551</ele>
        <time>2023-05-27T16:42:51.674Z</time>
      </trkpt>
      <trkpt lat="47.725659" lon="10.636064">
        <ele>794.779444</ele>
        <time>2023-05-27T16:42:58.544Z</time>
      </trkpt>
      <trkpt lat="47.725748" lon="10.635797">
        <ele>794.759472</ele>
        <time>2023-05-27T16:43:02.911Z</time>
      </trkpt>
      <trkpt lat="47.725785" lon="10.635587">
        <ele>794.744921</ele>
        <time>2023-05-27T16:43:06.072Z</time>
      </trkpt>
      <trkpt lat="47.726000" lon="10.633019">
        <ele>793.392137</ele>
        <time>2023-05-27T16:43:37.031Z</time>
      </trkpt>
      <trkpt lat="47.726275" lon="10.630516">
        <ele>791.146732</ele>
        <time>2023-05-27T16:44:03.975Z</time>
      </trkpt>
      <trkpt lat="47.726487" lon="10.629012">
        <ele>790.019080</ele>
        <time>2023-05-27T16:44:21.983Z</time>
      </trkpt>
      <trkpt lat="47.726635" lon="10.628363">
        <ele>790.424258</ele>
        <time>2023-05-27T16:44:31.661Z</time>
      </trkpt>
      <trkpt lat="47.726899" lon="10.627384">
        <ele>791.047879</ele>
        <time>2023-05-27T16:44:49.026Z</time>
      </trkpt>
      <trkpt lat="47.727499" lon="10.625456">
        <ele>792.545011</ele>
        <time>2023-05-27T16:45:29.605Z</time>
      </trkpt>
      <trkpt lat="47.727607" lon="10.624807">
        <ele>793.060720</ele>
        <time>2023-05-27T16:45:40.682Z</time>
      </trkpt>
      <trkpt lat="47.727662" lon="10.624161">
        <ele>793.562997</ele>
        <time>2023-05-27T16:45:50.054Z</time>
      </trkpt>
      <trkpt lat="47.727687" lon="10.623484">
        <ele>792.587182</ele>
        <time>2023-05-27T16:45:58.427Z</time>
      </trkpt>
      <trkpt lat="47.727516" lon="10.617522">
        <ele>780.875274</ele>
        <time>2023-05-27T16:46:57.429Z</time>
      </trkpt>
      <trkpt lat="47.727695" lon="10.616981">
        <ele>779.349128</ele>
        <time>2023-05-27T16:47:03.031Z</time>
      </trkpt>
      <trkpt lat="47.728136" lon="10.616326">
        <ele>777.028253</ele>
        <time>2023-05-27T16:47:11.603Z</time>
      </trkpt>
      <trkpt lat="47.728375" lon="10.615923">
        <ele>775.765822</ele>
        <time>2023-05-27T16:47:16.669Z</time>
      </trkpt>
      <trkpt lat="47.728498" lon="10.615617">
        <ele>774.928208</ele>
        <time>2023-05-27T16:47:19.942Z</time>
      </trkpt>
      <trkpt lat="47.728677" lon="10.615059">
        <ele>773.475597</ele>
        <time>2023-05-27T16:47:25.644Z</time>
      </trkpt>
      <trkpt lat="47.729013" lon="10.614552">
        <ele>771.803222</ele>
        <time>2023-05-27T16:47:32.687Z</time>
      </trkpt>
      <trkpt lat="47.729216" lon="10.614124">
        <ele>771.193165</ele>
        <time>2023-05-27T16:47:38.450Z</time>
      </trkpt>
      <trkpt lat="47.729112" lon="10.614080">
        <ele>771.288011</ele>
        <time>2023-05-27T16:47:40.355Z</time>
      </trkpt>
      <trkpt lat="47.728960" lon="10.614035">
        <ele>771.423956</ele>
        <time>2023-05-27T16:47:43.281Z</time>
      </trkpt>
      <trkpt lat="47.728912" lon="10.614014">
        <ele>771.467845</ele>
        <time>2023-05-27T16:47:44.460Z</time>
      </trkpt>
      <trkpt lat="47.728884" lon="10.613960">
        <ele>771.508073</ele>
        <time>2023-05-27T16:47:45.542Z</time>
      </trkpt>
      <trkpt lat="47.728810" lon="10.613618">
        <ele>771.720038</ele>
        <time>2023-05-27T16:47:51.065Z</time>
      </trkpt>
      <trkpt lat="47.728808" lon="10.613432">
        <ele>771.829794</ele>
        <time>2023-05-27T16:47:54.394Z</time>
      </trkpt>
      <trkpt lat="47.728820" lon="10.613164">
        <ele>771.988266</ele>
        <time>2023-05-27T16:47:59.161Z</time>
      </trkpt>
      <trkpt lat="47.728890" lon="10.612783">
        <ele>772.221294</ele>
        <time>2023-05-27T16:48:06.661Z</time>
      </trkpt>
      <trkpt lat="47.728886" lon="10.612518">
        <ele>772.377685</ele>
        <time>2023-05-27T16:48:11.865Z</time>
      </trkpt>
      <trkpt lat="47.728663" lon="10.611633">
        <ele>773.170859</ele>
        <time>2023-05-27T16:48:30.975Z</time>
      </trkpt>
      <trkpt lat="47.727636" lon="10.611321">
        <ele>774.839910</ele>
        <time>2023-05-27T16:48:56.041Z</time>
      </trkpt>
      <trkpt lat="47.727472" lon="10.610276">
        <ele>775.314698</ele>
        <time>2023-05-27T16:49:10.008Z</time>
      </trkpt>
      <trkpt lat="47.727245" lon="10.610459">
        <ele>775.146845</ele>
        <time>2023-05-27T16:49:14.633Z</time>
      </trkpt>
      <trkpt lat="47.727168" lon="10.610463">
        <ele>775.096763</ele>
        <time>2023-05-27T16:49:15.975Z</time>
      </trkpt>
      <trkpt lat="47.727100" lon="10.610413">
        <ele>775.047450</ele>
        <time>2023-05-27T16:49:17.269Z</time>
      </trkpt>
      <trkpt lat="47.726635" lon="10.609010">
        <ele>774.363572</ele>
        <time>2023-05-27T16:49:35.580Z</time>
      </trkpt>
      <trkpt lat="47.726515" lon="10.608585">
        <ele>774.305219</ele>
        <time>2023-05-27T16:49:41.177Z</time>
      </trkpt>
      <trkpt lat="47.726321" lon="10.607996">
        <ele>774.247784</ele>
        <time>2023-05-27T16:49:49.223Z</time>
      </trkpt>
      <trkpt lat="47.726146" lon="10.607531">
        <ele>774.201120</ele>
        <time>2023-05-27T16:49:56.118Z</time>
      </trkpt>
      <trkpt lat="47.725966" lon="10.606658">
        <ele>774.121153</ele>
        <time>2023-05-27T16:50:09.304Z</time>
      </trkpt>
      <trkpt lat="47.725917" lon="10.606552">
        <ele>774.109889</ele>
        <time>2023-05-27T16:50:11.302Z</time>
      </trkpt>
      <trkpt lat="47.725837" lon="10.606528">
        <ele>774.185127</ele>
        <time>2023-05-27T16:50:13.179Z</time>
      </trkpt>
      <trkpt lat="47.724884" lon="10.606704">
        <ele>775.464419</ele>
        <time>2023-05-27T16:50:36.526Z</time>
      </trkpt>
      <trkpt lat="47.724755" lon="10.606699">
        <ele>775.636324</ele>
        <time>2023-05-27T16:50:39.807Z</time>
      </trkpt>
      <trkpt lat="47.724689" lon="10.606605">
        <ele>775.758085</ele>
        <time>2023-05-27T16:50:42.241Z</time>
      </trkpt>
      <trkpt lat="47.724660" lon="10.606514">
        <ele>775.848320</ele>
        <time>2023-05-27T16:50:44.062Z</time>
      </trkpt>
      <trkpt lat="47.724632" lon="10.606272">
        <ele>776.068367</ele>
        <time>2023-05-27T16:50:48.401Z</time>
      </trkpt>
      <trkpt lat="47.724368" lon="10.602819">
        <ele>781.569392</ele>
        <time>2023-05-27T16:51:57.052Z</time>
      </trkpt>
      <trkpt lat="47.724367" lon="10.602513">
        <ele>782.435381</ele>
        <time>2023-05-27T16:52:03.781Z</time>
      </trkpt>
      <trkpt lat="47.724449" lon="10.602053">
        <ele>783.782110</ele>
        <time>2023-05-27T16:52:14.927Z</time>
      </trkpt>
      <trkpt lat="47.724502" lon="10.601820">
        <ele>784.478175</ele>
        <time>2023-05-27T16:52:21.113Z</time>
      </trkpt>
      <trkpt lat="47.724528" lon="10.601661">
        <ele>784.941247</ele>
        <time>2023-05-27T16:52:25.371Z</time>
      </trkpt>
      <trkpt lat="47.724547" lon="10.600642">
        <ele>787.826110</ele>
        <time>2023-05-27T16:52:53.942Z</time>
      </trkpt>
      <trkpt lat="47.724534" lon="10.600512">
        <ele>788.198051</ele>
        <time>2023-05-27T16:52:57.766Z</time>
      </trkpt>
      <trkpt lat="47.724482" lon="10.600366">
        <ele>788.616287</ele>
        <time>2023-05-27T16:53:02.564Z</time>
      </trkpt>
      <trkpt lat="47.724390" lon="10.600211">
        <ele>789.133448</ele>
        <time>2023-05-27T16:53:08.541Z</time>
      </trkpt>
      <trkpt lat="47.724187" lon="10.599996">
        <ele>790.060459</ele>
        <time>2023-05-27T16:53:18.809Z</time>
      </trkpt>
      <trkpt lat="47.723910" lon="10.599940">
        <ele>791.100150</ele>
        <time>2023-05-27T16:53:29.901Z</time>
      </trkpt>
      <trkpt lat="47.723804" lon="10.599900">
        <ele>791.506885</ele>
        <time>2023-05-27T16:53:34.072Z</time>
      </trkpt>
      <trkpt lat="47.723721" lon="10.599828">
        <ele>791.864290</ele>
        <time>2023-05-27T16:53:37.672Z</time>
      </trkpt>
      <trkpt lat="47.723568" lon="10.599542">
        <ele>792.778512</ele>
        <time>2023-05-27T16:53:46.332Z</time>
      </trkpt>
      <trkpt lat="47.723494" lon="10.599311">
        <ele>793.418638</ele>
        <time>2023-05-27T16:53:52.001Z</time>
      </trkpt>
      <trkpt lat="47.723396" lon="10.598859">
        <ele>794.606789</ele>
        <time>2023-05-27T16:54:01.419Z</time>
      </trkpt>
      <trkpt lat="47.723193" lon="10.597550">
        <ele>793.906467</ele>
        <time>2023-05-27T16:54:19.927Z</time>
      </trkpt>
      <trkpt lat="47.723209" lon="10.596976">
        <ele>793.422186</ele>
        <time>2023-05-27T16:54:25.853Z</time>
      </trkpt>
      <trkpt lat="47.723257" lon="10.596772">
        <ele>793.240005</ele>
        <time>2023-05-27T16:54:27.978Z</time>
      </trkpt>
      <trkpt lat="47.723521" lon="10.596367">
        <ele>792.764616</ele>
        <time>2023-05-27T16:54:33.419Z</time>
      </trkpt>
      <trkpt lat="47.723985" lon="10.595793">
        <ele>792.011339</ele>
        <time>2023-05-27T16:54:42.332Z</time>
      </trkpt>
      <trkpt lat="47.724117" lon="10.595572">
        <ele>791.763386</ele>
        <time>2023-05-27T16:54:45.388Z</time>
      </trkpt>
      <trkpt lat="47.724504" lon="10.594826">
        <ele>790.973021</ele>
        <time>2023-05-27T16:54:56.473Z</time>
      </trkpt>
      <trkpt lat="47.724702" lon="10.594368">
        <ele>790.516264</ele>
        <time>2023-05-27T16:55:04.335Z</time>
      </trkpt>
      <trkpt lat="47.724776" lon="10.594263">
        <ele>790.493522</ele>
        <time>2023-05-27T16:55:06.743Z</time>
      </trkpt>
      <trkpt lat="47.725719" lon="10.593444">
        <ele>792.362508</ele>
        <time>2023-05-27T16:55:36.450Z</time>
      </trkpt>
      <trkpt lat="47.726349" lon="10.592300">
        <ele>793.761879</ele>
        <time>2023-05-27T16:56:05.899Z</time>
      </trkpt>
      <trkpt lat="47.726443" lon="10.592164">
        <ele>793.863652</ele>
        <time>2023-05-27T16:56:09.422Z</time>
      </trkpt>
      <trkpt lat="47.726560" lon="10.592077">
        <ele>793.965154</ele>
        <time>2023-05-27T16:56:12.852Z</time>
      </trkpt>
      <trkpt lat="47.727977" lon="10.591149">
        <ele>794.538082</ele>
        <time>2023-05-27T16:56:45.322Z</time>
      </trkpt>
      <trkpt lat="47.728232" lon="10.591088">
        <ele>794.254253</ele>
        <time>2023-05-27T16:56:49.725Z</time>
      </trkpt>
      <trkpt lat="47.729034" lon="10.591051">
        <ele>793.372498</ele>
        <time>2023-05-27T16:57:03.003Z</time>
      </trkpt>
      <trkpt lat="47.729879" lon="10.590929">
        <ele>792.043047</ele>
        <time>2023-05-27T16:57:16.789Z</time>
      </trkpt>
      <trkpt lat="47.730124" lon="10.590745">
        <ele>791.497508</ele>
        <time>2023-05-27T16:57:21.218Z</time>
      </trkpt>
      <trkpt lat="47.730357" lon="10.590524">
        <ele>790.948204</ele>
        <time>2023-05-27T16:57:25.623Z</time>
      </trkpt>
      <trkpt lat="47.730931" lon="10.590267">
        <ele>789.756770</ele>
        <time>2023-05-27T16:57:35.031Z</time>
      </trkpt>
      <trkpt lat="47.731505" lon="10.590106">
        <ele>788.113048</ele>
        <time>2023-05-27T16:57:43.911Z</time>
      </trkpt>
      <trkpt lat="47.732153" lon="10.590146">
        <ele>786.004445</ele>
        <time>2023-05-27T16:57:53.327Z</time>
      </trkpt>
      <trkpt lat="47.732471" lon="10.589985">
        <ele>784.912258</ele>
        <time>2023-05-27T16:57:58.113Z</time>
      </trkpt>
      <trkpt lat="47.732798" lon="10.589707">
        <ele>783.687578</ele>
        <time>2023-05-27T16:58:03.445Z</time>
      </trkpt>
      <trkpt lat="47.732874" lon="10.589582">
        <ele>783.328441</ele>
        <time>2023-05-27T16:58:05.026Z</time>
      </trkpt>
      <trkpt lat="47.733244" lon="10.588674">
        <ele>781.122041</ele>
        <time>2023-05-27T16:58:15.098Z</time>
      </trkpt>
      <trkpt lat="47.733352" lon="10.588503">
        <ele>780.634530</ele>
        <time>2023-05-27T16:58:17.360Z</time>
      </trkpt>
      <trkpt lat="47.733482" lon="10.588432">
        <ele>780.206588</ele>
        <time>2023-05-27T16:58:19.317Z</time>
      </trkpt>
      <trkpt lat="47.733726" lon="10.588363">
        <ele>779.439114</ele>
        <time>2023-05-27T16:58:22.983Z</time>
      </trkpt>
      <trkpt lat="47.734143" lon="10.588294">
        <ele>778.142633</ele>
        <time>2023-05-27T16:58:29.447Z</time>
      </trkpt>
      <trkpt lat="47.734513" lon="10.588141">
        <ele>777.673361</ele>
        <time>2023-05-27T16:58:35.835Z</time>
      </trkpt>
      <trkpt lat="47.734873" lon="10.587881">
        <ele>777.329621</ele>
        <time>2023-05-27T16:58:43.233Z</time>
      </trkpt>
      <trkpt lat="47.735280" lon="10.587588">
        <ele>776.941242</ele>
        <time>2023-05-27T16:58:52.138Z</time>
      </trkpt>
      <trkpt lat="47.736111" lon="10.587162">
        <ele>775.609356</ele>
        <time>2023-05-27T16:59:08.179Z</time>
      </trkpt>
      <trkpt lat="47.736575" lon="10.586504">
        <ele>773.604129</ele>
        <time>2023-05-27T16:59:18.547Z</time>
      </trkpt>
      <trkpt lat="47.737354" lon="10.584999">
        <ele>768.625183</ele>
        <time>2023-05-27T16:59:35.896Z</time>
      </trkpt>
      <trkpt lat="47.737726" lon="10.584411">
        <ele>765.498386</ele>
        <time>2023-05-27T16:59:42.919Z</time>
      </trkpt>
      <trkpt lat="47.738011" lon="10.584057">
        <ele>763.359673</ele>
        <time>2023-05-27T16:59:47.733Z</time>
      </trkpt>
      <trkpt lat="47.738321" lon="10.583743">
        <ele>761.199439</ele>
        <time>2023-05-27T16:59:52.595Z</time>
      </trkpt>
      <trkpt lat="47.739692" lon="10.582653">
        <ele>755.455340</ele>
        <time>2023-05-27T17:00:14.075Z</time>
      </trkpt>
      <trkpt lat="47.739880" lon="10.582509">
        <ele>754.715561</ele>
        <time>2023-05-27T17:00:17.753Z</time>
      </trkpt>
      <trkpt lat="47.740105" lon="10.582305">
        <ele>754.270192</ele>
        <time>2023-05-27T17:00:22.801Z</time>
      </trkpt>
      <trkpt lat="47.740231" lon="10.582120">
        <ele>754.530950</ele>
        <time>2023-05-27T17:00:26.371Z</time>
      </trkpt>
      <trkpt lat="47.740511" lon="10.581317">
        <ele>755.426724</ele>
        <time>2023-05-27T17:00:41.539Z</time>
      </trkpt>
      <trkpt lat="47.740600" lon="10.581003">
        <ele>755.764177</ele>
        <time>2023-05-27T17:00:48.189Z</time>
      </trkpt>
      <trkpt lat="47.740710" lon="10.580609">
        <ele>756.186652</ele>
        <time>2023-05-27T17:00:57.146Z</time>
      </trkpt>
      <trkpt lat="47.741436" lon="10.578509">
        <ele>758.689669</ele>
        <time>2023-05-27T17:01:47.746Z</time>
      </trkpt>
      <trkpt lat="47.741691" lon="10.577852">
        <ele>759.511676</ele>
        <time>2023-05-27T17:01:58.506Z</time>
      </trkpt>
      <trkpt lat="47.741929" lon="10.577945">
        <ele>759.187496</ele>
        <time>2023-05-27T17:02:01.519Z</time>
      </trkpt>
      <trkpt lat="47.742626" lon="10.578307">
        <ele>756.683820</ele>
        <time>2023-05-27T17:02:09.225Z</time>
      </trkpt>
      <trkpt lat="47.742924" lon="10.578539">
        <ele>755.543132</ele>
        <time>2023-05-27T17:02:12.460Z</time>
      </trkpt>
      <trkpt lat="47.743382" lon="10.579071">
        <ele>753.571982</ele>
        <time>2023-05-27T17:02:17.886Z</time>
      </trkpt>
      <trkpt lat="47.743438" lon="10.579177">
        <ele>753.240686</ele>
        <time>2023-05-27T17:02:18.735Z</time>
      </trkpt>
      <trkpt lat="47.743474" lon="10.579458">
        <ele>752.537656</ele>
        <time>2023-05-27T17:02:20.542Z</time>
      </trkpt>
      <trkpt lat="47.743472" lon="10.579667">
        <ele>752.023949</ele>
        <time>2023-05-27T17:02:21.878Z</time>
      </trkpt>
      <trkpt lat="47.743502" lon="10.579834">
        <ele>751.599124</ele>
        <time>2023-05-27T17:02:22.985Z</time>
      </trkpt>
      <trkpt lat="47.743671" lon="10.580087">
        <ele>750.722693</ele>
        <time>2023-05-27T17:02:25.304Z</time>
      </trkpt>
      <trkpt lat="47.743957" lon="10.580319">
        <ele>749.532019</ele>
        <time>2023-05-27T17:02:28.470Z</time>
      </trkpt>
      <trkpt lat="47.744246" lon="10.580438">
        <ele>748.436038</ele>
        <time>2023-05-27T17:02:31.521Z</time>
      </trkpt>
      <trkpt lat="47.744850" lon="10.580626">
        <ele>746.987583</ele>
        <time>2023-05-27T17:02:38.355Z</time>
      </trkpt>
      <trkpt lat="47.745023" lon="10.580712">
        <ele>746.975229</ele>
        <time>2023-05-27T17:02:40.574Z</time>
      </trkpt>
      <trkpt lat="47.745061" lon="10.580233">
        <ele>746.953262</ele>
        <time>2023-05-27T17:02:44.577Z</time>
      </trkpt>
      <trkpt lat="47.745102" lon="10.580049">
        <ele>746.944434</ele>
        <time>2023-05-27T17:02:46.485Z</time>
      </trkpt>
      <trkpt lat="47.745183" lon="10.579834">
        <ele>746.933211</ele>
        <time>2023-05-27T17:02:48.784Z</time>
      </trkpt>
      <trkpt lat="47.745319" lon="10.579662">
        <ele>746.921119</ele>
        <time>2023-05-27T17:02:52.243Z</time>
      </trkpt>
      <trkpt lat="47.745619" lon="10.579488">
        <ele>746.899310</ele>
        <time>2023-05-27T17:02:59.169Z</time>
      </trkpt>
      <trkpt lat="47.745770" lon="10.579444">
        <ele>746.888889</ele>
        <time>2023-05-27T17:03:03.248Z</time>
      </trkpt>
      <trkpt lat="47.746414" lon="10.579282">
        <ele>747.254066</ele>
        <time>2023-05-27T17:03:16.707Z</time>
      </trkpt>
      <trkpt lat="47.746606" lon="10.579170">
        <ele>747.397440</ele>
        <time>2023-05-27T17:03:19.692Z</time>
      </trkpt>
      <trkpt lat="47.746680" lon="10.579083">
        <ele>747.463015</ele>
        <time>2023-05-27T17:03:21.457Z</time>
      </trkpt>
      <trkpt lat="47.746710" lon="10.578850">
        <ele>747.573908</ele>
        <time>2023-05-27T17:03:23.567Z</time>
      </trkpt>
      <trkpt lat="47.746711" lon="10.578475">
        <ele>747.749200</ele>
        <time>2023-05-27T17:03:27.266Z</time>
      </trkpt>
      <trkpt lat="47.747056" lon="10.578546">
        <ele>747.991320</ele>
        <time>2023-05-27T17:03:34.167Z</time>
      </trkpt>
      <trkpt lat="47.747025" lon="10.579279">
        <ele>748.494512</ele>
        <time>2023-05-27T17:03:46.120Z</time>
      </trkpt>
      <trkpt lat="47.747070" lon="10.579362">
        <ele>748.583552</ele>
        <time>2023-05-27T17:03:48.064Z</time>
      </trkpt>
      <trkpt lat="47.747428" lon="10.579750">
        <ele>749.133724</ele>
        <time>2023-05-27T17:04:00.819Z</time>
      </trkpt>
      <trkpt lat="47.747527" lon="10.579876">
        <ele>749.295559</ele>
        <time>2023-05-27T17:04:04.167Z</time>
      </trkpt>
      <trkpt lat="47.747834" lon="10.580269">
        <ele>749.798645</ele>
        <time>2023-05-27T17:04:13.335Z</time>
      </trkpt>
      <trkpt lat="47.748066" lon="10.579968">
        <ele>750.181019</ele>
        <time>2023-05-27T17:04:20.353Z</time>
      </trkpt>
      <trkpt lat="47.748066" lon="10.579894">
        <ele>750.242817</ele>
        <time>2023-05-27T17:04:21.613Z</time>
      </trkpt>
      <trkpt lat="47.748103" lon="10.579825">
        <ele>750.316519</ele>
        <time>2023-05-27T17:04:23.268Z</time>
      </trkpt>
      <trkpt lat="47.748167" lon="10.579826">
        <ele>750.411366</ele>
        <time>2023-05-27T17:04:24.786Z</time>
      </trkpt>
      <trkpt lat="47.748389" lon="10.579544">
        <ele>750.955040</ele>
        <time>2023-05-27T17:04:38.167Z</time>
      </trkpt>
      <trkpt lat="47.749043" lon="10.578668">
        <ele>752.594025</ele>
        <time>2023-05-27T17:05:04.080Z</time>
      </trkpt>
      <trkpt lat="47.748978" lon="10.578299">
        <ele>753.071640</ele>
        <time>2023-05-27T17:05:11.467Z</time>
      </trkpt>
      <trkpt lat="47.748826" lon="10.577777">
        <ele>753.764522</ele>
        <time>2023-05-27T17:05:21.449Z</time>
      </trkpt>
      <trkpt lat="47.748699" lon="10.577170">
        <ele>754.337742</ele>
        <time>2023-05-27T17:05:32.000Z</time>
      </trkpt>
      <trkpt lat="47.748530" lon="10.576710">
        <ele>754.810406</ele>
        <time>2023-05-27T17:05:40.947Z</time>
      </trkpt>
      <trkpt lat="47.748274" lon="10.576200">
        <ele>755.384291</ele>
        <time>2023-05-27T17:05:52.093Z</time>
      </trkpt>
      <trkpt lat="47.748138" lon="10.575994">
        <ele>755.644613</ele>
        <time>2023-05-27T17:05:57.271Z</time>
      </trkpt>
      <trkpt lat="47.748126" lon="10.575980">
        <ele>755.665067</ele>
        <time>2023-05-27T17:05:57.651Z</time>
      </trkpt>
      <trkpt lat="47.748022" lon="10.575857">
        <ele>755.843261</ele>
        <time>2023-05-27T17:06:01.156Z</time>
      </trkpt>
      <trkpt lat="47.747938" lon="10.575758">
        <ele>755.986992</ele>
        <time>2023-05-27T17:06:03.924Z</time>
      </trkpt>
      <trkpt lat="47.747894" lon="10.575714">
        <ele>756.058097</ele>
        <time>2023-05-27T17:06:05.271Z</time>
      </trkpt>
      <trkpt lat="47.747669" lon="10.575493">
        <ele>756.231012</ele>
        <time>2023-05-27T17:06:12.067Z</time>
      </trkpt>
      <trkpt lat="47.746860" lon="10.574828">
        <ele>756.672186</ele>
        <time>2023-05-27T17:06:33.322Z</time>
      </trkpt>
      <trkpt lat="47.746827" lon="10.574676">
        <ele>756.723447</ele>
        <time>2023-05-27T17:06:35.044Z</time>
      </trkpt>
      <trkpt lat="47.747073" lon="10.574451">
        <ele>756.861286</ele>
        <time>2023-05-27T17:06:39.057Z</time>
      </trkpt>
      <trkpt lat="47.747343" lon="10.574283">
        <ele>756.965091</ele>
        <time>2023-05-27T17:06:43.036Z</time>
      </trkpt>
      <trkpt lat="47.747478" lon="10.574145">
        <ele>756.865326</ele>
        <time>2023-05-27T17:06:45.309Z</time>
      </trkpt>
      <trkpt lat="47.747573" lon="10.574008">
        <ele>756.784736</ele>
        <time>2023-05-27T17:06:47.047Z</time>
      </trkpt>
      <trkpt lat="47.747758" lon="10.573673">
        <ele>756.607218</ele>
        <time>2023-05-27T17:06:50.911Z</time>
      </trkpt>
      <trkpt lat="47.748063" lon="10.573191">
        <ele>756.336182</ele>
        <time>2023-05-27T17:06:56.643Z</time>
      </trkpt>
      <trkpt lat="47.748191" lon="10.573033">
        <ele>756.234877</ele>
        <time>2023-05-27T17:06:58.725Z</time>
      </trkpt>
      <trkpt lat="47.748301" lon="10.572959">
        <ele>756.161351</ele>
        <time>2023-05-27T17:07:00.223Z</time>
      </trkpt>
      <trkpt lat="47.748396" lon="10.572941">
        <ele>756.103027</ele>
        <time>2023-05-27T17:07:01.452Z</time>
      </trkpt>
      <trkpt lat="47.748495" lon="10.572937">
        <ele>756.042712</ele>
        <time>2023-05-27T17:07:02.690Z</time>
      </trkpt>
      <trkpt lat="47.748620" lon="10.573011">
        <ele>755.960777</ele>
        <time>2023-05-27T17:07:04.353Z</time>
      </trkpt>
      <trkpt lat="47.748832" lon="10.573255">
        <ele>755.850996</ele>
        <time>2023-05-27T17:07:07.720Z</time>
      </trkpt>
      <trkpt lat="47.749275" lon="10.573866">
        <ele>755.696237</ele>
        <time>2023-05-27T17:07:15.649Z</time>
      </trkpt>
      <trkpt lat="47.749613" lon="10.573435">
        <ele>755.582194</ele>
        <time>2023-05-27T17:07:24.753Z</time>
      </trkpt>
      <trkpt lat="47.750174" lon="10.572885">
        <ele>755.342921</ele>
        <time>2023-05-27T17:07:38.761Z</time>
      </trkpt>
      <trkpt lat="47.750478" lon="10.572627">
        <ele>754.936537</ele>
        <time>2023-05-27T17:07:45.610Z</time>
      </trkpt>
      <trkpt lat="47.750524" lon="10.572712">
        <ele>754.851358</ele>
        <time>2023-05-27T17:07:53.654Z</time>
      </trkpt>
      <trkpt lat="47.750621" lon="10.572612">
        <ele>754.714325</ele>
        <time>2023-05-27T17:08:06.636Z</time>
      </trkpt>
      <trkpt lat="47.750769" lon="10.572459">
        <ele>754.505056</ele>
        <time>2023-05-27T17:08:26.381Z</time>
      </trkpt>
      <trkpt lat="47.750735" lon="10.572408">
        <ele>754.448989</ele>
        <time>2023-05-27T17:08:31.593Z</time>
      </trkpt>
      <trkpt lat="47.750745" lon="10.572394">
        <ele>754.433044</ele>
        <time>2023-05-27T17:08:31.848Z</time>
      </trkpt>
      <trkpt lat="47.750976" lon="10.572061">
        <ele>754.059533</ele>
        <time>2023-05-27T17:08:37.802Z</time>
      </trkpt>
      <trkpt lat="47.751025" lon="10.571970">
        <ele>753.968521</ele>
        <time>2023-05-27T17:08:39.166Z</time>
      </trkpt>
      <trkpt lat="47.751064" lon="10.571798">
        <ele>753.826821</ele>
        <time>2023-05-27T17:08:41.337Z</time>
      </trkpt>
      <trkpt lat="47.751077" lon="10.571626">
        <ele>753.691705</ele>
        <time>2023-05-27T17:08:43.218Z</time>
      </trkpt>
      <trkpt lat="47.751046" lon="10.571191">
        <ele>753.350223</ele>
        <time>2023-05-27T17:08:47.669Z</time>
      </trkpt>
      <trkpt lat="47.750977" lon="10.570685">
        <ele>751.452255</ele>
        <time>2023-05-27T17:08:52.552Z</time>
      </trkpt>
      <trkpt lat="47.750962" lon="10.570348">
        <ele>750.187194</ele>
        <time>2023-05-27T17:08:55.577Z</time>
      </trkpt>
      <trkpt lat="47.751030" lon="10.570130">
        <ele>749.287037</ele>
        <time>2023-05-27T17:08:57.710Z</time>
      </trkpt>
      <trkpt lat="47.751292" lon="10.569818">
        <ele>747.417226</ele>
        <time>2023-05-27T17:09:02.054Z</time>
      </trkpt>
      <trkpt lat="47.751358" lon="10.569735">
        <ele>746.935721</ele>
        <time>2023-05-27T17:09:03.167Z</time>
      </trkpt>
      <trkpt lat="47.751580" lon="10.569445">
        <ele>745.289664</ele>
        <time>2023-05-27T17:09:06.978Z</time>
      </trkpt>
      <trkpt lat="47.752078" lon="10.568786">
        <ele>742.001113</ele>
        <time>2023-05-27T17:09:15.554Z</time>
      </trkpt>
      <trkpt lat="47.752388" lon="10.568638">
        <ele>740.629169</ele>
        <time>2023-05-27T17:09:19.756Z</time>
      </trkpt>
      <trkpt lat="47.753232" lon="10.568607">
        <ele>737.071584</ele>
        <time>2023-05-27T17:09:31.419Z</time>
      </trkpt>
      <trkpt lat="47.753873" lon="10.568766">
        <ele>736.461067</ele>
        <time>2023-05-27T17:09:43.605Z</time>
      </trkpt>
      <trkpt lat="47.754477" lon="10.568889">
        <ele>737.774297</ele>
        <time>2023-05-27T17:10:01.057Z</time>
      </trkpt>
      <trkpt lat="47.754535" lon="10.568931">
        <ele>737.913257</ele>
        <time>2023-05-27T17:10:03.016Z</time>
      </trkpt>
      <trkpt lat="47.754794" lon="10.568964">
        <ele>738.473219</ele>
        <time>2023-05-27T17:10:11.763Z</time>
      </trkpt>
      <trkpt lat="47.754989" lon="10.569040">
        <ele>738.907454</ele>
        <time>2023-05-27T17:10:18.756Z</time>
      </trkpt>
      <trkpt lat="47.755675" lon="10.569537">
        <ele>741.359719</ele>
        <time>2023-05-27T17:10:48.184Z</time>
      </trkpt>
      <trkpt lat="47.755786" lon="10.569563">
        <ele>741.811011</ele>
        <time>2023-05-27T17:10:52.595Z</time>
      </trkpt>
      <trkpt lat="47.755982" lon="10.569512">
        <ele>742.610139</ele>
        <time>2023-05-27T17:11:00.301Z</time>
      </trkpt>
      <trkpt lat="47.756931" lon="10.568874">
        <ele>746.792716</ele>
        <time>2023-05-27T17:11:37.991Z</time>
      </trkpt>
      <trkpt lat="47.757563" lon="10.568555">
        <ele>748.098871</ele>
        <time>2023-05-27T17:11:58.715Z</time>
      </trkpt>
      <trkpt lat="47.757185" lon="10.567031">
        <ele>750.196192</ele>
        <time>2023-05-27T17:12:21.093Z</time>
      </trkpt>
      <trkpt lat="47.757027" lon="10.566225">
        <ele>750.232237</ele>
        <time>2023-05-27T17:12:30.426Z</time>
      </trkpt>
      <trkpt lat="47.756977" lon="10.565810">
        <ele>750.198240</ele>
        <time>2023-05-27T17:12:34.768Z</time>
      </trkpt>
      <trkpt lat="47.757001" lon="10.564678">
        <ele>750.106915</ele>
        <time>2023-05-27T17:12:45.529Z</time>
      </trkpt>
      <trkpt lat="47.756932" lon="10.564191">
        <ele>749.912832</ele>
        <time>2023-05-27T17:12:49.572Z</time>
      </trkpt>
      <trkpt lat="47.756687" lon="10.563140">
        <ele>748.603013</ele>
        <time>2023-05-27T17:12:57.801Z</time>
      </trkpt>
      <trkpt lat="47.756535" lon="10.561346">
        <ele>746.812146</ele>
        <time>2023-05-27T17:13:11.115Z</time>
      </trkpt>
      <trkpt lat="47.756511" lon="10.560662">
        <ele>746.606630</ele>
        <time>2023-05-27T17:13:16.554Z</time>
      </trkpt>
      <trkpt lat="47.756562" lon="10.559673">
        <ele>746.309006</ele>
        <time>2023-05-27T17:13:25.623Z</time>
      </trkpt>
      <trkpt lat="47.756655" lon="10.558772">
        <ele>746.433754</ele>
        <time>2023-05-27T17:13:37.426Z</time>
      </trkpt>
      <trkpt lat="47.756706" lon="10.557960">
        <ele>747.277274</ele>
        <time>2023-05-27T17:13:49.682Z</time>
      </trkpt>
      <trkpt lat="47.756702" lon="10.555976">
        <ele>749.169135</ele>
        <time>2023-05-27T17:14:18.465Z</time>
      </trkpt>
      <trkpt lat="47.756657" lon="10.555424">
        <ele>749.533426</ele>
        <time>2023-05-27T17:14:25.850Z</time>
      </trkpt>
      <trkpt lat="47.756539" lon="10.554500">
        <ele>750.149609</ele>
        <time>2023-05-27T17:14:37.577Z</time>
      </trkpt>
      <trkpt lat="47.756471" lon="10.551408">
        <ele>751.058840</ele>
        <time>2023-05-27T17:15:11.320Z</time>
      </trkpt>
      <trkpt lat="47.756275" lon="10.548735">
        <ele>750.634367</ele>
        <time>2023-05-27T17:15:37.513Z</time>
      </trkpt>
      <trkpt lat="47.756007" lon="10.547166">
        <ele>749.281383</ele>
        <time>2023-05-27T17:15:50.223Z</time>
      </trkpt>
      <trkpt lat="47.755945" lon="10.546534">
        <ele>748.646693</ele>
        <time>2023-05-27T17:15:55.001Z</time>
      </trkpt>
      <trkpt lat="47.755924" lon="10.545993">
        <ele>748.108189</ele>
        <time>2023-05-27T17:15:59.054Z</time>
      </trkpt>
      <trkpt lat="47.755976" lon="10.545032">
        <ele>747.250946</ele>
        <time>2023-05-27T17:16:06.355Z</time>
      </trkpt>
      <trkpt lat="47.756055" lon="10.544488">
        <ele>746.771380</ele>
        <time>2023-05-27T17:16:10.610Z</time>
      </trkpt>
      <trkpt lat="47.756351" lon="10.543027">
        <ele>745.568908</ele>
        <time>2023-05-27T17:16:23.253Z</time>
      </trkpt>
      <trkpt lat="47.756428" lon="10.542472">
        <ele>745.453929</ele>
        <time>2023-05-27T17:16:28.261Z</time>
      </trkpt>
      <trkpt lat="47.756340" lon="10.540233">
        <ele>745.212256</ele>
        <time>2023-05-27T17:16:49.687Z</time>
      </trkpt>
      <trkpt lat="47.756221" lon="10.538317">
        <ele>746.169497</ele>
        <time>2023-05-27T17:17:12.426Z</time>
      </trkpt>
      <trkpt lat="47.755997" lon="10.536274">
        <ele>748.535881</ele>
        <time>2023-05-27T17:17:42.008Z</time>
      </trkpt>
      <trkpt lat="47.755881" lon="10.535414">
        <ele>749.694422</ele>
        <time>2023-05-27T17:17:56.406Z</time>
      </trkpt>
      <trkpt lat="47.755611" lon="10.534427">
        <ele>751.872689</ele>
        <time>2023-05-27T17:18:15.256Z</time>
      </trkpt>
      <trkpt lat="47.755194" lon="10.533188">
        <ele>754.901908</ele>
        <time>2023-05-27T17:18:41.940Z</time>
      </trkpt>
      <trkpt lat="47.755024" lon="10.532347">
        <ele>756.976539</ele>
        <time>2023-05-27T17:18:59.131Z</time>
      </trkpt>
      <trkpt lat="47.754680" lon="10.531188">
        <ele>760.155391</ele>
        <time>2023-05-27T17:19:24.738Z</time>
      </trkpt>
      <trkpt lat="47.754618" lon="10.530879">
        <ele>760.964503</ele>
        <time>2023-05-27T17:19:31.700Z</time>
      </trkpt>
      <trkpt lat="47.754542" lon="10.530207">
        <ele>762.637557</ele>
        <time>2023-05-27T17:19:45.529Z</time>
      </trkpt>
      <trkpt lat="47.754477" lon="10.529609">
        <ele>763.858954</ele>
        <time>2023-05-27T17:19:57.289Z</time>
      </trkpt>
      <trkpt lat="47.754403" lon="10.529116">
        <ele>764.877459</ele>
        <time>2023-05-27T17:20:06.705Z</time>
      </trkpt>
      <trkpt lat="47.754330" lon="10.528819">
        <ele>765.515063</ele>
        <time>2023-05-27T17:20:12.503Z</time>
      </trkpt>
      <trkpt lat="47.754031" lon="10.528080">
        <ele>767.254126</ele>
        <time>2023-05-27T17:20:27.565Z</time>
      </trkpt>
      <trkpt lat="47.753923" lon="10.527712">
        <ele>767.976559</ele>
        <time>2023-05-27T17:20:34.493Z</time>
      </trkpt>
      <trkpt lat="47.753141" lon="10.524123">
        <ele>771.773044</ele>
        <time>2023-05-27T17:21:25.809Z</time>
      </trkpt>
      <trkpt lat="47.752750" lon="10.522488">
        <ele>773.580021</ele>
        <time>2023-05-27T17:21:48.352Z</time>
      </trkpt>
      <trkpt lat="47.752479" lon="10.520991">
        <ele>776.454904</ele>
        <time>2023-05-27T17:22:14.187Z</time>
      </trkpt>
      <trkpt lat="47.752422" lon="10.520753">
        <ele>776.923415</ele>
        <time>2023-05-27T17:22:19.419Z</time>
      </trkpt>
      <trkpt lat="47.752321" lon="10.520554">
        <ele>777.385780</ele>
        <time>2023-05-27T17:22:24.143Z</time>
      </trkpt>
      <trkpt lat="47.752387" lon="10.520403">
        <ele>777.719763</ele>
        <time>2023-05-27T17:22:28.144Z</time>
      </trkpt>
      <trkpt lat="47.752372" lon="10.520282">
        <ele>777.947927</ele>
        <time>2023-05-27T17:22:30.750Z</time>
      </trkpt>
      <trkpt lat="47.752312" lon="10.520197">
        <ele>778.216393</ele>
        <time>2023-05-27T17:22:33.042Z</time>
      </trkpt>
      <trkpt lat="47.752775" lon="10.519275">
        <ele>781.242352</ele>
        <time>2023-05-27T17:22:57.712Z</time>
      </trkpt>
      <trkpt lat="47.753157" lon="10.518561">
        <ele>783.641663</ele>
        <time>2023-05-27T17:23:17.955Z</time>
      </trkpt>
      <trkpt lat="47.753333" lon="10.518334">
        <ele>784.552739</ele>
        <time>2023-05-27T17:23:25.421Z</time>
      </trkpt>
      <trkpt lat="47.753417" lon="10.518244">
        <ele>784.957618</ele>
        <time>2023-05-27T17:23:28.656Z</time>
      </trkpt>
      <trkpt lat="47.754585" lon="10.518040">
        <ele>786.467388</ele>
        <time>2023-05-27T17:23:53.735Z</time>
      </trkpt>
      <trkpt lat="47.754878" lon="10.517964">
        <ele>786.821467</ele>
        <time>2023-05-27T17:23:57.985Z</time>
      </trkpt>
      <trkpt lat="47.755176" lon="10.517572">
        <ele>787.257570</ele>
        <time>2023-05-27T17:24:03.495Z</time>
      </trkpt>
      <trkpt lat="47.755426" lon="10.516934">
        <ele>787.272097</ele>
        <time>2023-05-27T17:24:10.187Z</time>
      </trkpt>
      <trkpt lat="47.755506" lon="10.516467">
        <ele>787.281578</ele>
        <time>2023-05-27T17:24:14.570Z</time>
      </trkpt>
      <trkpt lat="47.755558" lon="10.516166">
        <ele>787.287692</ele>
        <time>2023-05-27T17:24:17.603Z</time>
      </trkpt>
      <trkpt lat="47.755576" lon="10.515672">
        <ele>787.297424</ele>
        <time>2023-05-27T17:24:22.404Z</time>
      </trkpt>
      <trkpt lat="47.755595" lon="10.515641">
        <ele>787.298249</ele>
        <time>2023-05-27T17:24:22.835Z</time>
      </trkpt>
      <trkpt lat="47.755788" lon="10.515335">
        <ele>787.306503</ele>
        <time>2023-05-27T17:24:27.702Z</time>
      </trkpt>
      <trkpt lat="47.756126" lon="10.515197">
        <ele>787.427231</ele>
        <time>2023-05-27T17:24:33.985Z</time>
      </trkpt>
      <trkpt lat="47.756350" lon="10.515076">
        <ele>787.536872</ele>
        <time>2023-05-27T17:24:38.332Z</time>
      </trkpt>
      <trkpt lat="47.756479" lon="10.514865">
        <ele>787.625085</ele>
        <time>2023-05-27T17:24:42.044Z</time>
      </trkpt>
      <trkpt lat="47.756565" lon="10.514710">
        <ele>787.687244</ele>
        <time>2023-05-27T17:24:44.608Z</time>
      </trkpt>
      <trkpt lat="47.756794" lon="10.514066">
        <ele>787.912579</ele>
        <time>2023-05-27T17:24:53.396Z</time>
      </trkpt>
      <trkpt lat="47.757871" lon="10.514016">
        <ele>787.610422</ele>
        <time>2023-05-27T17:25:08.383Z</time>
      </trkpt>
      <trkpt lat="47.758531" lon="10.513917">
        <ele>787.018901</ele>
        <time>2023-05-27T17:25:16.057Z</time>
      </trkpt>
      <trkpt lat="47.758698" lon="10.513851">
        <ele>786.864817</ele>
        <time>2023-05-27T17:25:18.934Z</time>
      </trkpt>
      <trkpt lat="47.759233" lon="10.513838">
        <ele>786.420617</ele>
        <time>2023-05-27T17:25:28.087Z</time>
      </trkpt>
      <trkpt lat="47.759403" lon="10.513794">
        <ele>786.301650</ele>
        <time>2023-05-27T17:25:31.179Z</time>
      </trkpt>
      <trkpt lat="47.759517" lon="10.513757">
        <ele>786.221204</ele>
        <time>2023-05-27T17:25:33.243Z</time>
      </trkpt>
      <trkpt lat="47.759796" lon="10.513512">
        <ele>785.997833</ele>
        <time>2023-05-27T17:25:39.113Z</time>
      </trkpt>
      <trkpt lat="47.760585" lon="10.512521">
        <ele>785.283577</ele>
        <time>2023-05-27T17:25:58.603Z</time>
      </trkpt>
      <trkpt lat="47.762093" lon="10.511079">
        <ele>783.630591</ele>
        <time>2023-05-27T17:26:30.113Z</time>
      </trkpt>
      <trkpt lat="47.762270" lon="10.510967">
        <ele>783.286242</ele>
        <time>2023-05-27T17:26:33.227Z</time>
      </trkpt>
      <trkpt lat="47.762968" lon="10.510754">
        <ele>782.010625</ele>
        <time>2023-05-27T17:26:44.715Z</time>
      </trkpt>
      <trkpt lat="47.763571" lon="10.510478">
        <ele>780.881162</ele>
        <time>2023-05-27T17:26:54.524Z</time>
      </trkpt>
      <trkpt lat="47.763903" lon="10.510246">
        <ele>780.242747</ele>
        <time>2023-05-27T17:27:00.217Z</time>
      </trkpt>
      <trkpt lat="47.764350" lon="10.509874">
        <ele>779.412381</ele>
        <time>2023-05-27T17:27:08.444Z</time>
      </trkpt>
      <trkpt lat="47.764964" lon="10.509362">
        <ele>778.271249</ele>
        <time>2023-05-27T17:27:19.985Z</time>
      </trkpt>
      <trkpt lat="47.765707" lon="10.508716">
        <ele>777.293315</ele>
        <time>2023-05-27T17:27:34.304Z</time>
      </trkpt>
      <trkpt lat="47.765742" lon="10.508797">
        <ele>777.258349</ele>
        <time>2023-05-27T17:27:35.411Z</time>
      </trkpt>
      <trkpt lat="47.765962" lon="10.508607">
        <ele>777.120925</ele>
        <time>2023-05-27T17:27:38.666Z</time>
      </trkpt>
      <trkpt lat="47.766741" lon="10.507952">
        <ele>776.637530</ele>
        <time>2023-05-27T17:27:51.371Z</time>
      </trkpt>
      <trkpt lat="47.766938" lon="10.507798">
        <ele>776.525585</ele>
        <time>2023-05-27T17:27:54.677Z</time>
      </trkpt>
      <trkpt lat="47.767642" lon="10.507191">
        <ele>776.369044</ele>
        <time>2023-05-27T17:28:06.656Z</time>
      </trkpt>
      <trkpt lat="47.768852" lon="10.506202">
        <ele>775.854895</ele>
        <time>2023-05-27T17:28:25.837Z</time>
      </trkpt>
      <trkpt lat="47.769064" lon="10.506024">
        <ele>775.663803</ele>
        <time>2023-05-27T17:28:28.863Z</time>
      </trkpt>
      <trkpt lat="47.769605" lon="10.505713">
        <ele>775.208519</ele>
        <time>2023-05-27T17:28:35.965Z</time>
      </trkpt>
      <trkpt lat="47.770132" lon="10.505562">
        <ele>774.787220</ele>
        <time>2023-05-27T17:28:42.508Z</time>
      </trkpt>
      <trkpt lat="47.770319" lon="10.505577">
        <ele>774.619419</ele>
        <time>2023-05-27T17:28:44.804Z</time>
      </trkpt>
      <trkpt lat="47.770856" lon="10.505604">
        <ele>774.131178</ele>
        <time>2023-05-27T17:28:51.396Z</time>
      </trkpt>
      <trkpt lat="47.771038" lon="10.505604">
        <ele>773.965798</ele>
        <time>2023-05-27T17:28:53.603Z</time>
      </trkpt>
      <trkpt lat="47.771242" lon="10.505592">
        <ele>773.780282</ele>
        <time>2023-05-27T17:28:56.047Z</time>
      </trkpt>
      <trkpt lat="47.771324" lon="10.505583">
        <ele>773.705568</ele>
        <time>2023-05-27T17:28:57.054Z</time>
      </trkpt>
      <trkpt lat="47.771535" lon="10.505620">
        <ele>773.512509</ele>
        <time>2023-05-27T17:28:59.690Z</time>
      </trkpt>
      <trkpt lat="47.771747" lon="10.505670">
        <ele>773.317463</ele>
        <time>2023-05-27T17:29:02.399Z</time>
      </trkpt>
      <trkpt lat="47.771792" lon="10.505566">
        <ele>773.241925</ele>
        <time>2023-05-27T17:29:03.483Z</time>
      </trkpt>
      <trkpt lat="47.771831" lon="10.505492">
        <ele>773.184494</ele>
        <time>2023-05-27T17:29:04.301Z</time>
      </trkpt>
      <trkpt lat="47.771982" lon="10.505226">
        <ele>773.047949</ele>
        <time>2023-05-27T17:29:07.368Z</time>
      </trkpt>
      <trkpt lat="47.772000" lon="10.505204">
        <ele>773.036489</ele>
        <time>2023-05-27T17:29:07.690Z</time>
      </trkpt>
      <trkpt lat="47.772201" lon="10.505076">
        <ele>772.928927</ele>
        <time>2023-05-27T17:29:10.536Z</time>
      </trkpt>
      <trkpt lat="47.772308" lon="10.504965">
        <ele>772.864754</ele>
        <time>2023-05-27T17:29:12.325Z</time>
      </trkpt>
      <trkpt lat="47.772435" lon="10.504715">
        <ele>772.761137</ele>
        <time>2023-05-27T17:29:15.115Z</time>
      </trkpt>
      <trkpt lat="47.772602" lon="10.504158">
        <ele>772.559473</ele>
        <time>2023-05-27T17:29:20.702Z</time>
      </trkpt>
      <trkpt lat="47.772652" lon="10.503941">
        <ele>772.483624</ele>
        <time>2023-05-27T17:29:22.779Z</time>
      </trkpt>
      <trkpt lat="47.772697" lon="10.503719">
        <ele>772.406956</ele>
        <time>2023-05-27T17:29:24.827Z</time>
      </trkpt>
      <trkpt lat="47.772761" lon="10.503398">
        <ele>772.296248</ele>
        <time>2023-05-27T17:29:27.799Z</time>
      </trkpt>
      <trkpt lat="47.772815" lon="10.502944">
        <ele>772.181517</ele>
        <time>2023-05-27T17:29:31.894Z</time>
      </trkpt>
      <trkpt lat="47.772814" lon="10.502242">
        <ele>772.029639</ele>
        <time>2023-05-27T17:29:38.383Z</time>
      </trkpt>
      <trkpt lat="47.772805" lon="10.502026">
        <ele>771.982818</ele>
        <time>2023-05-27T17:29:40.480Z</time>
      </trkpt>
      <trkpt lat="47.772870" lon="10.501989">
        <ele>771.960414</ele>
        <time>2023-05-27T17:29:41.802Z</time>
      </trkpt>
      <trkpt lat="47.773001" lon="10.501821">
        <ele>771.904742</ele>
        <time>2023-05-27T17:29:45.235Z</time>
      </trkpt>
      <trkpt lat="47.773538" lon="10.500987">
        <ele>771.663150</ele>
        <time>2023-05-27T17:30:00.189Z</time>
      </trkpt>
      <trkpt lat="47.773687" lon="10.500818">
        <ele>771.629098</ele>
        <time>2023-05-27T17:30:03.679Z</time>
      </trkpt>
      <trkpt lat="47.774111" lon="10.500492">
        <ele>771.542357</ele>
        <time>2023-05-27T17:30:12.615Z</time>
      </trkpt>
      <trkpt lat="47.774951" lon="10.500075">
        <ele>771.381415</ele>
        <time>2023-05-27T17:30:29.712Z</time>
      </trkpt>
      <trkpt lat="47.775354" lon="10.499824">
        <ele>771.566736</ele>
        <time>2023-05-27T17:30:38.965Z</time>
      </trkpt>
      <trkpt lat="47.775566" lon="10.499690">
        <ele>771.771241</ele>
        <time>2023-05-27T17:30:42.896Z</time>
      </trkpt>
      <trkpt lat="47.776058" lon="10.499390">
        <ele>772.243323</ele>
        <time>2023-05-27T17:30:52.144Z</time>
      </trkpt>
      <trkpt lat="47.777513" lon="10.498433">
        <ele>774.071863</ele>
        <time>2023-05-27T17:31:25.143Z</time>
      </trkpt>
      <trkpt lat="47.777970" lon="10.498051">
        <ele>774.809326</ele>
        <time>2023-05-27T17:31:36.562Z</time>
      </trkpt>
      <trkpt lat="47.778237" lon="10.497749">
        <ele>775.281174</ele>
        <time>2023-05-27T17:31:45.044Z</time>
      </trkpt>
      <trkpt lat="47.778441" lon="10.497432">
        <ele>775.575209</ele>
        <time>2023-05-27T17:31:52.082Z</time>
      </trkpt>
      <trkpt lat="47.778627" lon="10.497004">
        <ele>775.794153</ele>
        <time>2023-05-27T17:32:00.052Z</time>
      </trkpt>
      <trkpt lat="47.778725" lon="10.496656">
        <ele>775.956232</ele>
        <time>2023-05-27T17:32:05.853Z</time>
      </trkpt>
      <trkpt lat="47.778801" lon="10.496276">
        <ele>776.126538</ele>
        <time>2023-05-27T17:32:11.845Z</time>
      </trkpt>
      <trkpt lat="47.778859" lon="10.495299">
        <ele>776.547843</ele>
        <time>2023-05-27T17:32:26.220Z</time>
      </trkpt>
      <trkpt lat="47.778865" lon="10.494895">
        <ele>776.779730</ele>
        <time>2023-05-27T17:32:32.065Z</time>
      </trkpt>
      <trkpt lat="47.778921" lon="10.494427">
        <ele>777.106425</ele>
        <time>2023-05-27T17:32:38.929Z</time>
      </trkpt>
      <trkpt lat="47.779018" lon="10.494007">
        <ele>777.411643</ele>
        <time>2023-05-27T17:32:45.503Z</time>
      </trkpt>
      <trkpt lat="47.779132" lon="10.493665">
        <ele>777.674011</ele>
        <time>2023-05-27T17:32:51.337Z</time>
      </trkpt>
      <trkpt lat="47.780234" lon="10.491621">
        <ele>780.608896</ele>
        <time>2023-05-27T17:33:39.414Z</time>
      </trkpt>
      <trkpt lat="47.780807" lon="10.490716">
        <ele>782.452079</ele>
        <time>2023-05-27T17:34:04.988Z</time>
      </trkpt>
      <trkpt lat="47.781187" lon="10.490057">
        <ele>784.409209</ele>
        <time>2023-05-27T17:34:23.901Z</time>
      </trkpt>
      <trkpt lat="47.781464" lon="10.489388">
        <ele>786.180234</ele>
        <time>2023-05-27T17:34:41.687Z</time>
      </trkpt>
      <trkpt lat="47.781710" lon="10.488672">
        <ele>787.992626</ele>
        <time>2023-05-27T17:35:00.279Z</time>
      </trkpt>
      <trkpt lat="47.781865" lon="10.487897">
        <ele>790.268632</ele>
        <time>2023-05-27T17:35:19.927Z</time>
      </trkpt>
      <trkpt lat="47.781985" lon="10.487125">
        <ele>792.626390</ele>
        <time>2023-05-27T17:35:40.011Z</time>
      </trkpt>
      <trkpt lat="47.782208" lon="10.484394">
        <ele>800.529216</ele>
        <time>2023-05-27T17:36:53.192Z</time>
      </trkpt>
      <trkpt lat="47.782280" lon="10.483808">
        <ele>802.188992</ele>
        <time>2023-05-27T17:37:07.807Z</time>
      </trkpt>
      <trkpt lat="47.782349" lon="10.483406">
        <ele>803.345002</ele>
        <time>2023-05-27T17:37:17.161Z</time>
      </trkpt>
      <trkpt lat="47.782449" lon="10.483056">
        <ele>803.941795</ele>
        <time>2023-05-27T17:37:25.128Z</time>
      </trkpt>
      <trkpt lat="47.782593" lon="10.482741">
        <ele>804.161256</ele>
        <time>2023-05-27T17:37:32.529Z</time>
      </trkpt>
      <trkpt lat="47.782883" lon="10.482430">
        <ele>804.467684</ele>
        <time>2023-05-27T17:37:41.797Z</time>
      </trkpt>
      <trkpt lat="47.783340" lon="10.482075">
        <ele>804.909611</ele>
        <time>2023-05-27T17:37:53.105Z</time>
      </trkpt>
      <trkpt lat="47.783668" lon="10.481960">
        <ele>805.198490</ele>
        <time>2023-05-27T17:37:59.477Z</time>
      </trkpt>
      <trkpt lat="47.784171" lon="10.481880">
        <ele>805.069670</ele>
        <time>2023-05-27T17:38:08.340Z</time>
      </trkpt>
      <trkpt lat="47.784452" lon="10.481727">
        <ele>804.789987</ele>
        <time>2023-05-27T17:38:13.406Z</time>
      </trkpt>
      <trkpt lat="47.785402" lon="10.480806">
        <ele>803.730218</ele>
        <time>2023-05-27T17:38:33.036Z</time>
      </trkpt>
      <trkpt lat="47.785473" lon="10.480765">
        <ele>803.665151</ele>
        <time>2023-05-27T17:38:34.432Z</time>
      </trkpt>
      <trkpt lat="47.785607" lon="10.480694">
        <ele>803.567873</ele>
        <time>2023-05-27T17:38:36.996Z</time>
      </trkpt>
      <trkpt lat="47.786455" lon="10.480258">
        <ele>802.954290</ele>
        <time>2023-05-27T17:38:52.827Z</time>
      </trkpt>
      <trkpt lat="47.786847" lon="10.480128">
        <ele>802.679624</ele>
        <time>2023-05-27T17:39:00.049Z</time>
      </trkpt>
      <trkpt lat="47.787124" lon="10.480154">
        <ele>802.489806</ele>
        <time>2023-05-27T17:39:05.273Z</time>
      </trkpt>
      <trkpt lat="47.787703" lon="10.480184">
        <ele>802.704884</ele>
        <time>2023-05-27T17:39:16.460Z</time>
      </trkpt>
      <trkpt lat="47.787918" lon="10.480156">
        <ele>802.809215</ele>
        <time>2023-05-27T17:39:20.980Z</time>
      </trkpt>
      <trkpt lat="47.788763" lon="10.479814">
        <ele>803.232531</ele>
        <time>2023-05-27T17:39:41.215Z</time>
      </trkpt>
      <trkpt lat="47.788632" lon="10.479355">
        <ele>803.569281</ele>
        <time>2023-05-27T17:39:49.985Z</time>
      </trkpt>
      <trkpt lat="47.788611" lon="10.479106">
        <ele>803.845175</ele>
        <time>2023-05-27T17:39:54.503Z</time>
      </trkpt>
      <trkpt lat="47.788587" lon="10.478114">
        <ele>804.936471</ele>
        <time>2023-05-27T17:40:12.618Z</time>
      </trkpt>
      <trkpt lat="47.788609" lon="10.477733">
        <ele>805.356881</ele>
        <time>2023-05-27T17:40:19.580Z</time>
      </trkpt>
      <trkpt lat="47.788683" lon="10.477336">
        <ele>805.809821</ele>
        <time>2023-05-27T17:40:27.391Z</time>
      </trkpt>
      <trkpt lat="47.788813" lon="10.477002">
        <ele>806.234180</ele>
        <time>2023-05-27T17:40:34.751Z</time>
      </trkpt>
      <trkpt lat="47.788933" lon="10.476582">
        <ele>806.495176</ele>
        <time>2023-05-27T17:40:43.054Z</time>
      </trkpt>
      <trkpt lat="47.788977" lon="10.476268">
        <ele>806.667777</ele>
        <time>2023-05-27T17:40:48.649Z</time>
      </trkpt>
      <trkpt lat="47.788947" lon="10.475902">
        <ele>806.866184</ele>
        <time>2023-05-27T17:40:54.610Z</time>
      </trkpt>
      <trkpt lat="47.788856" lon="10.475467">
        <ele>807.111344</ele>
        <time>2023-05-27T17:41:01.320Z</time>
      </trkpt>
      <trkpt lat="47.788838" lon="10.475149">
        <ele>807.283068</ele>
        <time>2023-05-27T17:41:05.773Z</time>
      </trkpt>
      <trkpt lat="47.788856" lon="10.474928">
        <ele>807.402861</ele>
        <time>2023-05-27T17:41:08.705Z</time>
      </trkpt>
      <trkpt lat="47.789039" lon="10.474315">
        <ele>807.750577</ele>
        <time>2023-05-27T17:41:18.138Z</time>
      </trkpt>
      <trkpt lat="47.789132" lon="10.473798">
        <ele>807.973842</ele>
        <time>2023-05-27T17:41:26.212Z</time>
      </trkpt>
      <trkpt lat="47.789257" lon="10.473310">
        <ele>808.191706</ele>
        <time>2023-05-27T17:41:34.371Z</time>
      </trkpt>
      <trkpt lat="47.789427" lon="10.472690">
        <ele>808.471051</ele>
        <time>2023-05-27T17:41:44.348Z</time>
      </trkpt>
      <trkpt lat="47.789488" lon="10.472347">
        <ele>808.619062</ele>
        <time>2023-05-27T17:41:49.572Z</time>
      </trkpt>
      <trkpt lat="47.789535" lon="10.471877">
        <ele>808.817283</ele>
        <time>2023-05-27T17:41:56.674Z</time>
      </trkpt>
      <trkpt lat="47.789613" lon="10.470292">
        <ele>810.315174</ele>
        <time>2023-05-27T17:42:24.656Z</time>
      </trkpt>
      <trkpt lat="47.789710" lon="10.469600">
        <ele>810.983919</ele>
        <time>2023-05-27T17:42:37.411Z</time>
      </trkpt>
      <trkpt lat="47.789832" lon="10.468944">
        <ele>811.644649</ele>
        <time>2023-05-27T17:42:49.432Z</time>
      </trkpt>
      <trkpt lat="47.790092" lon="10.467742">
        <ele>812.912623</ele>
        <time>2023-05-27T17:43:11.036Z</time>
      </trkpt>
      <trkpt lat="47.790127" lon="10.467462">
        <ele>813.198603</ele>
        <time>2023-05-27T17:43:16.031Z</time>
      </trkpt>
      <trkpt lat="47.790095" lon="10.467156">
        <ele>813.509565</ele>
        <time>2023-05-27T17:43:21.554Z</time>
      </trkpt>
      <trkpt lat="47.789658" lon="10.465930">
        <ele>815.221988</ele>
        <time>2023-05-27T17:43:46.692Z</time>
      </trkpt>
      <trkpt lat="47.789477" lon="10.464965">
        <ele>816.600730</ele>
        <time>2023-05-27T17:44:05.901Z</time>
      </trkpt>
      <trkpt lat="47.789470" lon="10.464464">
        <ele>817.290320</ele>
        <time>2023-05-27T17:44:15.771Z</time>
      </trkpt>
      <trkpt lat="47.789527" lon="10.464133">
        <ele>817.771565</ele>
        <time>2023-05-27T17:44:22.570Z</time>
      </trkpt>
      <trkpt lat="47.789646" lon="10.463808">
        <ele>818.446222</ele>
        <time>2023-05-27T17:44:30.105Z</time>
      </trkpt>
      <trkpt lat="47.790378" lon="10.462172">
        <ele>822.028992</ele>
        <time>2023-05-27T17:45:11.743Z</time>
      </trkpt>
      <trkpt lat="47.790479" lon="10.461935">
        <ele>822.540554</ele>
        <time>2023-05-27T17:45:17.616Z</time>
      </trkpt>
      <trkpt lat="47.790595" lon="10.461624">
        <ele>823.203324</ele>
        <time>2023-05-27T17:45:24.906Z</time>
      </trkpt>
      <trkpt lat="47.790698" lon="10.461345">
        <ele>823.797926</ele>
        <time>2023-05-27T17:45:31.674Z</time>
      </trkpt>
      <trkpt lat="47.790908" lon="10.460670">
        <ele>825.187288</ele>
        <time>2023-05-27T17:45:48.008Z</time>
      </trkpt>
      <trkpt lat="47.791185" lon="10.459449">
        <ele>827.594340</ele>
        <time>2023-05-27T17:46:16.353Z</time>
      </trkpt>
      <trkpt lat="47.791452" lon="10.458044">
        <ele>828.357724</ele>
        <time>2023-05-27T17:46:41.434Z</time>
      </trkpt>
      <trkpt lat="47.792094" lon="10.457753">
        <ele>828.873853</ele>
        <time>2023-05-27T17:46:51.804Z</time>
      </trkpt>
      <trkpt lat="47.792569" lon="10.457524">
        <ele>828.391155</ele>
        <time>2023-05-27T17:46:57.919Z</time>
      </trkpt>
      <trkpt lat="47.792737" lon="10.457396">
        <ele>828.066631</ele>
        <time>2023-05-27T17:47:00.026Z</time>
      </trkpt>
      <trkpt lat="47.793055" lon="10.457082">
        <ele>827.410450</ele>
        <time>2023-05-27T17:47:04.070Z</time>
      </trkpt>
      <trkpt lat="47.793333" lon="10.456721">
        <ele>826.776085</ele>
        <time>2023-05-27T17:47:08.013Z</time>
      </trkpt>
      <trkpt lat="47.794063" lon="10.455398">
        <ele>824.893306</ele>
        <time>2023-05-27T17:47:20.837Z</time>
      </trkpt>
      <trkpt lat="47.794340" lon="10.455008">
        <ele>824.294334</ele>
        <time>2023-05-27T17:47:25.167Z</time>
      </trkpt>
      <trkpt lat="47.794578" lon="10.454735">
        <ele>823.822316</ele>
        <time>2023-05-27T17:47:28.633Z</time>
      </trkpt>
      <trkpt lat="47.794915" lon="10.454406">
        <ele>823.189203</ele>
        <time>2023-05-27T17:47:33.386Z</time>
      </trkpt>
      <trkpt lat="47.795171" lon="10.454215">
        <ele>822.824565</ele>
        <time>2023-05-27T17:47:36.830Z</time>
      </trkpt>
      <trkpt lat="47.795772" lon="10.453908">
        <ele>822.082386</ele>
        <time>2023-05-27T17:47:44.565Z</time>
      </trkpt>
      <trkpt lat="47.796094" lon="10.453801">
        <ele>821.697018</ele>
        <time>2023-05-27T17:47:48.524Z</time>
      </trkpt>
      <trkpt lat="47.799618" lon="10.453029">
        <ele>817.056399</ele>
        <time>2023-05-27T17:48:30.414Z</time>
      </trkpt>
      <trkpt lat="47.799978" lon="10.452961">
        <ele>816.563717</ele>
        <time>2023-05-27T17:48:34.559Z</time>
      </trkpt>
      <trkpt lat="47.800462" lon="10.452858">
        <ele>816.034485</ele>
        <time>2023-05-27T17:48:40.212Z</time>
      </trkpt>
      <trkpt lat="47.801197" lon="10.452653">
        <ele>815.536172</ele>
        <time>2023-05-27T17:48:49.426Z</time>
      </trkpt>
      <trkpt lat="47.801645" lon="10.452477">
        <ele>815.227413</ele>
        <time>2023-05-27T17:48:55.720Z</time>
      </trkpt>
      <trkpt lat="47.801904" lon="10.452318">
        <ele>815.040722</ele>
        <time>2023-05-27T17:48:59.746Z</time>
      </trkpt>
      <trkpt lat="47.802226" lon="10.452085">
        <ele>815.052255</ele>
        <time>2023-05-27T17:49:04.899Z</time>
      </trkpt>
      <trkpt lat="47.802588" lon="10.451766">
        <ele>815.200830</ele>
        <time>2023-05-27T17:49:11.582Z</time>
      </trkpt>
      <trkpt lat="47.802834" lon="10.451498">
        <ele>815.308493</ele>
        <time>2023-05-27T17:49:16.845Z</time>
      </trkpt>
      <trkpt lat="47.803117" lon="10.451122">
        <ele>815.442460</ele>
        <time>2023-05-27T17:49:23.621Z</time>
      </trkpt>
      <trkpt lat="47.803779" lon="10.450274">
        <ele>815.293749</ele>
        <time>2023-05-27T17:49:38.360Z</time>
      </trkpt>
      <trkpt lat="47.804049" lon="10.449992">
        <ele>815.055273</ele>
        <time>2023-05-27T17:49:42.927Z</time>
      </trkpt>
      <trkpt lat="47.804522" lon="10.449550">
        <ele>814.651480</ele>
        <time>2023-05-27T17:49:49.774Z</time>
      </trkpt>
      <trkpt lat="47.805028" lon="10.449157">
        <ele>814.093076</ele>
        <time>2023-05-27T17:49:56.218Z</time>
      </trkpt>
      <trkpt lat="47.805701" lon="10.448740">
        <ele>812.317522</ele>
        <time>2023-05-27T17:50:04.059Z</time>
      </trkpt>
      <trkpt lat="47.806563" lon="10.448326">
        <ele>810.111365</ele>
        <time>2023-05-27T17:50:13.355Z</time>
      </trkpt>
      <trkpt lat="47.808202" lon="10.447784">
        <ele>806.527354</ele>
        <time>2023-05-27T17:50:31.366Z</time>
      </trkpt>
      <trkpt lat="47.809015" lon="10.447456">
        <ele>805.614622</ele>
        <time>2023-05-27T17:50:41.654Z</time>
      </trkpt>
      <trkpt lat="47.809536" lon="10.447132">
        <ele>805.183272</ele>
        <time>2023-05-27T17:50:49.138Z</time>
      </trkpt>
      <trkpt lat="47.810536" lon="10.446308">
        <ele>804.237474</ele>
        <time>2023-05-27T17:51:04.651Z</time>
      </trkpt>
      <trkpt lat="47.810871" lon="10.446048">
        <ele>803.899204</ele>
        <time>2023-05-27T17:51:09.269Z</time>
      </trkpt>
      <trkpt lat="47.811290" lon="10.445810">
        <ele>803.497648</ele>
        <time>2023-05-27T17:51:14.690Z</time>
      </trkpt>
      <trkpt lat="47.811486" lon="10.445744">
        <ele>803.317713</ele>
        <time>2023-05-27T17:51:17.080Z</time>
      </trkpt>
      <trkpt lat="47.812060" lon="10.445505">
        <ele>802.631139</ele>
        <time>2023-05-27T17:51:24.103Z</time>
      </trkpt>
      <trkpt lat="47.812216" lon="10.445414">
        <ele>802.413207</ele>
        <time>2023-05-27T17:51:26.049Z</time>
      </trkpt>
      <trkpt lat="47.812633" lon="10.445145">
        <ele>801.822082</ele>
        <time>2023-05-27T17:51:31.253Z</time>
      </trkpt>
      <trkpt lat="47.814146" lon="10.444153">
        <ele>799.790707</ele>
        <time>2023-05-27T17:51:51.006Z</time>
      </trkpt>
      <trkpt lat="47.814517" lon="10.443913">
        <ele>799.320936</ele>
        <time>2023-05-27T17:51:55.797Z</time>
      </trkpt>
      <trkpt lat="47.814667" lon="10.443819">
        <ele>799.131932</ele>
        <time>2023-05-27T17:51:57.712Z</time>
      </trkpt>
      <trkpt lat="47.815080" lon="10.443532">
        <ele>798.648645</ele>
        <time>2023-05-27T17:52:03.187Z</time>
      </trkpt>
      <trkpt lat="47.815142" lon="10.443489">
        <ele>798.609539</ele>
        <time>2023-05-27T17:52:04.029Z</time>
      </trkpt>
      <trkpt lat="47.815921" lon="10.443018">
        <ele>798.128811</ele>
        <time>2023-05-27T17:52:14.434Z</time>
      </trkpt>
      <trkpt lat="47.817968" lon="10.441864">
        <ele>798.491627</ele>
        <time>2023-05-27T17:52:46.467Z</time>
      </trkpt>
      <trkpt lat="47.818468" lon="10.441700">
        <ele>798.994463</ele>
        <time>2023-05-27T17:52:58.465Z</time>
      </trkpt>
      <trkpt lat="47.818867" lon="10.441653">
        <ele>800.097760</ele>
        <time>2023-05-27T17:53:08.518Z</time>
      </trkpt>
      <trkpt lat="47.818883" lon="10.441477">
        <ele>800.426500</ele>
        <time>2023-05-27T17:53:12.452Z</time>
      </trkpt>
      <trkpt lat="47.818987" lon="10.441040">
        <ele>801.284667</ele>
        <time>2023-05-27T17:53:20.896Z</time>
      </trkpt>
      <trkpt lat="47.819281" lon="10.438999">
        <ele>805.215711</ele>
        <time>2023-05-27T17:53:58.789Z</time>
      </trkpt>
      <trkpt lat="47.819123" lon="10.438904">
        <ele>805.707269</ele>
        <time>2023-05-27T17:54:02.638Z</time>
      </trkpt>
      <trkpt lat="47.818432" lon="10.438905">
        <ele>807.700723</ele>
        <time>2023-05-27T17:54:19.355Z</time>
      </trkpt>
      <trkpt lat="47.817884" lon="10.438852">
        <ele>809.719970</ele>
        <time>2023-05-27T17:54:34.480Z</time>
      </trkpt>
      <trkpt lat="47.817657" lon="10.438782">
        <ele>811.127982</ele>
        <time>2023-05-27T17:54:41.485Z</time>
      </trkpt>
      <trkpt lat="47.816802" lon="10.438121">
        <ele>816.979205</ele>
        <time>2023-05-27T17:55:17.304Z</time>
      </trkpt>
      <trkpt lat="47.816634" lon="10.437937">
        <ele>818.245866</ele>
        <time>2023-05-27T17:55:26.888Z</time>
      </trkpt>
      <trkpt lat="47.816540" lon="10.437757">
        <ele>819.175895</ele>
        <time>2023-05-27T17:55:34.378Z</time>
      </trkpt>
      <trkpt lat="47.816003" lon="10.436407">
        <ele>829.463140</ele>
        <time>2023-05-27T17:56:33.465Z</time>
      </trkpt>
      <trkpt lat="47.815844" lon="10.436102">
        <ele>832.100997</ele>
        <time>2023-05-27T17:56:49.049Z</time>
      </trkpt>
      <trkpt lat="47.815672" lon="10.435861">
        <ele>834.503655</ele>
        <time>2023-05-27T17:57:03.296Z</time>
      </trkpt>
      <trkpt lat="47.814784" lon="10.434953">
        <ele>842.734171</ele>
        <time>2023-05-27T17:58:02.398Z</time>
      </trkpt>
      <trkpt lat="47.814049" lon="10.434416">
        <ele>847.970553</ele>
        <time>2023-05-27T17:58:34.136Z</time>
      </trkpt>
      <trkpt lat="47.813822" lon="10.434143">
        <ele>849.496913</ele>
        <time>2023-05-27T17:58:41.626Z</time>
      </trkpt>
      <trkpt lat="47.813015" lon="10.432706">
        <ele>844.996164</ele>
        <time>2023-05-27T17:58:54.825Z</time>
      </trkpt>
      <trkpt lat="47.812149" lon="10.431498">
        <ele>837.460883</ele>
        <time>2023-05-27T17:59:05.205Z</time>
      </trkpt>
      <trkpt lat="47.811670" lon="10.430921">
        <ele>832.275992</ele>
        <time>2023-05-27T17:59:10.519Z</time>
      </trkpt>
      <trkpt lat="47.811187" lon="10.430473">
        <ele>827.820466</ele>
        <time>2023-05-27T17:59:15.536Z</time>
      </trkpt>
      <trkpt lat="47.810904" lon="10.430166">
        <ele>826.627466</ele>
        <time>2023-05-27T17:59:18.753Z</time>
      </trkpt>
      <trkpt lat="47.810292" lon="10.429411">
        <ele>823.919548</ele>
        <time>2023-05-27T17:59:26.717Z</time>
      </trkpt>
      <trkpt lat="47.809925" lon="10.428788">
        <ele>822.023256</ele>
        <time>2023-05-27T17:59:33.804Z</time>
      </trkpt>
      <trkpt lat="47.809823" lon="10.428690">
        <ele>821.863550</ele>
        <time>2023-05-27T17:59:35.475Z</time>
      </trkpt>
      <trkpt lat="47.809307" lon="10.428501">
        <ele>821.539970</ele>
        <time>2023-05-27T17:59:44.411Z</time>
      </trkpt>
      <trkpt lat="47.809204" lon="10.428374">
        <ele>821.458536</ele>
        <time>2023-05-27T17:59:46.641Z</time>
      </trkpt>
      <trkpt lat="47.808985" lon="10.427941">
        <ele>821.236856</ele>
        <time>2023-05-27T17:59:52.273Z</time>
      </trkpt>
      <trkpt lat="47.808607" lon="10.427391">
        <ele>820.915023</ele>
        <time>2023-05-27T17:59:58.582Z</time>
      </trkpt>
      <trkpt lat="47.808235" lon="10.426816">
        <ele>820.116886</ele>
        <time>2023-05-27T18:00:04.312Z</time>
      </trkpt>
      <trkpt lat="47.808139" lon="10.426584">
        <ele>819.781815</ele>
        <time>2023-05-27T18:00:06.240Z</time>
      </trkpt>
      <trkpt lat="47.807812" lon="10.425293">
        <ele>818.085221</ele>
        <time>2023-05-27T18:00:16.585Z</time>
      </trkpt>
      <trkpt lat="47.807716" lon="10.425128">
        <ele>817.816788</ele>
        <time>2023-05-27T18:00:18.276Z</time>
      </trkpt>
      <trkpt lat="47.807565" lon="10.425028">
        <ele>817.512043</ele>
        <time>2023-05-27T18:00:20.296Z</time>
      </trkpt>
      <trkpt lat="47.807357" lon="10.424954">
        <ele>817.068214</ele>
        <time>2023-05-27T18:00:22.710Z</time>
      </trkpt>
      <trkpt lat="47.807190" lon="10.424935">
        <ele>816.720616</ele>
        <time>2023-05-27T18:00:24.626Z</time>
      </trkpt>
      <trkpt lat="47.806839" lon="10.425022">
        <ele>815.982134</ele>
        <time>2023-05-27T18:00:28.544Z</time>
      </trkpt>
      <trkpt lat="47.806131" lon="10.425331">
        <ele>814.450943</ele>
        <time>2023-05-27T18:00:36.618Z</time>
      </trkpt>
      <trkpt lat="47.806032" lon="10.425328">
        <ele>814.245438</ele>
        <time>2023-05-27T18:00:37.684Z</time>
      </trkpt>
      <trkpt lat="47.805913" lon="10.425263">
        <ele>813.982373</ele>
        <time>2023-05-27T18:00:39.034Z</time>
      </trkpt>
      <trkpt lat="47.805647" lon="10.425014">
        <ele>812.993666</ele>
        <time>2023-05-27T18:00:42.330Z</time>
      </trkpt>
      <trkpt lat="47.805506" lon="10.424832">
        <ele>812.327436</ele>
        <time>2023-05-27T18:00:44.263Z</time>
      </trkpt>
      <trkpt lat="47.805381" lon="10.424606">
        <ele>811.625412</ele>
        <time>2023-05-27T18:00:46.205Z</time>
      </trkpt>
      <trkpt lat="47.804960" lon="10.423261">
        <ele>808.067190</ele>
        <time>2023-05-27T18:00:55.832Z</time>
      </trkpt>
      <trkpt lat="47.804484" lon="10.421477">
        <ele>804.084852</ele>
        <time>2023-05-27T18:01:08.799Z</time>
      </trkpt>
      <trkpt lat="47.804276" lon="10.420577">
        <ele>802.164664</ele>
        <time>2023-05-27T18:01:15.582Z</time>
      </trkpt>
      <trkpt lat="47.803790" lon="10.418027">
        <ele>798.482335</ele>
        <time>2023-05-27T18:01:35.100Z</time>
      </trkpt>
      <trkpt lat="47.804049" lon="10.417926">
        <ele>797.949674</ele>
        <time>2023-05-27T18:01:38.141Z</time>
      </trkpt>
      <trkpt lat="47.804513" lon="10.417599">
        <ele>796.938338</ele>
        <time>2023-05-27T18:01:43.950Z</time>
      </trkpt>
      <trkpt lat="47.805014" lon="10.417158">
        <ele>795.791751</ele>
        <time>2023-05-27T18:01:50.406Z</time>
      </trkpt>
      <trkpt lat="47.805279" lon="10.416972">
        <ele>795.214586</ele>
        <time>2023-05-27T18:01:53.603Z</time>
      </trkpt>
      <trkpt lat="47.805798" lon="10.416705">
        <ele>793.877107</ele>
        <time>2023-05-27T18:01:59.472Z</time>
      </trkpt>
      <trkpt lat="47.807617" lon="10.415923">
        <ele>788.672927</ele>
        <time>2023-05-27T18:02:18.975Z</time>
      </trkpt>
      <trkpt lat="47.807867" lon="10.415829">
        <ele>787.972222</ele>
        <time>2023-05-27T18:02:21.615Z</time>
      </trkpt>
      <trkpt lat="47.809276" lon="10.415491">
        <ele>784.294895</ele>
        <time>2023-05-27T18:02:36.600Z</time>
      </trkpt>
      <trkpt lat="47.810068" lon="10.415079">
        <ele>782.566670</ele>
        <time>2023-05-27T18:02:45.610Z</time>
      </trkpt>
      <trkpt lat="47.810878" lon="10.414843">
        <ele>780.984983</ele>
        <time>2023-05-27T18:02:55.001Z</time>
      </trkpt>
      <trkpt lat="47.811242" lon="10.414656">
        <ele>780.458134</ele>
        <time>2023-05-27T18:02:59.524Z</time>
      </trkpt>
      <trkpt lat="47.811729" lon="10.414448">
        <ele>779.764931</ele>
        <time>2023-05-27T18:03:05.488Z</time>
      </trkpt>
      <trkpt lat="47.812100" lon="10.414357">
        <ele>779.250472</ele>
        <time>2023-05-27T18:03:09.894Z</time>
      </trkpt>
      <trkpt lat="47.812283" lon="10.414266">
        <ele>778.986491</ele>
        <time>2023-05-27T18:03:12.123Z</time>
      </trkpt>
      <trkpt lat="47.812489" lon="10.414117">
        <ele>778.691887</ele>
        <time>2023-05-27T18:03:14.837Z</time>
      </trkpt>
      <trkpt lat="47.813424" lon="10.413030">
        <ele>777.425298</ele>
        <time>2023-05-27T18:03:29.284Z</time>
      </trkpt>
      <trkpt lat="47.813551" lon="10.412945">
        <ele>777.276625</ele>
        <time>2023-05-27T18:03:30.906Z</time>
      </trkpt>
      <trkpt lat="47.813797" lon="10.412866">
        <ele>777.007916</ele>
        <time>2023-05-27T18:03:33.940Z</time>
      </trkpt>
      <trkpt lat="47.814236" lon="10.412911">
        <ele>776.763204</ele>
        <time>2023-05-27T18:03:39.315Z</time>
      </trkpt>
      <trkpt lat="47.814958" lon="10.412885">
        <ele>776.570944</ele>
        <time>2023-05-27T18:03:48.733Z</time>
      </trkpt>
      <trkpt lat="47.816339" lon="10.413505">
        <ele>775.873856</ele>
        <time>2023-05-27T18:04:12.325Z</time>
      </trkpt>
      <trkpt lat="47.816701" lon="10.413774">
        <ele>775.570325</ele>
        <time>2023-05-27T18:04:17.511Z</time>
      </trkpt>
      <trkpt lat="47.817017" lon="10.414148">
        <ele>775.267486</ele>
        <time>2023-05-27T18:04:22.269Z</time>
      </trkpt>
      <trkpt lat="47.817107" lon="10.414202">
        <ele>775.194688</ele>
        <time>2023-05-27T18:04:23.411Z</time>
      </trkpt>
      <trkpt lat="47.817334" lon="10.414141">
        <ele>775.021627</ele>
        <time>2023-05-27T18:04:25.942Z</time>
      </trkpt>
      <trkpt lat="47.817674" lon="10.413147">
        <ele>772.868334</ele>
        <time>2023-05-27T18:04:33.937Z</time>
      </trkpt>
      <trkpt lat="47.817705" lon="10.413107">
        <ele>772.748536</ele>
        <time>2023-05-27T18:04:34.365Z</time>
      </trkpt>
      <trkpt lat="47.817734" lon="10.413069">
        <ele>772.635718</ele>
        <time>2023-05-27T18:04:34.773Z</time>
      </trkpt>
      <trkpt lat="47.818218" lon="10.412743">
        <ele>771.084261</ele>
        <time>2023-05-27T18:04:40.044Z</time>
      </trkpt>
      <trkpt lat="47.818436" lon="10.412518">
        <ele>770.309597</ele>
        <time>2023-05-27T18:04:42.623Z</time>
      </trkpt>
      <trkpt lat="47.818610" lon="10.412237">
        <ele>769.637253</ele>
        <time>2023-05-27T18:04:45.172Z</time>
      </trkpt>
      <trkpt lat="47.818953" lon="10.411590">
        <ele>768.656414</ele>
        <time>2023-05-27T18:04:50.919Z</time>
      </trkpt>
      <trkpt lat="47.819116" lon="10.411386">
        <ele>768.279133</ele>
        <time>2023-05-27T18:04:53.248Z</time>
      </trkpt>
      <trkpt lat="47.819593" lon="10.410994">
        <ele>767.313750</ele>
        <time>2023-05-27T18:04:59.542Z</time>
      </trkpt>
      <trkpt lat="47.819749" lon="10.410923">
        <ele>767.024700</ele>
        <time>2023-05-27T18:05:01.564Z</time>
      </trkpt>
      <trkpt lat="47.820764" lon="10.410859">
        <ele>767.279358</ele>
        <time>2023-05-27T18:05:16.968Z</time>
      </trkpt>
      <trkpt lat="47.821633" lon="10.410434">
        <ele>768.135084</ele>
        <time>2023-05-27T18:05:36.105Z</time>
      </trkpt>
      <trkpt lat="47.822080" lon="10.410248">
        <ele>769.041989</ele>
        <time>2023-05-27T18:05:46.878Z</time>
      </trkpt>
      <trkpt lat="47.822414" lon="10.409983">
        <ele>769.923638</ele>
        <time>2023-05-27T18:05:56.156Z</time>
      </trkpt>
      <trkpt lat="47.822626" lon="10.409681">
        <ele>770.607082</ele>
        <time>2023-05-27T18:06:03.616Z</time>
      </trkpt>
      <trkpt lat="47.823026" lon="10.408578">
        <ele>772.476245</ele>
        <time>2023-05-27T18:06:25.212Z</time>
      </trkpt>
      <trkpt lat="47.823331" lon="10.408014">
        <ele>772.781483</ele>
        <time>2023-05-27T18:06:35.960Z</time>
      </trkpt>
      <trkpt lat="47.823573" lon="10.407652">
        <ele>772.996795</ele>
        <time>2023-05-27T18:06:42.182Z</time>
      </trkpt>
      <trkpt lat="47.824032" lon="10.406858">
        <ele>773.438407</ele>
        <time>2023-05-27T18:06:51.462Z</time>
      </trkpt>
      <trkpt lat="47.824299" lon="10.406664">
        <ele>773.620925</ele>
        <time>2023-05-27T18:06:55.409Z</time>
      </trkpt>
      <trkpt lat="47.824598" lon="10.406604">
        <ele>773.796220</ele>
        <time>2023-05-27T18:06:59.618Z</time>
      </trkpt>
      <trkpt lat="47.825169" lon="10.406700">
        <ele>774.130088</ele>
        <time>2023-05-27T18:07:07.929Z</time>
      </trkpt>
      <trkpt lat="47.825433" lon="10.406745">
        <ele>774.284478</ele>
        <time>2023-05-27T18:07:12.164Z</time>
      </trkpt>
      <trkpt lat="47.826005" lon="10.406769">
        <ele>774.619505</ele>
        <time>2023-05-27T18:07:23.585Z</time>
      </trkpt>
      <trkpt lat="47.826435" lon="10.406863">
        <ele>776.509861</ele>
        <time>2023-05-27T18:07:35.167Z</time>
      </trkpt>
      <trkpt lat="47.826694" lon="10.406771">
        <ele>777.667995</ele>
        <time>2023-05-27T18:07:43.781Z</time>
      </trkpt>
      <trkpt lat="47.826833" lon="10.406706">
        <ele>778.301683</ele>
        <time>2023-05-27T18:07:48.600Z</time>
      </trkpt>
      <trkpt lat="47.827007" lon="10.406676">
        <ele>779.063564</ele>
        <time>2023-05-27T18:07:55.274Z</time>
      </trkpt>
      <trkpt lat="47.827252" lon="10.406637">
        <ele>780.135280</ele>
        <time>2023-05-27T18:08:04.615Z</time>
      </trkpt>
      <trkpt lat="47.827344" lon="10.406542">
        <ele>780.622198</ele>
        <time>2023-05-27T18:08:08.886Z</time>
      </trkpt>
      <trkpt lat="47.827525" lon="10.406199">
        <ele>781.896181</ele>
        <time>2023-05-27T18:08:19.692Z</time>
      </trkpt>
      <trkpt lat="47.827614" lon="10.406142">
        <ele>782.317561</ele>
        <time>2023-05-27T18:08:23.141Z</time>
      </trkpt>
      <trkpt lat="47.827707" lon="10.406140">
        <ele>782.711839</ele>
        <time>2023-05-27T18:08:26.419Z</time>
      </trkpt>
      <trkpt lat="47.827980" lon="10.406232">
        <ele>783.884959</ele>
        <time>2023-05-27T18:08:35.998Z</time>
      </trkpt>
      <trkpt lat="47.828183" lon="10.406240">
        <ele>784.736073</ele>
        <time>2023-05-27T18:08:42.687Z</time>
      </trkpt>
      <trkpt lat="47.828288" lon="10.406212">
        <ele>785.183147</ele>
        <time>2023-05-27T18:08:46.182Z</time>
      </trkpt>
      <trkpt lat="47.828435" lon="10.406134">
        <ele>785.837180</ele>
        <time>2023-05-27T18:08:51.176Z</time>
      </trkpt>
      <trkpt lat="47.828650" lon="10.405947">
        <ele>786.880665</ele>
        <time>2023-05-27T18:08:59.008Z</time>
      </trkpt>
      <trkpt lat="47.828808" lon="10.405688">
        <ele>787.865360</ele>
        <time>2023-05-27T18:09:06.246Z</time>
      </trkpt>
      <trkpt lat="47.829068" lon="10.405099">
        <ele>789.848824</ele>
        <time>2023-05-27T18:09:19.952Z</time>
      </trkpt>
      <trkpt lat="47.829180" lon="10.405010">
        <ele>790.290247</ele>
        <time>2023-05-27T18:09:23.424Z</time>
      </trkpt>
      <trkpt lat="47.829465" lon="10.405053">
        <ele>791.220540</ele>
        <time>2023-05-27T18:09:31.227Z</time>
      </trkpt>
      <trkpt lat="47.829268" lon="10.404475">
        <ele>792.633811</ele>
        <time>2023-05-27T18:09:42.748Z</time>
      </trkpt>
      <trkpt lat="47.829259" lon="10.404450">
        <ele>792.695659</ele>
        <time>2023-05-27T18:09:43.261Z</time>
      </trkpt>
      <trkpt lat="47.829232" lon="10.404376">
        <ele>792.879284</ele>
        <time>2023-05-27T18:09:44.738Z</time>
      </trkpt>
      <trkpt lat="47.829261" lon="10.404321">
        <ele>793.031760</ele>
        <time>2023-05-27T18:09:46.248Z</time>
      </trkpt>
      <trkpt lat="47.829101" lon="10.403913">
        <ele>794.061939</ele>
        <time>2023-05-27T18:09:56.289Z</time>
      </trkpt>
      <trkpt lat="47.829082" lon="10.403772">
        <ele>794.375484</ele>
        <time>2023-05-27T18:09:59.472Z</time>
      </trkpt>
      <trkpt lat="47.828690" lon="10.402781">
        <ele>797.450982</ele>
        <time>2023-05-27T18:10:26.113Z</time>
      </trkpt>
      <trkpt lat="47.828544" lon="10.402293">
        <ele>799.237548</ele>
        <time>2023-05-27T18:10:39.394Z</time>
      </trkpt>
      <trkpt lat="47.828139" lon="10.400334">
        <ele>806.672703</ele>
        <time>2023-05-27T18:11:37.820Z</time>
      </trkpt>
      <trkpt lat="47.827531" lon="10.397134">
        <ele>823.467973</ele>
        <time>2023-05-27T18:13:31.110Z</time>
      </trkpt>
      <trkpt lat="47.827278" lon="10.396005">
        <ele>830.074916</ele>
        <time>2023-05-27T18:14:14.802Z</time>
      </trkpt>
      <trkpt lat="47.827091" lon="10.395337">
        <ele>834.016579</ele>
        <time>2023-05-27T18:14:41.848Z</time>
      </trkpt>
      <trkpt lat="47.826758" lon="10.394398">
        <ele>839.617798</ele>
        <time>2023-05-27T18:15:21.036Z</time>
      </trkpt>
      <trkpt lat="47.826514" lon="10.393903">
        <ele>842.856822</ele>
        <time>2023-05-27T18:15:43.866Z</time>
      </trkpt>
      <trkpt lat="47.825499" lon="10.392512">
        <ele>849.224092</ele>
        <time>2023-05-27T18:16:43.651Z</time>
      </trkpt>
      <trkpt lat="47.825079" lon="10.392076">
        <ele>850.675587</ele>
        <time>2023-05-27T18:16:55.184Z</time>
      </trkpt>
      <trkpt lat="47.825025" lon="10.391988">
        <ele>850.902527</ele>
        <time>2023-05-27T18:16:56.699Z</time>
      </trkpt>
      <trkpt lat="47.825015" lon="10.391880">
        <ele>851.110059</ele>
        <time>2023-05-27T18:16:58.146Z</time>
      </trkpt>
      <trkpt lat="47.825051" lon="10.391761">
        <ele>851.358518</ele>
        <time>2023-05-27T18:16:59.822Z</time>
      </trkpt>
      <trkpt lat="47.825143" lon="10.391637">
        <ele>851.710307</ele>
        <time>2023-05-27T18:17:02.029Z</time>
      </trkpt>
      <trkpt lat="47.825157" lon="10.391627">
        <ele>851.754329</ele>
        <time>2023-05-27T18:17:02.286Z</time>
      </trkpt>
      <trkpt lat="47.825437" lon="10.391417">
        <ele>851.337936</ele>
        <time>2023-05-27T18:17:07.700Z</time>
      </trkpt>
      <trkpt lat="47.825858" lon="10.391227">
        <ele>850.653614</ele>
        <time>2023-05-27T18:17:14.682Z</time>
      </trkpt>
      <trkpt lat="47.826138" lon="10.391242">
        <ele>850.217758</ele>
        <time>2023-05-27T18:17:19.000Z</time>
      </trkpt>
      <trkpt lat="47.826169" lon="10.391203">
        <ele>850.154633</ele>
        <time>2023-05-27T18:17:19.603Z</time>
      </trkpt>
      <trkpt lat="47.826324" lon="10.391233">
        <ele>849.911484</ele>
        <time>2023-05-27T18:17:21.985Z</time>
      </trkpt>
      <trkpt lat="47.827028" lon="10.391199">
        <ele>849.009053</ele>
        <time>2023-05-27T18:17:33.074Z</time>
      </trkpt>
      <trkpt lat="47.828190" lon="10.391087">
        <ele>849.074161</ele>
        <time>2023-05-27T18:17:57.161Z</time>
      </trkpt>
      <trkpt lat="47.829482" lon="10.390992">
        <ele>850.642172</ele>
        <time>2023-05-27T18:18:29.085Z</time>
      </trkpt>
      <trkpt lat="47.830342" lon="10.390769">
        <ele>852.366346</ele>
        <time>2023-05-27T18:18:55.047Z</time>
      </trkpt>
      <trkpt lat="47.830967" lon="10.390681">
        <ele>854.592635</ele>
        <time>2023-05-27T18:19:15.962Z</time>
      </trkpt>
      <trkpt lat="47.831272" lon="10.390671">
        <ele>855.820271</ele>
        <time>2023-05-27T18:19:26.753Z</time>
      </trkpt>
      <trkpt lat="47.831307" lon="10.390669">
        <ele>855.961216</ele>
        <time>2023-05-27T18:19:28.000Z</time>
      </trkpt>
      <trkpt lat="47.832324" lon="10.390707">
        <ele>860.110404</ele>
        <time>2023-05-27T18:20:06.355Z</time>
      </trkpt>
      <trkpt lat="47.833399" lon="10.390916">
        <ele>865.969219</ele>
        <time>2023-05-27T18:20:52.595Z</time>
      </trkpt>
      <trkpt lat="47.833772" lon="10.390761">
        <ele>868.061955</ele>
        <time>2023-05-27T18:21:09.386Z</time>
      </trkpt>
      <trkpt lat="47.834493" lon="10.390231">
        <ele>871.671904</ele>
        <time>2023-05-27T18:21:43.074Z</time>
      </trkpt>
      <trkpt lat="47.835223" lon="10.389638">
        <ele>874.982940</ele>
        <time>2023-05-27T18:22:15.199Z</time>
      </trkpt>
      <trkpt lat="47.836182" lon="10.388846">
        <ele>876.002451</ele>
        <time>2023-05-27T18:22:44.391Z</time>
      </trkpt>
      <trkpt lat="47.836250" lon="10.388437">
        <ele>875.663866</ele>
        <time>2023-05-27T18:22:49.039Z</time>
      </trkpt>
      <trkpt lat="47.836232" lon="10.387491">
        <ele>874.903398</ele>
        <time>2023-05-27T18:22:58.314Z</time>
      </trkpt>
      <trkpt lat="47.836717" lon="10.386151">
        <ele>872.193999</ele>
        <time>2023-05-27T18:23:12.746Z</time>
      </trkpt>
      <trkpt lat="47.836779" lon="10.385622">
        <ele>871.082329</ele>
        <time>2023-05-27T18:23:17.860Z</time>
      </trkpt>
      <trkpt lat="47.836981" lon="10.384689">
        <ele>869.082566</ele>
        <time>2023-05-27T18:23:27.618Z</time>
      </trkpt>
      <trkpt lat="47.837277" lon="10.384612">
        <ele>869.355491</ele>
        <time>2023-05-27T18:23:32.723Z</time>
      </trkpt>
      <trkpt lat="47.838305" lon="10.384476">
        <ele>870.292897</ele>
        <time>2023-05-27T18:23:58.942Z</time>
      </trkpt>
      <trkpt lat="47.838617" lon="10.384403">
        <ele>870.579760</ele>
        <time>2023-05-27T18:24:08.602Z</time>
      </trkpt>
      <trkpt lat="47.839529" lon="10.384130">
        <ele>872.693973</ele>
        <time>2023-05-27T18:24:37.937Z</time>
      </trkpt>
      <trkpt lat="47.839909" lon="10.383942">
        <ele>873.703143</ele>
        <time>2023-05-27T18:24:50.342Z</time>
      </trkpt>
      <trkpt lat="47.840361" lon="10.383470">
        <ele>875.094318</ele>
        <time>2023-05-27T18:25:07.024Z</time>
      </trkpt>
      <trkpt lat="47.840836" lon="10.382877">
        <ele>876.160901</ele>
        <time>2023-05-27T18:25:24.121Z</time>
      </trkpt>
      <trkpt lat="47.841361" lon="10.382311">
        <ele>877.221810</ele>
        <time>2023-05-27T18:25:40.876Z</time>
      </trkpt>
      <trkpt lat="47.841786" lon="10.382018">
        <ele>877.988467</ele>
        <time>2023-05-27T18:25:52.427Z</time>
      </trkpt>
      <trkpt lat="47.843485" lon="10.381080">
        <ele>881.010569</ele>
        <time>2023-05-27T18:26:41.108Z</time>
      </trkpt>
      <trkpt lat="47.843631" lon="10.381039">
        <ele>881.289543</ele>
        <time>2023-05-27T18:26:45.248Z</time>
      </trkpt>
      <trkpt lat="47.843753" lon="10.381047">
        <ele>881.586949</ele>
        <time>2023-05-27T18:26:48.720Z</time>
      </trkpt>
      <trkpt lat="47.844204" lon="10.381216">
        <ele>882.719516</ele>
        <time>2023-05-27T18:27:02.067Z</time>
      </trkpt>
      <trkpt lat="47.844794" lon="10.381393">
        <ele>884.185236</ele>
        <time>2023-05-27T18:27:20.396Z</time>
      </trkpt>
      <trkpt lat="47.845057" lon="10.381331">
        <ele>884.833713</ele>
        <time>2023-05-27T18:27:28.756Z</time>
      </trkpt>
      <trkpt lat="47.845313" lon="10.381217">
        <ele>885.484423</ele>
        <time>2023-05-27T18:27:37.312Z</time>
      </trkpt>
      <trkpt lat="47.845289" lon="10.381009">
        <ele>885.773865</ele>
        <time>2023-05-27T18:27:41.883Z</time>
      </trkpt>
      <trkpt lat="47.845259" lon="10.380711">
        <ele>886.160231</ele>
        <time>2023-05-27T18:27:48.133Z</time>
      </trkpt>
      <trkpt lat="47.845278" lon="10.380549">
        <ele>886.371094</ele>
        <time>2023-05-27T18:27:51.608Z</time>
      </trkpt>
      <trkpt lat="47.845326" lon="10.380431">
        <ele>886.548013</ele>
        <time>2023-05-27T18:27:54.562Z</time>
      </trkpt>
      <trkpt lat="47.845622" lon="10.380128">
        <ele>887.234106</ele>
        <time>2023-05-27T18:28:05.263Z</time>
      </trkpt>
      <trkpt lat="47.845765" lon="10.379979">
        <ele>887.567475</ele>
        <time>2023-05-27T18:28:09.983Z</time>
      </trkpt>
      <trkpt lat="47.846164" lon="10.379480">
        <ele>888.562672</ele>
        <time>2023-05-27T18:28:23.858Z</time>
      </trkpt>
      <trkpt lat="47.846228" lon="10.379235">
        <ele>888.899759</ele>
        <time>2023-05-27T18:28:28.138Z</time>
      </trkpt>
      <trkpt lat="47.846257" lon="10.378936">
        <ele>888.947786</ele>
        <time>2023-05-27T18:28:32.914Z</time>
      </trkpt>
      <trkpt lat="47.846327" lon="10.378560">
        <ele>888.839702</ele>
        <time>2023-05-27T18:28:38.475Z</time>
      </trkpt>
      <trkpt lat="47.846398" lon="10.378326">
        <ele>888.768568</ele>
        <time>2023-05-27T18:28:41.886Z</time>
      </trkpt>
      <trkpt lat="47.846355" lon="10.377978">
        <ele>888.670553</ele>
        <time>2023-05-27T18:28:46.366Z</time>
      </trkpt>
      <trkpt lat="47.846348" lon="10.377374">
        <ele>888.503223</ele>
        <time>2023-05-27T18:28:53.513Z</time>
      </trkpt>
      <trkpt lat="47.846450" lon="10.376136">
        <ele>888.073345</ele>
        <time>2023-05-27T18:29:07.577Z</time>
      </trkpt>
      <trkpt lat="47.846478" lon="10.375395">
        <ele>887.707107</ele>
        <time>2023-05-27T18:29:16.222Z</time>
      </trkpt>
      <trkpt lat="47.846692" lon="10.374107">
        <ele>887.052336</ele>
        <time>2023-05-27T18:29:33.179Z</time>
      </trkpt>
      <trkpt lat="47.846727" lon="10.371721">
        <ele>885.415721</ele>
        <time>2023-05-27T18:30:02.093Z</time>
      </trkpt>
      <trkpt lat="47.846784" lon="10.370364">
        <ele>883.066046</ele>
        <time>2023-05-27T18:30:16.230Z</time>
      </trkpt>
      <trkpt lat="47.846918" lon="10.367822">
        <ele>876.233331</ele>
        <time>2023-05-27T18:30:40.049Z</time>
      </trkpt>
      <trkpt lat="47.846920" lon="10.367260">
        <ele>874.253237</ele>
        <time>2023-05-27T18:30:45.069Z</time>
      </trkpt>
      <trkpt lat="47.846835" lon="10.364772">
        <ele>866.390516</ele>
        <time>2023-05-27T18:31:07.146Z</time>
      </trkpt>
      <trkpt lat="47.846817" lon="10.363666">
        <ele>863.422670</ele>
        <time>2023-05-27T18:31:17.743Z</time>
      </trkpt>
      <trkpt lat="47.846855" lon="10.363234">
        <ele>862.253868</ele>
        <time>2023-05-27T18:31:22.235Z</time>
      </trkpt>
      <trkpt lat="47.847053" lon="10.361965">
        <ele>861.658023</ele>
        <time>2023-05-27T18:31:37.820Z</time>
      </trkpt>
      <trkpt lat="47.847053" lon="10.361744">
        <ele>861.576667</ele>
        <time>2023-05-27T18:31:40.776Z</time>
      </trkpt>
      <trkpt lat="47.847162" lon="10.361576">
        <ele>861.490647</ele>
        <time>2023-05-27T18:31:44.432Z</time>
      </trkpt>
      <trkpt lat="47.847259" lon="10.361514">
        <ele>861.432751</ele>
        <time>2023-05-27T18:31:46.863Z</time>
      </trkpt>
      <trkpt lat="47.847571" lon="10.361483">
        <ele>861.261230</ele>
        <time>2023-05-27T18:31:54.240Z</time>
      </trkpt>
      <trkpt lat="47.847868" lon="10.361500">
        <ele>860.931437</ele>
        <time>2023-05-27T18:32:00.536Z</time>
      </trkpt>
      <trkpt lat="47.848017" lon="10.361694">
        <ele>860.295847</ele>
        <time>2023-05-27T18:32:04.097Z</time>
      </trkpt>
      <trkpt lat="47.848137" lon="10.361914">
        <ele>859.684700</ele>
        <time>2023-05-27T18:32:07.422Z</time>
      </trkpt>
      <trkpt lat="47.848279" lon="10.362424">
        <ele>858.494425</ele>
        <time>2023-05-27T18:32:13.080Z</time>
      </trkpt>
      <trkpt lat="47.848542" lon="10.362958">
        <ele>857.066549</ele>
        <time>2023-05-27T18:32:19.350Z</time>
      </trkpt>
      <trkpt lat="47.848611" lon="10.363085">
        <ele>856.714304</ele>
        <time>2023-05-27T18:32:20.830Z</time>
      </trkpt>
      <trkpt lat="47.848676" lon="10.363139">
        <ele>856.475254</ele>
        <time>2023-05-27T18:32:21.832Z</time>
      </trkpt>
      <trkpt lat="47.848752" lon="10.363144">
        <ele>856.230888</ele>
        <time>2023-05-27T18:32:22.855Z</time>
      </trkpt>
      <trkpt lat="47.849032" lon="10.362893">
        <ele>855.049472</ele>
        <time>2023-05-27T18:32:27.148Z</time>
      </trkpt>
      <trkpt lat="47.849465" lon="10.362378">
        <ele>851.919328</ele>
        <time>2023-05-27T18:32:34.304Z</time>
      </trkpt>
      <trkpt lat="47.849920" lon="10.361561">
        <ele>847.893886</ele>
        <time>2023-05-27T18:32:43.697Z</time>
      </trkpt>
      <trkpt lat="47.850251" lon="10.361134">
        <ele>845.420341</ele>
        <time>2023-05-27T18:32:49.621Z</time>
      </trkpt>
      <trkpt lat="47.850303" lon="10.361033">
        <ele>844.958645</ele>
        <time>2023-05-27T18:32:50.797Z</time>
      </trkpt>
      <trkpt lat="47.850304" lon="10.361031">
        <ele>844.949966</ele>
        <time>2023-05-27T18:32:50.825Z</time>
      </trkpt>
      <trkpt lat="47.850308" lon="10.360883">
        <ele>844.434527</ele>
        <time>2023-05-27T18:32:52.195Z</time>
      </trkpt>
      <trkpt lat="47.850265" lon="10.360835">
        <ele>844.155923</ele>
        <time>2023-05-27T18:32:52.921Z</time>
      </trkpt>
      <trkpt lat="47.850213" lon="10.360827">
        <ele>843.884840</ele>
        <time>2023-05-27T18:32:53.633Z</time>
      </trkpt>
      <trkpt lat="47.850102" lon="10.360857">
        <ele>843.299852</ele>
        <time>2023-05-27T18:32:55.184Z</time>
      </trkpt>
      <trkpt lat="47.849712" lon="10.361139">
        <ele>841.051965</ele>
        <time>2023-05-27T18:33:01.136Z</time>
      </trkpt>
      <trkpt lat="47.849602" lon="10.361182">
        <ele>840.462253</ele>
        <time>2023-05-27T18:33:02.671Z</time>
      </trkpt>
      <trkpt lat="47.849545" lon="10.361173">
        <ele>840.165021</ele>
        <time>2023-05-27T18:33:03.444Z</time>
      </trkpt>
      <trkpt lat="47.849511" lon="10.361082">
        <ele>839.802575</ele>
        <time>2023-05-27T18:33:04.399Z</time>
      </trkpt>
      <trkpt lat="47.849526" lon="10.360972">
        <ele>839.411960</ele>
        <time>2023-05-27T18:33:05.419Z</time>
      </trkpt>
      <trkpt lat="47.849595" lon="10.360883">
        <ele>838.938731</ele>
        <time>2023-05-27T18:33:06.654Z</time>
      </trkpt>
      <trkpt lat="47.850036" lon="10.360514">
        <ele>836.316044</ele>
        <time>2023-05-27T18:33:13.388Z</time>
      </trkpt>
      <trkpt lat="47.850421" lon="10.360262">
        <ele>832.692361</ele>
        <time>2023-05-27T18:33:18.878Z</time>
      </trkpt>
      <trkpt lat="47.850599" lon="10.360212">
        <ele>830.969662</ele>
        <time>2023-05-27T18:33:21.210Z</time>
      </trkpt>
      <trkpt lat="47.850701" lon="10.360122">
        <ele>829.842279</ele>
        <time>2023-05-27T18:33:22.692Z</time>
      </trkpt>
      <trkpt lat="47.850808" lon="10.359948">
        <ele>828.336025</ele>
        <time>2023-05-27T18:33:24.659Z</time>
      </trkpt>
      <trkpt lat="47.850949" lon="10.359804">
        <ele>826.710328</ele>
        <time>2023-05-27T18:33:26.771Z</time>
      </trkpt>
      <trkpt lat="47.851379" lon="10.359505">
        <ele>822.197464</ele>
        <time>2023-05-27T18:33:32.516Z</time>
      </trkpt>
      <trkpt lat="47.851852" lon="10.359350">
        <ele>817.034944</ele>
        <time>2023-05-27T18:33:38.279Z</time>
      </trkpt>
      <trkpt lat="47.852570" lon="10.359160">
        <ele>806.795299</ele>
        <time>2023-05-27T18:33:46.802Z</time>
      </trkpt>
      <trkpt lat="47.853139" lon="10.358956">
        <ele>798.577616</ele>
        <time>2023-05-27T18:33:53.654Z</time>
      </trkpt>
      <trkpt lat="47.853299" lon="10.358813">
        <ele>795.957879</ele>
        <time>2023-05-27T18:33:55.863Z</time>
      </trkpt>
      <trkpt lat="47.853391" lon="10.358603">
        <ele>793.594809</ele>
        <time>2023-05-27T18:33:57.835Z</time>
      </trkpt>
      <trkpt lat="47.853406" lon="10.358488">
        <ele>792.673122</ele>
        <time>2023-05-27T18:33:58.763Z</time>
      </trkpt>
      <trkpt lat="47.853397" lon="10.358352">
        <ele>791.617094</ele>
        <time>2023-05-27T18:33:59.843Z</time>
      </trkpt>
      <trkpt lat="47.853284" lon="10.357586">
        <ele>785.556527</ele>
        <time>2023-05-27T18:34:06.042Z</time>
      </trkpt>
      <trkpt lat="47.853229" lon="10.357131">
        <ele>781.983946</ele>
        <time>2023-05-27T18:34:09.720Z</time>
      </trkpt>
      <trkpt lat="47.853125" lon="10.356527">
        <ele>777.165352</ele>
        <time>2023-05-27T18:34:14.751Z</time>
      </trkpt>
      <trkpt lat="47.853133" lon="10.356443">
        <ele>776.509740</ele>
        <time>2023-05-27T18:34:15.452Z</time>
      </trkpt>
      <trkpt lat="47.853365" lon="10.355830">
        <ele>771.942178</ele>
        <time>2023-05-27T18:34:21.422Z</time>
      </trkpt>
      <trkpt lat="47.853500" lon="10.355377">
        <ele>770.051741</ele>
        <time>2023-05-27T18:34:25.771Z</time>
      </trkpt>
      <trkpt lat="47.853520" lon="10.355083">
        <ele>768.924697</ele>
        <time>2023-05-27T18:34:28.422Z</time>
      </trkpt>
      <trkpt lat="47.853891" lon="10.354770">
        <ele>766.501580</ele>
        <time>2023-05-27T18:34:32.358Z</time>
      </trkpt>
      <trkpt lat="47.853973" lon="10.354743">
        <ele>766.024275</ele>
        <time>2023-05-27T18:34:33.128Z</time>
      </trkpt>
      <trkpt lat="47.854332" lon="10.354737">
        <ele>763.983693</ele>
        <time>2023-05-27T18:34:36.501Z</time>
      </trkpt>
      <trkpt lat="47.854356" lon="10.354089">
        <ele>762.250796</ele>
        <time>2023-05-27T18:34:42.669Z</time>
      </trkpt>
      <trkpt lat="47.854451" lon="10.353107">
        <ele>761.118141</ele>
        <time>2023-05-27T18:34:52.763Z</time>
      </trkpt>
      <trkpt lat="47.854587" lon="10.352052">
        <ele>759.891717</ele>
        <time>2023-05-27T18:35:04.876Z</time>
      </trkpt>
      <trkpt lat="47.854786" lon="10.350447">
        <ele>762.144191</ele>
        <time>2023-05-27T18:35:32.804Z</time>
      </trkpt>
      <trkpt lat="47.854877" lon="10.349721">
        <ele>763.646700</ele>
        <time>2023-05-27T18:35:50.176Z</time>
      </trkpt>
      <trkpt lat="47.854895" lon="10.348941">
        <ele>765.563255</ele>
        <time>2023-05-27T18:36:12.138Z</time>
      </trkpt>
      <trkpt lat="47.854870" lon="10.348594">
        <ele>767.126872</ele>
        <time>2023-05-27T18:36:23.098Z</time>
      </trkpt>
      <trkpt lat="47.854821" lon="10.348294">
        <ele>768.510224</ele>
        <time>2023-05-27T18:36:33.457Z</time>
      </trkpt>
      <trkpt lat="47.854613" lon="10.347657">
        <ele>771.684195</ele>
        <time>2023-05-27T18:36:59.197Z</time>
      </trkpt>
      <trkpt lat="47.854577" lon="10.347541">
        <ele>772.256813</ele>
        <time>2023-05-27T18:37:04.156Z</time>
      </trkpt>
      <trkpt lat="47.853922" lon="10.345480">
        <ele>781.274428</ele>
        <time>2023-05-27T18:38:10.582Z</time>
      </trkpt>
      <trkpt lat="47.853840" lon="10.345150">
        <ele>782.507375</ele>
        <time>2023-05-27T18:38:19.843Z</time>
      </trkpt>
      <trkpt lat="47.853794" lon="10.344767">
        <ele>783.870617</ele>
        <time>2023-05-27T18:38:29.804Z</time>
      </trkpt>
      <trkpt lat="47.853799" lon="10.344470">
        <ele>784.911542</ele>
        <time>2023-05-27T18:38:37.559Z</time>
      </trkpt>
      <trkpt lat="47.853849" lon="10.344057">
        <ele>786.387366</ele>
        <time>2023-05-27T18:38:48.848Z</time>
      </trkpt>
      <trkpt lat="47.854022" lon="10.343432">
        <ele>789.402431</ele>
        <time>2023-05-27T18:39:06.475Z</time>
      </trkpt>
      <trkpt lat="47.854285" lon="10.342669">
        <ele>793.227754</ele>
        <time>2023-05-27T18:39:29.368Z</time>
      </trkpt>
      <trkpt lat="47.854450" lon="10.341950">
        <ele>796.616496</ele>
        <time>2023-05-27T18:39:56.223Z</time>
      </trkpt>
      <trkpt lat="47.854760" lon="10.340257">
        <ele>806.340617</ele>
        <time>2023-05-27T18:41:07.756Z</time>
      </trkpt>
      <trkpt lat="47.854813" lon="10.339298">
        <ele>811.961166</ele>
        <time>2023-05-27T18:41:42.352Z</time>
      </trkpt>
      <trkpt lat="47.854640" lon="10.338540">
        <ele>815.449129</ele>
        <time>2023-05-27T18:42:08.332Z</time>
      </trkpt>
      <trkpt lat="47.854235" lon="10.336430">
        <ele>822.550835</ele>
        <time>2023-05-27T18:43:04.470Z</time>
      </trkpt>
      <trkpt lat="47.853780" lon="10.335316">
        <ele>824.988160</ele>
        <time>2023-05-27T18:43:29.730Z</time>
      </trkpt>
      <trkpt lat="47.853080" lon="10.333970">
        <ele>828.148746</ele>
        <time>2023-05-27T18:44:05.108Z</time>
      </trkpt>
      <trkpt lat="47.852756" lon="10.333270">
        <ele>829.802554</ele>
        <time>2023-05-27T18:44:23.144Z</time>
      </trkpt>
      <trkpt lat="47.852498" lon="10.332406">
        <ele>831.641739</ele>
        <time>2023-05-27T18:44:42.968Z</time>
      </trkpt>
      <trkpt lat="47.852415" lon="10.331639">
        <ele>833.244258</ele>
        <time>2023-05-27T18:45:00.271Z</time>
      </trkpt>
      <trkpt lat="47.852438" lon="10.330815">
        <ele>835.246429</ele>
        <time>2023-05-27T18:45:19.235Z</time>
      </trkpt>
      <trkpt lat="47.852437" lon="10.330142">
        <ele>836.880289</ele>
        <time>2023-05-27T18:45:35.019Z</time>
      </trkpt>
      <trkpt lat="47.852348" lon="10.329454">
        <ele>838.581314</ele>
        <time>2023-05-27T18:45:51.610Z</time>
      </trkpt>
      <trkpt lat="47.852171" lon="10.328781">
        <ele>840.021370</ele>
        <time>2023-05-27T18:46:08.972Z</time>
      </trkpt>
      <trkpt lat="47.851847" lon="10.328231">
        <ele>841.262918</ele>
        <time>2023-05-27T18:46:27.051Z</time>
      </trkpt>
      <trkpt lat="47.850522" lon="10.327263">
        <ele>843.626431</ele>
        <time>2023-05-27T18:47:05.883Z</time>
      </trkpt>
      <trkpt lat="47.851422" lon="10.325951">
        <ele>843.043242</ele>
        <time>2023-05-27T18:47:27.366Z</time>
      </trkpt>
      <trkpt lat="47.851938" lon="10.325463">
        <ele>842.742734</ele>
        <time>2023-05-27T18:47:37.080Z</time>
      </trkpt>
      <trkpt lat="47.853504" lon="10.324536">
        <ele>842.610938</ele>
        <time>2023-05-27T18:48:10.868Z</time>
      </trkpt>
      <trkpt lat="47.853892" lon="10.324618">
        <ele>843.081668</ele>
        <time>2023-05-27T18:48:20.750Z</time>
      </trkpt>
      <trkpt lat="47.854519" lon="10.324988">
        <ele>843.891719</ele>
        <time>2023-05-27T18:48:38.735Z</time>
      </trkpt>
      <trkpt lat="47.854831" lon="10.325021">
        <ele>844.267436</ele>
        <time>2023-05-27T18:48:47.523Z</time>
      </trkpt>
      <trkpt lat="47.855042" lon="10.324993">
        <ele>844.639589</ele>
        <time>2023-05-27T18:48:53.585Z</time>
      </trkpt>
      <trkpt lat="47.855270" lon="10.324915">
        <ele>845.053506</ele>
        <time>2023-05-27T18:49:00.358Z</time>
      </trkpt>
      <trkpt lat="47.856770" lon="10.323943">
        <ele>847.562461</ele>
        <time>2023-05-27T18:49:45.036Z</time>
      </trkpt>
      <trkpt lat="47.858040" lon="10.323139">
        <ele>848.092712</ele>
        <time>2023-05-27T18:50:15.024Z</time>
      </trkpt>
      <trkpt lat="47.858453" lon="10.323030">
        <ele>847.745288</ele>
        <time>2023-05-27T18:50:22.222Z</time>
      </trkpt>
      <trkpt lat="47.858976" lon="10.323085">
        <ele>846.989946</ele>
        <time>2023-05-27T18:50:30.779Z</time>
      </trkpt>
      <trkpt lat="47.859647" lon="10.323228">
        <ele>846.013426</ele>
        <time>2023-05-27T18:50:41.569Z</time>
      </trkpt>
      <trkpt lat="47.860200" lon="10.323235">
        <ele>845.316144</ele>
        <time>2023-05-27T18:50:50.485Z</time>
      </trkpt>
      <trkpt lat="47.860488" lon="10.323151">
        <ele>845.017431</ele>
        <time>2023-05-27T18:50:55.406Z</time>
      </trkpt>
      <trkpt lat="47.860636" lon="10.323055">
        <ele>844.853135</ele>
        <time>2023-05-27T18:50:58.179Z</time>
      </trkpt>
      <trkpt lat="47.860790" lon="10.322913">
        <ele>844.668807</ele>
        <time>2023-05-27T18:51:01.416Z</time>
      </trkpt>
      <trkpt lat="47.861195" lon="10.322447">
        <ele>844.148010</ele>
        <time>2023-05-27T18:51:10.761Z</time>
      </trkpt>
      <trkpt lat="47.861397" lon="10.322316">
        <ele>843.923776</ele>
        <time>2023-05-27T18:51:14.771Z</time>
      </trkpt>
      <trkpt lat="47.862089" lon="10.321779">
        <ele>842.758200</ele>
        <time>2023-05-27T18:51:28.605Z</time>
      </trkpt>
      <trkpt lat="47.862433" lon="10.321563">
        <ele>842.141075</ele>
        <time>2023-05-27T18:51:34.786Z</time>
      </trkpt>
      <trkpt lat="47.863391" lon="10.320975">
        <ele>840.378868</ele>
        <time>2023-05-27T18:51:50.840Z</time>
      </trkpt>
      <trkpt lat="47.863883" lon="10.320552">
        <ele>839.296296</ele>
        <time>2023-05-27T18:51:59.235Z</time>
      </trkpt>
      <trkpt lat="47.863974" lon="10.320468">
        <ele>839.092283</ele>
        <time>2023-05-27T18:52:00.819Z</time>
      </trkpt>
      <trkpt lat="47.865185" lon="10.319348">
        <ele>837.239768</ele>
        <time>2023-05-27T18:52:24.712Z</time>
      </trkpt>
      <trkpt lat="47.865255" lon="10.319303">
        <ele>837.227015</ele>
        <time>2023-05-27T18:52:26.230Z</time>
      </trkpt>
      <trkpt lat="47.865448" lon="10.319038">
        <ele>837.183117</ele>
        <time>2023-05-27T18:52:31.651Z</time>
      </trkpt>
      <trkpt lat="47.865990" lon="10.318420">
        <ele>837.068958</ele>
        <time>2023-05-27T18:52:46.470Z</time>
      </trkpt>
      <trkpt lat="47.866869" lon="10.317324">
        <ele>836.810713</ele>
        <time>2023-05-27T18:53:11.692Z</time>
      </trkpt>
      <trkpt lat="47.866955" lon="10.317209">
        <ele>836.782501</ele>
        <time>2023-05-27T18:53:13.358Z</time>
      </trkpt>
      <trkpt lat="47.867007" lon="10.316737">
        <ele>836.704144</ele>
        <time>2023-05-27T18:53:17.697Z</time>
      </trkpt>
      <trkpt lat="47.865677" lon="10.313158">
        <ele>833.187374</ele>
        <time>2023-05-27T18:53:49.863Z</time>
      </trkpt>
      <trkpt lat="47.865668" lon="10.312753">
        <ele>832.612781</ele>
        <time>2023-05-27T18:53:52.720Z</time>
      </trkpt>
      <trkpt lat="47.866075" lon="10.312033">
        <ele>831.277741</ele>
        <time>2023-05-27T18:53:59.388Z</time>
      </trkpt>
      <trkpt lat="47.866312" lon="10.311456">
        <ele>830.323009</ele>
        <time>2023-05-27T18:54:04.184Z</time>
      </trkpt>
      <trkpt lat="47.866391" lon="10.310899">
        <ele>829.740268</ele>
        <time>2023-05-27T18:54:08.322Z</time>
      </trkpt>
      <trkpt lat="47.866507" lon="10.309190">
        <ele>827.982030</ele>
        <time>2023-05-27T18:54:22.263Z</time>
      </trkpt>
      <trkpt lat="47.866186" lon="10.307864">
        <ele>824.618443</ele>
        <time>2023-05-27T18:54:33.062Z</time>
      </trkpt>
      <trkpt lat="47.865915" lon="10.306897">
        <ele>821.586405</ele>
        <time>2023-05-27T18:54:39.743Z</time>
      </trkpt>
      <trkpt lat="47.865890" lon="10.306240">
        <ele>819.510555</ele>
        <time>2023-05-27T18:54:43.712Z</time>
      </trkpt>
      <trkpt lat="47.866053" lon="10.305081">
        <ele>812.187903</ele>
        <time>2023-05-27T18:54:50.636Z</time>
      </trkpt>
      <trkpt lat="47.866204" lon="10.304500">
        <ele>808.335027</ele>
        <time>2023-05-27T18:54:54.230Z</time>
      </trkpt>
      <trkpt lat="47.866535" lon="10.303949">
        <ele>803.761495</ele>
        <time>2023-05-27T18:54:58.485Z</time>
      </trkpt>
      <trkpt lat="47.867431" lon="10.302860">
        <ele>792.491782</ele>
        <time>2023-05-27T18:55:08.470Z</time>
      </trkpt>
      <trkpt lat="47.867760" lon="10.302248">
        <ele>787.349171</ele>
        <time>2023-05-27T18:55:13.034Z</time>
      </trkpt>
      <trkpt lat="47.868542" lon="10.301215">
        <ele>775.432031</ele>
        <time>2023-05-27T18:55:22.023Z</time>
      </trkpt>
      <trkpt lat="47.869096" lon="10.299916">
        <ele>763.228647</ele>
        <time>2023-05-27T18:55:30.679Z</time>
      </trkpt>
      <trkpt lat="47.869623" lon="10.298530">
        <ele>749.745846</ele>
        <time>2023-05-27T18:55:39.623Z</time>
      </trkpt>
      <trkpt lat="47.869741" lon="10.298112">
        <ele>745.907899</ele>
        <time>2023-05-27T18:55:42.174Z</time>
      </trkpt>
      <trkpt lat="47.869762" lon="10.297747">
        <ele>742.807618</ele>
        <time>2023-05-27T18:55:44.250Z</time>
      </trkpt>
      <trkpt lat="47.869205" lon="10.296285">
        <ele>736.069572</ele>
        <time>2023-05-27T18:55:54.177Z</time>
      </trkpt>
      <trkpt lat="47.869709" lon="10.295897">
        <ele>732.939734</ele>
        <time>2023-05-27T18:56:00.184Z</time>
      </trkpt>
      <trkpt lat="47.871043" lon="10.294998">
        <ele>734.355777</ele>
        <time>2023-05-27T18:56:32.340Z</time>
      </trkpt>
      <trkpt lat="47.872158" lon="10.293737">
        <ele>736.315581</ele>
        <time>2023-05-27T18:57:11.263Z</time>
      </trkpt>
      <trkpt lat="47.872311" lon="10.293564">
        <ele>736.534454</ele>
        <time>2023-05-27T18:57:15.830Z</time>
      </trkpt>
      <trkpt lat="47.873578" lon="10.292362">
        <ele>734.423039</ele>
        <time>2023-05-27T18:57:32.827Z</time>
      </trkpt>
      <trkpt lat="47.874162" lon="10.291440">
        <ele>731.244610</ele>
        <time>2023-05-27T18:57:40.784Z</time>
      </trkpt>
      <trkpt lat="47.874837" lon="10.290102">
        <ele>725.751559</ele>
        <time>2023-05-27T18:57:51.202Z</time>
      </trkpt>
      <trkpt lat="47.876105" lon="10.287590">
        <ele>716.309309</ele>
        <time>2023-05-27T18:58:11.386Z</time>
      </trkpt>
      <trkpt lat="47.876680" lon="10.286060">
        <ele>712.544226</ele>
        <time>2023-05-27T18:58:23.401Z</time>
      </trkpt>
      <trkpt lat="47.877430" lon="10.284640">
        <ele>709.558104</ele>
        <time>2023-05-27T18:58:36.559Z</time>
      </trkpt>
      <trkpt lat="47.878256" lon="10.283195">
        <ele>706.979953</ele>
        <time>2023-05-27T18:58:50.618Z</time>
      </trkpt>
      <trkpt lat="47.878630" lon="10.282697">
        <ele>705.968870</ele>
        <time>2023-05-27T18:58:56.029Z</time>
      </trkpt>
      <trkpt lat="47.879315" lon="10.282025">
        <ele>704.401246</ele>
        <time>2023-05-27T18:59:04.876Z</time>
      </trkpt>
      <trkpt lat="47.880231" lon="10.281129">
        <ele>702.368935</ele>
        <time>2023-05-27T18:59:17.210Z</time>
      </trkpt>
      <trkpt lat="47.881192" lon="10.280254">
        <ele>700.672046</ele>
        <time>2023-05-27T18:59:30.406Z</time>
      </trkpt>
      <trkpt lat="47.881554" lon="10.280072">
        <ele>700.096338</ele>
        <time>2023-05-27T18:59:34.820Z</time>
      </trkpt>
      <trkpt lat="47.881996" lon="10.279774">
        <ele>699.111004</ele>
        <time>2023-05-27T18:59:40.291Z</time>
      </trkpt>
      <trkpt lat="47.882654" lon="10.279219">
        <ele>697.419125</ele>
        <time>2023-05-27T18:59:48.399Z</time>
      </trkpt>
      <trkpt lat="47.882911" lon="10.278802">
        <ele>696.569103</ele>
        <time>2023-05-27T18:59:52.394Z</time>
      </trkpt>
      <trkpt lat="47.883287" lon="10.277838">
        <ele>694.976477</ele>
        <time>2023-05-27T19:00:00.269Z</time>
      </trkpt>
      <trkpt lat="47.883508" lon="10.277576">
        <ele>694.397528</ele>
        <time>2023-05-27T19:00:04.628Z</time>
      </trkpt>
      <trkpt lat="47.884555" lon="10.276676">
        <ele>692.062489</ele>
        <time>2023-05-27T19:00:23.799Z</time>
      </trkpt>
      <trkpt lat="47.884735" lon="10.276452">
        <ele>691.849787</ele>
        <time>2023-05-27T19:00:27.735Z</time>
      </trkpt>
      <trkpt lat="47.885271" lon="10.275786">
        <ele>691.216809</ele>
        <time>2023-05-27T19:00:40.115Z</time>
      </trkpt>
      <trkpt lat="47.885913" lon="10.275272">
        <ele>690.555716</ele>
        <time>2023-05-27T19:00:53.519Z</time>
      </trkpt>
      <trkpt lat="47.886367" lon="10.274908">
        <ele>690.301172</ele>
        <time>2023-05-27T19:01:03.302Z</time>
      </trkpt>
      <trkpt lat="47.886500" lon="10.274741">
        <ele>690.217122</ele>
        <time>2023-05-27T19:01:06.700Z</time>
      </trkpt>
      <trkpt lat="47.887119" lon="10.273969">
        <ele>689.827038</ele>
        <time>2023-05-27T19:01:22.156Z</time>
      </trkpt>
      <trkpt lat="47.887300" lon="10.273853">
        <ele>689.731804</ele>
        <time>2023-05-27T19:01:25.735Z</time>
      </trkpt>
      <trkpt lat="47.888021" lon="10.273398">
        <ele>688.849931</ele>
        <time>2023-05-27T19:01:39.309Z</time>
      </trkpt>
      <trkpt lat="47.888364" lon="10.273153">
        <ele>688.378132</ele>
        <time>2023-05-27T19:01:45.695Z</time>
      </trkpt>
      <trkpt lat="47.888587" lon="10.272941">
        <ele>688.050058</ele>
        <time>2023-05-27T19:01:50.121Z</time>
      </trkpt>
      <trkpt lat="47.888991" lon="10.272427">
        <ele>687.379112</ele>
        <time>2023-05-27T19:01:58.774Z</time>
      </trkpt>
      <trkpt lat="47.889343" lon="10.271840">
        <ele>686.571506</ele>
        <time>2023-05-27T19:02:07.235Z</time>
      </trkpt>
      <trkpt lat="47.889557" lon="10.271432">
        <ele>686.040280</ele>
        <time>2023-05-27T19:02:12.868Z</time>
      </trkpt>
      <trkpt lat="47.889674" lon="10.271320">
        <ele>685.827648</ele>
        <time>2023-05-27T19:02:14.460Z</time>
      </trkpt>
      <trkpt lat="47.889899" lon="10.270997">
        <ele>685.350005</ele>
        <time>2023-05-27T19:02:18.087Z</time>
      </trkpt>
      <trkpt lat="47.890485" lon="10.270159">
        <ele>684.221995</ele>
        <time>2023-05-27T19:02:27.574Z</time>
      </trkpt>
      <trkpt lat="47.890654" lon="10.269893">
        <ele>683.919313</ele>
        <time>2023-05-27T19:02:30.498Z</time>
      </trkpt>
      <trkpt lat="47.891012" lon="10.269313">
        <ele>683.268158</ele>
        <time>2023-05-27T19:02:36.824Z</time>
      </trkpt>
      <trkpt lat="47.891120" lon="10.269089">
        <ele>683.040269</ele>
        <time>2023-05-27T19:02:39.036Z</time>
      </trkpt>
      <trkpt lat="47.891214" lon="10.268750">
        <ele>682.737257</ele>
        <time>2023-05-27T19:02:41.991Z</time>
      </trkpt>
      <trkpt lat="47.891227" lon="10.268546">
        <ele>682.567993</ele>
        <time>2023-05-27T19:02:43.641Z</time>
      </trkpt>
      <trkpt lat="47.891244" lon="10.268067">
        <ele>682.176284</ele>
        <time>2023-05-27T19:02:47.483Z</time>
      </trkpt>
      <trkpt lat="47.891334" lon="10.267676">
        <ele>681.839854</ele>
        <time>2023-05-27T19:02:50.756Z</time>
      </trkpt>
      <trkpt lat="47.891521" lon="10.267386">
        <ele>681.512424</ele>
        <time>2023-05-27T19:02:53.978Z</time>
      </trkpt>
      <trkpt lat="47.891787" lon="10.267173">
        <ele>681.145991</ele>
        <time>2023-05-27T19:02:57.565Z</time>
      </trkpt>
      <trkpt lat="47.892028" lon="10.267019">
        <ele>680.827775</ele>
        <time>2023-05-27T19:03:00.710Z</time>
      </trkpt>
      <trkpt lat="47.892284" lon="10.266831">
        <ele>680.481445</ele>
        <time>2023-05-27T19:03:04.144Z</time>
      </trkpt>
      <trkpt lat="47.892311" lon="10.266810">
        <ele>680.444487</ele>
        <time>2023-05-27T19:03:04.501Z</time>
      </trkpt>
      <trkpt lat="47.892585" lon="10.266534">
        <ele>679.992905</ele>
        <time>2023-05-27T19:03:08.386Z</time>
      </trkpt>
      <trkpt lat="47.892597" lon="10.266521">
        <ele>679.971294</ele>
        <time>2023-05-27T19:03:08.559Z</time>
      </trkpt>
      <trkpt lat="47.893010" lon="10.266071">
        <ele>679.226053</ele>
        <time>2023-05-27T19:03:14.442Z</time>
      </trkpt>
      <trkpt lat="47.893205" lon="10.265835">
        <ele>678.860152</ele>
        <time>2023-05-27T19:03:17.312Z</time>
      </trkpt>
      <trkpt lat="47.893440" lon="10.265452">
        <ele>678.352959</ele>
        <time>2023-05-27T19:03:21.302Z</time>
      </trkpt>
      <trkpt lat="47.893456" lon="10.265424">
        <ele>678.317018</ele>
        <time>2023-05-27T19:03:21.585Z</time>
      </trkpt>
      <trkpt lat="47.893543" lon="10.265256">
        <ele>678.109638</ele>
        <time>2023-05-27T19:03:23.205Z</time>
      </trkpt>
      <trkpt lat="47.894021" lon="10.264136">
        <ele>676.912827</ele>
        <time>2023-05-27T19:03:33.551Z</time>
      </trkpt>
      <trkpt lat="47.894590" lon="10.262818">
        <ele>675.559722</ele>
        <time>2023-05-27T19:03:46.103Z</time>
      </trkpt>
      <trkpt lat="47.894682" lon="10.262918">
        <ele>675.413167</ele>
        <time>2023-05-27T19:03:47.445Z</time>
      </trkpt>
      <trkpt lat="47.894850" lon="10.263243">
        <ele>675.053440</ele>
        <time>2023-05-27T19:03:50.666Z</time>
      </trkpt>
      <trkpt lat="47.894903" lon="10.263306">
        <ele>674.964584</ele>
        <time>2023-05-27T19:03:51.457Z</time>
      </trkpt>
      <trkpt lat="47.895088" lon="10.263419">
        <ele>674.702482</ele>
        <time>2023-05-27T19:03:53.809Z</time>
      </trkpt>
      <trkpt lat="47.895231" lon="10.263458">
        <ele>674.511890</ele>
        <time>2023-05-27T19:03:55.518Z</time>
      </trkpt>
      <trkpt lat="47.895351" lon="10.263449">
        <ele>674.354362</ele>
        <time>2023-05-27T19:03:56.960Z</time>
      </trkpt>
      <trkpt lat="47.895574" lon="10.263305">
        <ele>674.035766</ele>
        <time>2023-05-27T19:03:59.848Z</time>
      </trkpt>
      <trkpt lat="47.895772" lon="10.263103">
        <ele>673.721252</ele>
        <time>2023-05-27T19:04:02.722Z</time>
      </trkpt>
      <trkpt lat="47.896233" lon="10.262647">
        <ele>672.994451</ele>
        <time>2023-05-27T19:04:09.302Z</time>
      </trkpt>
      <trkpt lat="47.896763" lon="10.262229">
        <ele>671.872171</ele>
        <time>2023-05-27T19:04:16.019Z</time>
      </trkpt>
      <trkpt lat="47.897044" lon="10.262012">
        <ele>671.279840</ele>
        <time>2023-05-27T19:04:19.452Z</time>
      </trkpt>
      <trkpt lat="47.897397" lon="10.261810">
        <ele>670.572090</ele>
        <time>2023-05-27T19:04:23.587Z</time>
      </trkpt>
      <trkpt lat="47.897889" lon="10.261388">
        <ele>669.532556</ele>
        <time>2023-05-27T19:04:29.817Z</time>
      </trkpt>
      <trkpt lat="47.898194" lon="10.261150">
        <ele>669.007980</ele>
        <time>2023-05-27T19:04:33.587Z</time>
      </trkpt>
      <trkpt lat="47.898629" lon="10.260777">
        <ele>668.243317</ele>
        <time>2023-05-27T19:04:39.202Z</time>
      </trkpt>
      <trkpt lat="47.899426" lon="10.260024">
        <ele>666.861214</ele>
        <time>2023-05-27T19:04:50.304Z</time>
      </trkpt>
      <trkpt lat="47.900112" lon="10.259578">
        <ele>666.457852</ele>
        <time>2023-05-27T19:04:59.996Z</time>
      </trkpt>
      <trkpt lat="47.900330" lon="10.259476">
        <ele>666.334702</ele>
        <time>2023-05-27T19:05:03.154Z</time>
      </trkpt>
      <trkpt lat="47.900379" lon="10.259464">
        <ele>666.307937</ele>
        <time>2023-05-27T19:05:03.868Z</time>
      </trkpt>
      <trkpt lat="47.901007" lon="10.259326">
        <ele>665.965783</ele>
        <time>2023-05-27T19:05:12.858Z</time>
      </trkpt>
      <trkpt lat="47.901581" lon="10.259266">
        <ele>665.578010</ele>
        <time>2023-05-27T19:05:20.768Z</time>
      </trkpt>
      <trkpt lat="47.902017" lon="10.259147">
        <ele>665.269527</ele>
        <time>2023-05-27T19:05:26.457Z</time>
      </trkpt>
      <trkpt lat="47.902441" lon="10.258826">
        <ele>664.938601</ele>
        <time>2023-05-27T19:05:32.304Z</time>
      </trkpt>
      <trkpt lat="47.902525" lon="10.258721">
        <ele>664.862326</ele>
        <time>2023-05-27T19:05:33.631Z</time>
      </trkpt>
      <trkpt lat="47.902593" lon="10.258500">
        <ele>664.748870</ele>
        <time>2023-05-27T19:05:35.585Z</time>
      </trkpt>
      <trkpt lat="47.902654" lon="10.258016">
        <ele>664.441543</ele>
        <time>2023-05-27T19:05:39.636Z</time>
      </trkpt>
      <trkpt lat="47.902706" lon="10.257846">
        <ele>664.309666</ele>
        <time>2023-05-27T19:05:41.194Z</time>
      </trkpt>
      <trkpt lat="47.902775" lon="10.257730">
        <ele>664.200218</ele>
        <time>2023-05-27T19:05:42.501Z</time>
      </trkpt>
      <trkpt lat="47.903018" lon="10.257522">
        <ele>663.905275</ele>
        <time>2023-05-27T19:05:46.001Z</time>
      </trkpt>
      <trkpt lat="47.903553" lon="10.257077">
        <ele>663.260413</ele>
        <time>2023-05-27T19:05:53.582Z</time>
      </trkpt>
      <trkpt lat="47.904291" lon="10.256392">
        <ele>662.122204</ele>
        <time>2023-05-27T19:06:03.847Z</time>
      </trkpt>
      <trkpt lat="47.904548" lon="10.256013">
        <ele>661.544996</ele>
        <time>2023-05-27T19:06:07.929Z</time>
      </trkpt>
      <trkpt lat="47.904674" lon="10.255827">
        <ele>661.261866</ele>
        <time>2023-05-27T19:06:09.893Z</time>
      </trkpt>
      <trkpt lat="47.904764" lon="10.255755">
        <ele>661.098751</ele>
        <time>2023-05-27T19:06:11.062Z</time>
      </trkpt>
      <trkpt lat="47.904931" lon="10.255695">
        <ele>660.824391</ele>
        <time>2023-05-27T19:06:13.041Z</time>
      </trkpt>
      <trkpt lat="47.905459" lon="10.255699">
        <ele>659.981057</ele>
        <time>2023-05-27T19:06:18.967Z</time>
      </trkpt>
      <trkpt lat="47.906121" lon="10.255369">
        <ele>658.918586</ele>
        <time>2023-05-27T19:06:26.633Z</time>
      </trkpt>
      <trkpt lat="47.906817" lon="10.255033">
        <ele>657.809110</ele>
        <time>2023-05-27T19:06:35.011Z</time>
      </trkpt>
      <trkpt lat="47.907539" lon="10.254789">
        <ele>656.909280</ele>
        <time>2023-05-27T19:06:44.128Z</time>
      </trkpt>
      <trkpt lat="47.908133" lon="10.254645">
        <ele>656.411972</ele>
        <time>2023-05-27T19:06:51.942Z</time>
      </trkpt>
      <trkpt lat="47.909124" lon="10.254485">
        <ele>655.585251</ele>
        <time>2023-05-27T19:07:04.455Z</time>
      </trkpt>
      <trkpt lat="47.909924" lon="10.254225">
        <ele>654.888663</ele>
        <time>2023-05-27T19:07:14.651Z</time>
      </trkpt>
      <trkpt lat="47.911253" lon="10.253590">
        <ele>653.661193</ele>
        <time>2023-05-27T19:07:31.968Z</time>
      </trkpt>
      <trkpt lat="47.914066" lon="10.251899">
        <ele>650.895329</ele>
        <time>2023-05-27T19:08:09.376Z</time>
      </trkpt>
      <trkpt lat="47.914514" lon="10.251687">
        <ele>650.763253</ele>
        <time>2023-05-27T19:08:15.442Z</time>
      </trkpt>
      <trkpt lat="47.914856" lon="10.251614">
        <ele>650.678750</ele>
        <time>2023-05-27T19:08:20.256Z</time>
      </trkpt>
      <trkpt lat="47.915961" lon="10.251536">
        <ele>650.445012</ele>
        <time>2023-05-27T19:08:36.730Z</time>
      </trkpt>
      <trkpt lat="47.916409" lon="10.251410">
        <ele>650.506577</ele>
        <time>2023-05-27T19:08:43.616Z</time>
      </trkpt>
      <trkpt lat="47.916855" lon="10.251156">
        <ele>650.571044</ele>
        <time>2023-05-27T19:08:50.855Z</time>
      </trkpt>
      <trkpt lat="47.917566" lon="10.250627">
        <ele>650.682204</ele>
        <time>2023-05-27T19:09:03.399Z</time>
      </trkpt>
      <trkpt lat="47.918169" lon="10.250108">
        <ele>650.879117</ele>
        <time>2023-05-27T19:09:14.164Z</time>
      </trkpt>
      <trkpt lat="47.918359" lon="10.250018">
        <ele>650.935505</ele>
        <time>2023-05-27T19:09:17.251Z</time>
      </trkpt>
      <trkpt lat="47.919124" lon="10.249763">
        <ele>651.157233</ele>
        <time>2023-05-27T19:09:30.080Z</time>
      </trkpt>
      <trkpt lat="47.919618" lon="10.249676">
        <ele>651.080200</ele>
        <time>2023-05-27T19:09:38.103Z</time>
      </trkpt>
      <trkpt lat="47.919818" lon="10.249541">
        <ele>651.024068</ele>
        <time>2023-05-27T19:09:41.534Z</time>
      </trkpt>
      <trkpt lat="47.919974" lon="10.249376">
        <ele>650.975172</ele>
        <time>2023-05-27T19:09:44.266Z</time>
      </trkpt>
      <trkpt lat="47.920045" lon="10.249301">
        <ele>650.952927</ele>
        <time>2023-05-27T19:09:45.495Z</time>
      </trkpt>
      <trkpt lat="47.920445" lon="10.248960">
        <ele>650.835126</ele>
        <time>2023-05-27T19:09:51.664Z</time>
      </trkpt>
      <trkpt lat="47.920608" lon="10.248770">
        <ele>650.782235</ele>
        <time>2023-05-27T19:09:54.297Z</time>
      </trkpt>
      <trkpt lat="47.920825" lon="10.248248">
        <ele>650.533586</ele>
        <time>2023-05-27T19:09:59.508Z</time>
      </trkpt>
      <trkpt lat="47.921019" lon="10.247466">
        <ele>649.951742</ele>
        <time>2023-05-27T19:10:06.442Z</time>
      </trkpt>
      <trkpt lat="47.921163" lon="10.247077">
        <ele>649.641653</ele>
        <time>2023-05-27T19:10:10.077Z</time>
      </trkpt>
      <trkpt lat="47.921352" lon="10.246754">
        <ele>649.342453</ele>
        <time>2023-05-27T19:10:13.437Z</time>
      </trkpt>
      <trkpt lat="47.922136" lon="10.245413">
        <ele>647.898023</ele>
        <time>2023-05-27T19:10:27.424Z</time>
      </trkpt>
      <trkpt lat="47.921846" lon="10.244668">
        <ele>647.134418</ele>
        <time>2023-05-27T19:10:37.133Z</time>
      </trkpt>
      <trkpt lat="47.921799" lon="10.244390">
        <ele>646.880305</ele>
        <time>2023-05-27T19:10:40.340Z</time>
      </trkpt>
      <trkpt lat="47.921894" lon="10.244255">
        <ele>646.706805</ele>
        <time>2023-05-27T19:10:41.883Z</time>
      </trkpt>
      <trkpt lat="47.922079" lon="10.243915">
        <ele>646.357386</ele>
        <time>2023-05-27T19:10:45.312Z</time>
      </trkpt>
      <trkpt lat="47.922613" lon="10.242700">
        <ele>645.394793</ele>
        <time>2023-05-27T19:10:56.952Z</time>
      </trkpt>
      <trkpt lat="47.923084" lon="10.241726">
        <ele>644.655256</ele>
        <time>2023-05-27T19:11:07.335Z</time>
      </trkpt>
      <trkpt lat="47.923501" lon="10.240600">
        <ele>644.307568</ele>
        <time>2023-05-27T19:11:18.781Z</time>
      </trkpt>
      <trkpt lat="47.923869" lon="10.239931">
        <ele>644.073656</ele>
        <time>2023-05-27T19:11:26.707Z</time>
      </trkpt>
      <trkpt lat="47.924350" lon="10.238539">
        <ele>643.894624</ele>
        <time>2023-05-27T19:11:41.414Z</time>
      </trkpt>
      <trkpt lat="47.925115" lon="10.237039">
        <ele>643.781516</ele>
        <time>2023-05-27T19:12:00.238Z</time>
      </trkpt>
      <trkpt lat="47.925641" lon="10.235810">
        <ele>643.710357</ele>
        <time>2023-05-27T19:12:14.618Z</time>
      </trkpt>
      <trkpt lat="47.925878" lon="10.235392">
        <ele>643.683638</ele>
        <time>2023-05-27T19:12:19.842Z</time>
      </trkpt>
      <trkpt lat="47.926693" lon="10.234225">
        <ele>643.408408</ele>
        <time>2023-05-27T19:12:35.878Z</time>
      </trkpt>
      <trkpt lat="47.927243" lon="10.233482">
        <ele>643.200184</ele>
        <time>2023-05-27T19:12:46.016Z</time>
      </trkpt>
      <trkpt lat="47.927600" lon="10.233047">
        <ele>642.917783</ele>
        <time>2023-05-27T19:12:52.207Z</time>
      </trkpt>
      <trkpt lat="47.927729" lon="10.232934">
        <ele>642.806961</ele>
        <time>2023-05-27T19:12:54.217Z</time>
      </trkpt>
      <trkpt lat="47.927606" lon="10.232507">
        <ele>642.576220</ele>
        <time>2023-05-27T19:12:58.217Z</time>
      </trkpt>
      <trkpt lat="47.927619" lon="10.232254">
        <ele>642.450251</ele>
        <time>2023-05-27T19:13:00.371Z</time>
      </trkpt>
      <trkpt lat="47.927747" lon="10.232111">
        <ele>642.331789</ele>
        <time>2023-05-27T19:13:02.370Z</time>
      </trkpt>
      <trkpt lat="47.928410" lon="10.231550">
        <ele>641.705476</ele>
        <time>2023-05-27T19:13:11.735Z</time>
      </trkpt>
      <trkpt lat="47.928777" lon="10.231160">
        <ele>641.052427</ele>
        <time>2023-05-27T19:13:17.128Z</time>
      </trkpt>
      <trkpt lat="47.929100" lon="10.230707">
        <ele>640.409945</ele>
        <time>2023-05-27T19:13:22.286Z</time>
      </trkpt>
      <trkpt lat="47.929537" lon="10.229888">
        <ele>639.393099</ele>
        <time>2023-05-27T19:13:30.169Z</time>
      </trkpt>
      <trkpt lat="47.929748" lon="10.229486">
        <ele>638.922543</ele>
        <time>2023-05-27T19:13:34.023Z</time>
      </trkpt>
      <trkpt lat="47.929748" lon="10.229322">
        <ele>638.775627</ele>
        <time>2023-05-27T19:13:35.266Z</time>
      </trkpt>
      <trkpt lat="47.929383" lon="10.228328">
        <ele>637.760221</ele>
        <time>2023-05-27T19:13:44.067Z</time>
      </trkpt>
      <trkpt lat="47.929325" lon="10.228030">
        <ele>637.482228</ele>
        <time>2023-05-27T19:13:46.496Z</time>
      </trkpt>
      <trkpt lat="47.929606" lon="10.227568">
        <ele>636.923270</ele>
        <time>2023-05-27T19:13:51.417Z</time>
      </trkpt>
      <trkpt lat="47.930416" lon="10.226525">
        <ele>636.487528</ele>
        <time>2023-05-27T19:14:05.307Z</time>
      </trkpt>
      <trkpt lat="47.931941" lon="10.224401">
        <ele>636.109909</ele>
        <time>2023-05-27T19:14:37.417Z</time>
      </trkpt>
      <trkpt lat="47.932176" lon="10.224145">
        <ele>636.085415</ele>
        <time>2023-05-27T19:14:41.110Z</time>
      </trkpt>
      <trkpt lat="47.932286" lon="10.224098">
        <ele>636.075782</ele>
        <time>2023-05-27T19:14:42.552Z</time>
      </trkpt>
      <trkpt lat="47.932526" lon="10.224143">
        <ele>636.078251</ele>
        <time>2023-05-27T19:14:45.654Z</time>
      </trkpt>
      <trkpt lat="47.932739" lon="10.224040">
        <ele>636.099289</ele>
        <time>2023-05-27T19:14:48.623Z</time>
      </trkpt>
      <trkpt lat="47.933526" lon="10.223287">
        <ele>636.187125</ele>
        <time>2023-05-27T19:15:03.136Z</time>
      </trkpt>
      <trkpt lat="47.933793" lon="10.223091">
        <ele>636.215082</ele>
        <time>2023-05-27T19:15:08.233Z</time>
      </trkpt>
      <trkpt lat="47.933965" lon="10.223077">
        <ele>636.231267</ele>
        <time>2023-05-27T19:15:11.184Z</time>
      </trkpt>
      <trkpt lat="47.934469" lon="10.223301">
        <ele>636.352791</ele>
        <time>2023-05-27T19:15:20.156Z</time>
      </trkpt>
      <trkpt lat="47.934957" lon="10.223424">
        <ele>636.473044</ele>
        <time>2023-05-27T19:15:28.682Z</time>
      </trkpt>
      <trkpt lat="47.935096" lon="10.223429">
        <ele>636.506828</ele>
        <time>2023-05-27T19:15:31.154Z</time>
      </trkpt>
      <trkpt lat="47.936266" lon="10.223093">
        <ele>636.314637</ele>
        <time>2023-05-27T19:15:47.801Z</time>
      </trkpt>
      <trkpt lat="47.936881" lon="10.222979">
        <ele>635.880682</ele>
        <time>2023-05-27T19:15:55.098Z</time>
      </trkpt>
      <trkpt lat="47.937249" lon="10.222759">
        <ele>635.603094</ele>
        <time>2023-05-27T19:16:00.074Z</time>
      </trkpt>
      <trkpt lat="47.937696" lon="10.222333">
        <ele>635.264754</ele>
        <time>2023-05-27T19:16:07.121Z</time>
      </trkpt>
      <trkpt lat="47.938086" lon="10.222020">
        <ele>635.011252</ele>
        <time>2023-05-27T19:16:13.121Z</time>
      </trkpt>
      <trkpt lat="47.938537" lon="10.221401">
        <ele>634.660498</ele>
        <time>2023-05-27T19:16:21.674Z</time>
      </trkpt>
      <trkpt lat="47.939733" lon="10.220628">
        <ele>633.238824</ele>
        <time>2023-05-27T19:16:37.669Z</time>
      </trkpt>
      <trkpt lat="47.941076" lon="10.220073">
        <ele>631.290668</ele>
        <time>2023-05-27T19:16:53.156Z</time>
      </trkpt>
      <trkpt lat="47.942025" lon="10.219533">
        <ele>629.870030</ele>
        <time>2023-05-27T19:17:05.008Z</time>
      </trkpt>
      <trkpt lat="47.942446" lon="10.219338">
        <ele>629.290554</ele>
        <time>2023-05-27T19:17:10.337Z</time>
      </trkpt>
      <trkpt lat="47.943009" lon="10.219181">
        <ele>628.787635</ele>
        <time>2023-05-27T19:17:20.529Z</time>
      </trkpt>
      <trkpt lat="47.943595" lon="10.219211">
        <ele>628.272769</ele>
        <time>2023-05-27T19:17:31.149Z</time>
      </trkpt>
      <trkpt lat="47.943943" lon="10.219296">
        <ele>627.963129</ele>
        <time>2023-05-27T19:17:37.450Z</time>
      </trkpt>
      <trkpt lat="47.944466" lon="10.219558">
        <ele>627.285616</ele>
        <time>2023-05-27T19:17:46.962Z</time>
      </trkpt>
      <trkpt lat="47.944955" lon="10.219718">
        <ele>626.558340</ele>
        <time>2023-05-27T19:17:55.371Z</time>
      </trkpt>
      <trkpt lat="47.946005" lon="10.219770">
        <ele>624.968048</ele>
        <time>2023-05-27T19:18:12.536Z</time>
      </trkpt>
      <trkpt lat="47.946571" lon="10.219692">
        <ele>623.731299</ele>
        <time>2023-05-27T19:18:21.230Z</time>
      </trkpt>
      <trkpt lat="47.946869" lon="10.219582">
        <ele>623.063380</ele>
        <time>2023-05-27T19:18:25.894Z</time>
      </trkpt>
      <trkpt lat="47.947101" lon="10.219451">
        <ele>622.523692</ele>
        <time>2023-05-27T19:18:29.710Z</time>
      </trkpt>
      <trkpt lat="47.947331" lon="10.219333">
        <ele>621.994530</ele>
        <time>2023-05-27T19:18:33.452Z</time>
      </trkpt>
      <trkpt lat="47.947579" lon="10.219273">
        <ele>621.447887</ele>
        <time>2023-05-27T19:18:37.335Z</time>
      </trkpt>
      <trkpt lat="47.947646" lon="10.219179">
        <ele>621.247839</ele>
        <time>2023-05-27T19:18:38.786Z</time>
      </trkpt>
      <trkpt lat="47.947815" lon="10.219062">
        <ele>620.949774</ele>
        <time>2023-05-27T19:18:41.738Z</time>
      </trkpt>
      <trkpt lat="47.947901" lon="10.219007">
        <ele>620.800162</ele>
        <time>2023-05-27T19:18:43.207Z</time>
      </trkpt>
      <trkpt lat="47.948142" lon="10.218881">
        <ele>620.391823</ele>
        <time>2023-05-27T19:18:46.062Z</time>
      </trkpt>
      <trkpt lat="47.948593" lon="10.218794">
        <ele>619.664619</ele>
        <time>2023-05-27T19:18:51.184Z</time>
      </trkpt>
      <trkpt lat="47.949303" lon="10.218730">
        <ele>618.527166</ele>
        <time>2023-05-27T19:18:59.521Z</time>
      </trkpt>
      <trkpt lat="47.950471" lon="10.218478">
        <ele>617.031978</ele>
        <time>2023-05-27T19:19:13.855Z</time>
      </trkpt>
      <trkpt lat="47.950943" lon="10.218451">
        <ele>616.447693</ele>
        <time>2023-05-27T19:19:19.337Z</time>
      </trkpt>
      <trkpt lat="47.951367" lon="10.218502">
        <ele>615.906243</ele>
        <time>2023-05-27T19:19:24.230Z</time>
      </trkpt>
      <trkpt lat="47.951879" lon="10.218676">
        <ele>615.212534</ele>
        <time>2023-05-27T19:19:30.320Z</time>
      </trkpt>
      <trkpt lat="47.952675" lon="10.219021">
        <ele>614.117520</ele>
        <time>2023-05-27T19:19:40.062Z</time>
      </trkpt>
      <trkpt lat="47.953209" lon="10.219130">
        <ele>613.556091</ele>
        <time>2023-05-27T19:19:46.518Z</time>
      </trkpt>
      <trkpt lat="47.953736" lon="10.219119">
        <ele>613.147618</ele>
        <time>2023-05-27T19:19:53.116Z</time>
      </trkpt>
      <trkpt lat="47.954607" lon="10.219020">
        <ele>612.470628</ele>
        <time>2023-05-27T19:20:04.526Z</time>
      </trkpt>
      <trkpt lat="47.956052" lon="10.218852">
        <ele>611.398863</ele>
        <time>2023-05-27T19:20:23.067Z</time>
      </trkpt>
      <trkpt lat="47.956442" lon="10.218743">
        <ele>611.106762</ele>
        <time>2023-05-27T19:20:28.095Z</time>
      </trkpt>
      <trkpt lat="47.956693" lon="10.218605">
        <ele>610.927715</ele>
        <time>2023-05-27T19:20:31.493Z</time>
      </trkpt>
      <trkpt lat="47.956938" lon="10.218413">
        <ele>610.749671</ele>
        <time>2023-05-27T19:20:35.008Z</time>
      </trkpt>
      <trkpt lat="47.957404" lon="10.217866">
        <ele>610.368254</ele>
        <time>2023-05-27T19:20:42.600Z</time>
      </trkpt>
      <trkpt lat="47.959205" lon="10.215600">
        <ele>609.016307</ele>
        <time>2023-05-27T19:21:13.411Z</time>
      </trkpt>
      <trkpt lat="47.959353" lon="10.215446">
        <ele>608.918551</ele>
        <time>2023-05-27T19:21:15.797Z</time>
      </trkpt>
      <trkpt lat="47.959555" lon="10.215306">
        <ele>608.872936</ele>
        <time>2023-05-27T19:21:18.699Z</time>
      </trkpt>
      <trkpt lat="47.959985" lon="10.215159">
        <ele>608.782580</ele>
        <time>2023-05-27T19:21:24.590Z</time>
      </trkpt>
      <trkpt lat="47.960032" lon="10.215092">
        <ele>608.769270</ele>
        <time>2023-05-27T19:21:25.501Z</time>
      </trkpt>
      <trkpt lat="47.960129" lon="10.214814">
        <ele>608.726272</ele>
        <time>2023-05-27T19:21:28.299Z</time>
      </trkpt>
      <trkpt lat="47.960198" lon="10.214714">
        <ele>608.706577</ele>
        <time>2023-05-27T19:21:29.626Z</time>
      </trkpt>
      <trkpt lat="47.960288" lon="10.214673">
        <ele>608.687304</ele>
        <time>2023-05-27T19:21:30.965Z</time>
      </trkpt>
      <trkpt lat="47.960602" lon="10.214528">
        <ele>608.619982</ele>
        <time>2023-05-27T19:21:35.554Z</time>
      </trkpt>
      <trkpt lat="47.960821" lon="10.214499">
        <ele>608.574947</ele>
        <time>2023-05-27T19:21:38.827Z</time>
      </trkpt>
      <trkpt lat="47.961343" lon="10.214702">
        <ele>608.882887</ele>
        <time>2023-05-27T19:21:48.434Z</time>
      </trkpt>
      <trkpt lat="47.961685" lon="10.214788">
        <ele>609.158565</ele>
        <time>2023-05-27T19:21:54.741Z</time>
      </trkpt>
      <trkpt lat="47.961967" lon="10.214850">
        <ele>609.385139</ele>
        <time>2023-05-27T19:21:59.955Z</time>
      </trkpt>
      <trkpt lat="47.962236" lon="10.214857">
        <ele>609.598995</ele>
        <time>2023-05-27T19:22:04.899Z</time>
      </trkpt>
      <trkpt lat="47.962478" lon="10.214810">
        <ele>609.792977</ele>
        <time>2023-05-27T19:22:09.452Z</time>
      </trkpt>
      <trkpt lat="47.962707" lon="10.214703">
        <ele>609.981991</ele>
        <time>2023-05-27T19:22:13.919Z</time>
      </trkpt>
      <trkpt lat="47.962872" lon="10.214590">
        <ele>610.061160</ele>
        <time>2023-05-27T19:22:17.366Z</time>
      </trkpt>
      <trkpt lat="47.963176" lon="10.214451">
        <ele>610.199820</ele>
        <time>2023-05-27T19:22:23.343Z</time>
      </trkpt>
      <trkpt lat="47.963646" lon="10.214409">
        <ele>610.405171</ele>
        <time>2023-05-27T19:22:31.613Z</time>
      </trkpt>
      <trkpt lat="47.963994" lon="10.214440">
        <ele>610.557216</ele>
        <time>2023-05-27T19:22:37.149Z</time>
      </trkpt>
      <trkpt lat="47.964545" lon="10.214545">
        <ele>610.713236</ele>
        <time>2023-05-27T19:22:45.131Z</time>
      </trkpt>
      <trkpt lat="47.964962" lon="10.214534">
        <ele>610.448437</ele>
        <time>2023-05-27T19:22:50.822Z</time>
      </trkpt>
      <trkpt lat="47.965481" lon="10.214456">
        <ele>610.117254</ele>
        <time>2023-05-27T19:22:57.644Z</time>
      </trkpt>
      <trkpt lat="47.965783" lon="10.214373">
        <ele>609.922291</ele>
        <time>2023-05-27T19:23:01.488Z</time>
      </trkpt>
      <trkpt lat="47.965957" lon="10.213866">
        <ele>609.680093</ele>
        <time>2023-05-27T19:23:06.141Z</time>
      </trkpt>
      <trkpt lat="47.966284" lon="10.213079">
        <ele>609.171792</ele>
        <time>2023-05-27T19:23:13.690Z</time>
      </trkpt>
      <trkpt lat="47.966632" lon="10.212484">
        <ele>608.721450</ele>
        <time>2023-05-27T19:23:20.261Z</time>
      </trkpt>
      <trkpt lat="47.966869" lon="10.212298">
        <ele>608.493521</ele>
        <time>2023-05-27T19:23:23.603Z</time>
      </trkpt>
      <trkpt lat="47.967371" lon="10.212025">
        <ele>608.080182</ele>
        <time>2023-05-27T19:23:30.294Z</time>
      </trkpt>
      <trkpt lat="47.967527" lon="10.211952">
        <ele>608.051142</ele>
        <time>2023-05-27T19:23:32.426Z</time>
      </trkpt>
      <trkpt lat="47.967664" lon="10.211888">
        <ele>608.025642</ele>
        <time>2023-05-27T19:23:34.365Z</time>
      </trkpt>
      <trkpt lat="47.967816" lon="10.211811">
        <ele>607.997130</ele>
        <time>2023-05-27T19:23:36.636Z</time>
      </trkpt>
      <trkpt lat="47.968302" lon="10.211561">
        <ele>607.905819</ele>
        <time>2023-05-27T19:23:44.128Z</time>
      </trkpt>
      <trkpt lat="47.968694" lon="10.211450">
        <ele>607.834944</ele>
        <time>2023-05-27T19:23:49.848Z</time>
      </trkpt>
      <trkpt lat="47.969056" lon="10.211411">
        <ele>607.772620</ele>
        <time>2023-05-27T19:23:55.184Z</time>
      </trkpt>
      <trkpt lat="47.969445" lon="10.211376">
        <ele>607.834221</ele>
        <time>2023-05-27T19:24:01.468Z</time>
      </trkpt>
      <trkpt lat="47.969491" lon="10.211370">
        <ele>607.841520</ele>
        <time>2023-05-27T19:24:02.286Z</time>
      </trkpt>
      <trkpt lat="47.970039" lon="10.211310">
        <ele>607.928376</ele>
        <time>2023-05-27T19:24:11.654Z</time>
      </trkpt>
      <trkpt lat="47.970260" lon="10.211270">
        <ele>607.963565</ele>
        <time>2023-05-27T19:24:15.269Z</time>
      </trkpt>
      <trkpt lat="47.970851" lon="10.211208">
        <ele>608.048018</ele>
        <time>2023-05-27T19:24:24.136Z</time>
      </trkpt>
      <trkpt lat="47.970928" lon="10.211180">
        <ele>607.971476</ele>
        <time>2023-05-27T19:24:25.205Z</time>
      </trkpt>
      <trkpt lat="47.970971" lon="10.211162">
        <ele>607.928345</ele>
        <time>2023-05-27T19:24:25.773Z</time>
      </trkpt>
      <trkpt lat="47.971484" lon="10.211013">
        <ele>607.423590</ele>
        <time>2023-05-27T19:24:32.396Z</time>
      </trkpt>
      <trkpt lat="47.972177" lon="10.210832">
        <ele>606.744110</ele>
        <time>2023-05-27T19:24:40.883Z</time>
      </trkpt>
      <trkpt lat="47.973437" lon="10.210627">
        <ele>605.282633</ele>
        <time>2023-05-27T19:24:55.434Z</time>
      </trkpt>
      <trkpt lat="47.973653" lon="10.210591">
        <ele>605.010349</ele>
        <time>2023-05-27T19:24:57.967Z</time>
      </trkpt>
      <trkpt lat="47.973897" lon="10.210652">
        <ele>604.700415</ele>
        <time>2023-05-27T19:25:00.888Z</time>
      </trkpt>
      <trkpt lat="47.973956" lon="10.210765">
        <ele>604.580225</ele>
        <time>2023-05-27T19:25:02.046Z</time>
      </trkpt>
      <trkpt lat="47.974031" lon="10.210798">
        <ele>604.482273</ele>
        <time>2023-05-27T19:25:03.018Z</time>
      </trkpt>
      <trkpt lat="47.974107" lon="10.210765">
        <ele>604.383119</ele>
        <time>2023-05-27T19:25:03.985Z</time>
      </trkpt>
      <trkpt lat="47.974161" lon="10.210673">
        <ele>604.280501</ele>
        <time>2023-05-27T19:25:04.968Z</time>
      </trkpt>
      <trkpt lat="47.974317" lon="10.210580">
        <ele>604.070075</ele>
        <time>2023-05-27T19:25:07.077Z</time>
      </trkpt>
      <trkpt lat="47.974428" lon="10.210563">
        <ele>604.003768</ele>
        <time>2023-05-27T19:25:08.508Z</time>
      </trkpt>
      <trkpt lat="47.974752" lon="10.210449">
        <ele>603.813569</ele>
        <time>2023-05-27T19:25:12.796Z</time>
      </trkpt>
      <trkpt lat="47.975810" lon="10.210202">
        <ele>603.201692</ele>
        <time>2023-05-27T19:25:27.144Z</time>
      </trkpt>
      <trkpt lat="47.976720" lon="10.210104">
        <ele>602.755664</ele>
        <time>2023-05-27T19:25:39.179Z</time>
      </trkpt>
      <trkpt lat="47.977243" lon="10.210097">
        <ele>602.519792</ele>
        <time>2023-05-27T19:25:46.218Z</time>
      </trkpt>
      <trkpt lat="47.978303" lon="10.210427">
        <ele>602.237364</ele>
        <time>2023-05-27T19:26:00.580Z</time>
      </trkpt>
      <trkpt lat="47.978460" lon="10.210549">
        <ele>602.241812</ele>
        <time>2023-05-27T19:26:03.210Z</time>
      </trkpt>
      <trkpt lat="47.978604" lon="10.210827">
        <ele>602.247726</ele>
        <time>2023-05-27T19:26:06.676Z</time>
      </trkpt>
      <trkpt lat="47.978898" lon="10.211853">
        <ele>602.266502</ele>
        <time>2023-05-27T19:26:18.807Z</time>
      </trkpt>
      <trkpt lat="47.979032" lon="10.212221">
        <ele>602.279420</ele>
        <time>2023-05-27T19:26:23.577Z</time>
      </trkpt>
      <trkpt lat="47.979186" lon="10.212410">
        <ele>602.300329</ele>
        <time>2023-05-27T19:26:26.840Z</time>
      </trkpt>
      <trkpt lat="47.979379" lon="10.212474">
        <ele>602.321070</ele>
        <time>2023-05-27T19:26:29.727Z</time>
      </trkpt>
      <trkpt lat="47.980067" lon="10.212438">
        <ele>602.393293</ele>
        <time>2023-05-27T19:26:39.690Z</time>
      </trkpt>
      <trkpt lat="47.980393" lon="10.212332">
        <ele>602.428294</ele>
        <time>2023-05-27T19:26:44.950Z</time>
      </trkpt>
      <trkpt lat="47.980609" lon="10.212186">
        <ele>602.453167</ele>
        <time>2023-05-27T19:26:48.687Z</time>
      </trkpt>
      <trkpt lat="47.980940" lon="10.211931">
        <ele>602.569127</ele>
        <time>2023-05-27T19:26:54.363Z</time>
      </trkpt>
      <trkpt lat="47.981247" lon="10.211768">
        <ele>602.685853</ele>
        <time>2023-05-27T19:26:59.105Z</time>
      </trkpt>
      <trkpt lat="47.981524" lon="10.211690">
        <ele>602.786839</ele>
        <time>2023-05-27T19:27:03.189Z</time>
      </trkpt>
      <trkpt lat="47.982031" lon="10.211611">
        <ele>602.969464</ele>
        <time>2023-05-27T19:27:11.343Z</time>
      </trkpt>
      <trkpt lat="47.982387" lon="10.211490">
        <ele>603.100264</ele>
        <time>2023-05-27T19:27:18.024Z</time>
      </trkpt>
      <trkpt lat="47.982620" lon="10.211365">
        <ele>603.329671</ele>
        <time>2023-05-27T19:27:23.069Z</time>
      </trkpt>
      <trkpt lat="47.982990" lon="10.211082">
        <ele>603.727539</ele>
        <time>2023-05-27T19:27:31.327Z</time>
      </trkpt>
      <trkpt lat="47.983414" lon="10.210742">
        <ele>604.188145</ele>
        <time>2023-05-27T19:27:40.470Z</time>
      </trkpt>
      <trkpt lat="47.983932" lon="10.210435">
        <ele>604.721547</ele>
        <time>2023-05-27T19:27:50.427Z</time>
      </trkpt>
      <trkpt lat="47.984647" lon="10.210197">
        <ele>604.965065</ele>
        <time>2023-05-27T19:28:03.621Z</time>
      </trkpt>
      <trkpt lat="47.985015" lon="10.210021">
        <ele>605.051072</ele>
        <time>2023-05-27T19:28:09.690Z</time>
      </trkpt>
      <trkpt lat="47.986323" lon="10.209190">
        <ele>604.987838</ele>
        <time>2023-05-27T19:28:29.468Z</time>
      </trkpt>
      <trkpt lat="47.986515" lon="10.209097">
        <ele>604.911548</ele>
        <time>2023-05-27T19:28:32.378Z</time>
      </trkpt>
      <trkpt lat="47.986791" lon="10.208959">
        <ele>604.801541</ele>
        <time>2023-05-27T19:28:36.478Z</time>
      </trkpt>
      <trkpt lat="47.987096" lon="10.208792">
        <ele>604.678762</ele>
        <time>2023-05-27T19:28:40.873Z</time>
      </trkpt>
      <trkpt lat="47.987564" lon="10.208460">
        <ele>604.360588</ele>
        <time>2023-05-27T19:28:47.439Z</time>
      </trkpt>
      <trkpt lat="47.987876" lon="10.208224">
        <ele>603.975580</ele>
        <time>2023-05-27T19:28:51.909Z</time>
      </trkpt>
      <trkpt lat="47.987933" lon="10.208168">
        <ele>603.900474</ele>
        <time>2023-05-27T19:28:52.786Z</time>
      </trkpt>
      <trkpt lat="47.988358" lon="10.207801">
        <ele>603.360043</ele>
        <time>2023-05-27T19:28:58.577Z</time>
      </trkpt>
      <trkpt lat="47.988723" lon="10.207510">
        <ele>602.904566</ele>
        <time>2023-05-27T19:29:03.375Z</time>
      </trkpt>
      <trkpt lat="47.988900" lon="10.207406">
        <ele>602.695170</ele>
        <time>2023-05-27T19:29:05.661Z</time>
      </trkpt>
      <trkpt lat="47.989225" lon="10.207222">
        <ele>602.566685</ele>
        <time>2023-05-27T19:29:09.758Z</time>
      </trkpt>
      <trkpt lat="47.989200" lon="10.207005">
        <ele>602.566685</ele>
        <time>2023-05-27T19:29:11.447Z</time>
      </trkpt>
      <trkpt lat="47.989206" lon="10.206787">
        <ele>602.566685</ele>
        <time>2023-05-27T19:29:13.220Z</time>
      </trkpt>
      <trkpt lat="47.989242" lon="10.206511">
        <ele>602.566685</ele>
        <time>2023-05-27T19:29:15.467Z</time>
      </trkpt>
      <trkpt lat="47.989287" lon="10.206170">
        <ele>602.566685</ele>
        <time>2023-05-27T19:29:18.332Z</time>
      </trkpt>
      <trkpt lat="47.989294" lon="10.205963">
        <ele>602.566685</ele>
        <time>2023-05-27T19:29:19.978Z</time>
      </trkpt>
      <trkpt lat="47.989294" lon="10.205959">
        <ele>602.566685</ele>
        <time>2023-05-27T19:29:20.008Z</time>
      </trkpt>
      <trkpt lat="47.989366" lon="10.205952">
        <ele>602.566685</ele>
        <time>2023-05-27T19:29:21.342Z</time>
      </trkpt>
      <trkpt lat="47.989371" lon="10.205794">
        <ele>602.566685</ele>
        <time>2023-05-27T19:29:23.304Z</time>
      </trkpt>
      <trkpt lat="47.989400" lon="10.205676">
        <ele>602.566685</ele>
        <time>2023-05-27T19:29:24.863Z</time>
      </trkpt>
      <trkpt lat="47.989508" lon="10.205704">
        <ele>602.566685</ele>
        <time>2023-05-27T19:29:26.894Z</time>
      </trkpt>
      <trkpt lat="47.989557" lon="10.205750">
        <ele>602.566685</ele>
        <time>2023-05-27T19:29:27.967Z</time>
      </trkpt>
      <trkpt lat="47.989561" lon="10.205754">
        <ele>602.566685</ele>
        <time>2023-05-27T19:29:28.057Z</time>
      </trkpt>
    </trkseg>
  </trk>
</gpx>