<?xml version='1.0' encoding='UTF-8'?>
<gpx version="1.1" creator="https://www.komoot.de" xmlns="http://www.topografix.com/GPX/1/1" xmlns:xsi="http://www.w3.org/2001/XMLSchema-instance" xsi:schemaLocation="http://www.topografix.com/GPX/1/1 http://www.topografix.com/GPX/1/1/gpx.xsd">
  <metadata>
    <name>Ettensberg. 1</name>
    <author>
      <link href="https://www.komoot.de">
        <text>komoot</text>
        <type>text/html</type>
      </link>
    </author>
  </metadata>
  <trk>
    <name>Ettensberg. 1</name>
    <trkseg>
      <trkpt lat="47.978251" lon="10.181762">
        <ele>597.450504</ele>
        <time>2022-09-01T16:43:11.685Z</time>
      </trkpt>
      <trkpt lat="47.978023" lon="10.181870">
        <ele>597.450504</ele>
        <time>2022-09-01T16:43:17.081Z</time>
      </trkpt>
      <trkpt lat="47.978045" lon="10.181992">
        <ele>597.450504</ele>
        <time>2022-09-01T16:43:19.694Z</time>
      </trkpt>
      <trkpt lat="47.978897" lon="10.181627">
        <ele>597.411797</ele>
        <time>2022-09-01T16:43:40.455Z</time>
      </trkpt>
      <trkpt lat="47.979082" lon="10.181801">
        <ele>597.384571</ele>
        <time>2022-09-01T16:43:46.862Z</time>
      </trkpt>
      <trkpt lat="47.979303" lon="10.182558">
        <ele>597.315720</ele>
        <time>2022-09-01T16:44:02.603Z</time>
      </trkpt>
      <trkpt lat="47.979445" lon="10.183150">
        <ele>597.263293</ele>
        <time>2022-09-01T16:44:14.685Z</time>
      </trkpt>
      <trkpt lat="47.979599" lon="10.183879">
        <ele>597.165722</ele>
        <time>2022-09-01T16:44:29.411Z</time>
      </trkpt>
      <trkpt lat="47.979858" lon="10.185562">
        <ele>596.840862</ele>
        <time>2022-09-01T16:45:01.649Z</time>
      </trkpt>
      <trkpt lat="47.979954" lon="10.186383">
        <ele>596.760598</ele>
        <time>2022-09-01T16:45:17.427Z</time>
      </trkpt>
      <trkpt lat="47.979915" lon="10.186993">
        <ele>596.884033</ele>
        <time>2022-09-01T16:45:26.478Z</time>
      </trkpt>
      <trkpt lat="47.979457" lon="10.188518">
        <ele>597.220725</ele>
        <time>2022-09-01T16:45:53.365Z</time>
      </trkpt>
      <trkpt lat="47.979329" lon="10.188794">
        <ele>597.326746</ele>
        <time>2022-09-01T16:45:59.057Z</time>
      </trkpt>
      <trkpt lat="47.979088" lon="10.189031">
        <ele>597.541382</ele>
        <time>2022-09-01T16:46:06.332Z</time>
      </trkpt>
      <trkpt lat="47.978259" lon="10.189683">
        <ele>598.238318</ele>
        <time>2022-09-01T16:46:29.754Z</time>
      </trkpt>
      <trkpt lat="47.978266" lon="10.189706">
        <ele>598.250899</ele>
        <time>2022-09-01T16:46:30.408Z</time>
      </trkpt>
      <trkpt lat="47.978261" lon="10.189817">
        <ele>598.306299</ele>
        <time>2022-09-01T16:46:33.385Z</time>
      </trkpt>
      <trkpt lat="47.978315" lon="10.189832">
        <ele>598.347158</ele>
        <time>2022-09-01T16:46:34.793Z</time>
      </trkpt>
      <trkpt lat="47.978349" lon="10.189876">
        <ele>598.380621</ele>
        <time>2022-09-01T16:46:35.960Z</time>
      </trkpt>
      <trkpt lat="47.978260" lon="10.190003">
        <ele>598.472180</ele>
        <time>2022-09-01T16:46:39.196Z</time>
      </trkpt>
      <trkpt lat="47.977731" lon="10.190761">
        <ele>599.166729</ele>
        <time>2022-09-01T16:46:58.223Z</time>
      </trkpt>
      <trkpt lat="47.977371" lon="10.191184">
        <ele>599.629353</ele>
        <time>2022-09-01T16:47:09.914Z</time>
      </trkpt>
      <trkpt lat="47.977126" lon="10.191371">
        <ele>599.907248</ele>
        <time>2022-09-01T16:47:16.826Z</time>
      </trkpt>
      <trkpt lat="47.976163" lon="10.191896">
        <ele>600.988182</ele>
        <time>2022-09-01T16:47:45.245Z</time>
      </trkpt>
      <trkpt lat="47.975732" lon="10.192293">
        <ele>601.543896</ele>
        <time>2022-09-01T16:47:59.495Z</time>
      </trkpt>
      <trkpt lat="47.975687" lon="10.192340">
        <ele>601.604158</ele>
        <time>2022-09-01T16:48:01.031Z</time>
      </trkpt>
      <trkpt lat="47.975171" lon="10.192888">
        <ele>602.298996</ele>
        <time>2022-09-01T16:48:17.716Z</time>
      </trkpt>
      <trkpt lat="47.975203" lon="10.192972">
        <ele>602.370004</ele>
        <time>2022-09-01T16:48:19.394Z</time>
      </trkpt>
      <trkpt lat="47.974426" lon="10.196162">
        <ele>602.659399</ele>
        <time>2022-09-01T16:49:09.779Z</time>
      </trkpt>
      <trkpt lat="47.973453" lon="10.199708">
        <ele>603.009877</ele>
        <time>2022-09-01T16:50:08.400Z</time>
      </trkpt>
      <trkpt lat="47.973112" lon="10.200589">
        <ele>603.132098</ele>
        <time>2022-09-01T16:50:23.868Z</time>
      </trkpt>
      <trkpt lat="47.973072" lon="10.200657">
        <ele>603.148136</ele>
        <time>2022-09-01T16:50:25.205Z</time>
      </trkpt>
      <trkpt lat="47.971998" lon="10.202500">
        <ele>603.580988</ele>
        <time>2022-09-01T16:51:03.763Z</time>
      </trkpt>
      <trkpt lat="47.971729" lon="10.203789">
        <ele>603.793964</ele>
        <time>2022-09-01T16:51:24.551Z</time>
      </trkpt>
      <trkpt lat="47.971683" lon="10.204000">
        <ele>603.828967</ele>
        <time>2022-09-01T16:51:28.357Z</time>
      </trkpt>
      <trkpt lat="47.971740" lon="10.204291">
        <ele>603.876793</ele>
        <time>2022-09-01T16:51:33.499Z</time>
      </trkpt>
      <trkpt lat="47.971730" lon="10.204385">
        <ele>603.891807</ele>
        <time>2022-09-01T16:51:35.176Z</time>
      </trkpt>
      <trkpt lat="47.971705" lon="10.204526">
        <ele>603.914815</ele>
        <time>2022-09-01T16:51:38.912Z</time>
      </trkpt>
      <trkpt lat="47.971505" lon="10.205195">
        <ele>604.036991</ele>
        <time>2022-09-01T16:51:51.617Z</time>
      </trkpt>
      <trkpt lat="47.971448" lon="10.205704">
        <ele>604.138976</ele>
        <time>2022-09-01T16:52:00.616Z</time>
      </trkpt>
      <trkpt lat="47.971438" lon="10.205831">
        <ele>604.164247</ele>
        <time>2022-09-01T16:52:02.822Z</time>
      </trkpt>
      <trkpt lat="47.971361" lon="10.206462">
        <ele>604.290999</ele>
        <time>2022-09-01T16:52:13.512Z</time>
      </trkpt>
      <trkpt lat="47.971297" lon="10.207638">
        <ele>604.524167</ele>
        <time>2022-09-01T16:52:33.518Z</time>
      </trkpt>
      <trkpt lat="47.971198" lon="10.207804">
        <ele>604.656483</ele>
        <time>2022-09-01T16:52:37.117Z</time>
      </trkpt>
      <trkpt lat="47.971383" lon="10.208721">
        <ele>605.353803</ele>
        <time>2022-09-01T16:52:54.495Z</time>
      </trkpt>
      <trkpt lat="47.971387" lon="10.208766">
        <ele>605.386855</ele>
        <time>2022-09-01T16:52:55.357Z</time>
      </trkpt>
      <trkpt lat="47.971510" lon="10.209470">
        <ele>605.916601</ele>
        <time>2022-09-01T16:53:09.577Z</time>
      </trkpt>
      <trkpt lat="47.971259" lon="10.209845">
        <ele>606.302683</ele>
        <time>2022-09-01T16:53:19.532Z</time>
      </trkpt>
      <trkpt lat="47.971474" lon="10.210928">
        <ele>606.940628</ele>
        <time>2022-09-01T16:53:39.819Z</time>
      </trkpt>
      <trkpt lat="47.970996" lon="10.211098">
        <ele>607.319452</ele>
        <time>2022-09-01T16:53:52.752Z</time>
      </trkpt>
      <trkpt lat="47.970971" lon="10.211162">
        <ele>607.357698</ele>
        <time>2022-09-01T16:53:54.086Z</time>
      </trkpt>
      <trkpt lat="47.970928" lon="10.211180">
        <ele>607.392127</ele>
        <time>2022-09-01T16:53:55.299Z</time>
      </trkpt>
      <trkpt lat="47.970851" lon="10.211208">
        <ele>607.453225</ele>
        <time>2022-09-01T16:53:57.290Z</time>
      </trkpt>
      <trkpt lat="47.970738" lon="10.211220">
        <ele>607.540564</ele>
        <time>2022-09-01T16:54:00.119Z</time>
      </trkpt>
      <trkpt lat="47.970260" lon="10.211270">
        <ele>607.875386</ele>
        <time>2022-09-01T16:54:11.812Z</time>
      </trkpt>
      <trkpt lat="47.970150" lon="10.211290">
        <ele>607.868626</ele>
        <time>2022-09-01T16:54:14.336Z</time>
      </trkpt>
      <trkpt lat="47.970039" lon="10.211310">
        <ele>607.861805</ele>
        <time>2022-09-01T16:54:16.665Z</time>
      </trkpt>
      <trkpt lat="47.969491" lon="10.211370">
        <ele>607.828282</ele>
        <time>2022-09-01T16:54:28.065Z</time>
      </trkpt>
      <trkpt lat="47.969445" lon="10.211376">
        <ele>607.825465</ele>
        <time>2022-09-01T16:54:29.000Z</time>
      </trkpt>
      <trkpt lat="47.969056" lon="10.211411">
        <ele>607.801690</ele>
        <time>2022-09-01T16:54:37.225Z</time>
      </trkpt>
      <trkpt lat="47.968302" lon="10.211561">
        <ele>607.849244</ele>
        <time>2022-09-01T16:54:54.564Z</time>
      </trkpt>
      <trkpt lat="47.967816" lon="10.211811">
        <ele>608.046165</ele>
        <time>2022-09-01T16:55:06.189Z</time>
      </trkpt>
      <trkpt lat="47.967664" lon="10.211888">
        <ele>608.107654</ele>
        <time>2022-09-01T16:55:09.820Z</time>
      </trkpt>
      <trkpt lat="47.967527" lon="10.211952">
        <ele>608.162646</ele>
        <time>2022-09-01T16:55:13.151Z</time>
      </trkpt>
      <trkpt lat="47.967371" lon="10.212025">
        <ele>608.225275</ele>
        <time>2022-09-01T16:55:17.102Z</time>
      </trkpt>
      <trkpt lat="47.966632" lon="10.212484">
        <ele>608.629533</ele>
        <time>2022-09-01T16:55:37.536Z</time>
      </trkpt>
      <trkpt lat="47.966284" lon="10.213079">
        <ele>609.097289</ele>
        <time>2022-09-01T16:55:51.115Z</time>
      </trkpt>
      <trkpt lat="47.965957" lon="10.213866">
        <ele>609.645676</ele>
        <time>2022-09-01T16:56:07.443Z</time>
      </trkpt>
      <trkpt lat="47.965783" lon="10.214373">
        <ele>609.982993</ele>
        <time>2022-09-01T16:56:17.232Z</time>
      </trkpt>
      <trkpt lat="47.965481" lon="10.214456">
        <ele>610.127326</ele>
        <time>2022-09-01T16:56:24.962Z</time>
      </trkpt>
      <trkpt lat="47.964962" lon="10.214534">
        <ele>610.304881</ele>
        <time>2022-09-01T16:56:37.951Z</time>
      </trkpt>
      <trkpt lat="47.964545" lon="10.214545">
        <ele>610.446846</ele>
        <time>2022-09-01T16:56:47.867Z</time>
      </trkpt>
      <trkpt lat="47.963646" lon="10.214409">
        <ele>610.474112</ele>
        <time>2022-09-01T16:57:07.800Z</time>
      </trkpt>
      <trkpt lat="47.963176" lon="10.214451">
        <ele>610.158804</ele>
        <time>2022-09-01T16:57:17.263Z</time>
      </trkpt>
      <trkpt lat="47.962872" lon="10.214590">
        <ele>609.945896</ele>
        <time>2022-09-01T16:57:23.487Z</time>
      </trkpt>
      <trkpt lat="47.962707" lon="10.214703">
        <ele>609.824336</ele>
        <time>2022-09-01T16:57:27.018Z</time>
      </trkpt>
      <trkpt lat="47.962236" lon="10.214857">
        <ele>609.501450</ele>
        <time>2022-09-01T16:57:36.409Z</time>
      </trkpt>
      <trkpt lat="47.961685" lon="10.214788">
        <ele>609.190104</ele>
        <time>2022-09-01T16:57:47.239Z</time>
      </trkpt>
      <trkpt lat="47.960821" lon="10.214499">
        <ele>608.704932</ele>
        <time>2022-09-01T16:58:04.759Z</time>
      </trkpt>
      <trkpt lat="47.960602" lon="10.214528">
        <ele>608.584458</ele>
        <time>2022-09-01T16:58:09.702Z</time>
      </trkpt>
      <trkpt lat="47.960288" lon="10.214673">
        <ele>608.520465</ele>
        <time>2022-09-01T16:58:17.287Z</time>
      </trkpt>
      <trkpt lat="47.960198" lon="10.214714">
        <ele>608.560287</ele>
        <time>2022-09-01T16:58:19.582Z</time>
      </trkpt>
      <trkpt lat="47.959985" lon="10.215159">
        <ele>608.715304</ele>
        <time>2022-09-01T16:58:28.268Z</time>
      </trkpt>
      <trkpt lat="47.959555" lon="10.215306">
        <ele>608.901992</ele>
        <time>2022-09-01T16:58:38.821Z</time>
      </trkpt>
      <trkpt lat="47.959205" lon="10.215600">
        <ele>609.071942</ele>
        <time>2022-09-01T16:58:48.681Z</time>
      </trkpt>
      <trkpt lat="47.957404" lon="10.217866">
        <ele>610.427441</ele>
        <time>2022-09-01T16:59:46.835Z</time>
      </trkpt>
      <trkpt lat="47.956938" lon="10.218413">
        <ele>610.831048</ele>
        <time>2022-09-01T17:00:01.569Z</time>
      </trkpt>
      <trkpt lat="47.956442" lon="10.218743">
        <ele>611.200789</ele>
        <time>2022-09-01T17:00:15.100Z</time>
      </trkpt>
      <trkpt lat="47.956052" lon="10.218852">
        <ele>611.470957</ele>
        <time>2022-09-01T17:00:25.124Z</time>
      </trkpt>
      <trkpt lat="47.954607" lon="10.219020">
        <ele>612.482874</ele>
        <time>2022-09-01T17:01:01.043Z</time>
      </trkpt>
      <trkpt lat="47.953209" lon="10.219130">
        <ele>613.720233</ele>
        <time>2022-09-01T17:01:36.786Z</time>
      </trkpt>
      <trkpt lat="47.952675" lon="10.219021">
        <ele>614.241456</ele>
        <time>2022-09-01T17:01:51.167Z</time>
      </trkpt>
      <trkpt lat="47.951367" lon="10.218502">
        <ele>615.744204</ele>
        <time>2022-09-01T17:02:27.574Z</time>
      </trkpt>
      <trkpt lat="47.950943" lon="10.218451">
        <ele>616.233483</ele>
        <time>2022-09-01T17:02:39.089Z</time>
      </trkpt>
      <trkpt lat="47.950471" lon="10.218478">
        <ele>616.787940</ele>
        <time>2022-09-01T17:02:51.801Z</time>
      </trkpt>
      <trkpt lat="47.949303" lon="10.218730">
        <ele>618.228758</ele>
        <time>2022-09-01T17:03:22.897Z</time>
      </trkpt>
      <trkpt lat="47.948593" lon="10.218794">
        <ele>619.299699</ele>
        <time>2022-09-01T17:03:43.016Z</time>
      </trkpt>
      <trkpt lat="47.948142" lon="10.218881">
        <ele>620.222491</ele>
        <time>2022-09-01T17:03:56.641Z</time>
      </trkpt>
      <trkpt lat="47.947901" lon="10.219007">
        <ele>620.740656</ele>
        <time>2022-09-01T17:04:04.394Z</time>
      </trkpt>
      <trkpt lat="47.947815" lon="10.219062">
        <ele>620.930507</ele>
        <time>2022-09-01T17:04:07.406Z</time>
      </trkpt>
      <trkpt lat="47.947579" lon="10.219273">
        <ele>621.488713</ele>
        <time>2022-09-01T17:04:16.231Z</time>
      </trkpt>
      <trkpt lat="47.947101" lon="10.219451">
        <ele>622.490722</ele>
        <time>2022-09-01T17:04:32.302Z</time>
      </trkpt>
      <trkpt lat="47.946571" lon="10.219692">
        <ele>623.670133</ele>
        <time>2022-09-01T17:04:50.516Z</time>
      </trkpt>
      <trkpt lat="47.946005" lon="10.219770">
        <ele>624.880130</ele>
        <time>2022-09-01T17:05:09.186Z</time>
      </trkpt>
      <trkpt lat="47.944955" lon="10.219718">
        <ele>626.749693</ele>
        <time>2022-09-01T17:05:40.786Z</time>
      </trkpt>
      <trkpt lat="47.944466" lon="10.219558">
        <ele>627.353539</ele>
        <time>2022-09-01T17:05:54.791Z</time>
      </trkpt>
      <trkpt lat="47.943943" lon="10.219296">
        <ele>628.018968</ele>
        <time>2022-09-01T17:06:09.859Z</time>
      </trkpt>
      <trkpt lat="47.943595" lon="10.219211">
        <ele>628.443494</ele>
        <time>2022-09-01T17:06:19.270Z</time>
      </trkpt>
      <trkpt lat="47.943009" lon="10.219181">
        <ele>629.027706</ele>
        <time>2022-09-01T17:06:34.573Z</time>
      </trkpt>
      <trkpt lat="47.942446" lon="10.219338">
        <ele>629.598362</ele>
        <time>2022-09-01T17:06:49.523Z</time>
      </trkpt>
      <trkpt lat="47.941076" lon="10.220073">
        <ele>631.481430</ele>
        <time>2022-09-01T17:07:30.191Z</time>
      </trkpt>
      <trkpt lat="47.939733" lon="10.220628">
        <ele>633.409572</ele>
        <time>2022-09-01T17:08:10.408Z</time>
      </trkpt>
      <trkpt lat="47.938537" lon="10.221401">
        <ele>634.782265</ele>
        <time>2022-09-01T17:08:44.303Z</time>
      </trkpt>
      <trkpt lat="47.938086" lon="10.222020">
        <ele>635.098204</ele>
        <time>2022-09-01T17:08:58.326Z</time>
      </trkpt>
      <trkpt lat="47.937249" lon="10.222759">
        <ele>635.520794</ele>
        <time>2022-09-01T17:09:21.644Z</time>
      </trkpt>
      <trkpt lat="47.936881" lon="10.222979">
        <ele>635.656899</ele>
        <time>2022-09-01T17:09:31.248Z</time>
      </trkpt>
      <trkpt lat="47.936266" lon="10.223093">
        <ele>635.707736</ele>
        <time>2022-09-01T17:09:46.143Z</time>
      </trkpt>
      <trkpt lat="47.935096" lon="10.223429">
        <ele>635.794812</ele>
        <time>2022-09-01T17:10:12.039Z</time>
      </trkpt>
      <trkpt lat="47.934469" lon="10.223301">
        <ele>635.788114</ele>
        <time>2022-09-01T17:10:25.524Z</time>
      </trkpt>
      <trkpt lat="47.933965" lon="10.223077">
        <ele>635.782549</ele>
        <time>2022-09-01T17:10:37.168Z</time>
      </trkpt>
      <trkpt lat="47.933793" lon="10.223091">
        <ele>635.780726</ele>
        <time>2022-09-01T17:10:41.081Z</time>
      </trkpt>
      <trkpt lat="47.932739" lon="10.224040">
        <ele>636.067449</ele>
        <time>2022-09-01T17:11:10.295Z</time>
      </trkpt>
      <trkpt lat="47.932526" lon="10.224143">
        <ele>636.141488</ele>
        <time>2022-09-01T17:11:15.844Z</time>
      </trkpt>
      <trkpt lat="47.932286" lon="10.224098">
        <ele>636.221473</ele>
        <time>2022-09-01T17:11:21.714Z</time>
      </trkpt>
      <trkpt lat="47.932176" lon="10.224145">
        <ele>636.259309</ele>
        <time>2022-09-01T17:11:24.450Z</time>
      </trkpt>
      <trkpt lat="47.931941" lon="10.224401">
        <ele>636.355515</ele>
        <time>2022-09-01T17:11:31.215Z</time>
      </trkpt>
      <trkpt lat="47.930416" lon="10.226525">
        <ele>636.436599</ele>
        <time>2022-09-01T17:12:16.184Z</time>
      </trkpt>
      <trkpt lat="47.929606" lon="10.227568">
        <ele>637.230595</ele>
        <time>2022-09-01T17:12:43.155Z</time>
      </trkpt>
      <trkpt lat="47.929325" lon="10.228030">
        <ele>637.540886</ele>
        <time>2022-09-01T17:12:54.557Z</time>
      </trkpt>
      <trkpt lat="47.929383" lon="10.228328">
        <ele>637.795231</ele>
        <time>2022-09-01T17:13:00.403Z</time>
      </trkpt>
      <trkpt lat="47.929748" lon="10.229322">
        <ele>638.920452</ele>
        <time>2022-09-01T17:13:21.807Z</time>
      </trkpt>
      <trkpt lat="47.929748" lon="10.229486">
        <ele>639.083256</ele>
        <time>2022-09-01T17:13:25.070Z</time>
      </trkpt>
      <trkpt lat="47.929537" lon="10.229888">
        <ele>639.590190</ele>
        <time>2022-09-01T17:13:34.995Z</time>
      </trkpt>
      <trkpt lat="47.929100" lon="10.230707">
        <ele>640.530459</ele>
        <time>2022-09-01T17:13:54.643Z</time>
      </trkpt>
      <trkpt lat="47.928777" lon="10.231160">
        <ele>641.011288</ele>
        <time>2022-09-01T17:14:06.822Z</time>
      </trkpt>
      <trkpt lat="47.927619" lon="10.232254">
        <ele>642.363979</ele>
        <time>2022-09-01T17:14:42.449Z</time>
      </trkpt>
      <trkpt lat="47.927606" lon="10.232507">
        <ele>642.462345</ele>
        <time>2022-09-01T17:14:46.630Z</time>
      </trkpt>
      <trkpt lat="47.927729" lon="10.232934">
        <ele>642.642525</ele>
        <time>2022-09-01T17:14:54.338Z</time>
      </trkpt>
      <trkpt lat="47.927243" lon="10.233482">
        <ele>642.994928</ele>
        <time>2022-09-01T17:15:09.112Z</time>
      </trkpt>
      <trkpt lat="47.926693" lon="10.234225">
        <ele>643.317000</ele>
        <time>2022-09-01T17:15:26.878Z</time>
      </trkpt>
      <trkpt lat="47.925878" lon="10.235392">
        <ele>643.565227</ele>
        <time>2022-09-01T17:15:52.600Z</time>
      </trkpt>
      <trkpt lat="47.925641" lon="10.235810">
        <ele>643.645864</ele>
        <time>2022-09-01T17:16:01.001Z</time>
      </trkpt>
      <trkpt lat="47.925115" lon="10.237039">
        <ele>643.717584</ele>
        <time>2022-09-01T17:16:23.085Z</time>
      </trkpt>
      <trkpt lat="47.924350" lon="10.238539">
        <ele>643.886907</ele>
        <time>2022-09-01T17:16:51.582Z</time>
      </trkpt>
      <trkpt lat="47.923869" lon="10.239931">
        <ele>644.148568</ele>
        <time>2022-09-01T17:17:15.848Z</time>
      </trkpt>
      <trkpt lat="47.923501" lon="10.240600">
        <ele>644.399437</ele>
        <time>2022-09-01T17:17:29.594Z</time>
      </trkpt>
      <trkpt lat="47.923084" lon="10.241726">
        <ele>644.955011</ele>
        <time>2022-09-01T17:17:50.437Z</time>
      </trkpt>
      <trkpt lat="47.921894" lon="10.244255">
        <ele>646.963373</ele>
        <time>2022-09-01T17:18:45.029Z</time>
      </trkpt>
      <trkpt lat="47.921799" lon="10.244390">
        <ele>647.110909</ele>
        <time>2022-09-01T17:18:48.540Z</time>
      </trkpt>
      <trkpt lat="47.921846" lon="10.244668">
        <ele>647.326994</ele>
        <time>2022-09-01T17:18:54.246Z</time>
      </trkpt>
      <trkpt lat="47.922136" lon="10.245413">
        <ele>648.098148</ele>
        <time>2022-09-01T17:19:10.806Z</time>
      </trkpt>
      <trkpt lat="47.921163" lon="10.247077">
        <ele>650.003752</ele>
        <time>2022-09-01T17:19:52.036Z</time>
      </trkpt>
      <trkpt lat="47.921019" lon="10.247466">
        <ele>650.226014</ele>
        <time>2022-09-01T17:19:59.847Z</time>
      </trkpt>
      <trkpt lat="47.920927" lon="10.247838">
        <ele>650.424331</ele>
        <time>2022-09-01T17:20:06.682Z</time>
      </trkpt>
      <trkpt lat="47.920825" lon="10.248248">
        <ele>650.643063</ele>
        <time>2022-09-01T17:20:14.140Z</time>
      </trkpt>
      <trkpt lat="47.920608" lon="10.248770">
        <ele>650.950288</ele>
        <time>2022-09-01T17:20:24.297Z</time>
      </trkpt>
      <trkpt lat="47.920045" lon="10.249301">
        <ele>651.161647</ele>
        <time>2022-09-01T17:20:39.854Z</time>
      </trkpt>
      <trkpt lat="47.919974" lon="10.249376">
        <ele>651.149453</ele>
        <time>2022-09-01T17:20:41.714Z</time>
      </trkpt>
      <trkpt lat="47.919618" lon="10.249676">
        <ele>651.092140</ele>
        <time>2022-09-01T17:20:50.413Z</time>
      </trkpt>
      <trkpt lat="47.919124" lon="10.249763">
        <ele>651.022411</ele>
        <time>2022-09-01T17:21:00.882Z</time>
      </trkpt>
      <trkpt lat="47.918169" lon="10.250108">
        <ele>650.850817</ele>
        <time>2022-09-01T17:21:21.709Z</time>
      </trkpt>
      <trkpt lat="47.917566" lon="10.250627">
        <ele>650.706051</ele>
        <time>2022-09-01T17:21:36.686Z</time>
      </trkpt>
      <trkpt lat="47.916855" lon="10.251156">
        <ele>650.572352</ele>
        <time>2022-09-01T17:21:53.624Z</time>
      </trkpt>
      <trkpt lat="47.916409" lon="10.251410">
        <ele>650.551661</ele>
        <time>2022-09-01T17:22:04.311Z</time>
      </trkpt>
      <trkpt lat="47.915961" lon="10.251536">
        <ele>650.531902</ele>
        <time>2022-09-01T17:22:14.437Z</time>
      </trkpt>
      <trkpt lat="47.914514" lon="10.251687">
        <ele>650.863603</ele>
        <time>2022-09-01T17:22:46.793Z</time>
      </trkpt>
      <trkpt lat="47.914066" lon="10.251899">
        <ele>651.082008</ele>
        <time>2022-09-01T17:22:58.443Z</time>
      </trkpt>
      <trkpt lat="47.911253" lon="10.253590">
        <ele>653.681319</ele>
        <time>2022-09-01T17:24:17.445Z</time>
      </trkpt>
      <trkpt lat="47.909924" lon="10.254225">
        <ele>654.918155</ele>
        <time>2022-09-01T17:24:53.842Z</time>
      </trkpt>
      <trkpt lat="47.909124" lon="10.254485">
        <ele>655.503008</ele>
        <time>2022-09-01T17:25:14.388Z</time>
      </trkpt>
      <trkpt lat="47.907577" lon="10.254782">
        <ele>656.803766</ele>
        <time>2022-09-01T17:25:52.644Z</time>
      </trkpt>
      <trkpt lat="47.907539" lon="10.254789">
        <ele>656.839435</ele>
        <time>2022-09-01T17:25:53.682Z</time>
      </trkpt>
      <trkpt lat="47.906817" lon="10.255033">
        <ele>657.529082</ele>
        <time>2022-09-01T17:26:12.973Z</time>
      </trkpt>
      <trkpt lat="47.906121" lon="10.255369">
        <ele>658.666635</ele>
        <time>2022-09-01T17:26:34.236Z</time>
      </trkpt>
      <trkpt lat="47.905444" lon="10.255712">
        <ele>659.904444</ele>
        <time>2022-09-01T17:26:55.816Z</time>
      </trkpt>
      <trkpt lat="47.904885" lon="10.255688">
        <ele>660.860077</ele>
        <time>2022-09-01T17:27:12.231Z</time>
      </trkpt>
      <trkpt lat="47.904674" lon="10.255827">
        <ele>661.196388</ele>
        <time>2022-09-01T17:27:18.723Z</time>
      </trkpt>
      <trkpt lat="47.904548" lon="10.256013">
        <ele>661.454850</ele>
        <time>2022-09-01T17:27:24.073Z</time>
      </trkpt>
      <trkpt lat="47.904291" lon="10.256392">
        <ele>661.981768</ele>
        <time>2022-09-01T17:27:34.525Z</time>
      </trkpt>
      <trkpt lat="47.903553" lon="10.257077">
        <ele>663.249107</ele>
        <time>2022-09-01T17:27:58.523Z</time>
      </trkpt>
      <trkpt lat="47.903069" lon="10.257524">
        <ele>663.855069</ele>
        <time>2022-09-01T17:28:13.273Z</time>
      </trkpt>
      <trkpt lat="47.902775" lon="10.257730">
        <ele>664.168737</ele>
        <time>2022-09-01T17:28:21.615Z</time>
      </trkpt>
      <trkpt lat="47.902676" lon="10.257910">
        <ele>664.319463</ele>
        <time>2022-09-01T17:28:25.600Z</time>
      </trkpt>
      <trkpt lat="47.902619" lon="10.258376">
        <ele>664.626120</ele>
        <time>2022-09-01T17:28:33.898Z</time>
      </trkpt>
      <trkpt lat="47.902489" lon="10.258831">
        <ele>664.946313</ele>
        <time>2022-09-01T17:28:42.684Z</time>
      </trkpt>
      <trkpt lat="47.902017" lon="10.259147">
        <ele>665.296206</ele>
        <time>2022-09-01T17:28:56.157Z</time>
      </trkpt>
      <trkpt lat="47.901589" lon="10.259314">
        <ele>665.505395</ele>
        <time>2022-09-01T17:29:07.138Z</time>
      </trkpt>
      <trkpt lat="47.900995" lon="10.259350">
        <ele>665.786499</ele>
        <time>2022-09-01T17:29:20.885Z</time>
      </trkpt>
      <trkpt lat="47.900366" lon="10.259473">
        <ele>666.144062</ele>
        <time>2022-09-01T17:29:35.413Z</time>
      </trkpt>
      <trkpt lat="47.900322" lon="10.259496">
        <ele>666.181330</ele>
        <time>2022-09-01T17:29:36.475Z</time>
      </trkpt>
      <trkpt lat="47.899843" lon="10.259728">
        <ele>666.583896</ele>
        <time>2022-09-01T17:29:48.587Z</time>
      </trkpt>
      <trkpt lat="47.899320" lon="10.260112">
        <ele>667.049859</ele>
        <time>2022-09-01T17:30:03.578Z</time>
      </trkpt>
      <trkpt lat="47.899248" lon="10.260180">
        <ele>667.117979</ele>
        <time>2022-09-01T17:30:05.848Z</time>
      </trkpt>
      <trkpt lat="47.898433" lon="10.260949">
        <ele>668.468507</ele>
        <time>2022-09-01T17:30:32.862Z</time>
      </trkpt>
      <trkpt lat="47.897889" lon="10.261388">
        <ele>669.602523</ele>
        <time>2022-09-01T17:30:51.558Z</time>
      </trkpt>
      <trkpt lat="47.897397" lon="10.261810">
        <ele>670.643096</ele>
        <time>2022-09-01T17:31:08.805Z</time>
      </trkpt>
      <trkpt lat="47.896876" lon="10.262154">
        <ele>671.615671</ele>
        <time>2022-09-01T17:31:26.089Z</time>
      </trkpt>
      <trkpt lat="47.896763" lon="10.262229">
        <ele>671.825222</ele>
        <time>2022-09-01T17:31:30.058Z</time>
      </trkpt>
      <trkpt lat="47.896233" lon="10.262647">
        <ele>672.840990</ele>
        <time>2022-09-01T17:31:47.478Z</time>
      </trkpt>
      <trkpt lat="47.895772" lon="10.263103">
        <ele>673.778200</ele>
        <time>2022-09-01T17:32:02.536Z</time>
      </trkpt>
      <trkpt lat="47.895351" lon="10.263449">
        <ele>674.387850</ele>
        <time>2022-09-01T17:32:15.682Z</time>
      </trkpt>
      <trkpt lat="47.895088" lon="10.263419">
        <ele>674.721318</ele>
        <time>2022-09-01T17:32:22.820Z</time>
      </trkpt>
      <trkpt lat="47.894850" lon="10.263243">
        <ele>675.057164</ele>
        <time>2022-09-01T17:32:30.109Z</time>
      </trkpt>
      <trkpt lat="47.894590" lon="10.262818">
        <ele>675.544846</ele>
        <time>2022-09-01T17:32:40.731Z</time>
      </trkpt>
      <trkpt lat="47.894021" lon="10.264136">
        <ele>676.935635</ele>
        <time>2022-09-01T17:33:09.108Z</time>
      </trkpt>
      <trkpt lat="47.893543" lon="10.265256">
        <ele>678.146780</ele>
        <time>2022-09-01T17:33:33.943Z</time>
      </trkpt>
      <trkpt lat="47.893456" lon="10.265424">
        <ele>678.340428</ele>
        <time>2022-09-01T17:33:37.981Z</time>
      </trkpt>
      <trkpt lat="47.893440" lon="10.265452">
        <ele>678.373989</ele>
        <time>2022-09-01T17:33:38.690Z</time>
      </trkpt>
      <trkpt lat="47.893010" lon="10.266071">
        <ele>679.198017</ele>
        <time>2022-09-01T17:33:55.718Z</time>
      </trkpt>
      <trkpt lat="47.892597" lon="10.266521">
        <ele>679.905081</ele>
        <time>2022-09-01T17:34:10.156Z</time>
      </trkpt>
      <trkpt lat="47.892585" lon="10.266534">
        <ele>679.925585</ele>
        <time>2022-09-01T17:34:10.568Z</time>
      </trkpt>
      <trkpt lat="47.892311" lon="10.266810">
        <ele>680.382662</ele>
        <time>2022-09-01T17:34:19.680Z</time>
      </trkpt>
      <trkpt lat="47.892284" lon="10.266831">
        <ele>680.424758</ele>
        <time>2022-09-01T17:34:20.488Z</time>
      </trkpt>
      <trkpt lat="47.892028" lon="10.267019">
        <ele>680.819228</ele>
        <time>2022-09-01T17:34:28.125Z</time>
      </trkpt>
      <trkpt lat="47.891787" lon="10.267173">
        <ele>681.156095</ele>
        <time>2022-09-01T17:34:35.260Z</time>
      </trkpt>
      <trkpt lat="47.891521" lon="10.267386">
        <ele>681.516768</ele>
        <time>2022-09-01T17:34:43.430Z</time>
      </trkpt>
      <trkpt lat="47.891334" lon="10.267676">
        <ele>681.839051</ele>
        <time>2022-09-01T17:34:50.726Z</time>
      </trkpt>
      <trkpt lat="47.891244" lon="10.268067">
        <ele>682.170194</ele>
        <time>2022-09-01T17:34:58.263Z</time>
      </trkpt>
      <trkpt lat="47.891227" lon="10.268546">
        <ele>682.554424</ele>
        <time>2022-09-01T17:35:06.917Z</time>
      </trkpt>
      <trkpt lat="47.891120" lon="10.269089">
        <ele>683.007778</ele>
        <time>2022-09-01T17:35:17.117Z</time>
      </trkpt>
      <trkpt lat="47.890654" lon="10.269893">
        <ele>683.977750</ele>
        <time>2022-09-01T17:35:36.265Z</time>
      </trkpt>
      <trkpt lat="47.890485" lon="10.270159">
        <ele>684.319870</ele>
        <time>2022-09-01T17:35:43.201Z</time>
      </trkpt>
      <trkpt lat="47.889899" lon="10.270997">
        <ele>685.450296</ele>
        <time>2022-09-01T17:36:06.126Z</time>
      </trkpt>
      <trkpt lat="47.889557" lon="10.271432">
        <ele>686.155767</ele>
        <time>2022-09-01T17:36:18.890Z</time>
      </trkpt>
      <trkpt lat="47.889346" lon="10.271452">
        <ele>686.504674</ele>
        <time>2022-09-01T17:36:25.090Z</time>
      </trkpt>
      <trkpt lat="47.889186" lon="10.271393">
        <ele>686.776667</ele>
        <time>2022-09-01T17:36:29.747Z</time>
      </trkpt>
      <trkpt lat="47.889049" lon="10.271281">
        <ele>687.034496</ele>
        <time>2022-09-01T17:36:34.384Z</time>
      </trkpt>
      <trkpt lat="47.888918" lon="10.271042">
        <ele>687.376088</ele>
        <time>2022-09-01T17:36:40.277Z</time>
      </trkpt>
      <trkpt lat="47.888508" lon="10.271383">
        <ele>688.150809</ele>
        <time>2022-09-01T17:36:53.951Z</time>
      </trkpt>
      <trkpt lat="47.888298" lon="10.271484">
        <ele>688.514940</ele>
        <time>2022-09-01T17:37:00.285Z</time>
      </trkpt>
      <trkpt lat="47.888177" lon="10.271516">
        <ele>688.714624</ele>
        <time>2022-09-01T17:37:03.933Z</time>
      </trkpt>
      <trkpt lat="47.886600" lon="10.271795">
        <ele>691.256234</ele>
        <time>2022-09-01T17:37:49.674Z</time>
      </trkpt>
      <trkpt lat="47.886021" lon="10.271786">
        <ele>692.123712</ele>
        <time>2022-09-01T17:38:05.764Z</time>
      </trkpt>
      <trkpt lat="47.885182" lon="10.271498">
        <ele>693.383276</ele>
        <time>2022-09-01T17:38:29.175Z</time>
      </trkpt>
      <trkpt lat="47.883978" lon="10.271012">
        <ele>695.774498</ele>
        <time>2022-09-01T17:39:05.557Z</time>
      </trkpt>
      <trkpt lat="47.882816" lon="10.270842">
        <ele>698.391937</ele>
        <time>2022-09-01T17:39:43.334Z</time>
      </trkpt>
      <trkpt lat="47.881913" lon="10.270690">
        <ele>700.552090</ele>
        <time>2022-09-01T17:40:14.483Z</time>
      </trkpt>
      <trkpt lat="47.880970" lon="10.270441">
        <ele>702.522424</ele>
        <time>2022-09-01T17:40:43.394Z</time>
      </trkpt>
      <trkpt lat="47.878718" lon="10.269844">
        <ele>704.074568</ele>
        <time>2022-09-01T17:41:37.766Z</time>
      </trkpt>
      <trkpt lat="47.876133" lon="10.269149">
        <ele>706.646125</ele>
        <time>2022-09-01T17:42:46.217Z</time>
      </trkpt>
      <trkpt lat="47.875203" lon="10.268975">
        <ele>708.195796</ele>
        <time>2022-09-01T17:43:13.804Z</time>
      </trkpt>
      <trkpt lat="47.874203" lon="10.269203">
        <ele>710.111317</ele>
        <time>2022-09-01T17:43:44.741Z</time>
      </trkpt>
      <trkpt lat="47.874116" lon="10.269198">
        <ele>710.276174</ele>
        <time>2022-09-01T17:43:47.460Z</time>
      </trkpt>
      <trkpt lat="47.873956" lon="10.269201">
        <ele>710.589923</ele>
        <time>2022-09-01T17:43:52.237Z</time>
      </trkpt>
      <trkpt lat="47.873324" lon="10.269410">
        <ele>711.890851</ele>
        <time>2022-09-01T17:44:11.740Z</time>
      </trkpt>
      <trkpt lat="47.872711" lon="10.269616">
        <ele>713.153635</ele>
        <time>2022-09-01T17:44:30.694Z</time>
      </trkpt>
      <trkpt lat="47.871441" lon="10.270033">
        <ele>715.289285</ele>
        <time>2022-09-01T17:45:09.928Z</time>
      </trkpt>
      <trkpt lat="47.871395" lon="10.270036">
        <ele>715.356541</ele>
        <time>2022-09-01T17:45:11.223Z</time>
      </trkpt>
      <trkpt lat="47.871063" lon="10.270029">
        <ele>715.841536</ele>
        <time>2022-09-01T17:45:20.136Z</time>
      </trkpt>
      <trkpt lat="47.870775" lon="10.270267">
        <ele>716.322526</ele>
        <time>2022-09-01T17:45:28.599Z</time>
      </trkpt>
      <trkpt lat="47.870295" lon="10.270444">
        <ele>716.898206</ele>
        <time>2022-09-01T17:45:41.258Z</time>
      </trkpt>
      <trkpt lat="47.869475" lon="10.270721">
        <ele>717.675657</ele>
        <time>2022-09-01T17:46:02.499Z</time>
      </trkpt>
      <trkpt lat="47.867562" lon="10.271366">
        <ele>720.124002</ele>
        <time>2022-09-01T17:46:55.245Z</time>
      </trkpt>
      <trkpt lat="47.865002" lon="10.272228">
        <ele>724.986131</ele>
        <time>2022-09-01T17:48:14.307Z</time>
      </trkpt>
      <trkpt lat="47.862135" lon="10.273188">
        <ele>729.951817</ele>
        <time>2022-09-01T17:49:42.745Z</time>
      </trkpt>
      <trkpt lat="47.856522" lon="10.274854">
        <ele>729.321559</ele>
        <time>2022-09-01T17:51:45.718Z</time>
      </trkpt>
      <trkpt lat="47.854807" lon="10.275744">
        <ele>727.067928</ele>
        <time>2022-09-01T17:52:19.463Z</time>
      </trkpt>
      <trkpt lat="47.853474" lon="10.276617">
        <ele>724.863821</ele>
        <time>2022-09-01T17:52:46.047Z</time>
      </trkpt>
      <trkpt lat="47.852049" lon="10.277580">
        <ele>722.646417</ele>
        <time>2022-09-01T17:53:14.644Z</time>
      </trkpt>
      <trkpt lat="47.850953" lon="10.278315">
        <ele>721.226941</ele>
        <time>2022-09-01T17:53:37.660Z</time>
      </trkpt>
      <trkpt lat="47.850439" lon="10.278513">
        <ele>720.704940</ele>
        <time>2022-09-01T17:53:48.157Z</time>
      </trkpt>
      <trkpt lat="47.849961" lon="10.278554">
        <ele>720.234172</ele>
        <time>2022-09-01T17:53:57.545Z</time>
      </trkpt>
      <trkpt lat="47.849493" lon="10.278499">
        <ele>719.721340</ele>
        <time>2022-09-01T17:54:06.441Z</time>
      </trkpt>
      <trkpt lat="47.847784" lon="10.277975">
        <ele>717.885443</ele>
        <time>2022-09-01T17:54:39.196Z</time>
      </trkpt>
      <trkpt lat="47.847357" lon="10.277845">
        <ele>717.709269</ele>
        <time>2022-09-01T17:54:48.047Z</time>
      </trkpt>
      <trkpt lat="47.846634" lon="10.277627">
        <ele>717.411083</ele>
        <time>2022-09-01T17:55:04.215Z</time>
      </trkpt>
      <trkpt lat="47.844595" lon="10.276978">
        <ele>716.773271</ele>
        <time>2022-09-01T17:55:49.950Z</time>
      </trkpt>
      <trkpt lat="47.844196" lon="10.276860">
        <ele>716.285276</ele>
        <time>2022-09-01T17:55:57.525Z</time>
      </trkpt>
      <trkpt lat="47.843567" lon="10.276688">
        <ele>715.334970</ele>
        <time>2022-09-01T17:56:09.196Z</time>
      </trkpt>
      <trkpt lat="47.843321" lon="10.276673">
        <ele>714.969107</ele>
        <time>2022-09-01T17:56:13.625Z</time>
      </trkpt>
      <trkpt lat="47.842937" lon="10.276752">
        <ele>714.393069</ele>
        <time>2022-09-01T17:56:20.430Z</time>
      </trkpt>
      <trkpt lat="47.842216" lon="10.277130">
        <ele>713.491181</ele>
        <time>2022-09-01T17:56:34.278Z</time>
      </trkpt>
      <trkpt lat="47.841690" lon="10.277345">
        <ele>712.913085</ele>
        <time>2022-09-01T17:56:44.771Z</time>
      </trkpt>
      <trkpt lat="47.841486" lon="10.277428">
        <ele>712.688952</ele>
        <time>2022-09-01T17:56:48.953Z</time>
      </trkpt>
      <trkpt lat="47.833990" lon="10.280755">
        <ele>708.592658</ele>
        <time>2022-09-01T17:59:30.112Z</time>
      </trkpt>
      <trkpt lat="47.832931" lon="10.281218">
        <ele>708.073238</ele>
        <time>2022-09-01T17:59:52.650Z</time>
      </trkpt>
      <trkpt lat="47.832532" lon="10.281388">
        <ele>707.877927</ele>
        <time>2022-09-01T18:00:01.168Z</time>
      </trkpt>
      <trkpt lat="47.829143" lon="10.282878">
        <ele>707.068393</ele>
        <time>2022-09-01T18:01:16.684Z</time>
      </trkpt>
      <trkpt lat="47.828728" lon="10.283074">
        <ele>706.964804</ele>
        <time>2022-09-01T18:01:26.354Z</time>
      </trkpt>
      <trkpt lat="47.827821" lon="10.283465">
        <ele>706.692345</ele>
        <time>2022-09-01T18:01:47.234Z</time>
      </trkpt>
      <trkpt lat="47.825909" lon="10.284289">
        <ele>705.105234</ele>
        <time>2022-09-01T18:02:26.835Z</time>
      </trkpt>
      <trkpt lat="47.825518" lon="10.284453">
        <ele>704.685935</ele>
        <time>2022-09-01T18:02:34.199Z</time>
      </trkpt>
      <trkpt lat="47.824852" lon="10.284741">
        <ele>703.473410</ele>
        <time>2022-09-01T18:02:46.517Z</time>
      </trkpt>
      <trkpt lat="47.821828" lon="10.286097">
        <ele>698.135649</ele>
        <time>2022-09-01T18:03:42.895Z</time>
      </trkpt>
      <trkpt lat="47.820561" lon="10.286533">
        <ele>696.918771</ele>
        <time>2022-09-01T18:04:09.095Z</time>
      </trkpt>
      <trkpt lat="47.819479" lon="10.286875">
        <ele>695.424753</ele>
        <time>2022-09-01T18:04:30.844Z</time>
      </trkpt>
      <trkpt lat="47.819384" lon="10.286905">
        <ele>695.280279</ele>
        <time>2022-09-01T18:04:32.590Z</time>
      </trkpt>
      <trkpt lat="47.817779" lon="10.287349">
        <ele>692.323906</ele>
        <time>2022-09-01T18:05:01.124Z</time>
      </trkpt>
      <trkpt lat="47.817383" lon="10.287465">
        <ele>691.444132</ele>
        <time>2022-09-01T18:05:07.972Z</time>
      </trkpt>
      <trkpt lat="47.817383" lon="10.287465">
        <ele>691.444132</ele>
        <time>2022-09-01T18:05:08.027Z</time>
      </trkpt>
      <trkpt lat="47.817383" lon="10.287465">
        <ele>691.444132</ele>
        <time>2022-09-01T18:05:08.033Z</time>
      </trkpt>
      <trkpt lat="47.816850" lon="10.287602">
        <ele>690.265077</ele>
        <time>2022-09-01T18:05:17.288Z</time>
      </trkpt>
      <trkpt lat="47.816544" lon="10.287710">
        <ele>689.863629</ele>
        <time>2022-09-01T18:05:22.762Z</time>
      </trkpt>
      <trkpt lat="47.816255" lon="10.287875">
        <ele>689.583614</ele>
        <time>2022-09-01T18:05:28.302Z</time>
      </trkpt>
      <trkpt lat="47.816020" lon="10.288070">
        <ele>689.340232</ele>
        <time>2022-09-01T18:05:33.314Z</time>
      </trkpt>
      <trkpt lat="47.815946" lon="10.287951">
        <ele>689.241701</ele>
        <time>2022-09-01T18:05:35.324Z</time>
      </trkpt>
      <trkpt lat="47.815874" lon="10.287975">
        <ele>689.174950</ele>
        <time>2022-09-01T18:05:36.794Z</time>
      </trkpt>
      <trkpt lat="47.815806" lon="10.288123">
        <ele>689.066005</ele>
        <time>2022-09-01T18:05:39.309Z</time>
      </trkpt>
      <trkpt lat="47.815657" lon="10.287939">
        <ele>688.890886</ele>
        <time>2022-09-01T18:05:43.184Z</time>
      </trkpt>
      <trkpt lat="47.815547" lon="10.287921">
        <ele>688.790770</ele>
        <time>2022-09-01T18:05:45.724Z</time>
      </trkpt>
      <trkpt lat="47.815421" lon="10.287900">
        <ele>688.676066</ele>
        <time>2022-09-01T18:05:48.532Z</time>
      </trkpt>
      <trkpt lat="47.814841" lon="10.287866">
        <ele>688.671268</ele>
        <time>2022-09-01T18:06:02.624Z</time>
      </trkpt>
      <trkpt lat="47.814648" lon="10.287828">
        <ele>688.814455</ele>
        <time>2022-09-01T18:06:07.485Z</time>
      </trkpt>
      <trkpt lat="47.814341" lon="10.287817">
        <ele>689.040320</ele>
        <time>2022-09-01T18:06:15.347Z</time>
      </trkpt>
      <trkpt lat="47.814112" lon="10.287797">
        <ele>689.209040</ele>
        <time>2022-09-01T18:06:21.291Z</time>
      </trkpt>
      <trkpt lat="47.813709" lon="10.287777">
        <ele>689.505612</ele>
        <time>2022-09-01T18:06:32.010Z</time>
      </trkpt>
      <trkpt lat="47.813116" lon="10.287803">
        <ele>689.795155</ele>
        <time>2022-09-01T18:06:47.570Z</time>
      </trkpt>
      <trkpt lat="47.811841" lon="10.288171">
        <ele>689.976107</ele>
        <time>2022-09-01T18:07:17.483Z</time>
      </trkpt>
      <trkpt lat="47.811643" lon="10.288240">
        <ele>690.004440</ele>
        <time>2022-09-01T18:07:21.597Z</time>
      </trkpt>
      <trkpt lat="47.811028" lon="10.288483">
        <ele>689.210188</ele>
        <time>2022-09-01T18:07:33.811Z</time>
      </trkpt>
      <trkpt lat="47.810875" lon="10.288543">
        <ele>688.993835</ele>
        <time>2022-09-01T18:07:36.770Z</time>
      </trkpt>
      <trkpt lat="47.810795" lon="10.288586">
        <ele>688.877530</ele>
        <time>2022-09-01T18:07:38.357Z</time>
      </trkpt>
      <trkpt lat="47.810461" lon="10.288758">
        <ele>688.394261</ele>
        <time>2022-09-01T18:07:44.894Z</time>
      </trkpt>
      <trkpt lat="47.810066" lon="10.288997">
        <ele>687.811229</ele>
        <time>2022-09-01T18:07:52.644Z</time>
      </trkpt>
      <trkpt lat="47.809886" lon="10.289118">
        <ele>687.530114</ele>
        <time>2022-09-01T18:07:56.177Z</time>
      </trkpt>
      <trkpt lat="47.809773" lon="10.289172">
        <ele>687.200807</ele>
        <time>2022-09-01T18:07:58.251Z</time>
      </trkpt>
      <trkpt lat="47.809674" lon="10.289188">
        <ele>686.924488</ele>
        <time>2022-09-01T18:07:59.952Z</time>
      </trkpt>
      <trkpt lat="47.809398" lon="10.289232">
        <ele>686.154262</ele>
        <time>2022-09-01T18:08:04.623Z</time>
      </trkpt>
      <trkpt lat="47.809318" lon="10.289245">
        <ele>685.930959</ele>
        <time>2022-09-01T18:08:05.952Z</time>
      </trkpt>
      <trkpt lat="47.808990" lon="10.289297">
        <ele>685.015677</ele>
        <time>2022-09-01T18:08:11.318Z</time>
      </trkpt>
      <trkpt lat="47.808778" lon="10.289339">
        <ele>684.422232</ele>
        <time>2022-09-01T18:08:14.763Z</time>
      </trkpt>
      <trkpt lat="47.808745" lon="10.288902">
        <ele>683.602715</ele>
        <time>2022-09-01T18:08:19.539Z</time>
      </trkpt>
      <trkpt lat="47.808728" lon="10.288584">
        <ele>683.008220</ele>
        <time>2022-09-01T18:08:23.000Z</time>
      </trkpt>
      <trkpt lat="47.808720" lon="10.288424">
        <ele>682.709221</ele>
        <time>2022-09-01T18:08:24.782Z</time>
      </trkpt>
      <trkpt lat="47.808644" lon="10.287637">
        <ele>682.177392</ele>
        <time>2022-09-01T18:08:33.917Z</time>
      </trkpt>
      <trkpt lat="47.808614" lon="10.287521">
        <ele>682.110751</ele>
        <time>2022-09-01T18:08:35.427Z</time>
      </trkpt>
      <trkpt lat="47.808436" lon="10.287075">
        <ele>681.832615</ele>
        <time>2022-09-01T18:08:41.895Z</time>
      </trkpt>
      <trkpt lat="47.808115" lon="10.286593">
        <ele>681.468704</ele>
        <time>2022-09-01T18:08:51.306Z</time>
      </trkpt>
      <trkpt lat="47.807976" lon="10.286419">
        <ele>681.323745</ele>
        <time>2022-09-01T18:08:55.621Z</time>
      </trkpt>
      <trkpt lat="47.807231" lon="10.285426">
        <ele>682.150897</ele>
        <time>2022-09-01T18:09:25.539Z</time>
      </trkpt>
      <trkpt lat="47.806979" lon="10.285058">
        <ele>682.632801</ele>
        <time>2022-09-01T18:09:36.455Z</time>
      </trkpt>
      <trkpt lat="47.806921" lon="10.284977">
        <ele>682.741368</ele>
        <time>2022-09-01T18:09:38.863Z</time>
      </trkpt>
      <trkpt lat="47.806678" lon="10.284636">
        <ele>683.197255</ele>
        <time>2022-09-01T18:09:48.302Z</time>
      </trkpt>
      <trkpt lat="47.806104" lon="10.283834">
        <ele>683.136642</ele>
        <time>2022-09-01T18:10:06.060Z</time>
      </trkpt>
      <trkpt lat="47.805712" lon="10.283288">
        <ele>682.665548</ele>
        <time>2022-09-01T18:10:16.315Z</time>
      </trkpt>
      <trkpt lat="47.805359" lon="10.282796">
        <ele>682.241192</ele>
        <time>2022-09-01T18:10:25.121Z</time>
      </trkpt>
      <trkpt lat="47.804880" lon="10.282130">
        <ele>681.391941</ele>
        <time>2022-09-01T18:10:36.909Z</time>
      </trkpt>
      <trkpt lat="47.804844" lon="10.282080">
        <ele>681.313528</ele>
        <time>2022-09-01T18:10:37.754Z</time>
      </trkpt>
      <trkpt lat="47.804595" lon="10.281720">
        <ele>680.760719</ele>
        <time>2022-09-01T18:10:43.956Z</time>
      </trkpt>
      <trkpt lat="47.804298" lon="10.281313">
        <ele>680.117804</ele>
        <time>2022-09-01T18:10:51.355Z</time>
      </trkpt>
      <trkpt lat="47.804215" lon="10.281199">
        <ele>679.937946</ele>
        <time>2022-09-01T18:10:53.610Z</time>
      </trkpt>
      <trkpt lat="47.803541" lon="10.280262">
        <ele>677.802187</ele>
        <time>2022-09-01T18:11:10.747Z</time>
      </trkpt>
      <trkpt lat="47.803560" lon="10.280232">
        <ele>677.714056</ele>
        <time>2022-09-01T18:11:11.244Z</time>
      </trkpt>
      <trkpt lat="47.802953" lon="10.279432">
        <ele>675.134372</ele>
        <time>2022-09-01T18:11:24.682Z</time>
      </trkpt>
      <trkpt lat="47.802698" lon="10.279277">
        <ele>674.257895</ele>
        <time>2022-09-01T18:11:28.851Z</time>
      </trkpt>
      <trkpt lat="47.802400" lon="10.279219">
        <ele>673.244522</ele>
        <time>2022-09-01T18:11:33.286Z</time>
      </trkpt>
      <trkpt lat="47.801840" lon="10.279208">
        <ele>670.559087</ele>
        <time>2022-09-01T18:11:41.752Z</time>
      </trkpt>
      <trkpt lat="47.801621" lon="10.279142">
        <ele>669.487682</ele>
        <time>2022-09-01T18:11:45.240Z</time>
      </trkpt>
      <trkpt lat="47.801428" lon="10.278947">
        <ele>668.369251</ele>
        <time>2022-09-01T18:11:48.689Z</time>
      </trkpt>
      <trkpt lat="47.801184" lon="10.278444">
        <ele>666.370879</ele>
        <time>2022-09-01T18:11:55.161Z</time>
      </trkpt>
      <trkpt lat="47.801115" lon="10.278075">
        <ele>665.137199</ele>
        <time>2022-09-01T18:11:59.100Z</time>
      </trkpt>
      <trkpt lat="47.801136" lon="10.277316">
        <ele>662.737219</ele>
        <time>2022-09-01T18:12:06.937Z</time>
      </trkpt>
      <trkpt lat="47.801323" lon="10.276711">
        <ele>660.639940</ele>
        <time>2022-09-01T18:12:13.500Z</time>
      </trkpt>
      <trkpt lat="47.801439" lon="10.276549">
        <ele>659.894264</ele>
        <time>2022-09-01T18:12:15.899Z</time>
      </trkpt>
      <trkpt lat="47.801947" lon="10.276212">
        <ele>657.286854</ele>
        <time>2022-09-01T18:12:24.585Z</time>
      </trkpt>
      <trkpt lat="47.801997" lon="10.275855">
        <ele>656.202632</ele>
        <time>2022-09-01T18:12:28.477Z</time>
      </trkpt>
      <trkpt lat="47.801929" lon="10.275551">
        <ele>655.490048</ele>
        <time>2022-09-01T18:12:31.760Z</time>
      </trkpt>
      <trkpt lat="47.801489" lon="10.274875">
        <ele>653.396598</ele>
        <time>2022-09-01T18:12:41.815Z</time>
      </trkpt>
      <trkpt lat="47.801441" lon="10.274683">
        <ele>652.940979</ele>
        <time>2022-09-01T18:12:43.983Z</time>
      </trkpt>
      <trkpt lat="47.801288" lon="10.274440">
        <ele>652.200249</ele>
        <time>2022-09-01T18:12:47.538Z</time>
      </trkpt>
      <trkpt lat="47.800902" lon="10.273194">
        <ele>649.877337</ele>
        <time>2022-09-01T18:13:03.441Z</time>
      </trkpt>
      <trkpt lat="47.800666" lon="10.271871">
        <ele>648.603360</ele>
        <time>2022-09-01T18:13:21.048Z</time>
      </trkpt>
      <trkpt lat="47.800678" lon="10.271763">
        <ele>648.501480</ele>
        <time>2022-09-01T18:13:22.365Z</time>
      </trkpt>
      <trkpt lat="47.800615" lon="10.271624">
        <ele>648.345419</ele>
        <time>2022-09-01T18:13:24.508Z</time>
      </trkpt>
      <trkpt lat="47.800568" lon="10.271487">
        <ele>648.202247</ele>
        <time>2022-09-01T18:13:26.531Z</time>
      </trkpt>
      <trkpt lat="47.800167" lon="10.270964">
        <ele>647.917430</ele>
        <time>2022-09-01T18:13:36.764Z</time>
      </trkpt>
      <trkpt lat="47.799832" lon="10.270684">
        <ele>647.926763</ele>
        <time>2022-09-01T18:13:44.604Z</time>
      </trkpt>
      <trkpt lat="47.799499" lon="10.270577">
        <ele>647.935039</ele>
        <time>2022-09-01T18:13:51.787Z</time>
      </trkpt>
      <trkpt lat="47.798963" lon="10.270643">
        <ele>647.948106</ele>
        <time>2022-09-01T18:14:04.462Z</time>
      </trkpt>
      <trkpt lat="47.798447" lon="10.270812">
        <ele>648.334509</ele>
        <time>2022-09-01T18:14:19.441Z</time>
      </trkpt>
      <trkpt lat="47.797773" lon="10.271043">
        <ele>649.173376</ele>
        <time>2022-09-01T18:14:41.260Z</time>
      </trkpt>
      <trkpt lat="47.797517" lon="10.271134">
        <ele>649.492603</ele>
        <time>2022-09-01T18:14:48.907Z</time>
      </trkpt>
      <trkpt lat="47.797086" lon="10.271112">
        <ele>650.015661</ele>
        <time>2022-09-01T18:14:59.432Z</time>
      </trkpt>
      <trkpt lat="47.797005" lon="10.271071">
        <ele>650.119429</ele>
        <time>2022-09-01T18:15:01.276Z</time>
      </trkpt>
      <trkpt lat="47.796971" lon="10.271187">
        <ele>649.986936</ele>
        <time>2022-09-01T18:15:03.197Z</time>
      </trkpt>
      <trkpt lat="47.796853" lon="10.271109">
        <ele>649.722839</ele>
        <time>2022-09-01T18:15:05.874Z</time>
      </trkpt>
      <trkpt lat="47.796746" lon="10.270747">
        <ele>649.179394</ele>
        <time>2022-09-01T18:15:11.166Z</time>
      </trkpt>
      <trkpt lat="47.796536" lon="10.270454">
        <ele>648.590653</ele>
        <time>2022-09-01T18:15:16.608Z</time>
      </trkpt>
      <trkpt lat="47.796504" lon="10.270348">
        <ele>648.430966</ele>
        <time>2022-09-01T18:15:17.974Z</time>
      </trkpt>
      <trkpt lat="47.796249" lon="10.268004">
        <ele>645.299232</ele>
        <time>2022-09-01T18:15:43.973Z</time>
      </trkpt>
      <trkpt lat="47.795899" lon="10.264418">
        <ele>642.219690</ele>
        <time>2022-09-01T18:16:30.676Z</time>
      </trkpt>
      <trkpt lat="47.795986" lon="10.264266">
        <ele>642.120910</ele>
        <time>2022-09-01T18:16:33.613Z</time>
      </trkpt>
      <trkpt lat="47.795990" lon="10.264134">
        <ele>642.055548</ele>
        <time>2022-09-01T18:16:35.613Z</time>
      </trkpt>
      <trkpt lat="47.795949" lon="10.264018">
        <ele>641.990709</ele>
        <time>2022-09-01T18:16:37.526Z</time>
      </trkpt>
      <trkpt lat="47.795807" lon="10.263944">
        <ele>641.879924</ele>
        <time>2022-09-01T18:16:40.862Z</time>
      </trkpt>
      <trkpt lat="47.795660" lon="10.263063">
        <ele>641.694863</ele>
        <time>2022-09-01T18:16:54.510Z</time>
      </trkpt>
      <trkpt lat="47.795442" lon="10.262292">
        <ele>641.556962</ele>
        <time>2022-09-01T18:17:06.395Z</time>
      </trkpt>
      <trkpt lat="47.795121" lon="10.261490">
        <ele>641.403062</ele>
        <time>2022-09-01T18:17:19.428Z</time>
      </trkpt>
      <trkpt lat="47.794687" lon="10.260673">
        <ele>641.311640</ele>
        <time>2022-09-01T18:17:34.165Z</time>
      </trkpt>
      <trkpt lat="47.793986" lon="10.259767">
        <ele>641.202535</ele>
        <time>2022-09-01T18:17:54.048Z</time>
      </trkpt>
      <trkpt lat="47.793667" lon="10.259439">
        <ele>641.279636</ele>
        <time>2022-09-01T18:18:03.133Z</time>
      </trkpt>
      <trkpt lat="47.793667" lon="10.259439">
        <ele>641.279636</ele>
        <time>2022-09-01T18:18:03.202Z</time>
      </trkpt>
      <trkpt lat="47.792859" lon="10.258630">
        <ele>641.987452</ele>
        <time>2022-09-01T18:18:27.937Z</time>
      </trkpt>
      <trkpt lat="47.792355" lon="10.258036">
        <ele>642.454728</ele>
        <time>2022-09-01T18:18:44.618Z</time>
      </trkpt>
      <trkpt lat="47.792244" lon="10.257890">
        <ele>642.629935</ele>
        <time>2022-09-01T18:18:48.259Z</time>
      </trkpt>
      <trkpt lat="47.792187" lon="10.257813">
        <ele>642.732556</ele>
        <time>2022-09-01T18:18:50.171Z</time>
      </trkpt>
      <trkpt lat="47.791947" lon="10.258264">
        <ele>643.247871</ele>
        <time>2022-09-01T18:18:59.671Z</time>
      </trkpt>
      <trkpt lat="47.790730" lon="10.258882">
        <ele>645.147828</ele>
        <time>2022-09-01T18:19:35.332Z</time>
      </trkpt>
      <trkpt lat="47.790025" lon="10.259169">
        <ele>648.306344</ele>
        <time>2022-09-01T18:20:00.569Z</time>
      </trkpt>
      <trkpt lat="47.789728" lon="10.259206">
        <ele>649.594303</ele>
        <time>2022-09-01T18:20:13.316Z</time>
      </trkpt>
      <trkpt lat="47.789453" lon="10.259484">
        <ele>651.030886</ele>
        <time>2022-09-01T18:20:28.545Z</time>
      </trkpt>
      <trkpt lat="47.789312" lon="10.259544">
        <ele>651.664623</ele>
        <time>2022-09-01T18:20:34.788Z</time>
      </trkpt>
      <trkpt lat="47.788924" lon="10.259466">
        <ele>653.501732</ele>
        <time>2022-09-01T18:20:53.490Z</time>
      </trkpt>
      <trkpt lat="47.788745" lon="10.259494">
        <ele>654.439805</ele>
        <time>2022-09-01T18:21:02.889Z</time>
      </trkpt>
      <trkpt lat="47.787785" lon="10.259670">
        <ele>659.481068</ele>
        <time>2022-09-01T18:21:45.341Z</time>
      </trkpt>
      <trkpt lat="47.787354" lon="10.259275">
        <ele>662.062403</ele>
        <time>2022-09-01T18:22:06.103Z</time>
      </trkpt>
      <trkpt lat="47.786965" lon="10.258626">
        <ele>663.242992</ele>
        <time>2022-09-01T18:22:26.187Z</time>
      </trkpt>
      <trkpt lat="47.786711" lon="10.258432">
        <ele>663.819787</ele>
        <time>2022-09-01T18:22:34.636Z</time>
      </trkpt>
      <trkpt lat="47.786353" lon="10.258329">
        <ele>664.556462</ele>
        <time>2022-09-01T18:22:44.330Z</time>
      </trkpt>
      <trkpt lat="47.786056" lon="10.258187">
        <ele>665.186707</ele>
        <time>2022-09-01T18:22:52.274Z</time>
      </trkpt>
      <trkpt lat="47.785868" lon="10.257976">
        <ele>665.661340</ele>
        <time>2022-09-01T18:22:58.236Z</time>
      </trkpt>
      <trkpt lat="47.785420" lon="10.257226">
        <ele>666.298718</ele>
        <time>2022-09-01T18:23:15.334Z</time>
      </trkpt>
      <trkpt lat="47.784590" lon="10.256452">
        <ele>667.224590</ele>
        <time>2022-09-01T18:23:40.963Z</time>
      </trkpt>
      <trkpt lat="47.783783" lon="10.255975">
        <ele>668.843345</ele>
        <time>2022-09-01T18:24:04.055Z</time>
      </trkpt>
      <trkpt lat="47.783233" lon="10.255545">
        <ele>670.114948</ele>
        <time>2022-09-01T18:24:22.960Z</time>
      </trkpt>
      <trkpt lat="47.782596" lon="10.255410">
        <ele>672.005797</ele>
        <time>2022-09-01T18:24:45.332Z</time>
      </trkpt>
      <trkpt lat="47.782017" lon="10.255002">
        <ele>675.247081</ele>
        <time>2022-09-01T18:25:10.668Z</time>
      </trkpt>
      <trkpt lat="47.781464" lon="10.254749">
        <ele>678.174245</ele>
        <time>2022-09-01T18:25:36.726Z</time>
      </trkpt>
      <trkpt lat="47.780519" lon="10.254744">
        <ele>684.530339</ele>
        <time>2022-09-01T18:26:23.087Z</time>
      </trkpt>
      <trkpt lat="47.780505" lon="10.254745">
        <ele>684.640951</ele>
        <time>2022-09-01T18:26:23.702Z</time>
      </trkpt>
      <trkpt lat="47.780400" lon="10.254748">
        <ele>685.469743</ele>
        <time>2022-09-01T18:26:29.613Z</time>
      </trkpt>
      <trkpt lat="47.780158" lon="10.254762">
        <ele>687.381000</ele>
        <time>2022-09-01T18:26:41.564Z</time>
      </trkpt>
      <trkpt lat="47.780124" lon="10.254696">
        <ele>687.822022</ele>
        <time>2022-09-01T18:26:44.244Z</time>
      </trkpt>
      <trkpt lat="47.780100" lon="10.254513">
        <ele>688.810801</ele>
        <time>2022-09-01T18:26:52.857Z</time>
      </trkpt>
      <trkpt lat="47.780212" lon="10.254071">
        <ele>691.315887</ele>
        <time>2022-09-01T18:27:10.479Z</time>
      </trkpt>
      <trkpt lat="47.780257" lon="10.253604">
        <ele>693.817767</ele>
        <time>2022-09-01T18:27:29.140Z</time>
      </trkpt>
      <trkpt lat="47.780156" lon="10.252843">
        <ele>697.982014</ele>
        <time>2022-09-01T18:28:00.260Z</time>
      </trkpt>
      <trkpt lat="47.780183" lon="10.251526">
        <ele>705.067866</ele>
        <time>2022-09-01T18:28:48.605Z</time>
      </trkpt>
      <trkpt lat="47.780329" lon="10.250946">
        <ele>708.398649</ele>
        <time>2022-09-01T18:29:09.907Z</time>
      </trkpt>
      <trkpt lat="47.780325" lon="10.250526">
        <ele>709.819552</ele>
        <time>2022-09-01T18:29:24.139Z</time>
      </trkpt>
      <trkpt lat="47.780180" lon="10.250027">
        <ele>711.471303</ele>
        <time>2022-09-01T18:29:41.393Z</time>
      </trkpt>
      <trkpt lat="47.779742" lon="10.249028">
        <ele>715.095419</ele>
        <time>2022-09-01T18:30:12.412Z</time>
      </trkpt>
      <trkpt lat="47.779629" lon="10.248879">
        <ele>715.778037</ele>
        <time>2022-09-01T18:30:17.775Z</time>
      </trkpt>
      <trkpt lat="47.779456" lon="10.248814">
        <ele>716.584773</ele>
        <time>2022-09-01T18:30:23.614Z</time>
      </trkpt>
      <trkpt lat="47.779008" lon="10.249111">
        <ele>718.136580</ele>
        <time>2022-09-01T18:30:39.927Z</time>
      </trkpt>
      <trkpt lat="47.778934" lon="10.249085">
        <ele>718.362319</ele>
        <time>2022-09-01T18:30:43.094Z</time>
      </trkpt>
      <trkpt lat="47.778859" lon="10.248920">
        <ele>718.759742</ele>
        <time>2022-09-01T18:30:47.273Z</time>
      </trkpt>
      <trkpt lat="47.778332" lon="10.247213">
        <ele>722.501847</ele>
        <time>2022-09-01T18:31:32.243Z</time>
      </trkpt>
      <trkpt lat="47.777867" lon="10.246384">
        <ele>724.615667</ele>
        <time>2022-09-01T18:31:57.259Z</time>
      </trkpt>
      <trkpt lat="47.777684" lon="10.246155">
        <ele>725.312175</ele>
        <time>2022-09-01T18:32:05.806Z</time>
      </trkpt>
      <trkpt lat="47.777411" lon="10.246055">
        <ele>726.131158</ele>
        <time>2022-09-01T18:32:15.684Z</time>
      </trkpt>
      <trkpt lat="47.776843" lon="10.246024">
        <ele>727.687348</ele>
        <time>2022-09-01T18:32:35.257Z</time>
      </trkpt>
      <trkpt lat="47.776571" lon="10.245746">
        <ele>728.370455</ele>
        <time>2022-09-01T18:32:46.559Z</time>
      </trkpt>
      <trkpt lat="47.776516" lon="10.245592">
        <ele>728.613073</ele>
        <time>2022-09-01T18:32:50.537Z</time>
      </trkpt>
      <trkpt lat="47.775894" lon="10.245355">
        <ele>729.942249</ele>
        <time>2022-09-01T18:33:10.163Z</time>
      </trkpt>
      <trkpt lat="47.775253" lon="10.245068">
        <ele>731.215073</ele>
        <time>2022-09-01T18:33:29.315Z</time>
      </trkpt>
      <trkpt lat="47.774667" lon="10.244634">
        <ele>731.623099</ele>
        <time>2022-09-01T18:33:45.791Z</time>
      </trkpt>
      <trkpt lat="47.774180" lon="10.244358">
        <ele>731.947943</ele>
        <time>2022-09-01T18:33:58.025Z</time>
      </trkpt>
      <trkpt lat="47.773539" lon="10.244345">
        <ele>732.375169</ele>
        <time>2022-09-01T18:34:13.005Z</time>
      </trkpt>
      <trkpt lat="47.773262" lon="10.244224">
        <ele>732.638055</ele>
        <time>2022-09-01T18:34:19.699Z</time>
      </trkpt>
      <trkpt lat="47.772079" lon="10.243397">
        <ele>733.828286</ele>
        <time>2022-09-01T18:34:51.907Z</time>
      </trkpt>
      <trkpt lat="47.771608" lon="10.242826">
        <ele>736.024004</ele>
        <time>2022-09-01T18:35:12.981Z</time>
      </trkpt>
      <trkpt lat="47.771543" lon="10.242752">
        <ele>736.366952</ele>
        <time>2022-09-01T18:35:15.752Z</time>
      </trkpt>
      <trkpt lat="47.771373" lon="10.242617">
        <ele>737.174400</ele>
        <time>2022-09-01T18:35:23.409Z</time>
      </trkpt>
      <trkpt lat="47.770855" lon="10.242127">
        <ele>739.746468</ele>
        <time>2022-09-01T18:35:48.392Z</time>
      </trkpt>
      <trkpt lat="47.770738" lon="10.241883">
        <ele>740.590594</ele>
        <time>2022-09-01T18:35:57.958Z</time>
      </trkpt>
      <trkpt lat="47.770256" lon="10.240225">
        <ele>747.345067</ele>
        <time>2022-09-01T18:36:53.352Z</time>
      </trkpt>
      <trkpt lat="47.769923" lon="10.239506">
        <ele>750.776569</ele>
        <time>2022-09-01T18:37:21.261Z</time>
      </trkpt>
      <trkpt lat="47.768853" lon="10.238395">
        <ele>757.732317</ele>
        <time>2022-09-01T18:38:18.635Z</time>
      </trkpt>
      <trkpt lat="47.768191" lon="10.237789">
        <ele>761.701808</ele>
        <time>2022-09-01T18:38:51.018Z</time>
      </trkpt>
      <trkpt lat="47.767861" lon="10.237479">
        <ele>763.247850</ele>
        <time>2022-09-01T18:39:07.363Z</time>
      </trkpt>
      <trkpt lat="47.767166" lon="10.236728">
        <ele>766.650579</ele>
        <time>2022-09-01T18:39:41.831Z</time>
      </trkpt>
      <trkpt lat="47.766405" lon="10.236182">
        <ele>769.199762</ele>
        <time>2022-09-01T18:40:08.573Z</time>
      </trkpt>
      <trkpt lat="47.766033" lon="10.235719">
        <ele>770.084461</ele>
        <time>2022-09-01T18:40:21.791Z</time>
      </trkpt>
      <trkpt lat="47.765915" lon="10.235486">
        <ele>770.442148</ele>
        <time>2022-09-01T18:40:27.020Z</time>
      </trkpt>
      <trkpt lat="47.765784" lon="10.234343">
        <ele>771.958009</ele>
        <time>2022-09-01T18:40:49.076Z</time>
      </trkpt>
      <trkpt lat="47.765641" lon="10.233999">
        <ele>773.184817</ele>
        <time>2022-09-01T18:40:57.480Z</time>
      </trkpt>
      <trkpt lat="47.765391" lon="10.233759">
        <ele>774.527412</ele>
        <time>2022-09-01T18:41:07.927Z</time>
      </trkpt>
      <trkpt lat="47.765117" lon="10.233344">
        <ele>776.291835</ele>
        <time>2022-09-01T18:41:23.568Z</time>
      </trkpt>
      <trkpt lat="47.764686" lon="10.232610">
        <ele>779.248039</ele>
        <time>2022-09-01T18:41:53.084Z</time>
      </trkpt>
      <trkpt lat="47.764266" lon="10.232342">
        <ele>782.218226</ele>
        <time>2022-09-01T18:42:16.028Z</time>
      </trkpt>
      <trkpt lat="47.763993" lon="10.232327">
        <ele>784.253865</ele>
        <time>2022-09-01T18:42:30.996Z</time>
      </trkpt>
      <trkpt lat="47.763566" lon="10.232314">
        <ele>787.436309</ele>
        <time>2022-09-01T18:42:55.358Z</time>
      </trkpt>
      <trkpt lat="47.763162" lon="10.232119">
        <ele>790.601188</ele>
        <time>2022-09-01T18:43:19.291Z</time>
      </trkpt>
      <trkpt lat="47.762179" lon="10.230996">
        <ele>798.137124</ele>
        <time>2022-09-01T18:44:21.246Z</time>
      </trkpt>
      <trkpt lat="47.761673" lon="10.230697">
        <ele>801.136297</ele>
        <time>2022-09-01T18:44:44.612Z</time>
      </trkpt>
      <trkpt lat="47.761136" lon="10.230750">
        <ele>803.727583</ele>
        <time>2022-09-01T18:45:05.432Z</time>
      </trkpt>
      <trkpt lat="47.760608" lon="10.230920">
        <ele>805.432741</ele>
        <time>2022-09-01T18:45:23.779Z</time>
      </trkpt>
      <trkpt lat="47.760208" lon="10.230926">
        <ele>806.695358</ele>
        <time>2022-09-01T18:45:37.196Z</time>
      </trkpt>
      <trkpt lat="47.759724" lon="10.230747">
        <ele>808.269552</ele>
        <time>2022-09-01T18:45:54.610Z</time>
      </trkpt>
      <trkpt lat="47.759098" lon="10.230412">
        <ele>810.667924</ele>
        <time>2022-09-01T18:46:19.159Z</time>
      </trkpt>
      <trkpt lat="47.758676" lon="10.230406">
        <ele>812.271289</ele>
        <time>2022-09-01T18:46:36.398Z</time>
      </trkpt>
      <trkpt lat="47.758021" lon="10.230542">
        <ele>814.783936</ele>
        <time>2022-09-01T18:47:02.481Z</time>
      </trkpt>
      <trkpt lat="47.757714" lon="10.230458">
        <ele>815.966434</ele>
        <time>2022-09-01T18:47:14.529Z</time>
      </trkpt>
      <trkpt lat="47.757422" lon="10.230204">
        <ele>817.232537</ele>
        <time>2022-09-01T18:47:27.260Z</time>
      </trkpt>
      <trkpt lat="47.756955" lon="10.229793">
        <ele>819.263529</ele>
        <time>2022-09-01T18:47:46.015Z</time>
      </trkpt>
      <trkpt lat="47.756680" lon="10.229683">
        <ele>820.329409</ele>
        <time>2022-09-01T18:47:55.829Z</time>
      </trkpt>
      <trkpt lat="47.756309" lon="10.229678">
        <ele>821.718103</ele>
        <time>2022-09-01T18:48:09.777Z</time>
      </trkpt>
      <trkpt lat="47.755561" lon="10.230016">
        <ele>826.403979</ele>
        <time>2022-09-01T18:48:45.468Z</time>
      </trkpt>
      <trkpt lat="47.755408" lon="10.230027">
        <ele>827.441307</ele>
        <time>2022-09-01T18:48:53.123Z</time>
      </trkpt>
      <trkpt lat="47.755066" lon="10.229953">
        <ele>829.781714</ele>
        <time>2022-09-01T18:49:11.056Z</time>
      </trkpt>
      <trkpt lat="47.754471" lon="10.229633">
        <ele>834.066370</ele>
        <time>2022-09-01T18:49:44.443Z</time>
      </trkpt>
      <trkpt lat="47.753917" lon="10.229690">
        <ele>838.300695</ele>
        <time>2022-09-01T18:50:16.807Z</time>
      </trkpt>
      <trkpt lat="47.753380" lon="10.230028">
        <ele>842.838210</ele>
        <time>2022-09-01T18:50:52.721Z</time>
      </trkpt>
      <trkpt lat="47.753249" lon="10.230055">
        <ele>843.867350</ele>
        <time>2022-09-01T18:51:00.065Z</time>
      </trkpt>
      <trkpt lat="47.752930" lon="10.230003">
        <ele>846.364567</ele>
        <time>2022-09-01T18:51:16.334Z</time>
      </trkpt>
      <trkpt lat="47.752780" lon="10.229881">
        <ele>847.694937</ele>
        <time>2022-09-01T18:51:24.899Z</time>
      </trkpt>
      <trkpt lat="47.752566" lon="10.229662">
        <ele>849.213378</ele>
        <time>2022-09-01T18:51:36.005Z</time>
      </trkpt>
      <trkpt lat="47.752293" lon="10.229508">
        <ele>850.417293</ele>
        <time>2022-09-01T18:51:47.710Z</time>
      </trkpt>
      <trkpt lat="47.751741" lon="10.229390">
        <ele>852.716769</ele>
        <time>2022-09-01T18:52:11.804Z</time>
      </trkpt>
      <trkpt lat="47.750716" lon="10.229149">
        <ele>856.130457</ele>
        <time>2022-09-01T18:52:49.088Z</time>
      </trkpt>
      <trkpt lat="47.750162" lon="10.229216">
        <ele>856.296345</ele>
        <time>2022-09-01T18:53:03.583Z</time>
      </trkpt>
      <trkpt lat="47.749840" lon="10.229345">
        <ele>856.395872</ele>
        <time>2022-09-01T18:53:11.074Z</time>
      </trkpt>
      <trkpt lat="47.749301" lon="10.229742">
        <ele>856.575384</ele>
        <time>2022-09-01T18:53:23.228Z</time>
      </trkpt>
      <trkpt lat="47.749058" lon="10.229746">
        <ele>856.428157</ele>
        <time>2022-09-01T18:53:27.827Z</time>
      </trkpt>
      <trkpt lat="47.748927" lon="10.229724">
        <ele>856.287964</ele>
        <time>2022-09-01T18:53:30.454Z</time>
      </trkpt>
      <trkpt lat="47.748537" lon="10.229617">
        <ele>855.866234</ele>
        <time>2022-09-01T18:53:38.215Z</time>
      </trkpt>
      <trkpt lat="47.748214" lon="10.229254">
        <ele>855.435712</ele>
        <time>2022-09-01T18:53:46.206Z</time>
      </trkpt>
      <trkpt lat="47.747837" lon="10.228636">
        <ele>854.839060</ele>
        <time>2022-09-01T18:53:57.310Z</time>
      </trkpt>
      <trkpt lat="47.747445" lon="10.228858">
        <ele>854.842412</ele>
        <time>2022-09-01T18:54:05.776Z</time>
      </trkpt>
      <trkpt lat="47.747242" lon="10.228969">
        <ele>854.963936</ele>
        <time>2022-09-01T18:54:10.471Z</time>
      </trkpt>
      <trkpt lat="47.746558" lon="10.229462">
        <ele>855.391010</ele>
        <time>2022-09-01T18:54:29.574Z</time>
      </trkpt>
      <trkpt lat="47.746226" lon="10.229804">
        <ele>855.617930</ele>
        <time>2022-09-01T18:54:41.216Z</time>
      </trkpt>
      <trkpt lat="47.746063" lon="10.230013">
        <ele>855.801484</ele>
        <time>2022-09-01T18:54:47.269Z</time>
      </trkpt>
      <trkpt lat="47.745992" lon="10.230111">
        <ele>855.938635</ele>
        <time>2022-09-01T18:54:49.986Z</time>
      </trkpt>
      <trkpt lat="47.745901" lon="10.230273">
        <ele>856.139604</ele>
        <time>2022-09-01T18:54:53.913Z</time>
      </trkpt>
      <trkpt lat="47.745824" lon="10.230399">
        <ele>856.301701</ele>
        <time>2022-09-01T18:54:57.071Z</time>
      </trkpt>
      <trkpt lat="47.745774" lon="10.230476">
        <ele>856.403612</ele>
        <time>2022-09-01T18:54:59.156Z</time>
      </trkpt>
      <trkpt lat="47.745635" lon="10.230675">
        <ele>856.676791</ele>
        <time>2022-09-01T18:55:04.752Z</time>
      </trkpt>
      <trkpt lat="47.745581" lon="10.230754">
        <ele>856.784041</ele>
        <time>2022-09-01T18:55:06.936Z</time>
      </trkpt>
      <trkpt lat="47.745482" lon="10.230882">
        <ele>856.969778</ele>
        <time>2022-09-01T18:55:10.738Z</time>
      </trkpt>
      <trkpt lat="47.745443" lon="10.230949">
        <ele>857.054146</ele>
        <time>2022-09-01T18:55:12.477Z</time>
      </trkpt>
      <trkpt lat="47.745359" lon="10.231092">
        <ele>857.234923</ele>
        <time>2022-09-01T18:55:16.170Z</time>
      </trkpt>
      <trkpt lat="47.745322" lon="10.231152">
        <ele>857.312431</ele>
        <time>2022-09-01T18:55:17.734Z</time>
      </trkpt>
      <trkpt lat="47.745278" lon="10.231217">
        <ele>857.400242</ele>
        <time>2022-09-01T18:55:19.554Z</time>
      </trkpt>
      <trkpt lat="47.745195" lon="10.231329">
        <ele>857.558925</ele>
        <time>2022-09-01T18:55:22.801Z</time>
      </trkpt>
      <trkpt lat="47.745195" lon="10.231329">
        <ele>857.558925</ele>
        <time>2022-09-01T18:55:22.803Z</time>
      </trkpt>
      <trkpt lat="47.745195" lon="10.231329">
        <ele>857.558925</ele>
        <time>2022-09-01T18:55:22.805Z</time>
      </trkpt>
      <trkpt lat="47.745102" lon="10.231429">
        <ele>857.721414</ele>
        <time>2022-09-01T18:55:26.798Z</time>
      </trkpt>
      <trkpt lat="47.745076" lon="10.231454">
        <ele>857.765251</ele>
        <time>2022-09-01T18:55:27.671Z</time>
      </trkpt>
      <trkpt lat="47.744756" lon="10.231685">
        <ele>858.263151</ele>
        <time>2022-09-01T18:55:37.421Z</time>
      </trkpt>
      <trkpt lat="47.744704" lon="10.231712">
        <ele>858.322969</ele>
        <time>2022-09-01T18:55:38.913Z</time>
      </trkpt>
      <trkpt lat="47.744559" lon="10.231787">
        <ele>858.489699</ele>
        <time>2022-09-01T18:55:43.241Z</time>
      </trkpt>
      <trkpt lat="47.744524" lon="10.231805">
        <ele>858.529920</ele>
        <time>2022-09-01T18:55:44.260Z</time>
      </trkpt>
      <trkpt lat="47.744379" lon="10.231880">
        <ele>858.696650</ele>
        <time>2022-09-01T18:55:48.517Z</time>
      </trkpt>
      <trkpt lat="47.744295" lon="10.231920">
        <ele>858.792441</ele>
        <time>2022-09-01T18:55:50.978Z</time>
      </trkpt>
      <trkpt lat="47.744269" lon="10.231932">
        <ele>858.822007</ele>
        <time>2022-09-01T18:55:51.694Z</time>
      </trkpt>
      <trkpt lat="47.743451" lon="10.232288">
        <ele>859.747657</ele>
        <time>2022-09-01T18:56:14.251Z</time>
      </trkpt>
      <trkpt lat="47.743137" lon="10.232348">
        <ele>860.091480</ele>
        <time>2022-09-01T18:56:22.663Z</time>
      </trkpt>
      <trkpt lat="47.742846" lon="10.232362">
        <ele>860.177260</ele>
        <time>2022-09-01T18:56:30.062Z</time>
      </trkpt>
      <trkpt lat="47.742518" lon="10.232353">
        <ele>860.142597</ele>
        <time>2022-09-01T18:56:38.139Z</time>
      </trkpt>
      <trkpt lat="47.742350" lon="10.232360">
        <ele>860.124839</ele>
        <time>2022-09-01T18:56:42.164Z</time>
      </trkpt>
      <trkpt lat="47.741916" lon="10.232556">
        <ele>860.076913</ele>
        <time>2022-09-01T18:56:52.611Z</time>
      </trkpt>
      <trkpt lat="47.741791" lon="10.232668">
        <ele>860.061493</ele>
        <time>2022-09-01T18:56:55.946Z</time>
      </trkpt>
      <trkpt lat="47.741579" lon="10.232922">
        <ele>860.032727</ele>
        <time>2022-09-01T18:57:01.649Z</time>
      </trkpt>
      <trkpt lat="47.741437" lon="10.233196">
        <ele>860.008147</ele>
        <time>2022-09-01T18:57:06.279Z</time>
      </trkpt>
      <trkpt lat="47.740977" lon="10.234727">
        <ele>856.500900</ele>
        <time>2022-09-01T18:57:25.137Z</time>
      </trkpt>
      <trkpt lat="47.740714" lon="10.235593">
        <ele>854.505292</ele>
        <time>2022-09-01T18:57:35.052Z</time>
      </trkpt>
      <trkpt lat="47.740690" lon="10.235646">
        <ele>854.362569</ele>
        <time>2022-09-01T18:57:35.634Z</time>
      </trkpt>
      <trkpt lat="47.740319" lon="10.236452">
        <ele>851.408607</ele>
        <time>2022-09-01T18:57:45.773Z</time>
      </trkpt>
      <trkpt lat="47.740196" lon="10.236952">
        <ele>849.798421</ele>
        <time>2022-09-01T18:57:51.179Z</time>
      </trkpt>
      <trkpt lat="47.739689" lon="10.237208">
        <ele>847.390443</ele>
        <time>2022-09-01T18:57:59.173Z</time>
      </trkpt>
      <trkpt lat="47.739245" lon="10.237603">
        <ele>845.742115</ele>
        <time>2022-09-01T18:58:07.537Z</time>
      </trkpt>
      <trkpt lat="47.738453" lon="10.238119">
        <ele>843.984872</ele>
        <time>2022-09-01T18:58:22.778Z</time>
      </trkpt>
      <trkpt lat="47.737442" lon="10.238418">
        <ele>842.362792</ele>
        <time>2022-09-01T18:58:42.471Z</time>
      </trkpt>
      <trkpt lat="47.737010" lon="10.238747">
        <ele>841.993045</ele>
        <time>2022-09-01T18:58:52.375Z</time>
      </trkpt>
      <trkpt lat="47.735829" lon="10.240514">
        <ele>840.223799</ele>
        <time>2022-09-01T18:59:26.135Z</time>
      </trkpt>
      <trkpt lat="47.735486" lon="10.240857">
        <ele>839.631403</ele>
        <time>2022-09-01T18:59:33.808Z</time>
      </trkpt>
      <trkpt lat="47.735000" lon="10.241203">
        <ele>838.859176</ele>
        <time>2022-09-01T18:59:43.304Z</time>
      </trkpt>
      <trkpt lat="47.734351" lon="10.241852">
        <ele>836.260005</ele>
        <time>2022-09-01T18:59:56.366Z</time>
      </trkpt>
      <trkpt lat="47.734351" lon="10.241852">
        <ele>836.260005</ele>
        <time>2022-09-01T18:59:56.448Z</time>
      </trkpt>
      <trkpt lat="47.734351" lon="10.241852">
        <ele>836.260005</ele>
        <time>2022-09-01T18:59:56.458Z</time>
      </trkpt>
      <trkpt lat="47.733922" lon="10.242490">
        <ele>834.051536</ele>
        <time>2022-09-01T19:00:06.044Z</time>
      </trkpt>
      <trkpt lat="47.733310" lon="10.243568">
        <ele>830.315934</ele>
        <time>2022-09-01T19:00:20.474Z</time>
      </trkpt>
      <trkpt lat="47.732703" lon="10.245126">
        <ele>825.107569</ele>
        <time>2022-09-01T19:00:39.118Z</time>
      </trkpt>
      <trkpt lat="47.732587" lon="10.245410">
        <ele>824.293377</ele>
        <time>2022-09-01T19:00:42.697Z</time>
      </trkpt>
      <trkpt lat="47.732102" lon="10.246414">
        <ele>822.666327</ele>
        <time>2022-09-01T19:00:56.601Z</time>
      </trkpt>
      <trkpt lat="47.731751" lon="10.246909">
        <ele>821.719565</ele>
        <time>2022-09-01T19:01:05.401Z</time>
      </trkpt>
      <trkpt lat="47.730542" lon="10.248264">
        <ele>821.137693</ele>
        <time>2022-09-01T19:01:38.231Z</time>
      </trkpt>
      <trkpt lat="47.730375" lon="10.248450">
        <ele>821.183792</ele>
        <time>2022-09-01T19:01:43.447Z</time>
      </trkpt>
      <trkpt lat="47.730167" lon="10.248798">
        <ele>821.252971</ele>
        <time>2022-09-01T19:01:51.455Z</time>
      </trkpt>
      <trkpt lat="47.729952" lon="10.249315">
        <ele>821.439734</ele>
        <time>2022-09-01T19:02:02.474Z</time>
      </trkpt>
      <trkpt lat="47.729791" lon="10.249912">
        <ele>821.720512</ele>
        <time>2022-09-01T19:02:14.010Z</time>
      </trkpt>
      <trkpt lat="47.729733" lon="10.250217">
        <ele>821.858875</ele>
        <time>2022-09-01T19:02:19.546Z</time>
      </trkpt>
      <trkpt lat="47.729715" lon="10.250406">
        <ele>821.942204</ele>
        <time>2022-09-01T19:02:23.017Z</time>
      </trkpt>
      <trkpt lat="47.729653" lon="10.251061">
        <ele>822.230953</ele>
        <time>2022-09-01T19:02:34.189Z</time>
      </trkpt>
      <trkpt lat="47.729566" lon="10.251371">
        <ele>822.377587</ele>
        <time>2022-09-01T19:02:39.702Z</time>
      </trkpt>
      <trkpt lat="47.729366" lon="10.251597">
        <ele>822.200426</ele>
        <time>2022-09-01T19:02:45.255Z</time>
      </trkpt>
      <trkpt lat="47.728505" lon="10.251939">
        <ele>820.312414</ele>
        <time>2022-09-01T19:03:01.761Z</time>
      </trkpt>
      <trkpt lat="47.728505" lon="10.251939">
        <ele>820.312414</ele>
        <time>2022-09-01T19:03:01.763Z</time>
      </trkpt>
      <trkpt lat="47.728378" lon="10.251981">
        <ele>820.036788</ele>
        <time>2022-09-01T19:03:03.890Z</time>
      </trkpt>
      <trkpt lat="47.727851" lon="10.252093">
        <ele>818.908988</ele>
        <time>2022-09-01T19:03:12.449Z</time>
      </trkpt>
      <trkpt lat="47.727673" lon="10.252184">
        <ele>818.430893</ele>
        <time>2022-09-01T19:03:15.370Z</time>
      </trkpt>
      <trkpt lat="47.727477" lon="10.252486">
        <ele>817.494510</ele>
        <time>2022-09-01T19:03:19.803Z</time>
      </trkpt>
      <trkpt lat="47.727269" lon="10.252650">
        <ele>816.713498</ele>
        <time>2022-09-01T19:03:23.486Z</time>
      </trkpt>
      <trkpt lat="47.727147" lon="10.252652">
        <ele>816.308775</ele>
        <time>2022-09-01T19:03:25.370Z</time>
      </trkpt>
      <trkpt lat="47.727009" lon="10.252628">
        <ele>815.847881</ele>
        <time>2022-09-01T19:03:27.527Z</time>
      </trkpt>
      <trkpt lat="47.726876" lon="10.252559">
        <ele>815.380600</ele>
        <time>2022-09-01T19:03:29.747Z</time>
      </trkpt>
      <trkpt lat="47.726757" lon="10.252488">
        <ele>814.955249</ele>
        <time>2022-09-01T19:03:31.726Z</time>
      </trkpt>
      <trkpt lat="47.726601" lon="10.252354">
        <ele>814.357594</ele>
        <time>2022-09-01T19:03:34.693Z</time>
      </trkpt>
      <trkpt lat="47.726446" lon="10.252256">
        <ele>813.798859</ele>
        <time>2022-09-01T19:03:37.394Z</time>
      </trkpt>
      <trkpt lat="47.726324" lon="10.252180">
        <ele>813.360065</ele>
        <time>2022-09-01T19:03:39.632Z</time>
      </trkpt>
      <trkpt lat="47.725971" lon="10.252035">
        <ele>812.691873</ele>
        <time>2022-09-01T19:03:46.125Z</time>
      </trkpt>
      <trkpt lat="47.725439" lon="10.251862">
        <ele>812.718387</ele>
        <time>2022-09-01T19:03:57.198Z</time>
      </trkpt>
      <trkpt lat="47.725379" lon="10.251807">
        <ele>812.721818</ele>
        <time>2022-09-01T19:03:58.841Z</time>
      </trkpt>
      <trkpt lat="47.725238" lon="10.251662">
        <ele>812.730166</ele>
        <time>2022-09-01T19:04:03.234Z</time>
      </trkpt>
      <trkpt lat="47.724762" lon="10.250791">
        <ele>812.766919</ele>
        <time>2022-09-01T19:04:22.963Z</time>
      </trkpt>
      <trkpt lat="47.724320" lon="10.250060">
        <ele>812.935196</ele>
        <time>2022-09-01T19:04:41.695Z</time>
      </trkpt>
      <trkpt lat="47.722874" lon="10.248603">
        <ele>813.106226</ele>
        <time>2022-09-01T19:05:19.272Z</time>
      </trkpt>
      <trkpt lat="47.722095" lon="10.247892">
        <ele>812.777518</ele>
        <time>2022-09-01T19:05:37.020Z</time>
      </trkpt>
      <trkpt lat="47.721135" lon="10.247099">
        <ele>813.321534</ele>
        <time>2022-09-01T19:06:03.042Z</time>
      </trkpt>
      <trkpt lat="47.720588" lon="10.246719">
        <ele>813.882777</ele>
        <time>2022-09-01T19:06:21.396Z</time>
      </trkpt>
      <trkpt lat="47.719571" lon="10.246220">
        <ele>813.621159</ele>
        <time>2022-09-01T19:06:49.292Z</time>
      </trkpt>
      <trkpt lat="47.718375" lon="10.245901">
        <ele>812.154691</ele>
        <time>2022-09-01T19:07:11.092Z</time>
      </trkpt>
      <trkpt lat="47.716898" lon="10.245812">
        <ele>805.589064</ele>
        <time>2022-09-01T19:07:33.480Z</time>
      </trkpt>
      <trkpt lat="47.716590" lon="10.245696">
        <ele>804.189634</ele>
        <time>2022-09-01T19:07:38.336Z</time>
      </trkpt>
      <trkpt lat="47.716513" lon="10.245806">
        <ele>803.784454</ele>
        <time>2022-09-01T19:07:39.924Z</time>
      </trkpt>
      <trkpt lat="47.716417" lon="10.245835">
        <ele>803.412801</ele>
        <time>2022-09-01T19:07:41.465Z</time>
      </trkpt>
      <trkpt lat="47.715939" lon="10.245882">
        <ele>801.595386</ele>
        <time>2022-09-01T19:07:48.879Z</time>
      </trkpt>
      <trkpt lat="47.715481" lon="10.245935">
        <ele>799.852553</ele>
        <time>2022-09-01T19:07:56.083Z</time>
      </trkpt>
      <trkpt lat="47.715124" lon="10.246042">
        <ele>798.470892</ele>
        <time>2022-09-01T19:08:01.938Z</time>
      </trkpt>
      <trkpt lat="47.715061" lon="10.246076">
        <ele>798.216612</ele>
        <time>2022-09-01T19:08:03.026Z</time>
      </trkpt>
      <trkpt lat="47.714588" lon="10.246414">
        <ele>796.703654</ele>
        <time>2022-09-01T19:08:12.063Z</time>
      </trkpt>
      <trkpt lat="47.714167" lon="10.246936">
        <ele>795.445871</ele>
        <time>2022-09-01T19:08:21.698Z</time>
      </trkpt>
      <trkpt lat="47.713248" lon="10.248328">
        <ele>792.103619</ele>
        <time>2022-09-01T19:08:44.455Z</time>
      </trkpt>
      <trkpt lat="47.710753" lon="10.250842">
        <ele>782.034098</ele>
        <time>2022-09-01T19:09:32.864Z</time>
      </trkpt>
      <trkpt lat="47.710724" lon="10.250873">
        <ele>781.909243</ele>
        <time>2022-09-01T19:09:33.423Z</time>
      </trkpt>
      <trkpt lat="47.710621" lon="10.251012">
        <ele>781.422968</ele>
        <time>2022-09-01T19:09:35.749Z</time>
      </trkpt>
      <trkpt lat="47.710588" lon="10.251049">
        <ele>781.276068</ele>
        <time>2022-09-01T19:09:36.431Z</time>
      </trkpt>
      <trkpt lat="47.710397" lon="10.251297">
        <ele>780.345431</ele>
        <time>2022-09-01T19:09:40.562Z</time>
      </trkpt>
      <trkpt lat="47.710336" lon="10.251464">
        <ele>779.876276</ele>
        <time>2022-09-01T19:09:42.567Z</time>
      </trkpt>
      <trkpt lat="47.710240" lon="10.252502">
        <ele>777.289374</ele>
        <time>2022-09-01T19:09:53.436Z</time>
      </trkpt>
      <trkpt lat="47.710169" lon="10.252709">
        <ele>776.715724</ele>
        <time>2022-09-01T19:09:55.773Z</time>
      </trkpt>
      <trkpt lat="47.710013" lon="10.252915">
        <ele>775.949997</ele>
        <time>2022-09-01T19:09:59.148Z</time>
      </trkpt>
      <trkpt lat="47.709739" lon="10.252987">
        <ele>774.929018</ele>
        <time>2022-09-01T19:10:03.738Z</time>
      </trkpt>
      <trkpt lat="47.709527" lon="10.252934">
        <ele>774.550533</ele>
        <time>2022-09-01T19:10:07.237Z</time>
      </trkpt>
      <trkpt lat="47.709283" lon="10.252820">
        <ele>774.267997</ele>
        <time>2022-09-01T19:10:12.158Z</time>
      </trkpt>
      <trkpt lat="47.709115" lon="10.252733">
        <ele>774.071475</ele>
        <time>2022-09-01T19:10:15.252Z</time>
      </trkpt>
      <trkpt lat="47.709077" lon="10.252715">
        <ele>774.027419</ele>
        <time>2022-09-01T19:10:16.226Z</time>
      </trkpt>
      <trkpt lat="47.708929" lon="10.252684">
        <ele>773.862318</ele>
        <time>2022-09-01T19:10:18.908Z</time>
      </trkpt>
      <trkpt lat="47.708848" lon="10.252739">
        <ele>773.763945</ele>
        <time>2022-09-01T19:10:20.351Z</time>
      </trkpt>
      <trkpt lat="47.708658" lon="10.253379">
        <ele>773.243990</ele>
        <time>2022-09-01T19:10:29.727Z</time>
      </trkpt>
      <trkpt lat="47.708628" lon="10.253477">
        <ele>773.163962</ele>
        <time>2022-09-01T19:10:31.248Z</time>
      </trkpt>
      <trkpt lat="47.708611" lon="10.253525">
        <ele>773.123643</ele>
        <time>2022-09-01T19:10:31.888Z</time>
      </trkpt>
      <trkpt lat="47.708515" lon="10.253805">
        <ele>772.890058</ele>
        <time>2022-09-01T19:10:35.995Z</time>
      </trkpt>
      <trkpt lat="47.708497" lon="10.253854">
        <ele>772.848562</ele>
        <time>2022-09-01T19:10:36.936Z</time>
      </trkpt>
      <trkpt lat="47.708328" lon="10.254191">
        <ele>773.225780</ele>
        <time>2022-09-01T19:10:44.320Z</time>
      </trkpt>
      <trkpt lat="47.707968" lon="10.254635">
        <ele>774.453589</ele>
        <time>2022-09-01T19:10:59.207Z</time>
      </trkpt>
      <trkpt lat="47.707531" lon="10.255935">
        <ele>777.019979</ele>
        <time>2022-09-01T19:11:37.106Z</time>
      </trkpt>
      <trkpt lat="47.707508" lon="10.256242">
        <ele>777.468429</ele>
        <time>2022-09-01T19:11:44.317Z</time>
      </trkpt>
      <trkpt lat="47.707626" lon="10.257646">
        <ele>777.647332</ele>
        <time>2022-09-01T19:12:09.351Z</time>
      </trkpt>
      <trkpt lat="47.707806" lon="10.258107">
        <ele>777.714723</ele>
        <time>2022-09-01T19:12:16.417Z</time>
      </trkpt>
      <trkpt lat="47.708379" lon="10.258709">
        <ele>777.137099</ele>
        <time>2022-09-01T19:12:29.038Z</time>
      </trkpt>
      <trkpt lat="47.708522" lon="10.258895">
        <ele>776.641356</ele>
        <time>2022-09-01T19:12:31.943Z</time>
      </trkpt>
      <trkpt lat="47.708622" lon="10.259177">
        <ele>776.081808</ele>
        <time>2022-09-01T19:12:35.642Z</time>
      </trkpt>
      <trkpt lat="47.708716" lon="10.259915">
        <ele>774.763338</ele>
        <time>2022-09-01T19:12:43.529Z</time>
      </trkpt>
      <trkpt lat="47.708676" lon="10.260359">
        <ele>773.976997</ele>
        <time>2022-09-01T19:12:48.562Z</time>
      </trkpt>
      <trkpt lat="47.708486" lon="10.260958">
        <ele>773.101352</ele>
        <time>2022-09-01T19:12:56.354Z</time>
      </trkpt>
      <trkpt lat="47.708437" lon="10.261268">
        <ele>773.090848</ele>
        <time>2022-09-01T19:13:01.107Z</time>
      </trkpt>
      <trkpt lat="47.708461" lon="10.261923">
        <ele>773.069210</ele>
        <time>2022-09-01T19:13:10.986Z</time>
      </trkpt>
      <trkpt lat="47.708590" lon="10.263062">
        <ele>773.031109</ele>
        <time>2022-09-01T19:13:29.941Z</time>
      </trkpt>
      <trkpt lat="47.708393" lon="10.264093">
        <ele>772.528565</ele>
        <time>2022-09-01T19:13:48.620Z</time>
      </trkpt>
      <trkpt lat="47.708312" lon="10.265060">
        <ele>771.841119</ele>
        <time>2022-09-01T19:14:00.839Z</time>
      </trkpt>
      <trkpt lat="47.708311" lon="10.265735">
        <ele>771.364932</ele>
        <time>2022-09-01T19:14:08.902Z</time>
      </trkpt>
      <trkpt lat="47.708449" lon="10.266526">
        <ele>769.701439</ele>
        <time>2022-09-01T19:14:18.303Z</time>
      </trkpt>
      <trkpt lat="47.708662" lon="10.267398">
        <ele>766.982290</ele>
        <time>2022-09-01T19:14:28.564Z</time>
      </trkpt>
      <trkpt lat="47.708686" lon="10.268176">
        <ele>764.699470</ele>
        <time>2022-09-01T19:14:36.322Z</time>
      </trkpt>
      <trkpt lat="47.708724" lon="10.268752">
        <ele>762.873464</ele>
        <time>2022-09-01T19:14:41.911Z</time>
      </trkpt>
      <trkpt lat="47.708699" lon="10.269155">
        <ele>761.166370</ele>
        <time>2022-09-01T19:14:45.844Z</time>
      </trkpt>
      <trkpt lat="47.708665" lon="10.269284">
        <ele>760.581986</ele>
        <time>2022-09-01T19:14:47.173Z</time>
      </trkpt>
      <trkpt lat="47.708521" lon="10.269668">
        <ele>758.727699</ele>
        <time>2022-09-01T19:14:51.407Z</time>
      </trkpt>
      <trkpt lat="47.708229" lon="10.270268">
        <ele>755.604295</ele>
        <time>2022-09-01T19:14:58.630Z</time>
      </trkpt>
      <trkpt lat="47.708114" lon="10.270628">
        <ele>753.923348</ele>
        <time>2022-09-01T19:15:02.545Z</time>
      </trkpt>
      <trkpt lat="47.707917" lon="10.271102">
        <ele>751.892601</ele>
        <time>2022-09-01T19:15:08.027Z</time>
      </trkpt>
      <trkpt lat="47.707768" lon="10.271283">
        <ele>751.542089</ele>
        <time>2022-09-01T19:15:10.889Z</time>
      </trkpt>
      <trkpt lat="47.707280" lon="10.271555">
        <ele>750.592810</ele>
        <time>2022-09-01T19:15:19.248Z</time>
      </trkpt>
      <trkpt lat="47.707280" lon="10.271555">
        <ele>750.592810</ele>
        <time>2022-09-01T19:15:19.254Z</time>
      </trkpt>
      <trkpt lat="47.707030" lon="10.271664">
        <ele>750.118280</ele>
        <time>2022-09-01T19:15:23.932Z</time>
      </trkpt>
      <trkpt lat="47.707139" lon="10.272445">
        <ele>749.140698</ele>
        <time>2022-09-01T19:15:36.335Z</time>
      </trkpt>
      <trkpt lat="47.707215" lon="10.272993">
        <ele>749.195059</ele>
        <time>2022-09-01T19:15:47.361Z</time>
      </trkpt>
      <trkpt lat="47.707440" lon="10.273654">
        <ele>750.584731</ele>
        <time>2022-09-01T19:16:03.749Z</time>
      </trkpt>
      <trkpt lat="47.707473" lon="10.273743">
        <ele>750.775366</ele>
        <time>2022-09-01T19:16:06.089Z</time>
      </trkpt>
      <trkpt lat="47.707269" lon="10.273936">
        <ele>751.449567</ele>
        <time>2022-09-01T19:16:14.517Z</time>
      </trkpt>
      <trkpt lat="47.707169" lon="10.273933">
        <ele>751.728412</ele>
        <time>2022-09-01T19:16:18.174Z</time>
      </trkpt>
      <trkpt lat="47.706913" lon="10.273826">
        <ele>752.469802</ele>
        <time>2022-09-01T19:16:27.528Z</time>
      </trkpt>
      <trkpt lat="47.706881" lon="10.273804">
        <ele>752.568099</ele>
        <time>2022-09-01T19:16:28.872Z</time>
      </trkpt>
      <trkpt lat="47.706248" lon="10.273432">
        <ele>754.555121</ele>
        <time>2022-09-01T19:16:53.534Z</time>
      </trkpt>
      <trkpt lat="47.706228" lon="10.273520">
        <ele>754.751481</ele>
        <time>2022-09-01T19:16:55.778Z</time>
      </trkpt>
      <trkpt lat="47.705966" lon="10.273445">
        <ele>755.589698</ele>
        <time>2022-09-01T19:17:04.985Z</time>
      </trkpt>
      <trkpt lat="47.705433" lon="10.273315">
        <ele>757.286546</ele>
        <time>2022-09-01T19:17:23.336Z</time>
      </trkpt>
      <trkpt lat="47.705228" lon="10.273265">
        <ele>757.939180</ele>
        <time>2022-09-01T19:17:31.213Z</time>
      </trkpt>
      <trkpt lat="47.703978" lon="10.272820">
        <ele>760.490252</ele>
        <time>2022-09-01T19:18:14.595Z</time>
      </trkpt>
      <trkpt lat="47.703882" lon="10.272786">
        <ele>760.620548</ele>
        <time>2022-09-01T19:18:18.108Z</time>
      </trkpt>
      <trkpt lat="47.703523" lon="10.272711">
        <ele>761.099183</ele>
        <time>2022-09-01T19:18:27.508Z</time>
      </trkpt>
      <trkpt lat="47.703317" lon="10.272706">
        <ele>761.371194</ele>
        <time>2022-09-01T19:18:31.967Z</time>
      </trkpt>
      <trkpt lat="47.702859" lon="10.272844">
        <ele>761.462818</ele>
        <time>2022-09-01T19:18:41.001Z</time>
      </trkpt>
      <trkpt lat="47.702554" lon="10.273037">
        <ele>760.757498</ele>
        <time>2022-09-01T19:18:46.677Z</time>
      </trkpt>
      <trkpt lat="47.701924" lon="10.273682">
        <ele>759.129723</ele>
        <time>2022-09-01T19:18:59.732Z</time>
      </trkpt>
      <trkpt lat="47.701874" lon="10.273734">
        <ele>758.999873</ele>
        <time>2022-09-01T19:19:00.611Z</time>
      </trkpt>
      <trkpt lat="47.701574" lon="10.273948">
        <ele>758.291841</ele>
        <time>2022-09-01T19:19:06.331Z</time>
      </trkpt>
      <trkpt lat="47.701116" lon="10.274152">
        <ele>757.876076</ele>
        <time>2022-09-01T19:19:14.512Z</time>
      </trkpt>
      <trkpt lat="47.700966" lon="10.274214">
        <ele>757.835454</ele>
        <time>2022-09-01T19:19:17.705Z</time>
      </trkpt>
      <trkpt lat="47.700869" lon="10.274248">
        <ele>757.809451</ele>
        <time>2022-09-01T19:19:19.366Z</time>
      </trkpt>
      <trkpt lat="47.700584" lon="10.274305">
        <ele>757.734421</ele>
        <time>2022-09-01T19:19:25.342Z</time>
      </trkpt>
      <trkpt lat="47.700069" lon="10.274407">
        <ele>757.598864</ele>
        <time>2022-09-01T19:19:36.874Z</time>
      </trkpt>
      <trkpt lat="47.699700" lon="10.274408">
        <ele>757.502588</ele>
        <time>2022-09-01T19:19:47.723Z</time>
      </trkpt>
      <trkpt lat="47.699321" lon="10.274388">
        <ele>757.996953</ele>
        <time>2022-09-01T19:19:59.813Z</time>
      </trkpt>
      <trkpt lat="47.698823" lon="10.274237">
        <ele>758.766355</ele>
        <time>2022-09-01T19:20:14.904Z</time>
      </trkpt>
      <trkpt lat="47.698823" lon="10.274237">
        <ele>758.766355</ele>
        <time>2022-09-01T19:20:14.987Z</time>
      </trkpt>
      <trkpt lat="47.698218" lon="10.273941">
        <ele>759.730568</ele>
        <time>2022-09-01T19:20:32.338Z</time>
      </trkpt>
      <trkpt lat="47.698129" lon="10.273935">
        <ele>759.865433</ele>
        <time>2022-09-01T19:20:35.068Z</time>
      </trkpt>
      <trkpt lat="47.697678" lon="10.273990">
        <ele>760.211652</ele>
        <time>2022-09-01T19:20:47.130Z</time>
      </trkpt>
      <trkpt lat="47.697457" lon="10.274123">
        <ele>760.209538</ele>
        <time>2022-09-01T19:20:52.606Z</time>
      </trkpt>
      <trkpt lat="47.697259" lon="10.274222">
        <ele>760.207685</ele>
        <time>2022-09-01T19:20:57.732Z</time>
      </trkpt>
      <trkpt lat="47.696703" lon="10.274201">
        <ele>760.202753</ele>
        <time>2022-09-01T19:21:10.104Z</time>
      </trkpt>
      <trkpt lat="47.696473" lon="10.274259">
        <ele>760.200685</ele>
        <time>2022-09-01T19:21:15.019Z</time>
      </trkpt>
      <trkpt lat="47.696205" lon="10.274499">
        <ele>760.197910</ele>
        <time>2022-09-01T19:21:21.081Z</time>
      </trkpt>
      <trkpt lat="47.696015" lon="10.274676">
        <ele>759.801386</ele>
        <time>2022-09-01T19:21:25.212Z</time>
      </trkpt>
      <trkpt lat="47.695919" lon="10.274723">
        <ele>759.598936</ele>
        <time>2022-09-01T19:21:27.146Z</time>
      </trkpt>
      <trkpt lat="47.695790" lon="10.274751">
        <ele>759.337817</ele>
        <time>2022-09-01T19:21:29.549Z</time>
      </trkpt>
      <trkpt lat="47.695361" lon="10.274751">
        <ele>758.478567</ele>
        <time>2022-09-01T19:21:37.142Z</time>
      </trkpt>
      <trkpt lat="47.695297" lon="10.274765">
        <ele>758.348999</ele>
        <time>2022-09-01T19:21:38.252Z</time>
      </trkpt>
      <trkpt lat="47.695050" lon="10.274809">
        <ele>757.850736</ele>
        <time>2022-09-01T19:21:42.612Z</time>
      </trkpt>
      <trkpt lat="47.694933" lon="10.274811">
        <ele>757.616380</ele>
        <time>2022-09-01T19:21:44.545Z</time>
      </trkpt>
      <trkpt lat="47.694733" lon="10.274783">
        <ele>757.214022</ele>
        <time>2022-09-01T19:21:47.963Z</time>
      </trkpt>
      <trkpt lat="47.694483" lon="10.274751">
        <ele>756.711439</ele>
        <time>2022-09-01T19:21:52.208Z</time>
      </trkpt>
      <trkpt lat="47.694352" lon="10.274736">
        <ele>756.396197</ele>
        <time>2022-09-01T19:21:54.452Z</time>
      </trkpt>
      <trkpt lat="47.694204" lon="10.274737">
        <ele>755.994644</ele>
        <time>2022-09-01T19:21:56.963Z</time>
      </trkpt>
      <trkpt lat="47.693851" lon="10.274772">
        <ele>755.034765</ele>
        <time>2022-09-01T19:22:02.788Z</time>
      </trkpt>
      <trkpt lat="47.693576" lon="10.274842">
        <ele>754.277771</ele>
        <time>2022-09-01T19:22:07.248Z</time>
      </trkpt>
      <trkpt lat="47.692586" lon="10.275134">
        <ele>751.686667</ele>
        <time>2022-09-01T19:22:24.048Z</time>
      </trkpt>
      <trkpt lat="47.692222" lon="10.275134">
        <ele>751.526820</ele>
        <time>2022-09-01T19:22:30.706Z</time>
      </trkpt>
      <trkpt lat="47.691708" lon="10.274909">
        <ele>751.291507</ele>
        <time>2022-09-01T19:22:41.434Z</time>
      </trkpt>
      <trkpt lat="47.691312" lon="10.274488">
        <ele>751.077666</ele>
        <time>2022-09-01T19:22:52.701Z</time>
      </trkpt>
      <trkpt lat="47.691144" lon="10.274251">
        <ele>750.975927</ele>
        <time>2022-09-01T19:22:58.387Z</time>
      </trkpt>
      <trkpt lat="47.690933" lon="10.274035">
        <ele>751.201291</ele>
        <time>2022-09-01T19:23:05.275Z</time>
      </trkpt>
      <trkpt lat="47.690315" lon="10.273625">
        <ele>752.527400</ele>
        <time>2022-09-01T19:23:25.617Z</time>
      </trkpt>
      <trkpt lat="47.689926" lon="10.273347">
        <ele>753.373177</ele>
        <time>2022-09-01T19:23:39.010Z</time>
      </trkpt>
      <trkpt lat="47.689302" lon="10.273152">
        <ele>754.777366</ele>
        <time>2022-09-01T19:23:58.462Z</time>
      </trkpt>
      <trkpt lat="47.688341" lon="10.272746">
        <ele>758.484984</ele>
        <time>2022-09-01T19:24:33.986Z</time>
      </trkpt>
      <trkpt lat="47.688057" lon="10.272508">
        <ele>759.695023</ele>
        <time>2022-09-01T19:24:46.234Z</time>
      </trkpt>
      <trkpt lat="47.687650" lon="10.271987">
        <ele>761.858054</ele>
        <time>2022-09-01T19:25:08.910Z</time>
      </trkpt>
      <trkpt lat="47.687520" lon="10.271893">
        <ele>762.555402</ele>
        <time>2022-09-01T19:25:16.049Z</time>
      </trkpt>
      <trkpt lat="47.686940" lon="10.271736">
        <ele>765.398915</ele>
        <time>2022-09-01T19:25:41.798Z</time>
      </trkpt>
      <trkpt lat="47.686802" lon="10.271743">
        <ele>766.064902</ele>
        <time>2022-09-01T19:25:48.380Z</time>
      </trkpt>
      <trkpt lat="47.686550" lon="10.271879">
        <ele>767.358073</ele>
        <time>2022-09-01T19:25:59.992Z</time>
      </trkpt>
      <trkpt lat="47.686447" lon="10.271887">
        <ele>767.855540</ele>
        <time>2022-09-01T19:26:04.633Z</time>
      </trkpt>
      <trkpt lat="47.686292" lon="10.271743">
        <ele>768.737302</ele>
        <time>2022-09-01T19:26:11.533Z</time>
      </trkpt>
      <trkpt lat="47.686241" lon="10.271661">
        <ele>769.099786</ele>
        <time>2022-09-01T19:26:14.849Z</time>
      </trkpt>
      <trkpt lat="47.686120" lon="10.271493">
        <ele>769.788430</ele>
        <time>2022-09-01T19:26:21.293Z</time>
      </trkpt>
      <trkpt lat="47.686040" lon="10.271462">
        <ele>769.745249</ele>
        <time>2022-09-01T19:26:23.998Z</time>
      </trkpt>
      <trkpt lat="47.685797" lon="10.271531">
        <ele>769.616036</ele>
        <time>2022-09-01T19:26:31.616Z</time>
      </trkpt>
      <trkpt lat="47.685592" lon="10.271675">
        <ele>769.497600</ele>
        <time>2022-09-01T19:26:37.732Z</time>
      </trkpt>
      <trkpt lat="47.685332" lon="10.271860">
        <ele>769.347032</ele>
        <time>2022-09-01T19:26:45.557Z</time>
      </trkpt>
      <trkpt lat="47.684542" lon="10.272239">
        <ele>768.913442</ele>
        <time>2022-09-01T19:27:00.287Z</time>
      </trkpt>
      <trkpt lat="47.684330" lon="10.272602">
        <ele>767.246401</ele>
        <time>2022-09-01T19:27:04.998Z</time>
      </trkpt>
      <trkpt lat="47.684079" lon="10.272788">
        <ele>765.196785</ele>
        <time>2022-09-01T19:27:09.079Z</time>
      </trkpt>
      <trkpt lat="47.683983" lon="10.272935">
        <ele>764.189328</ele>
        <time>2022-09-01T19:27:11.126Z</time>
      </trkpt>
      <trkpt lat="47.683889" lon="10.273460">
        <ele>761.516966</ele>
        <time>2022-09-01T19:27:16.287Z</time>
      </trkpt>
      <trkpt lat="47.683907" lon="10.273858">
        <ele>759.554705</ele>
        <time>2022-09-01T19:27:19.954Z</time>
      </trkpt>
      <trkpt lat="47.683943" lon="10.274280">
        <ele>757.462197</ele>
        <time>2022-09-01T19:27:23.924Z</time>
      </trkpt>
      <trkpt lat="47.684074" lon="10.274453">
        <ele>756.181376</ele>
        <time>2022-09-01T19:27:26.311Z</time>
      </trkpt>
      <trkpt lat="47.684374" lon="10.274660">
        <ele>753.633837</ele>
        <time>2022-09-01T19:27:30.934Z</time>
      </trkpt>
      <trkpt lat="47.684481" lon="10.274868">
        <ele>752.260085</ele>
        <time>2022-09-01T19:27:33.422Z</time>
      </trkpt>
      <trkpt lat="47.684512" lon="10.275056">
        <ele>751.244326</ele>
        <time>2022-09-01T19:27:35.174Z</time>
      </trkpt>
      <trkpt lat="47.684481" lon="10.275371">
        <ele>749.573685</ele>
        <time>2022-09-01T19:27:38.196Z</time>
      </trkpt>
      <trkpt lat="47.684332" lon="10.275631">
        <ele>747.781825</ele>
        <time>2022-09-01T19:27:41.320Z</time>
      </trkpt>
      <trkpt lat="47.683774" lon="10.276088">
        <ele>742.814734</ele>
        <time>2022-09-01T19:27:50.514Z</time>
      </trkpt>
      <trkpt lat="47.683683" lon="10.276329">
        <ele>741.461799</ele>
        <time>2022-09-01T19:27:53.271Z</time>
      </trkpt>
      <trkpt lat="47.683455" lon="10.277881">
        <ele>735.567665</ele>
        <time>2022-09-01T19:28:09.016Z</time>
      </trkpt>
      <trkpt lat="47.683231" lon="10.278486">
        <ele>733.005745</ele>
        <time>2022-09-01T19:28:15.978Z</time>
      </trkpt>
      <trkpt lat="47.683219" lon="10.278750">
        <ele>732.023949</ele>
        <time>2022-09-01T19:28:18.780Z</time>
      </trkpt>
      <trkpt lat="47.683376" lon="10.279257">
        <ele>730.872974</ele>
        <time>2022-09-01T19:28:24.458Z</time>
      </trkpt>
      <trkpt lat="47.683391" lon="10.279346">
        <ele>730.703650</ele>
        <time>2022-09-01T19:28:25.491Z</time>
      </trkpt>
      <trkpt lat="47.683389" lon="10.279473">
        <ele>730.469200</ele>
        <time>2022-09-01T19:28:26.744Z</time>
      </trkpt>
      <trkpt lat="47.683283" lon="10.279691">
        <ele>729.972903</ele>
        <time>2022-09-01T19:28:29.685Z</time>
      </trkpt>
      <trkpt lat="47.682940" lon="10.279858">
        <ele>728.983391</ele>
        <time>2022-09-01T19:28:35.544Z</time>
      </trkpt>
      <trkpt lat="47.682780" lon="10.280048">
        <ele>728.421832</ele>
        <time>2022-09-01T19:28:39.147Z</time>
      </trkpt>
      <trkpt lat="47.682647" lon="10.280614">
        <ele>727.315431</ele>
        <time>2022-09-01T19:28:47.222Z</time>
      </trkpt>
      <trkpt lat="47.682554" lon="10.280761">
        <ele>726.943137</ele>
        <time>2022-09-01T19:28:49.870Z</time>
      </trkpt>
      <trkpt lat="47.682492" lon="10.280771">
        <ele>726.817153</ele>
        <time>2022-09-01T19:28:51.599Z</time>
      </trkpt>
      <trkpt lat="47.682403" lon="10.280776">
        <ele>726.709887</ele>
        <time>2022-09-01T19:28:53.085Z</time>
      </trkpt>
      <trkpt lat="47.682186" lon="10.280727">
        <ele>726.445535</ele>
        <time>2022-09-01T19:28:57.807Z</time>
      </trkpt>
      <trkpt lat="47.681840" lon="10.280762">
        <ele>726.027856</ele>
        <time>2022-09-01T19:29:04.976Z</time>
      </trkpt>
      <trkpt lat="47.681458" lon="10.280889">
        <ele>725.556400</ele>
        <time>2022-09-01T19:29:12.466Z</time>
      </trkpt>
      <trkpt lat="47.681236" lon="10.281340">
        <ele>725.103390</ele>
        <time>2022-09-01T19:29:19.115Z</time>
      </trkpt>
      <trkpt lat="47.680947" lon="10.282579">
        <ele>723.352717</ele>
        <time>2022-09-01T19:29:35.088Z</time>
      </trkpt>
      <trkpt lat="47.680690" lon="10.282934">
        <ele>722.480225</ele>
        <time>2022-09-01T19:29:41.020Z</time>
      </trkpt>
      <trkpt lat="47.680309" lon="10.283425">
        <ele>721.226234</ele>
        <time>2022-09-01T19:29:49.210Z</time>
      </trkpt>
      <trkpt lat="47.680132" lon="10.283558">
        <ele>720.733107</ele>
        <time>2022-09-01T19:29:52.462Z</time>
      </trkpt>
      <trkpt lat="47.679275" lon="10.283862">
        <ele>719.363803</ele>
        <time>2022-09-01T19:30:07.368Z</time>
      </trkpt>
      <trkpt lat="47.678729" lon="10.283079">
        <ele>718.403591</ele>
        <time>2022-09-01T19:30:22.234Z</time>
      </trkpt>
      <trkpt lat="47.678164" lon="10.282075">
        <ele>718.430927</ele>
        <time>2022-09-01T19:30:42.869Z</time>
      </trkpt>
      <trkpt lat="47.677835" lon="10.281662">
        <ele>718.843131</ele>
        <time>2022-09-01T19:30:53.807Z</time>
      </trkpt>
      <trkpt lat="47.677344" lon="10.281319">
        <ele>719.362344</ele>
        <time>2022-09-01T19:31:08.386Z</time>
      </trkpt>
      <trkpt lat="47.676972" lon="10.281164">
        <ele>719.852075</ele>
        <time>2022-09-01T19:31:19.355Z</time>
      </trkpt>
      <trkpt lat="47.675941" lon="10.280416">
        <ele>722.786109</ele>
        <time>2022-09-01T19:31:55.814Z</time>
      </trkpt>
      <trkpt lat="47.674002" lon="10.277223">
        <ele>732.042298</ele>
        <time>2022-09-01T19:33:39.102Z</time>
      </trkpt>
      <trkpt lat="47.673296" lon="10.275671">
        <ele>736.341442</ele>
        <time>2022-09-01T19:34:25.627Z</time>
      </trkpt>
      <trkpt lat="47.672790" lon="10.274797">
        <ele>736.543997</ele>
        <time>2022-09-01T19:34:50.864Z</time>
      </trkpt>
      <trkpt lat="47.672607" lon="10.274276">
        <ele>736.619142</ele>
        <time>2022-09-01T19:35:00.195Z</time>
      </trkpt>
      <trkpt lat="47.672240" lon="10.274345">
        <ele>736.689396</ele>
        <time>2022-09-01T19:35:07.091Z</time>
      </trkpt>
      <trkpt lat="47.672107" lon="10.274465">
        <ele>736.718951</ele>
        <time>2022-09-01T19:35:09.737Z</time>
      </trkpt>
      <trkpt lat="47.671810" lon="10.274810">
        <ele>735.236162</ele>
        <time>2022-09-01T19:35:15.711Z</time>
      </trkpt>
      <trkpt lat="47.671442" lon="10.275695">
        <ele>731.160148</ele>
        <time>2022-09-01T19:35:25.895Z</time>
      </trkpt>
      <trkpt lat="47.670960" lon="10.276403">
        <ele>727.214800</ele>
        <time>2022-09-01T19:35:35.561Z</time>
      </trkpt>
      <trkpt lat="47.670614" lon="10.276910">
        <ele>725.108503</ele>
        <time>2022-09-01T19:35:42.550Z</time>
      </trkpt>
      <trkpt lat="47.670636" lon="10.277020">
        <ele>724.830880</ele>
        <time>2022-09-01T19:35:43.736Z</time>
      </trkpt>
      <trkpt lat="47.670802" lon="10.277098">
        <ele>724.205324</ele>
        <time>2022-09-01T19:35:46.358Z</time>
      </trkpt>
      <trkpt lat="47.670636" lon="10.277020">
        <ele>723.579769</ele>
        <time>2022-09-01T19:35:48.972Z</time>
      </trkpt>
      <trkpt lat="47.670479" lon="10.276949">
        <ele>722.990116</ele>
        <time>2022-09-01T19:35:51.570Z</time>
      </trkpt>
      <trkpt lat="47.669366" lon="10.276884">
        <ele>719.891825</ele>
        <time>2022-09-01T19:36:11.732Z</time>
      </trkpt>
      <trkpt lat="47.668444" lon="10.277008">
        <ele>720.214184</ele>
        <time>2022-09-01T19:36:35.272Z</time>
      </trkpt>
      <trkpt lat="47.667745" lon="10.277216">
        <ele>720.481140</ele>
        <time>2022-09-01T19:36:53.456Z</time>
      </trkpt>
      <trkpt lat="47.667612" lon="10.277326">
        <ele>720.575269</ele>
        <time>2022-09-01T19:36:57.369Z</time>
      </trkpt>
      <trkpt lat="47.667558" lon="10.277513">
        <ele>720.659988</ele>
        <time>2022-09-01T19:37:00.950Z</time>
      </trkpt>
      <trkpt lat="47.667558" lon="10.278242">
        <ele>720.963530</ele>
        <time>2022-09-01T19:37:13.566Z</time>
      </trkpt>
      <trkpt lat="47.667433" lon="10.278510">
        <ele>721.099272</ele>
        <time>2022-09-01T19:37:19.150Z</time>
      </trkpt>
      <trkpt lat="47.666974" lon="10.278786">
        <ele>721.405456</ele>
        <time>2022-09-01T19:37:31.242Z</time>
      </trkpt>
      <trkpt lat="47.666116" lon="10.278851">
        <ele>721.156608</ele>
        <time>2022-09-01T19:37:50.712Z</time>
      </trkpt>
      <trkpt lat="47.665963" lon="10.279181">
        <ele>720.986540</ele>
        <time>2022-09-01T19:37:56.174Z</time>
      </trkpt>
      <trkpt lat="47.665781" lon="10.279350">
        <ele>720.851239</ele>
        <time>2022-09-01T19:38:00.389Z</time>
      </trkpt>
      <trkpt lat="47.665688" lon="10.279403">
        <ele>720.788451</ele>
        <time>2022-09-01T19:38:02.298Z</time>
      </trkpt>
      <trkpt lat="47.665387" lon="10.279617">
        <ele>720.578099</ele>
        <time>2022-09-01T19:38:08.621Z</time>
      </trkpt>
      <trkpt lat="47.665400" lon="10.280271">
        <ele>720.218712</ele>
        <time>2022-09-01T19:38:16.763Z</time>
      </trkpt>
      <trkpt lat="47.665362" lon="10.280725">
        <ele>719.888179</ele>
        <time>2022-09-01T19:38:22.418Z</time>
      </trkpt>
      <trkpt lat="47.665138" lon="10.281235">
        <ele>719.448272</ele>
        <time>2022-09-01T19:38:29.945Z</time>
      </trkpt>
      <trkpt lat="47.665086" lon="10.281196">
        <ele>719.385774</ele>
        <time>2022-09-01T19:38:31.083Z</time>
      </trkpt>
      <trkpt lat="47.664877" lon="10.280926">
        <ele>719.088576</ele>
        <time>2022-09-01T19:38:36.309Z</time>
      </trkpt>
      <trkpt lat="47.664606" lon="10.280741">
        <ele>718.768593</ele>
        <time>2022-09-01T19:38:42.158Z</time>
      </trkpt>
      <trkpt lat="47.663826" lon="10.280534">
        <ele>718.402218</ele>
        <time>2022-09-01T19:38:58.645Z</time>
      </trkpt>
      <trkpt lat="47.663407" lon="10.279978">
        <ele>718.312235</ele>
        <time>2022-09-01T19:39:11.342Z</time>
      </trkpt>
      <trkpt lat="47.663223" lon="10.279830">
        <ele>718.278725</ele>
        <time>2022-09-01T19:39:16.052Z</time>
      </trkpt>
      <trkpt lat="47.662026" lon="10.279275">
        <ele>718.196280</ele>
        <time>2022-09-01T19:39:43.833Z</time>
      </trkpt>
      <trkpt lat="47.661446" lon="10.279118">
        <ele>718.194112</ele>
        <time>2022-09-01T19:39:56.358Z</time>
      </trkpt>
      <trkpt lat="47.660211" lon="10.278809">
        <ele>718.808618</ele>
        <time>2022-09-01T19:40:25.351Z</time>
      </trkpt>
      <trkpt lat="47.659988" lon="10.278689">
        <ele>718.991344</ele>
        <time>2022-09-01T19:40:31.443Z</time>
      </trkpt>
      <trkpt lat="47.659830" lon="10.278484">
        <ele>719.152988</ele>
        <time>2022-09-01T19:40:36.933Z</time>
      </trkpt>
      <trkpt lat="47.659012" lon="10.276768">
        <ele>720.818816</ele>
        <time>2022-09-01T19:41:16.965Z</time>
      </trkpt>
      <trkpt lat="47.658860" lon="10.276451">
        <ele>721.195111</ele>
        <time>2022-09-01T19:41:24.571Z</time>
      </trkpt>
      <trkpt lat="47.658843" lon="10.276399">
        <ele>721.251007</ele>
        <time>2022-09-01T19:41:25.703Z</time>
      </trkpt>
      <trkpt lat="47.658643" lon="10.275814">
        <ele>721.885427</ele>
        <time>2022-09-01T19:41:38.298Z</time>
      </trkpt>
      <trkpt lat="47.657390" lon="10.274025">
        <ele>723.379017</ele>
        <time>2022-09-01T19:42:23.053Z</time>
      </trkpt>
      <trkpt lat="47.656790" lon="10.272801">
        <ele>724.206702</ele>
        <time>2022-09-01T19:42:46.376Z</time>
      </trkpt>
      <trkpt lat="47.656633" lon="10.272577">
        <ele>724.385162</ele>
        <time>2022-09-01T19:42:52.379Z</time>
      </trkpt>
      <trkpt lat="47.656439" lon="10.272439">
        <ele>724.561469</ele>
        <time>2022-09-01T19:42:58.150Z</time>
      </trkpt>
      <trkpt lat="47.656149" lon="10.272329">
        <ele>724.806781</ele>
        <time>2022-09-01T19:43:06.216Z</time>
      </trkpt>
      <trkpt lat="47.655959" lon="10.272350">
        <ele>724.962932</ele>
        <time>2022-09-01T19:43:11.585Z</time>
      </trkpt>
      <trkpt lat="47.655898" lon="10.272388">
        <ele>725.017149</ele>
        <time>2022-09-01T19:43:13.395Z</time>
      </trkpt>
      <trkpt lat="47.655811" lon="10.272479">
        <ele>725.124557</ele>
        <time>2022-09-01T19:43:16.185Z</time>
      </trkpt>
      <trkpt lat="47.655299" lon="10.273175">
        <ele>725.910750</ele>
        <time>2022-09-01T19:43:34.947Z</time>
      </trkpt>
      <trkpt lat="47.654978" lon="10.274300">
        <ele>726.842764</ele>
        <time>2022-09-01T19:43:57.135Z</time>
      </trkpt>
      <trkpt lat="47.655180" lon="10.276461">
        <ele>728.483592</ele>
        <time>2022-09-01T19:44:35.352Z</time>
      </trkpt>
      <trkpt lat="47.655088" lon="10.276660">
        <ele>728.664667</ele>
        <time>2022-09-01T19:44:39.271Z</time>
      </trkpt>
      <trkpt lat="47.654575" lon="10.276784">
        <ele>729.437855</ele>
        <time>2022-09-01T19:44:53.311Z</time>
      </trkpt>
      <trkpt lat="47.653861" lon="10.276717">
        <ele>731.254380</ele>
        <time>2022-09-01T19:45:16.309Z</time>
      </trkpt>
      <trkpt lat="47.653699" lon="10.276521">
        <ele>731.785013</ele>
        <time>2022-09-01T19:45:23.638Z</time>
      </trkpt>
      <trkpt lat="47.653604" lon="10.276045">
        <ele>732.634124</ele>
        <time>2022-09-01T19:45:36.010Z</time>
      </trkpt>
      <trkpt lat="47.653507" lon="10.275806">
        <ele>733.111363</ele>
        <time>2022-09-01T19:45:43.015Z</time>
      </trkpt>
      <trkpt lat="47.653280" lon="10.275524">
        <ele>733.699725</ele>
        <time>2022-09-01T19:45:52.983Z</time>
      </trkpt>
      <trkpt lat="47.652573" lon="10.275223">
        <ele>734.075425</ele>
        <time>2022-09-01T19:46:14.153Z</time>
      </trkpt>
      <trkpt lat="47.652310" lon="10.275006">
        <ele>734.229124</ele>
        <time>2022-09-01T19:46:20.943Z</time>
      </trkpt>
      <trkpt lat="47.652132" lon="10.274998">
        <ele>734.320090</ele>
        <time>2022-09-01T19:46:25.020Z</time>
      </trkpt>
      <trkpt lat="47.652027" lon="10.275088">
        <ele>734.382024</ele>
        <time>2022-09-01T19:46:27.387Z</time>
      </trkpt>
      <trkpt lat="47.651809" lon="10.275255">
        <ele>734.507333</ele>
        <time>2022-09-01T19:46:32.148Z</time>
      </trkpt>
      <trkpt lat="47.651594" lon="10.275251">
        <ele>734.491137</ele>
        <time>2022-09-01T19:46:35.831Z</time>
      </trkpt>
      <trkpt lat="47.650985" lon="10.274980">
        <ele>733.786932</ele>
        <time>2022-09-01T19:46:46.805Z</time>
      </trkpt>
      <trkpt lat="47.650022" lon="10.275095">
        <ele>732.716832</ele>
        <time>2022-09-01T19:47:04.775Z</time>
      </trkpt>
      <trkpt lat="47.649918" lon="10.274415">
        <ele>733.636578</ele>
        <time>2022-09-01T19:47:17.306Z</time>
      </trkpt>
      <trkpt lat="47.649668" lon="10.273337">
        <ele>735.938189</ele>
        <time>2022-09-01T19:47:43.198Z</time>
      </trkpt>
      <trkpt lat="47.649806" lon="10.272308">
        <ele>738.097772</ele>
        <time>2022-09-01T19:48:12.595Z</time>
      </trkpt>
      <trkpt lat="47.649823" lon="10.271813">
        <ele>739.610361</ele>
        <time>2022-09-01T19:48:26.974Z</time>
      </trkpt>
      <trkpt lat="47.649793" lon="10.271551">
        <ele>740.421393</ele>
        <time>2022-09-01T19:48:34.490Z</time>
      </trkpt>
      <trkpt lat="47.649534" lon="10.270740">
        <ele>743.160416</ele>
        <time>2022-09-01T19:48:59.326Z</time>
      </trkpt>
      <trkpt lat="47.649559" lon="10.270271">
        <ele>744.596178</ele>
        <time>2022-09-01T19:49:11.941Z</time>
      </trkpt>
      <trkpt lat="47.649632" lon="10.270041">
        <ele>745.372091</ele>
        <time>2022-09-01T19:49:18.467Z</time>
      </trkpt>
      <trkpt lat="47.649652" lon="10.269906">
        <ele>745.793927</ele>
        <time>2022-09-01T19:49:22.049Z</time>
      </trkpt>
      <trkpt lat="47.649046" lon="10.268085">
        <ele>750.422915</ele>
        <time>2022-09-01T19:50:12.433Z</time>
      </trkpt>
      <trkpt lat="47.648522" lon="10.267001">
        <ele>753.260840</ele>
        <time>2022-09-01T19:50:41.116Z</time>
      </trkpt>
      <trkpt lat="47.648258" lon="10.266175">
        <ele>755.079210</ele>
        <time>2022-09-01T19:51:01.123Z</time>
      </trkpt>
      <trkpt lat="47.648114" lon="10.265539">
        <ele>756.413706</ele>
        <time>2022-09-01T19:51:16.334Z</time>
      </trkpt>
      <trkpt lat="47.648236" lon="10.264212">
        <ele>760.363459</ele>
        <time>2022-09-01T19:51:50.152Z</time>
      </trkpt>
      <trkpt lat="47.648234" lon="10.262996">
        <ele>764.639159</ele>
        <time>2022-09-01T19:52:27.308Z</time>
      </trkpt>
      <trkpt lat="47.647843" lon="10.260853">
        <ele>772.355763</ele>
        <time>2022-09-01T19:53:38.998Z</time>
      </trkpt>
      <trkpt lat="47.647821" lon="10.260780">
        <ele>772.632480</ele>
        <time>2022-09-01T19:53:41.472Z</time>
      </trkpt>
      <trkpt lat="47.647621" lon="10.260327">
        <ele>774.506572</ele>
        <time>2022-09-01T19:53:56.417Z</time>
      </trkpt>
      <trkpt lat="47.647121" lon="10.259387">
        <ele>775.907877</ele>
        <time>2022-09-01T19:54:21.279Z</time>
      </trkpt>
      <trkpt lat="47.646940" lon="10.259060">
        <ele>775.840327</ele>
        <time>2022-09-01T19:54:27.623Z</time>
      </trkpt>
      <trkpt lat="47.646783" lon="10.258751">
        <ele>775.778553</ele>
        <time>2022-09-01T19:54:32.671Z</time>
      </trkpt>
      <trkpt lat="47.646462" lon="10.258722">
        <ele>775.702361</ele>
        <time>2022-09-01T19:54:38.401Z</time>
      </trkpt>
      <trkpt lat="47.645956" lon="10.258411">
        <ele>775.264680</ele>
        <time>2022-09-01T19:54:47.940Z</time>
      </trkpt>
      <trkpt lat="47.645711" lon="10.258121">
        <ele>774.430420</ele>
        <time>2022-09-01T19:54:53.174Z</time>
      </trkpt>
      <trkpt lat="47.645306" lon="10.257518">
        <ele>772.903230</ele>
        <time>2022-09-01T19:55:02.717Z</time>
      </trkpt>
      <trkpt lat="47.644938" lon="10.256889">
        <ele>771.409021</ele>
        <time>2022-09-01T19:55:12.235Z</time>
      </trkpt>
      <trkpt lat="47.643792" lon="10.254810">
        <ele>765.532961</ele>
        <time>2022-09-01T19:55:41.807Z</time>
      </trkpt>
      <trkpt lat="47.643564" lon="10.254626">
        <ele>764.647524</ele>
        <time>2022-09-01T19:55:45.875Z</time>
      </trkpt>
      <trkpt lat="47.643153" lon="10.254545">
        <ele>763.079023</ele>
        <time>2022-09-01T19:55:52.258Z</time>
      </trkpt>
      <trkpt lat="47.642749" lon="10.254381">
        <ele>761.494518</ele>
        <time>2022-09-01T19:55:58.688Z</time>
      </trkpt>
      <trkpt lat="47.642207" lon="10.253940">
        <ele>759.156183</ele>
        <time>2022-09-01T19:56:08.253Z</time>
      </trkpt>
      <trkpt lat="47.641156" lon="10.252410">
        <ele>756.908666</ele>
        <time>2022-09-01T19:56:34.129Z</time>
      </trkpt>
      <trkpt lat="47.640868" lon="10.251733">
        <ele>756.396472</ele>
        <time>2022-09-01T19:56:47.617Z</time>
      </trkpt>
      <trkpt lat="47.640469" lon="10.249860">
        <ele>758.654348</ele>
        <time>2022-09-01T19:57:28.755Z</time>
      </trkpt>
      <trkpt lat="47.640451" lon="10.249743">
        <ele>758.807378</ele>
        <time>2022-09-01T19:57:31.316Z</time>
      </trkpt>
      <trkpt lat="47.640316" lon="10.248887">
        <ele>759.847390</ele>
        <time>2022-09-01T19:57:49.396Z</time>
      </trkpt>
      <trkpt lat="47.640202" lon="10.248252">
        <ele>760.362865</ele>
        <time>2022-09-01T19:58:01.594Z</time>
      </trkpt>
      <trkpt lat="47.639965" lon="10.247782">
        <ele>760.823349</ele>
        <time>2022-09-01T19:58:11.304Z</time>
      </trkpt>
      <trkpt lat="47.638998" lon="10.246946">
        <ele>762.254719</ele>
        <time>2022-09-01T19:58:40.939Z</time>
      </trkpt>
      <trkpt lat="47.638450" lon="10.246788">
        <ele>763.170371</ele>
        <time>2022-09-01T19:58:55.777Z</time>
      </trkpt>
      <trkpt lat="47.638455" lon="10.246311">
        <ele>763.697615</ele>
        <time>2022-09-01T19:59:05.294Z</time>
      </trkpt>
      <trkpt lat="47.638110" lon="10.245360">
        <ele>765.043580</ele>
        <time>2022-09-01T19:59:28.053Z</time>
      </trkpt>
      <trkpt lat="47.637798" lon="10.244822">
        <ele>766.752106</ele>
        <time>2022-09-01T19:59:45.131Z</time>
      </trkpt>
      <trkpt lat="47.637220" lon="10.244103">
        <ele>769.446203</ele>
        <time>2022-09-01T20:00:13.148Z</time>
      </trkpt>
      <trkpt lat="47.636633" lon="10.243129">
        <ele>773.485081</ele>
        <time>2022-09-01T20:00:49.147Z</time>
      </trkpt>
      <trkpt lat="47.636401" lon="10.242337">
        <ele>776.886310</ele>
        <time>2022-09-01T20:01:16.182Z</time>
      </trkpt>
      <trkpt lat="47.636399" lon="10.241732">
        <ele>779.269093</ele>
        <time>2022-09-01T20:01:36.742Z</time>
      </trkpt>
      <trkpt lat="47.636538" lon="10.241460">
        <ele>780.613573</ele>
        <time>2022-09-01T20:01:48.407Z</time>
      </trkpt>
      <trkpt lat="47.636987" lon="10.241158">
        <ele>783.465701</ele>
        <time>2022-09-01T20:02:13.388Z</time>
      </trkpt>
      <trkpt lat="47.637500" lon="10.240977">
        <ele>786.497618</ele>
        <time>2022-09-01T20:02:38.495Z</time>
      </trkpt>
      <trkpt lat="47.637786" lon="10.240972">
        <ele>788.142205</ele>
        <time>2022-09-01T20:02:51.713Z</time>
      </trkpt>
      <trkpt lat="47.638066" lon="10.241137">
        <ele>789.874453</ele>
        <time>2022-09-01T20:03:04.798Z</time>
      </trkpt>
      <trkpt lat="47.638612" lon="10.242079">
        <ele>794.288552</ele>
        <time>2022-09-01T20:03:39.904Z</time>
      </trkpt>
      <trkpt lat="47.638884" lon="10.242137">
        <ele>795.629771</ele>
        <time>2022-09-01T20:03:52.416Z</time>
      </trkpt>
      <trkpt lat="47.639446" lon="10.241819">
        <ele>798.565398</ele>
        <time>2022-09-01T20:04:18.309Z</time>
      </trkpt>
      <trkpt lat="47.639865" lon="10.241391">
        <ele>801.137559</ele>
        <time>2022-09-01T20:04:38.778Z</time>
      </trkpt>
      <trkpt lat="47.640019" lon="10.241552">
        <ele>802.419145</ele>
        <time>2022-09-01T20:04:47.183Z</time>
      </trkpt>
      <trkpt lat="47.640052" lon="10.241609">
        <ele>802.763647</ele>
        <time>2022-09-01T20:04:49.279Z</time>
      </trkpt>
      <trkpt lat="47.640275" lon="10.241991">
        <ele>805.080599</ele>
        <time>2022-09-01T20:05:03.906Z</time>
      </trkpt>
      <trkpt lat="47.640494" lon="10.242080">
        <ele>806.625413</ele>
        <time>2022-09-01T20:05:14.278Z</time>
      </trkpt>
      <trkpt lat="47.640655" lon="10.241969">
        <ele>807.833191</ele>
        <time>2022-09-01T20:05:23.568Z</time>
      </trkpt>
      <trkpt lat="47.640930" lon="10.241233">
        <ele>811.691089</ele>
        <time>2022-09-01T20:05:55.287Z</time>
      </trkpt>
      <trkpt lat="47.641159" lon="10.240914">
        <ele>814.253531</ele>
        <time>2022-09-01T20:06:13.929Z</time>
      </trkpt>
      <trkpt lat="47.641413" lon="10.240937">
        <ele>816.941994</ele>
        <time>2022-09-01T20:06:29.430Z</time>
      </trkpt>
      <trkpt lat="47.642440" lon="10.241484">
        <ele>828.469585</ele>
        <time>2022-09-01T20:07:39.344Z</time>
      </trkpt>
      <trkpt lat="47.642677" lon="10.241494">
        <ele>830.974467</ele>
        <time>2022-09-01T20:07:57.263Z</time>
      </trkpt>
      <trkpt lat="47.643170" lon="10.241091">
        <ele>837.982778</ele>
        <time>2022-09-01T20:08:39.745Z</time>
      </trkpt>
      <trkpt lat="47.643685" lon="10.240856">
        <ele>844.918925</ele>
        <time>2022-09-01T20:09:20.474Z</time>
      </trkpt>
      <trkpt lat="47.643873" lon="10.240630">
        <ele>848.033392</ele>
        <time>2022-09-01T20:09:40.888Z</time>
      </trkpt>
      <trkpt lat="47.643983" lon="10.240227">
        <ele>851.804734</ele>
        <time>2022-09-01T20:10:03.175Z</time>
      </trkpt>
      <trkpt lat="47.644351" lon="10.239648">
        <ele>858.691278</ele>
        <time>2022-09-01T20:10:38.537Z</time>
      </trkpt>
      <trkpt lat="47.644398" lon="10.239496">
        <ele>860.134659</ele>
        <time>2022-09-01T20:10:49.233Z</time>
      </trkpt>
      <trkpt lat="47.644413" lon="10.239037">
        <ele>864.100662</ele>
        <time>2022-09-01T20:11:10.661Z</time>
      </trkpt>
      <trkpt lat="47.644499" lon="10.238439">
        <ele>869.377894</ele>
        <time>2022-09-01T20:11:43.576Z</time>
      </trkpt>
      <trkpt lat="47.644812" lon="10.236972">
        <ele>882.232902</ele>
        <time>2022-09-01T20:13:00.619Z</time>
      </trkpt>
      <trkpt lat="47.644767" lon="10.236216">
        <ele>888.149947</ele>
        <time>2022-09-01T20:13:37.275Z</time>
      </trkpt>
      <trkpt lat="47.644627" lon="10.235713">
        <ele>892.393019</ele>
        <time>2022-09-01T20:14:02.443Z</time>
      </trkpt>
      <trkpt lat="47.644630" lon="10.235541">
        <ele>893.734455</ele>
        <time>2022-09-01T20:14:10.043Z</time>
      </trkpt>
      <trkpt lat="47.644731" lon="10.235203">
        <ele>896.617212</ele>
        <time>2022-09-01T20:14:27.219Z</time>
      </trkpt>
      <trkpt lat="47.644713" lon="10.234638">
        <ele>900.410630</ele>
        <time>2022-09-01T20:14:52.571Z</time>
      </trkpt>
      <trkpt lat="47.644286" lon="10.233536">
        <ele>907.200398</ele>
        <time>2022-09-01T20:15:42.248Z</time>
      </trkpt>
      <trkpt lat="47.644166" lon="10.233364">
        <ele>908.522859</ele>
        <time>2022-09-01T20:15:50.472Z</time>
      </trkpt>
      <trkpt lat="47.643955" lon="10.233212">
        <ele>910.382167</ele>
        <time>2022-09-01T20:16:02.366Z</time>
      </trkpt>
      <trkpt lat="47.643883" lon="10.233232">
        <ele>910.962858</ele>
        <time>2022-09-01T20:16:05.824Z</time>
      </trkpt>
      <trkpt lat="47.643737" lon="10.233461">
        <ele>912.646782</ele>
        <time>2022-09-01T20:16:15.826Z</time>
      </trkpt>
      <trkpt lat="47.643604" lon="10.233497">
        <ele>913.665584</ele>
        <time>2022-09-01T20:16:21.451Z</time>
      </trkpt>
      <trkpt lat="47.643526" lon="10.233253">
        <ele>914.912266</ele>
        <time>2022-09-01T20:16:29.452Z</time>
      </trkpt>
      <trkpt lat="47.643381" lon="10.232367">
        <ele>919.121073</ele>
        <time>2022-09-01T20:16:56.979Z</time>
      </trkpt>
      <trkpt lat="47.643291" lon="10.230886">
        <ele>926.128804</ele>
        <time>2022-09-01T20:17:50.736Z</time>
      </trkpt>
      <trkpt lat="47.643330" lon="10.229691">
        <ele>934.027733</ele>
        <time>2022-09-01T20:18:40.584Z</time>
      </trkpt>
      <trkpt lat="47.643416" lon="10.228742">
        <ele>940.349675</ele>
        <time>2022-09-01T20:19:22.780Z</time>
      </trkpt>
      <trkpt lat="47.643564" lon="10.227768">
        <ele>946.635347</ele>
        <time>2022-09-01T20:20:06.705Z</time>
      </trkpt>
      <trkpt lat="47.643538" lon="10.227426">
        <ele>948.717634</ele>
        <time>2022-09-01T20:20:21.238Z</time>
      </trkpt>
      <trkpt lat="47.643656" lon="10.226854">
        <ele>952.336918</ele>
        <time>2022-09-01T20:20:45.891Z</time>
      </trkpt>
      <trkpt lat="47.643952" lon="10.225897">
        <ele>958.707882</ele>
        <time>2022-09-01T20:21:26.131Z</time>
      </trkpt>
      <trkpt lat="47.644105" lon="10.225539">
        <ele>960.224237</ele>
        <time>2022-09-01T20:21:40.547Z</time>
      </trkpt>
      <trkpt lat="47.644312" lon="10.225211">
        <ele>961.396930</ele>
        <time>2022-09-01T20:21:54.612Z</time>
      </trkpt>
      <trkpt lat="47.644548" lon="10.225017">
        <ele>962.441755</ele>
        <time>2022-09-01T20:22:07.336Z</time>
      </trkpt>
      <trkpt lat="47.645351" lon="10.224256">
        <ele>966.131569</ele>
        <time>2022-09-01T20:22:41.145Z</time>
      </trkpt>
      <trkpt lat="47.645545" lon="10.223840">
        <ele>965.196615</ele>
        <time>2022-09-01T20:22:48.051Z</time>
      </trkpt>
      <trkpt lat="47.645639" lon="10.223279">
        <ele>963.485827</ele>
        <time>2022-09-01T20:22:54.524Z</time>
      </trkpt>
      <trkpt lat="47.645623" lon="10.222879">
        <ele>962.299992</ele>
        <time>2022-09-01T20:22:58.772Z</time>
      </trkpt>
      <trkpt lat="47.645418" lon="10.222305">
        <ele>960.377386</ele>
        <time>2022-09-01T20:23:05.546Z</time>
      </trkpt>
      <trkpt lat="47.645406" lon="10.222158">
        <ele>959.939174</ele>
        <time>2022-09-01T20:23:06.988Z</time>
      </trkpt>
      <trkpt lat="47.645457" lon="10.222040">
        <ele>959.524285</ele>
        <time>2022-09-01T20:23:08.384Z</time>
      </trkpt>
      <trkpt lat="47.645948" lon="10.221943">
        <ele>957.122138</ele>
        <time>2022-09-01T20:23:15.806Z</time>
      </trkpt>
      <trkpt lat="47.646071" lon="10.221754">
        <ele>956.190854</ele>
        <time>2022-09-01T20:23:18.398Z</time>
      </trkpt>
      <trkpt lat="47.646279" lon="10.221097">
        <ele>953.618204</ele>
        <time>2022-09-01T20:23:25.837Z</time>
      </trkpt>
      <trkpt lat="47.646462" lon="10.220850">
        <ele>952.317074</ele>
        <time>2022-09-01T20:23:29.542Z</time>
      </trkpt>
      <trkpt lat="47.647128" lon="10.219909">
        <ele>949.133138</ele>
        <time>2022-09-01T20:23:45.624Z</time>
      </trkpt>
      <trkpt lat="47.647892" lon="10.219753">
        <ele>949.395518</ele>
        <time>2022-09-01T20:24:04.202Z</time>
      </trkpt>
      <trkpt lat="47.648294" lon="10.219291">
        <ele>949.568491</ele>
        <time>2022-09-01T20:24:20.598Z</time>
      </trkpt>
      <trkpt lat="47.648731" lon="10.218503">
        <ele>950.484682</ele>
        <time>2022-09-01T20:24:42.925Z</time>
      </trkpt>
      <trkpt lat="47.648722" lon="10.218168">
        <ele>950.893859</ele>
        <time>2022-09-01T20:24:50.013Z</time>
      </trkpt>
      <trkpt lat="47.648425" lon="10.216246">
        <ele>952.719087</ele>
        <time>2022-09-01T20:25:28.711Z</time>
      </trkpt>
      <trkpt lat="47.648412" lon="10.215571">
        <ele>952.337260</ele>
        <time>2022-09-01T20:25:39.157Z</time>
      </trkpt>
      <trkpt lat="47.648444" lon="10.213983">
        <ele>951.438944</ele>
        <time>2022-09-01T20:25:58.853Z</time>
      </trkpt>
      <trkpt lat="47.648332" lon="10.213085">
        <ele>948.903369</ele>
        <time>2022-09-01T20:26:08.661Z</time>
      </trkpt>
      <trkpt lat="47.648084" lon="10.212274">
        <ele>946.240646</ele>
        <time>2022-09-01T20:26:17.731Z</time>
      </trkpt>
      <trkpt lat="47.648050" lon="10.212020">
        <ele>945.466421</ele>
        <time>2022-09-01T20:26:20.381Z</time>
      </trkpt>
      <trkpt lat="47.648044" lon="10.210582">
        <ele>941.013137</ele>
        <time>2022-09-01T20:26:34.773Z</time>
      </trkpt>
      <trkpt lat="47.648230" lon="10.209386">
        <ele>937.091575</ele>
        <time>2022-09-01T20:26:47.398Z</time>
      </trkpt>
      <trkpt lat="47.648258" lon="10.208962">
        <ele>935.730459</ele>
        <time>2022-09-01T20:26:51.788Z</time>
      </trkpt>
      <trkpt lat="47.648204" lon="10.207177">
        <ele>930.848402</ele>
        <time>2022-09-01T20:27:10.952Z</time>
      </trkpt>
      <trkpt lat="47.648187" lon="10.206617">
        <ele>929.362061</ele>
        <time>2022-09-01T20:27:16.904Z</time>
      </trkpt>
      <trkpt lat="47.648131" lon="10.206324">
        <ele>928.554514</ele>
        <time>2022-09-01T20:27:21.319Z</time>
      </trkpt>
      <trkpt lat="47.648183" lon="10.206221">
        <ele>928.213233</ele>
        <time>2022-09-01T20:27:23.226Z</time>
      </trkpt>
      <trkpt lat="47.648243" lon="10.206102">
        <ele>927.819121</ele>
        <time>2022-09-01T20:27:25.416Z</time>
      </trkpt>
      <trkpt lat="47.648593" lon="10.204373">
        <ele>921.489596</ele>
        <time>2022-09-01T20:27:44.072Z</time>
      </trkpt>
      <trkpt lat="47.648725" lon="10.203495">
        <ele>918.269303</ele>
        <time>2022-09-01T20:27:52.938Z</time>
      </trkpt>
      <trkpt lat="47.648650" lon="10.202670">
        <ele>913.506194</ele>
        <time>2022-09-01T20:28:00.872Z</time>
      </trkpt>
      <trkpt lat="47.648302" lon="10.200885">
        <ele>902.802115</ele>
        <time>2022-09-01T20:28:18.124Z</time>
      </trkpt>
      <trkpt lat="47.648192" lon="10.200297">
        <ele>898.425936</ele>
        <time>2022-09-01T20:28:23.722Z</time>
      </trkpt>
      <trkpt lat="47.647827" lon="10.198300">
        <ele>883.587141</ele>
        <time>2022-09-01T20:28:42.420Z</time>
      </trkpt>
      <trkpt lat="47.647157" lon="10.195353">
        <ele>862.294591</ele>
        <time>2022-09-01T20:29:10.648Z</time>
      </trkpt>
      <trkpt lat="47.646875" lon="10.193483">
        <ele>852.483677</ele>
        <time>2022-09-01T20:29:29.071Z</time>
      </trkpt>
      <trkpt lat="47.646824" lon="10.193029">
        <ele>850.473680</ele>
        <time>2022-09-01T20:29:33.739Z</time>
      </trkpt>
      <trkpt lat="47.646889" lon="10.192591">
        <ele>848.930507</ele>
        <time>2022-09-01T20:29:38.355Z</time>
      </trkpt>
      <trkpt lat="47.647186" lon="10.191699">
        <ele>845.507004</ele>
        <time>2022-09-01T20:29:48.584Z</time>
      </trkpt>
      <trkpt lat="47.647284" lon="10.191137">
        <ele>843.509598</ele>
        <time>2022-09-01T20:29:54.361Z</time>
      </trkpt>
      <trkpt lat="47.647161" lon="10.189777">
        <ele>839.728387</ele>
        <time>2022-09-01T20:30:08.474Z</time>
      </trkpt>
      <trkpt lat="47.647114" lon="10.189016">
        <ele>837.869261</ele>
        <time>2022-09-01T20:30:16.808Z</time>
      </trkpt>
      <trkpt lat="47.647179" lon="10.188250">
        <ele>835.991010</ele>
        <time>2022-09-01T20:30:25.527Z</time>
      </trkpt>
      <trkpt lat="47.647356" lon="10.187249">
        <ele>834.431340</ele>
        <time>2022-09-01T20:30:37.293Z</time>
      </trkpt>
      <trkpt lat="47.647511" lon="10.186730">
        <ele>833.702300</ele>
        <time>2022-09-01T20:30:44.127Z</time>
      </trkpt>
      <trkpt lat="47.647535" lon="10.186645">
        <ele>833.583947</ele>
        <time>2022-09-01T20:30:45.284Z</time>
      </trkpt>
      <trkpt lat="47.647711" lon="10.185927">
        <ele>832.602776</ele>
        <time>2022-09-01T20:30:54.828Z</time>
      </trkpt>
      <trkpt lat="47.647721" lon="10.184656">
        <ele>831.325887</ele>
        <time>2022-09-01T20:31:10.545Z</time>
      </trkpt>
      <trkpt lat="47.647480" lon="10.184269">
        <ele>830.867092</ele>
        <time>2022-09-01T20:31:17.268Z</time>
      </trkpt>
      <trkpt lat="47.646098" lon="10.182005">
        <ele>828.322656</ele>
        <time>2022-09-01T20:31:55.993Z</time>
      </trkpt>
      <trkpt lat="47.645967" lon="10.181711">
        <ele>828.038724</ele>
        <time>2022-09-01T20:32:00.554Z</time>
      </trkpt>
      <trkpt lat="47.645781" lon="10.181068">
        <ele>827.453469</ele>
        <time>2022-09-01T20:32:09.543Z</time>
      </trkpt>
      <trkpt lat="47.645591" lon="10.180247">
        <ele>826.632577</ele>
        <time>2022-09-01T20:32:20.539Z</time>
      </trkpt>
      <trkpt lat="47.645564" lon="10.180025">
        <ele>826.419253</ele>
        <time>2022-09-01T20:32:23.396Z</time>
      </trkpt>
      <trkpt lat="47.645531" lon="10.177600">
        <ele>824.068812</ele>
        <time>2022-09-01T20:32:53.179Z</time>
      </trkpt>
      <trkpt lat="47.645536" lon="10.177527">
        <ele>823.995271</ele>
        <time>2022-09-01T20:32:54.066Z</time>
      </trkpt>
      <trkpt lat="47.645567" lon="10.176195">
        <ele>822.659480</ele>
        <time>2022-09-01T20:33:10.508Z</time>
      </trkpt>
      <trkpt lat="47.645528" lon="10.175819">
        <ele>822.293783</ele>
        <time>2022-09-01T20:33:15.356Z</time>
      </trkpt>
      <trkpt lat="47.645411" lon="10.175221">
        <ele>821.750349</ele>
        <time>2022-09-01T20:33:23.264Z</time>
      </trkpt>
      <trkpt lat="47.645030" lon="10.173798">
        <ele>820.414020</ele>
        <time>2022-09-01T20:33:42.811Z</time>
      </trkpt>
      <trkpt lat="47.644961" lon="10.173372">
        <ele>820.032776</ele>
        <time>2022-09-01T20:33:48.258Z</time>
      </trkpt>
      <trkpt lat="47.644902" lon="10.172065">
        <ele>818.923984</ele>
        <time>2022-09-01T20:34:04.343Z</time>
      </trkpt>
      <trkpt lat="47.644741" lon="10.170651">
        <ele>817.860354</ele>
        <time>2022-09-01T20:34:22.369Z</time>
      </trkpt>
      <trkpt lat="47.644669" lon="10.169347">
        <ele>818.433211</ele>
        <time>2022-09-01T20:34:41.678Z</time>
      </trkpt>
      <trkpt lat="47.643239" lon="10.166799">
        <ele>821.215242</ele>
        <time>2022-09-01T20:35:48.250Z</time>
      </trkpt>
      <trkpt lat="47.642947" lon="10.165711">
        <ele>821.578946</ele>
        <time>2022-09-01T20:36:09.214Z</time>
      </trkpt>
      <trkpt lat="47.642754" lon="10.164569">
        <ele>821.000357</ele>
        <time>2022-09-01T20:36:24.921Z</time>
      </trkpt>
      <trkpt lat="47.642614" lon="10.163994">
        <ele>820.699904</ele>
        <time>2022-09-01T20:36:32.322Z</time>
      </trkpt>
      <trkpt lat="47.642206" lon="10.162594">
        <ele>819.257436</ele>
        <time>2022-09-01T20:36:50.016Z</time>
      </trkpt>
      <trkpt lat="47.641185" lon="10.159156">
        <ele>816.749654</ele>
        <time>2022-09-01T20:37:38.391Z</time>
      </trkpt>
      <trkpt lat="47.641148" lon="10.159053">
        <ele>816.700618</ele>
        <time>2022-09-01T20:37:40.395Z</time>
      </trkpt>
      <trkpt lat="47.640712" lon="10.157188">
        <ele>818.082112</ele>
        <time>2022-09-01T20:38:16.893Z</time>
      </trkpt>
      <trkpt lat="47.640145" lon="10.155091">
        <ele>819.779427</ele>
        <time>2022-09-01T20:39:01.056Z</time>
      </trkpt>
      <trkpt lat="47.638883" lon="10.152415">
        <ele>819.966113</ele>
        <time>2022-09-01T20:39:53.073Z</time>
      </trkpt>
      <trkpt lat="47.638356" lon="10.151566">
        <ele>818.723289</ele>
        <time>2022-09-01T20:40:06.509Z</time>
      </trkpt>
      <trkpt lat="47.638242" lon="10.151105">
        <ele>817.544401</ele>
        <time>2022-09-01T20:40:11.742Z</time>
      </trkpt>
      <trkpt lat="47.638325" lon="10.149890">
        <ele>814.612632</ele>
        <time>2022-09-01T20:40:24.508Z</time>
      </trkpt>
      <trkpt lat="47.638649" lon="10.149590">
        <ele>813.260418</ele>
        <time>2022-09-01T20:40:30.403Z</time>
      </trkpt>
      <trkpt lat="47.639716" lon="10.148878">
        <ele>810.841810</ele>
        <time>2022-09-01T20:40:49.811Z</time>
      </trkpt>
      <trkpt lat="47.639843" lon="10.148667">
        <ele>810.447697</ele>
        <time>2022-09-01T20:40:53.165Z</time>
      </trkpt>
      <trkpt lat="47.639417" lon="10.148064">
        <ele>809.632569</ele>
        <time>2022-09-01T20:41:07.248Z</time>
      </trkpt>
      <trkpt lat="47.639110" lon="10.147510">
        <ele>809.877165</ele>
        <time>2022-09-01T20:41:19.043Z</time>
      </trkpt>
      <trkpt lat="47.638970" lon="10.147098">
        <ele>810.034511</ele>
        <time>2022-09-01T20:41:26.983Z</time>
      </trkpt>
      <trkpt lat="47.638900" lon="10.146506">
        <ele>810.239468</ele>
        <time>2022-09-01T20:41:37.665Z</time>
      </trkpt>
      <trkpt lat="47.638943" lon="10.145998">
        <ele>810.414058</ele>
        <time>2022-09-01T20:41:46.097Z</time>
      </trkpt>
      <trkpt lat="47.639030" lon="10.145619">
        <ele>810.518305</ele>
        <time>2022-09-01T20:41:52.139Z</time>
      </trkpt>
      <trkpt lat="47.639650" lon="10.143828">
        <ele>810.949514</ele>
        <time>2022-09-01T20:42:23.153Z</time>
      </trkpt>
      <trkpt lat="47.639764" lon="10.143277">
        <ele>811.155548</ele>
        <time>2022-09-01T20:42:32.451Z</time>
      </trkpt>
      <trkpt lat="47.640009" lon="10.141268">
        <ele>812.556144</ele>
        <time>2022-09-01T20:43:09.496Z</time>
      </trkpt>
      <trkpt lat="47.640123" lon="10.140556">
        <ele>812.898050</ele>
        <time>2022-09-01T20:43:22.977Z</time>
      </trkpt>
      <trkpt lat="47.640338" lon="10.139654">
        <ele>813.005382</ele>
        <time>2022-09-01T20:43:39.392Z</time>
      </trkpt>
      <trkpt lat="47.640521" lon="10.138745">
        <ele>813.111808</ele>
        <time>2022-09-01T20:43:53.595Z</time>
      </trkpt>
      <trkpt lat="47.640563" lon="10.138242">
        <ele>813.136449</ele>
        <time>2022-09-01T20:44:00.282Z</time>
      </trkpt>
      <trkpt lat="47.640497" lon="10.137162">
        <ele>811.664760</ele>
        <time>2022-09-01T20:44:13.582Z</time>
      </trkpt>
      <trkpt lat="47.640489" lon="10.137126">
        <ele>811.613316</ele>
        <time>2022-09-01T20:44:14.020Z</time>
      </trkpt>
      <trkpt lat="47.640472" lon="10.137010">
        <ele>811.452211</ele>
        <time>2022-09-01T20:44:15.420Z</time>
      </trkpt>
      <trkpt lat="47.640294" lon="10.136067">
        <ele>810.123187</ele>
        <time>2022-09-01T20:44:26.704Z</time>
      </trkpt>
      <trkpt lat="47.640137" lon="10.134729">
        <ele>807.880452</ele>
        <time>2022-09-01T20:44:41.849Z</time>
      </trkpt>
      <trkpt lat="47.640026" lon="10.133781">
        <ele>806.161617</ele>
        <time>2022-09-01T20:44:52.770Z</time>
      </trkpt>
      <trkpt lat="47.639862" lon="10.132622">
        <ele>804.114037</ele>
        <time>2022-09-01T20:45:06.361Z</time>
      </trkpt>
      <trkpt lat="47.639785" lon="10.131971">
        <ele>803.043443</ele>
        <time>2022-09-01T20:45:13.811Z</time>
      </trkpt>
      <trkpt lat="47.639743" lon="10.131621">
        <ele>802.467602</ele>
        <time>2022-09-01T20:45:17.918Z</time>
      </trkpt>
      <trkpt lat="47.639685" lon="10.131145">
        <ele>801.684084</ele>
        <time>2022-09-01T20:45:23.539Z</time>
      </trkpt>
      <trkpt lat="47.639719" lon="10.131033">
        <ele>801.485107</ele>
        <time>2022-09-01T20:45:25.016Z</time>
      </trkpt>
      <trkpt lat="47.639928" lon="10.130440">
        <ele>800.399578</ele>
        <time>2022-09-01T20:45:33.240Z</time>
      </trkpt>
      <trkpt lat="47.640182" lon="10.129941">
        <ele>799.355412</ele>
        <time>2022-09-01T20:45:40.958Z</time>
      </trkpt>
      <trkpt lat="47.640279" lon="10.129513">
        <ele>798.601471</ele>
        <time>2022-09-01T20:45:46.391Z</time>
      </trkpt>
      <trkpt lat="47.640301" lon="10.128766">
        <ele>797.353073</ele>
        <time>2022-09-01T20:45:55.135Z</time>
      </trkpt>
      <trkpt lat="47.640307" lon="10.128661">
        <ele>797.177133</ele>
        <time>2022-09-01T20:45:56.379Z</time>
      </trkpt>
      <trkpt lat="47.640376" lon="10.128125">
        <ele>796.266029</ele>
        <time>2022-09-01T20:46:02.816Z</time>
      </trkpt>
      <trkpt lat="47.640395" lon="10.128023">
        <ele>796.089340</ele>
        <time>2022-09-01T20:46:04.102Z</time>
      </trkpt>
      <trkpt lat="47.640805" lon="10.126473">
        <ele>794.242309</ele>
        <time>2022-09-01T20:46:24.811Z</time>
      </trkpt>
      <trkpt lat="47.640842" lon="10.126295">
        <ele>794.039395</ele>
        <time>2022-09-01T20:46:27.219Z</time>
      </trkpt>
      <trkpt lat="47.640956" lon="10.125820">
        <ele>793.490130</ele>
        <time>2022-09-01T20:46:34.103Z</time>
      </trkpt>
      <trkpt lat="47.640990" lon="10.125669">
        <ele>793.316704</ele>
        <time>2022-09-01T20:46:36.565Z</time>
      </trkpt>
      <trkpt lat="47.640990" lon="10.125669">
        <ele>793.316704</ele>
        <time>2022-09-01T20:46:36.566Z</time>
      </trkpt>
      <trkpt lat="47.641017" lon="10.125534">
        <ele>793.163306</ele>
        <time>2022-09-01T20:46:38.453Z</time>
      </trkpt>
      <trkpt lat="47.640966" lon="10.125508">
        <ele>793.080551</ele>
        <time>2022-09-01T20:46:39.529Z</time>
      </trkpt>
      <trkpt lat="47.640892" lon="10.125398">
        <ele>792.986551</ele>
        <time>2022-09-01T20:46:41.767Z</time>
      </trkpt>
      <trkpt lat="47.640810" lon="10.125263">
        <ele>792.876638</ele>
        <time>2022-09-01T20:46:44.660Z</time>
      </trkpt>
      <trkpt lat="47.640892" lon="10.125398">
        <ele>792.766724</ele>
        <time>2022-09-01T20:46:47.029Z</time>
      </trkpt>
      <trkpt lat="47.640966" lon="10.125508">
        <ele>792.672724</ele>
        <time>2022-09-01T20:46:49.220Z</time>
      </trkpt>
      <trkpt lat="47.641017" lon="10.125534">
        <ele>792.624326</ele>
        <time>2022-09-01T20:46:50.380Z</time>
      </trkpt>
      <trkpt lat="47.641069" lon="10.125226">
        <ele>792.432314</ele>
        <time>2022-09-01T20:46:54.682Z</time>
      </trkpt>
      <trkpt lat="47.641091" lon="10.125093">
        <ele>792.349498</ele>
        <time>2022-09-01T20:46:56.650Z</time>
      </trkpt>
      <trkpt lat="47.641087" lon="10.124600">
        <ele>792.051350</ele>
        <time>2022-09-01T20:47:03.590Z</time>
      </trkpt>
      <trkpt lat="47.641088" lon="10.124489">
        <ele>791.984221</ele>
        <time>2022-09-01T20:47:05.203Z</time>
      </trkpt>
      <trkpt lat="47.641089" lon="10.124359">
        <ele>791.905602</ele>
        <time>2022-09-01T20:47:07.141Z</time>
      </trkpt>
      <trkpt lat="47.641107" lon="10.124038">
        <ele>791.710816</ele>
        <time>2022-09-01T20:47:11.319Z</time>
      </trkpt>
      <trkpt lat="47.641122" lon="10.123929">
        <ele>791.643541</ele>
        <time>2022-09-01T20:47:12.886Z</time>
      </trkpt>
      <trkpt lat="47.641215" lon="10.123317">
        <ele>791.147368</ele>
        <time>2022-09-01T20:47:21.198Z</time>
      </trkpt>
      <trkpt lat="47.641249" lon="10.123195">
        <ele>791.022620</ele>
        <time>2022-09-01T20:47:22.937Z</time>
      </trkpt>
      <trkpt lat="47.641659" lon="10.121942">
        <ele>789.706440</ele>
        <time>2022-09-01T20:47:41.385Z</time>
      </trkpt>
      <trkpt lat="47.641681" lon="10.121882">
        <ele>789.641896</ele>
        <time>2022-09-01T20:47:42.239Z</time>
      </trkpt>
      <trkpt lat="47.641767" lon="10.121647">
        <ele>789.389208</ele>
        <time>2022-09-01T20:47:45.557Z</time>
      </trkpt>
      <trkpt lat="47.641797" lon="10.121565">
        <ele>789.301042</ele>
        <time>2022-09-01T20:47:46.730Z</time>
      </trkpt>
      <trkpt lat="47.641832" lon="10.121467">
        <ele>789.196239</ele>
        <time>2022-09-01T20:47:48.101Z</time>
      </trkpt>
      <trkpt lat="47.641866" lon="10.121370">
        <ele>789.092925</ele>
        <time>2022-09-01T20:47:49.494Z</time>
      </trkpt>
      <trkpt lat="47.641911" lon="10.121239">
        <ele>788.953986</ele>
        <time>2022-09-01T20:47:51.324Z</time>
      </trkpt>
      <trkpt lat="47.642049" lon="10.120434">
        <ele>788.265812</ele>
        <time>2022-09-01T20:48:02.025Z</time>
      </trkpt>
      <trkpt lat="47.642035" lon="10.119893">
        <ele>787.817648</ele>
        <time>2022-09-01T20:48:09.324Z</time>
      </trkpt>
      <trkpt lat="47.642023" lon="10.119800">
        <ele>787.739265</ele>
        <time>2022-09-01T20:48:10.653Z</time>
      </trkpt>
      <trkpt lat="47.641976" lon="10.119496">
        <ele>787.481077</ele>
        <time>2022-09-01T20:48:15.009Z</time>
      </trkpt>
      <trkpt lat="47.641828" lon="10.118587">
        <ele>786.704205</ele>
        <time>2022-09-01T20:48:27.763Z</time>
      </trkpt>
      <trkpt lat="47.641826" lon="10.118235">
        <ele>786.388206</ele>
        <time>2022-09-01T20:48:32.469Z</time>
      </trkpt>
      <trkpt lat="47.641985" lon="10.117112">
        <ele>785.358081</ele>
        <time>2022-09-01T20:48:47.346Z</time>
      </trkpt>
      <trkpt lat="47.641982" lon="10.117013">
        <ele>785.269119</ele>
        <time>2022-09-01T20:48:48.604Z</time>
      </trkpt>
      <trkpt lat="47.641906" lon="10.116448">
        <ele>784.751915</ele>
        <time>2022-09-01T20:48:56.113Z</time>
      </trkpt>
      <trkpt lat="47.641675" lon="10.115932">
        <ele>784.240731</ele>
        <time>2022-09-01T20:49:04.278Z</time>
      </trkpt>
      <trkpt lat="47.641659" lon="10.115898">
        <ele>784.214861</ele>
        <time>2022-09-01T20:49:04.810Z</time>
      </trkpt>
      <trkpt lat="47.641669" lon="10.115572">
        <ele>784.011299</ele>
        <time>2022-09-01T20:49:09.011Z</time>
      </trkpt>
      <trkpt lat="47.641550" lon="10.115365">
        <ele>783.841564</ele>
        <time>2022-09-01T20:49:12.414Z</time>
      </trkpt>
      <trkpt lat="47.641397" lon="10.115269">
        <ele>783.687777</ele>
        <time>2022-09-01T20:49:15.624Z</time>
      </trkpt>
      <trkpt lat="47.641365" lon="10.115102">
        <ele>783.579475</ele>
        <time>2022-09-01T20:49:17.888Z</time>
      </trkpt>
      <trkpt lat="47.641332" lon="10.114921">
        <ele>783.462510</ele>
        <time>2022-09-01T20:49:20.462Z</time>
      </trkpt>
      <trkpt lat="47.641175" lon="10.114081">
        <ele>782.918746</ele>
        <time>2022-09-01T20:49:32.476Z</time>
      </trkpt>
      <trkpt lat="47.640977" lon="10.112999">
        <ele>782.757725</ele>
        <time>2022-09-01T20:49:48.351Z</time>
      </trkpt>
      <trkpt lat="47.640958" lon="10.112872">
        <ele>782.771853</ele>
        <time>2022-09-01T20:49:50.382Z</time>
      </trkpt>
      <trkpt lat="47.640818" lon="10.111827">
        <ele>782.887554</ele>
        <time>2022-09-01T20:50:07.348Z</time>
      </trkpt>
      <trkpt lat="47.640805" lon="10.111370">
        <ele>782.937225</ele>
        <time>2022-09-01T20:50:15.057Z</time>
      </trkpt>
      <trkpt lat="47.640892" lon="10.110173">
        <ele>782.927085</ele>
        <time>2022-09-01T20:50:34.877Z</time>
      </trkpt>
      <trkpt lat="47.641331" lon="10.108582">
        <ele>782.851227</ele>
        <time>2022-09-01T20:50:59.752Z</time>
      </trkpt>
      <trkpt lat="47.641438" lon="10.108040">
        <ele>782.202344</ele>
        <time>2022-09-01T20:51:07.074Z</time>
      </trkpt>
      <trkpt lat="47.641509" lon="10.107191">
        <ele>781.170571</ele>
        <time>2022-09-01T20:51:17.545Z</time>
      </trkpt>
      <trkpt lat="47.641448" lon="10.106080">
        <ele>779.826235</ele>
        <time>2022-09-01T20:51:30.441Z</time>
      </trkpt>
      <trkpt lat="47.641322" lon="10.104757">
        <ele>777.592978</ele>
        <time>2022-09-01T20:51:45.448Z</time>
      </trkpt>
      <trkpt lat="47.641257" lon="10.103803">
        <ele>775.928613</ele>
        <time>2022-09-01T20:51:56.310Z</time>
      </trkpt>
      <trkpt lat="47.641272" lon="10.103296">
        <ele>775.047732</ele>
        <time>2022-09-01T20:52:02.181Z</time>
      </trkpt>
      <trkpt lat="47.641299" lon="10.103037">
        <ele>774.677769</ele>
        <time>2022-09-01T20:52:05.182Z</time>
      </trkpt>
      <trkpt lat="47.641532" lon="10.100780">
        <ele>771.547810</ele>
        <time>2022-09-01T20:52:32.262Z</time>
      </trkpt>
      <trkpt lat="47.641523" lon="10.100070">
        <ele>770.753061</ele>
        <time>2022-09-01T20:52:40.839Z</time>
      </trkpt>
      <trkpt lat="47.641444" lon="10.099524">
        <ele>770.166793</ele>
        <time>2022-09-01T20:52:47.562Z</time>
      </trkpt>
      <trkpt lat="47.641248" lon="10.098817">
        <ele>769.364197</ele>
        <time>2022-09-01T20:52:56.753Z</time>
      </trkpt>
      <trkpt lat="47.641136" lon="10.098527">
        <ele>769.013280</ele>
        <time>2022-09-01T20:53:00.915Z</time>
      </trkpt>
      <trkpt lat="47.641028" lon="10.098206">
        <ele>768.636607</ele>
        <time>2022-09-01T20:53:05.383Z</time>
      </trkpt>
      <trkpt lat="47.640981" lon="10.098009">
        <ele>768.540673</ele>
        <time>2022-09-01T20:53:08.069Z</time>
      </trkpt>
      <trkpt lat="47.640912" lon="10.097590">
        <ele>768.562638</ele>
        <time>2022-09-01T20:53:13.779Z</time>
      </trkpt>
      <trkpt lat="47.640872" lon="10.096360">
        <ele>768.625346</ele>
        <time>2022-09-01T20:53:33.899Z</time>
      </trkpt>
      <trkpt lat="47.640883" lon="10.094467">
        <ele>768.304025</ele>
        <time>2022-09-01T20:54:04.915Z</time>
      </trkpt>
      <trkpt lat="47.640992" lon="10.093736">
        <ele>768.028939</ele>
        <time>2022-09-01T20:54:15.453Z</time>
      </trkpt>
      <trkpt lat="47.641097" lon="10.092965">
        <ele>767.739925</ele>
        <time>2022-09-01T20:54:25.201Z</time>
      </trkpt>
      <trkpt lat="47.641739" lon="10.091670">
        <ele>765.664474</ele>
        <time>2022-09-01T20:54:43.905Z</time>
      </trkpt>
      <trkpt lat="47.641852" lon="10.091476">
        <ele>765.311601</ele>
        <time>2022-09-01T20:54:46.853Z</time>
      </trkpt>
      <trkpt lat="47.641852" lon="10.091476">
        <ele>765.311601</ele>
        <time>2022-09-01T20:54:46.857Z</time>
      </trkpt>
      <trkpt lat="47.642013" lon="10.091171">
        <ele>764.778450</ele>
        <time>2022-09-01T20:54:51.333Z</time>
      </trkpt>
      <trkpt lat="47.642419" lon="10.089828">
        <ele>763.035810</ele>
        <time>2022-09-01T20:55:09.182Z</time>
      </trkpt>
      <trkpt lat="47.642534" lon="10.089508">
        <ele>762.648457</ele>
        <time>2022-09-01T20:55:13.820Z</time>
      </trkpt>
      <trkpt lat="47.642581" lon="10.089379">
        <ele>762.491825</ele>
        <time>2022-09-01T20:55:15.632Z</time>
      </trkpt>
      <trkpt lat="47.642680" lon="10.089307">
        <ele>762.317062</ele>
        <time>2022-09-01T20:55:17.696Z</time>
      </trkpt>
      <trkpt lat="47.642652" lon="10.089042">
        <ele>762.030572</ele>
        <time>2022-09-01T20:55:21.087Z</time>
      </trkpt>
      <trkpt lat="47.642675" lon="10.088840">
        <ele>761.811769</ele>
        <time>2022-09-01T20:55:23.579Z</time>
      </trkpt>
      <trkpt lat="47.643226" lon="10.087344">
        <ele>760.081986</ele>
        <time>2022-09-01T20:55:44.241Z</time>
      </trkpt>
      <trkpt lat="47.643650" lon="10.086563">
        <ele>759.093888</ele>
        <time>2022-09-01T20:55:56.671Z</time>
      </trkpt>
      <trkpt lat="47.644227" lon="10.085744">
        <ele>758.602539</ele>
        <time>2022-09-01T20:56:11.826Z</time>
      </trkpt>
      <trkpt lat="47.644496" lon="10.085475">
        <ele>758.654735</ele>
        <time>2022-09-01T20:56:18.429Z</time>
      </trkpt>
      <trkpt lat="47.645068" lon="10.085216">
        <ele>758.750972</ele>
        <time>2022-09-01T20:56:32.662Z</time>
      </trkpt>
      <trkpt lat="47.645405" lon="10.085238">
        <ele>758.805255</ele>
        <time>2022-09-01T20:56:41.639Z</time>
      </trkpt>
      <trkpt lat="47.646287" lon="10.085556">
        <ele>760.509255</ele>
        <time>2022-09-01T20:57:09.243Z</time>
      </trkpt>
      <trkpt lat="47.647094" lon="10.085952">
        <ele>762.332431</ele>
        <time>2022-09-01T20:57:37.342Z</time>
      </trkpt>
      <trkpt lat="47.647475" lon="10.085981">
        <ele>762.865026</ele>
        <time>2022-09-01T20:57:49.243Z</time>
      </trkpt>
      <trkpt lat="47.647841" lon="10.085789">
        <ele>763.188947</ele>
        <time>2022-09-01T20:58:00.073Z</time>
      </trkpt>
      <trkpt lat="47.648034" lon="10.085543">
        <ele>763.401223</ele>
        <time>2022-09-01T20:58:06.587Z</time>
      </trkpt>
      <trkpt lat="47.648609" lon="10.084575">
        <ele>764.126710</ele>
        <time>2022-09-01T20:58:27.087Z</time>
      </trkpt>
      <trkpt lat="47.648733" lon="10.084451">
        <ele>764.162871</ele>
        <time>2022-09-01T20:58:30.056Z</time>
      </trkpt>
      <trkpt lat="47.649467" lon="10.084375">
        <ele>763.970873</ele>
        <time>2022-09-01T20:58:44.916Z</time>
      </trkpt>
      <trkpt lat="47.649685" lon="10.084368">
        <ele>763.913974</ele>
        <time>2022-09-01T20:58:49.762Z</time>
      </trkpt>
      <trkpt lat="47.650568" lon="10.084623">
        <ele>764.020770</ele>
        <time>2022-09-01T20:59:07.945Z</time>
      </trkpt>
      <trkpt lat="47.651092" lon="10.084488">
        <ele>765.221200</ele>
        <time>2022-09-01T20:59:22.408Z</time>
      </trkpt>
      <trkpt lat="47.651150" lon="10.084425">
        <ele>765.383419</ele>
        <time>2022-09-01T20:59:24.487Z</time>
      </trkpt>
      <trkpt lat="47.651204" lon="10.084377">
        <ele>765.525486</ele>
        <time>2022-09-01T20:59:26.388Z</time>
      </trkpt>
      <trkpt lat="47.651571" lon="10.084249">
        <ele>766.376418</ele>
        <time>2022-09-01T20:59:39.025Z</time>
      </trkpt>
      <trkpt lat="47.651787" lon="10.084269">
        <ele>766.864911</ele>
        <time>2022-09-01T20:59:46.942Z</time>
      </trkpt>
      <trkpt lat="47.651949" lon="10.084376">
        <ele>767.265130</ele>
        <time>2022-09-01T20:59:53.478Z</time>
      </trkpt>
      <trkpt lat="47.652252" lon="10.084578">
        <ele>768.137682</ele>
        <time>2022-09-01T21:00:06.495Z</time>
      </trkpt>
      <trkpt lat="47.652654" lon="10.084905">
        <ele>769.701014</ele>
        <time>2022-09-01T21:00:24.715Z</time>
      </trkpt>
      <trkpt lat="47.652755" lon="10.085014">
        <ele>770.126873</ele>
        <time>2022-09-01T21:00:29.757Z</time>
      </trkpt>
      <trkpt lat="47.653572" lon="10.086072">
        <ele>773.824362</ele>
        <time>2022-09-01T21:01:12.804Z</time>
      </trkpt>
      <trkpt lat="47.654878" lon="10.088070">
        <ele>769.444280</ele>
        <time>2022-09-01T21:01:46.469Z</time>
      </trkpt>
      <trkpt lat="47.655162" lon="10.088247">
        <ele>767.115240</ele>
        <time>2022-09-01T21:01:50.987Z</time>
      </trkpt>
      <trkpt lat="47.655536" lon="10.088273">
        <ele>764.284122</ele>
        <time>2022-09-01T21:01:56.419Z</time>
      </trkpt>
      <trkpt lat="47.655682" lon="10.088366">
        <ele>763.082807</ele>
        <time>2022-09-01T21:01:58.587Z</time>
      </trkpt>
      <trkpt lat="47.655737" lon="10.088680">
        <ele>761.430310</ele>
        <time>2022-09-01T21:02:01.630Z</time>
      </trkpt>
      <trkpt lat="47.655972" lon="10.088818">
        <ele>759.519384</ele>
        <time>2022-09-01T21:02:05.112Z</time>
      </trkpt>
      <trkpt lat="47.656044" lon="10.088852">
        <ele>758.948075</ele>
        <time>2022-09-01T21:02:06.154Z</time>
      </trkpt>
      <trkpt lat="47.656470" lon="10.089103">
        <ele>755.728185</ele>
        <time>2022-09-01T21:02:12.423Z</time>
      </trkpt>
      <trkpt lat="47.658597" lon="10.090008">
        <ele>745.837293</ele>
        <time>2022-09-01T21:02:46.619Z</time>
      </trkpt>
      <trkpt lat="47.659053" lon="10.090268">
        <ele>744.669246</ele>
        <time>2022-09-01T21:02:55.396Z</time>
      </trkpt>
      <trkpt lat="47.659546" lon="10.090692">
        <ele>743.306861</ele>
        <time>2022-09-01T21:03:05.790Z</time>
      </trkpt>
      <trkpt lat="47.660034" lon="10.091254">
        <ele>742.366262</ele>
        <time>2022-09-01T21:03:17.377Z</time>
      </trkpt>
      <trkpt lat="47.660917" lon="10.092508">
        <ele>741.120411</ele>
        <time>2022-09-01T21:03:40.993Z</time>
      </trkpt>
      <trkpt lat="47.660992" lon="10.092602">
        <ele>741.020338</ele>
        <time>2022-09-01T21:03:42.919Z</time>
      </trkpt>
      <trkpt lat="47.662082" lon="10.093999">
        <ele>740.251837</ele>
        <time>2022-09-01T21:04:12.230Z</time>
      </trkpt>
      <trkpt lat="47.662420" lon="10.094350">
        <ele>740.044693</ele>
        <time>2022-09-01T21:04:20.996Z</time>
      </trkpt>
      <trkpt lat="47.662790" lon="10.094585">
        <ele>739.943712</ele>
        <time>2022-09-01T21:04:29.746Z</time>
      </trkpt>
      <trkpt lat="47.663252" lon="10.094753">
        <ele>739.835359</ele>
        <time>2022-09-01T21:04:40.196Z</time>
      </trkpt>
      <trkpt lat="47.663631" lon="10.094799">
        <ele>739.748735</ele>
        <time>2022-09-01T21:04:48.461Z</time>
      </trkpt>
      <trkpt lat="47.663698" lon="10.094802">
        <ele>739.733466</ele>
        <time>2022-09-01T21:04:49.869Z</time>
      </trkpt>
      <trkpt lat="47.664373" lon="10.094748">
        <ele>739.486821</ele>
        <time>2022-09-01T21:05:04.112Z</time>
      </trkpt>
      <trkpt lat="47.664666" lon="10.094556">
        <ele>739.238063</ele>
        <time>2022-09-01T21:05:10.521Z</time>
      </trkpt>
      <trkpt lat="47.664924" lon="10.094686">
        <ele>739.026443</ele>
        <time>2022-09-01T21:05:16.101Z</time>
      </trkpt>
      <trkpt lat="47.665258" lon="10.094828">
        <ele>738.756592</ele>
        <time>2022-09-01T21:05:22.976Z</time>
      </trkpt>
      <trkpt lat="47.665393" lon="10.094808">
        <ele>738.651213</ele>
        <time>2022-09-01T21:05:25.602Z</time>
      </trkpt>
      <trkpt lat="47.665835" lon="10.094743">
        <ele>738.306220</ele>
        <time>2022-09-01T21:05:34.177Z</time>
      </trkpt>
      <trkpt lat="47.666034" lon="10.094736">
        <ele>738.145814</ele>
        <time>2022-09-01T21:05:37.773Z</time>
      </trkpt>
      <trkpt lat="47.665835" lon="10.094743">
        <ele>737.978272</ele>
        <time>2022-09-01T21:05:41.802Z</time>
      </trkpt>
      <trkpt lat="47.665828" lon="10.094482">
        <ele>737.830210</ele>
        <time>2022-09-01T21:05:44.980Z</time>
      </trkpt>
      <trkpt lat="47.665814" lon="10.094105">
        <ele>737.616188</ele>
        <time>2022-09-01T21:05:49.964Z</time>
      </trkpt>
      <trkpt lat="47.665810" lon="10.093685">
        <ele>737.378093</ele>
        <time>2022-09-01T21:05:55.543Z</time>
      </trkpt>
      <trkpt lat="47.665880" lon="10.093512">
        <ele>737.263691</ele>
        <time>2022-09-01T21:05:58.048Z</time>
      </trkpt>
      <trkpt lat="47.666004" lon="10.093388">
        <ele>737.137861</ele>
        <time>2022-09-01T21:06:01.176Z</time>
      </trkpt>
      <trkpt lat="47.666673" lon="10.092879">
        <ele>736.619243</ele>
        <time>2022-09-01T21:06:16.485Z</time>
      </trkpt>
      <trkpt lat="47.666939" lon="10.092480">
        <ele>736.480896</ele>
        <time>2022-09-01T21:06:24.501Z</time>
      </trkpt>
      <trkpt lat="47.667078" lon="10.092005">
        <ele>736.353276</ele>
        <time>2022-09-01T21:06:32.233Z</time>
      </trkpt>
      <trkpt lat="47.667096" lon="10.091786">
        <ele>736.298911</ele>
        <time>2022-09-01T21:06:35.440Z</time>
      </trkpt>
      <trkpt lat="47.667039" lon="10.091160">
        <ele>736.143253</ele>
        <time>2022-09-01T21:06:44.473Z</time>
      </trkpt>
      <trkpt lat="47.667087" lon="10.090904">
        <ele>736.077771</ele>
        <time>2022-09-01T21:06:48.226Z</time>
      </trkpt>
      <trkpt lat="47.667473" lon="10.090280">
        <ele>735.505324</ele>
        <time>2022-09-01T21:06:59.515Z</time>
      </trkpt>
      <trkpt lat="47.668139" lon="10.089763">
        <ele>734.674356</ele>
        <time>2022-09-01T21:07:13.666Z</time>
      </trkpt>
      <trkpt lat="47.669320" lon="10.088801">
        <ele>733.360000</ele>
        <time>2022-09-01T21:07:38.750Z</time>
      </trkpt>
      <trkpt lat="47.670598" lon="10.087131">
        <ele>731.966243</ele>
        <time>2022-09-01T21:08:13.578Z</time>
      </trkpt>
      <trkpt lat="47.670789" lon="10.086881">
        <ele>731.782062</ele>
        <time>2022-09-01T21:08:18.740Z</time>
      </trkpt>
      <trkpt lat="47.671068" lon="10.086459">
        <ele>731.493975</ele>
        <time>2022-09-01T21:08:26.507Z</time>
      </trkpt>
      <trkpt lat="47.671248" lon="10.086257">
        <ele>731.330763</ele>
        <time>2022-09-01T21:08:30.972Z</time>
      </trkpt>
      <trkpt lat="47.672268" lon="10.085307">
        <ele>730.082603</ele>
        <time>2022-09-01T21:08:54.151Z</time>
      </trkpt>
      <trkpt lat="47.672808" lon="10.084590">
        <ele>729.279508</ele>
        <time>2022-09-01T21:09:07.725Z</time>
      </trkpt>
      <trkpt lat="47.673108" lon="10.084336">
        <ele>728.929780</ele>
        <time>2022-09-01T21:09:14.131Z</time>
      </trkpt>
      <trkpt lat="47.673743" lon="10.083972">
        <ele>728.265357</ele>
        <time>2022-09-01T21:09:27.215Z</time>
      </trkpt>
      <trkpt lat="47.674230" lon="10.083829">
        <ele>727.780772</ele>
        <time>2022-09-01T21:09:36.954Z</time>
      </trkpt>
      <trkpt lat="47.674303" lon="10.083815">
        <ele>727.708922</ele>
        <time>2022-09-01T21:09:38.379Z</time>
      </trkpt>
      <trkpt lat="47.675084" lon="10.083696">
        <ele>727.280623</ele>
        <time>2022-09-01T21:09:53.943Z</time>
      </trkpt>
      <trkpt lat="47.676327" lon="10.083202">
        <ele>726.917553</ele>
        <time>2022-09-01T21:10:21.706Z</time>
      </trkpt>
      <trkpt lat="47.676354" lon="10.083188">
        <ele>726.911978</ele>
        <time>2022-09-01T21:10:22.375Z</time>
      </trkpt>
      <trkpt lat="47.676743" lon="10.082976">
        <ele>727.064339</ele>
        <time>2022-09-01T21:10:32.245Z</time>
      </trkpt>
      <trkpt lat="47.677470" lon="10.082412">
        <ele>727.365928</ele>
        <time>2022-09-01T21:10:52.437Z</time>
      </trkpt>
      <trkpt lat="47.677504" lon="10.082439">
        <ele>727.380105</ele>
        <time>2022-09-01T21:10:53.363Z</time>
      </trkpt>
      <trkpt lat="47.677786" lon="10.082538">
        <ele>727.486653</ele>
        <time>2022-09-01T21:11:00.443Z</time>
      </trkpt>
      <trkpt lat="47.678310" lon="10.082444">
        <ele>727.611280</ele>
        <time>2022-09-01T21:11:13.493Z</time>
      </trkpt>
      <trkpt lat="47.678647" lon="10.082544">
        <ele>727.656985</ele>
        <time>2022-09-01T21:11:21.741Z</time>
      </trkpt>
      <trkpt lat="47.678881" lon="10.082747">
        <ele>727.693026</ele>
        <time>2022-09-01T21:11:27.987Z</time>
      </trkpt>
      <trkpt lat="47.678928" lon="10.082803">
        <ele>727.701040</ele>
        <time>2022-09-01T21:11:29.368Z</time>
      </trkpt>
      <trkpt lat="47.679161" lon="10.083102">
        <ele>727.741992</ele>
        <time>2022-09-01T21:11:36.392Z</time>
      </trkpt>
      <trkpt lat="47.679577" lon="10.083723">
        <ele>727.786683</ele>
        <time>2022-09-01T21:11:50.525Z</time>
      </trkpt>
      <trkpt lat="47.680262" lon="10.084163">
        <ele>727.525517</ele>
        <time>2022-09-01T21:12:07.128Z</time>
      </trkpt>
      <trkpt lat="47.680136" lon="10.084553">
        <ele>727.423599</ele>
        <time>2022-09-01T21:12:13.239Z</time>
      </trkpt>
      <trkpt lat="47.679949" lon="10.085111">
        <ele>727.276745</ele>
        <time>2022-09-01T21:12:21.720Z</time>
      </trkpt>
      <trkpt lat="47.679908" lon="10.085214">
        <ele>727.248554</ele>
        <time>2022-09-01T21:12:23.304Z</time>
      </trkpt>
      <trkpt lat="47.679971" lon="10.085277">
        <ele>727.221976</ele>
        <time>2022-09-01T21:12:24.883Z</time>
      </trkpt>
      <trkpt lat="47.680436" lon="10.085800">
        <ele>727.125798</ele>
        <time>2022-09-01T21:12:36.846Z</time>
      </trkpt>
      <trkpt lat="47.680981" lon="10.086647">
        <ele>727.031595</ele>
        <time>2022-09-01T21:12:53.539Z</time>
      </trkpt>
      <trkpt lat="47.681585" lon="10.087643">
        <ele>727.494993</ele>
        <time>2022-09-01T21:13:14.359Z</time>
      </trkpt>
      <trkpt lat="47.681964" lon="10.088107">
        <ele>728.213705</ele>
        <time>2022-09-01T21:13:29.016Z</time>
      </trkpt>
      <trkpt lat="47.682612" lon="10.088753">
        <ele>729.355716</ele>
        <time>2022-09-01T21:13:52.791Z</time>
      </trkpt>
      <trkpt lat="47.682847" lon="10.089307">
        <ele>729.797511</ele>
        <time>2022-09-01T21:14:05.788Z</time>
      </trkpt>
      <trkpt lat="47.683393" lon="10.089618">
        <ele>730.220360</ele>
        <time>2022-09-01T21:14:21.426Z</time>
      </trkpt>
      <trkpt lat="47.685161" lon="10.089987">
        <ele>731.037689</ele>
        <time>2022-09-01T21:15:01.058Z</time>
      </trkpt>
      <trkpt lat="47.685784" lon="10.090200">
        <ele>731.142074</ele>
        <time>2022-09-01T21:15:14.186Z</time>
      </trkpt>
      <trkpt lat="47.686014" lon="10.090127">
        <ele>731.180476</ele>
        <time>2022-09-01T21:15:19.537Z</time>
      </trkpt>
      <trkpt lat="47.686660" lon="10.089621">
        <ele>733.232621</ele>
        <time>2022-09-01T21:15:42.025Z</time>
      </trkpt>
      <trkpt lat="47.687325" lon="10.089383">
        <ele>735.371330</ele>
        <time>2022-09-01T21:16:07.052Z</time>
      </trkpt>
      <trkpt lat="47.687999" lon="10.089348">
        <ele>737.456544</ele>
        <time>2022-09-01T21:16:34.871Z</time>
      </trkpt>
      <trkpt lat="47.688476" lon="10.089267">
        <ele>738.904623</ele>
        <time>2022-09-01T21:16:54.396Z</time>
      </trkpt>
      <trkpt lat="47.689112" lon="10.089277">
        <ele>740.823011</ele>
        <time>2022-09-01T21:17:17.446Z</time>
      </trkpt>
      <trkpt lat="47.690150" lon="10.089206">
        <ele>741.459131</ele>
        <time>2022-09-01T21:17:42.842Z</time>
      </trkpt>
      <trkpt lat="47.690815" lon="10.088867">
        <ele>740.491323</ele>
        <time>2022-09-01T21:17:55.111Z</time>
      </trkpt>
      <trkpt lat="47.691218" lon="10.088411">
        <ele>739.793983</ele>
        <time>2022-09-01T21:18:03.497Z</time>
      </trkpt>
      <trkpt lat="47.692204" lon="10.086639">
        <ele>735.983305</ele>
        <time>2022-09-01T21:18:29.404Z</time>
      </trkpt>
      <trkpt lat="47.692390" lon="10.086349">
        <ele>735.315470</ele>
        <time>2022-09-01T21:18:34.077Z</time>
      </trkpt>
      <trkpt lat="47.692497" lon="10.086196">
        <ele>735.358332</ele>
        <time>2022-09-01T21:18:36.743Z</time>
      </trkpt>
      <trkpt lat="47.692651" lon="10.085981">
        <ele>735.426523</ele>
        <time>2022-09-01T21:18:40.679Z</time>
      </trkpt>
      <trkpt lat="47.692721" lon="10.085762">
        <ele>735.479180</ele>
        <time>2022-09-01T21:18:43.908Z</time>
      </trkpt>
      <trkpt lat="47.692715" lon="10.085466">
        <ele>735.543500</ele>
        <time>2022-09-01T21:18:48.035Z</time>
      </trkpt>
      <trkpt lat="47.692760" lon="10.085164">
        <ele>735.610681</ele>
        <time>2022-09-01T21:18:52.833Z</time>
      </trkpt>
      <trkpt lat="47.692917" lon="10.085002">
        <ele>735.672362</ele>
        <time>2022-09-01T21:18:57.583Z</time>
      </trkpt>
      <trkpt lat="47.693045" lon="10.084901">
        <ele>735.719129</ele>
        <time>2022-09-01T21:19:01.572Z</time>
      </trkpt>
      <trkpt lat="47.693200" lon="10.084782">
        <ele>735.775428</ele>
        <time>2022-09-01T21:19:06.569Z</time>
      </trkpt>
      <trkpt lat="47.693565" lon="10.084660">
        <ele>735.942759</ele>
        <time>2022-09-01T21:19:17.780Z</time>
      </trkpt>
      <trkpt lat="47.694008" lon="10.084715">
        <ele>737.487550</ele>
        <time>2022-09-01T21:19:32.420Z</time>
      </trkpt>
      <trkpt lat="47.694759" lon="10.085300">
        <ele>740.434227</ele>
        <time>2022-09-01T21:20:06.938Z</time>
      </trkpt>
      <trkpt lat="47.695726" lon="10.085553">
        <ele>743.285237</ele>
        <time>2022-09-01T21:20:41.009Z</time>
      </trkpt>
      <trkpt lat="47.696129" lon="10.085546">
        <ele>744.224814</ele>
        <time>2022-09-01T21:20:53.640Z</time>
      </trkpt>
      <trkpt lat="47.696177" lon="10.085538">
        <ele>744.337418</ele>
        <time>2022-09-01T21:20:55.121Z</time>
      </trkpt>
      <trkpt lat="47.696408" lon="10.085440">
        <ele>744.897472</ele>
        <time>2022-09-01T21:21:02.696Z</time>
      </trkpt>
      <trkpt lat="47.696974" lon="10.084961">
        <ele>746.353392</ele>
        <time>2022-09-01T21:21:22.053Z</time>
      </trkpt>
      <trkpt lat="47.697180" lon="10.084786">
        <ele>746.479816</ele>
        <time>2022-09-01T21:21:28.475Z</time>
      </trkpt>
      <trkpt lat="47.697738" lon="10.084419">
        <ele>746.804927</ele>
        <time>2022-09-01T21:21:43.658Z</time>
      </trkpt>
      <trkpt lat="47.698006" lon="10.084267">
        <ele>746.957759</ele>
        <time>2022-09-01T21:21:50.765Z</time>
      </trkpt>
      <trkpt lat="47.698032" lon="10.084256">
        <ele>746.972161</ele>
        <time>2022-09-01T21:21:51.465Z</time>
      </trkpt>
      <trkpt lat="47.698439" lon="10.084072">
        <ele>747.198815</ele>
        <time>2022-09-01T21:22:02.250Z</time>
      </trkpt>
      <trkpt lat="47.699040" lon="10.083750">
        <ele>745.723186</ele>
        <time>2022-09-01T21:22:14.899Z</time>
      </trkpt>
      <trkpt lat="47.699682" lon="10.083068">
        <ele>743.040833</ele>
        <time>2022-09-01T21:22:27.517Z</time>
      </trkpt>
      <trkpt lat="47.701753" lon="10.081264">
        <ele>731.203309</ele>
        <time>2022-09-01T21:23:02.799Z</time>
      </trkpt>
      <trkpt lat="47.702064" lon="10.081020">
        <ele>730.722323</ele>
        <time>2022-09-01T21:23:08.599Z</time>
      </trkpt>
      <trkpt lat="47.702474" lon="10.080845">
        <ele>730.138915</ele>
        <time>2022-09-01T21:23:16.275Z</time>
      </trkpt>
      <trkpt lat="47.703263" lon="10.080667">
        <ele>729.047480</ele>
        <time>2022-09-01T21:23:34.270Z</time>
      </trkpt>
      <trkpt lat="47.704098" lon="10.080571">
        <ele>729.852647</ele>
        <time>2022-09-01T21:23:56.045Z</time>
      </trkpt>
      <trkpt lat="47.705540" lon="10.080459">
        <ele>732.315782</ele>
        <time>2022-09-01T21:24:39.489Z</time>
      </trkpt>
      <trkpt lat="47.706229" lon="10.080463">
        <ele>733.887612</ele>
        <time>2022-09-01T21:25:01.526Z</time>
      </trkpt>
      <trkpt lat="47.707566" lon="10.080345">
        <ele>736.290016</ele>
        <time>2022-09-01T21:25:44.464Z</time>
      </trkpt>
      <trkpt lat="47.708556" lon="10.080416">
        <ele>737.362714</ele>
        <time>2022-09-01T21:26:09.488Z</time>
      </trkpt>
      <trkpt lat="47.709339" lon="10.080685">
        <ele>737.273997</ele>
        <time>2022-09-01T21:26:26.284Z</time>
      </trkpt>
      <trkpt lat="47.709844" lon="10.080770">
        <ele>736.923326</ele>
        <time>2022-09-01T21:26:36.227Z</time>
      </trkpt>
      <trkpt lat="47.712647" lon="10.080542">
        <ele>734.952501</ele>
        <time>2022-09-01T21:27:30.794Z</time>
      </trkpt>
      <trkpt lat="47.713056" lon="10.080455">
        <ele>735.072383</ele>
        <time>2022-09-01T21:27:40.415Z</time>
      </trkpt>
      <trkpt lat="47.713239" lon="10.080402">
        <ele>735.126480</ele>
        <time>2022-09-01T21:27:45.156Z</time>
      </trkpt>
      <trkpt lat="47.715497" lon="10.079876">
        <ele>735.473002</ele>
        <time>2022-09-01T21:28:42.472Z</time>
      </trkpt>
      <trkpt lat="47.716225" lon="10.079783">
        <ele>734.943112</ele>
        <time>2022-09-01T21:28:55.991Z</time>
      </trkpt>
      <trkpt lat="47.716724" lon="10.079800">
        <ele>733.945477</ele>
        <time>2022-09-01T21:29:04.526Z</time>
      </trkpt>
      <trkpt lat="47.718702" lon="10.080240">
        <ele>731.096452</ele>
        <time>2022-09-01T21:29:39.250Z</time>
      </trkpt>
      <trkpt lat="47.720005" lon="10.080303">
        <ele>731.533852</ele>
        <time>2022-09-01T21:30:11.661Z</time>
      </trkpt>
      <trkpt lat="47.721327" lon="10.080530">
        <ele>734.622401</ele>
        <time>2022-09-01T21:30:56.524Z</time>
      </trkpt>
      <trkpt lat="47.721381" lon="10.080541">
        <ele>734.819593</ele>
        <time>2022-09-01T21:30:58.498Z</time>
      </trkpt>
      <trkpt lat="47.721740" lon="10.080612">
        <ele>736.129860</ele>
        <time>2022-09-01T21:31:11.629Z</time>
      </trkpt>
      <trkpt lat="47.723489" lon="10.080757">
        <ele>741.935030</ele>
        <time>2022-09-01T21:32:17.338Z</time>
      </trkpt>
      <trkpt lat="47.723830" lon="10.080846">
        <ele>742.708871</ele>
        <time>2022-09-01T21:32:29.585Z</time>
      </trkpt>
      <trkpt lat="47.724163" lon="10.081052">
        <ele>743.515049</ele>
        <time>2022-09-01T21:32:41.048Z</time>
      </trkpt>
      <trkpt lat="47.724644" lon="10.081462">
        <ele>744.754353</ele>
        <time>2022-09-01T21:32:56.664Z</time>
      </trkpt>
      <trkpt lat="47.724933" lon="10.081510">
        <ele>744.862353</ele>
        <time>2022-09-01T21:33:03.454Z</time>
      </trkpt>
      <trkpt lat="47.725179" lon="10.081300">
        <ele>744.386423</ele>
        <time>2022-09-01T21:33:09.235Z</time>
      </trkpt>
      <trkpt lat="47.725336" lon="10.080903">
        <ele>743.866684</ele>
        <time>2022-09-01T21:33:15.320Z</time>
      </trkpt>
      <trkpt lat="47.725494" lon="10.080310">
        <ele>743.146849</ele>
        <time>2022-09-01T21:33:22.903Z</time>
      </trkpt>
      <trkpt lat="47.725890" lon="10.079784">
        <ele>742.255895</ele>
        <time>2022-09-01T21:33:31.527Z</time>
      </trkpt>
      <trkpt lat="47.725938" lon="10.079724">
        <ele>742.150679</ele>
        <time>2022-09-01T21:33:32.522Z</time>
      </trkpt>
      <trkpt lat="47.725987" lon="10.079651">
        <ele>741.995086</ele>
        <time>2022-09-01T21:33:33.628Z</time>
      </trkpt>
      <trkpt lat="47.726006" lon="10.079613">
        <ele>741.892713</ele>
        <time>2022-09-01T21:33:34.135Z</time>
      </trkpt>
      <trkpt lat="47.726095" lon="10.079217">
        <ele>740.989967</ele>
        <time>2022-09-01T21:33:38.654Z</time>
      </trkpt>
      <trkpt lat="47.726203" lon="10.078795">
        <ele>740.013726</ele>
        <time>2022-09-01T21:33:43.614Z</time>
      </trkpt>
      <trkpt lat="47.726348" lon="10.078550">
        <ele>739.308151</ele>
        <time>2022-09-01T21:33:47.192Z</time>
      </trkpt>
      <trkpt lat="47.726472" lon="10.078192">
        <ele>738.437509</ele>
        <time>2022-09-01T21:33:51.567Z</time>
      </trkpt>
      <trkpt lat="47.726469" lon="10.077748">
        <ele>737.477464</ele>
        <time>2022-09-01T21:33:56.414Z</time>
      </trkpt>
      <trkpt lat="47.726835" lon="10.077681">
        <ele>736.291936</ele>
        <time>2022-09-01T21:34:02.434Z</time>
      </trkpt>
      <trkpt lat="47.727048" lon="10.077662">
        <ele>735.565351</ele>
        <time>2022-09-01T21:34:05.977Z</time>
      </trkpt>
      <trkpt lat="47.727465" lon="10.077616">
        <ele>734.141532</ele>
        <time>2022-09-01T21:34:12.864Z</time>
      </trkpt>
      <trkpt lat="47.728144" lon="10.077458">
        <ele>731.801337</ele>
        <time>2022-09-01T21:34:24.091Z</time>
      </trkpt>
      <trkpt lat="47.728284" lon="10.077410">
        <ele>731.312114</ele>
        <time>2022-09-01T21:34:26.360Z</time>
      </trkpt>
      <trkpt lat="47.728870" lon="10.077154">
        <ele>729.062424</ele>
        <time>2022-09-01T21:34:35.915Z</time>
      </trkpt>
      <trkpt lat="47.729179" lon="10.076920">
        <ele>727.667871</ele>
        <time>2022-09-01T21:34:41.276Z</time>
      </trkpt>
      <trkpt lat="47.730230" lon="10.075492">
        <ele>721.924628</ele>
        <time>2022-09-01T21:35:03.660Z</time>
      </trkpt>
      <trkpt lat="47.730690" lon="10.075062">
        <ele>719.701051</ele>
        <time>2022-09-01T21:35:12.084Z</time>
      </trkpt>
      <trkpt lat="47.731000" lon="10.074725">
        <ele>718.129524</ele>
        <time>2022-09-01T21:35:18.046Z</time>
      </trkpt>
      <trkpt lat="47.731964" lon="10.073363">
        <ele>713.051686</ele>
        <time>2022-09-01T21:35:38.970Z</time>
      </trkpt>
      <trkpt lat="47.733066" lon="10.071804">
        <ele>708.281750</ele>
        <time>2022-09-01T21:36:03.514Z</time>
      </trkpt>
      <trkpt lat="47.733108" lon="10.071771">
        <ele>708.186138</ele>
        <time>2022-09-01T21:36:04.277Z</time>
      </trkpt>
      <trkpt lat="47.733811" lon="10.071224">
        <ele>706.589153</ele>
        <time>2022-09-01T21:36:18.127Z</time>
      </trkpt>
      <trkpt lat="47.733918" lon="10.070979">
        <ele>706.193709</ele>
        <time>2022-09-01T21:36:21.842Z</time>
      </trkpt>
      <trkpt lat="47.733945" lon="10.070585">
        <ele>705.657590</ele>
        <time>2022-09-01T21:36:26.908Z</time>
      </trkpt>
      <trkpt lat="47.734934" lon="10.070412">
        <ele>705.970381</ele>
        <time>2022-09-01T21:36:48.968Z</time>
      </trkpt>
      <trkpt lat="47.738126" lon="10.069760">
        <ele>709.465406</ele>
        <time>2022-09-01T21:38:18.041Z</time>
      </trkpt>
      <trkpt lat="47.739967" lon="10.069394">
        <ele>711.476307</ele>
        <time>2022-09-01T21:39:06.854Z</time>
      </trkpt>
      <trkpt lat="47.740198" lon="10.069348">
        <ele>711.699974</ele>
        <time>2022-09-01T21:39:13.909Z</time>
      </trkpt>
      <trkpt lat="47.741430" lon="10.069239">
        <ele>712.448482</ele>
        <time>2022-09-01T21:39:45.221Z</time>
      </trkpt>
      <trkpt lat="47.741451" lon="10.069552">
        <ele>712.324238</ele>
        <time>2022-09-01T21:39:54.032Z</time>
      </trkpt>
      <trkpt lat="47.741642" lon="10.069380">
        <ele>712.193085</ele>
        <time>2022-09-01T21:39:58.659Z</time>
      </trkpt>
      <trkpt lat="47.743892" lon="10.069319">
        <ele>709.661320</ele>
        <time>2022-09-01T21:40:40.483Z</time>
      </trkpt>
      <trkpt lat="47.744248" lon="10.069400">
        <ele>709.076802</ele>
        <time>2022-09-01T21:40:46.668Z</time>
      </trkpt>
      <trkpt lat="47.744453" lon="10.069255">
        <ele>708.708366</ele>
        <time>2022-09-01T21:40:50.582Z</time>
      </trkpt>
      <trkpt lat="47.745387" lon="10.069080">
        <ele>707.515448</ele>
        <time>2022-09-01T21:41:07.572Z</time>
      </trkpt>
      <trkpt lat="47.745742" lon="10.069278">
        <ele>707.041480</ele>
        <time>2022-09-01T21:41:14.676Z</time>
      </trkpt>
      <trkpt lat="47.746556" lon="10.069312">
        <ele>706.385802</ele>
        <time>2022-09-01T21:41:31.473Z</time>
      </trkpt>
      <trkpt lat="47.746598" lon="10.068979">
        <ele>706.382670</ele>
        <time>2022-09-01T21:41:36.301Z</time>
      </trkpt>
      <trkpt lat="47.746691" lon="10.068843">
        <ele>706.380878</ele>
        <time>2022-09-01T21:41:39.326Z</time>
      </trkpt>
      <trkpt lat="47.746862" lon="10.068748">
        <ele>706.378369</ele>
        <time>2022-09-01T21:41:43.409Z</time>
      </trkpt>
      <trkpt lat="47.747231" lon="10.068711">
        <ele>706.373285</ele>
        <time>2022-09-01T21:41:52.126Z</time>
      </trkpt>
      <trkpt lat="47.747392" lon="10.068832">
        <ele>706.370806</ele>
        <time>2022-09-01T21:41:56.427Z</time>
      </trkpt>
      <trkpt lat="47.747564" lon="10.069255">
        <ele>706.366237</ele>
        <time>2022-09-01T21:42:04.037Z</time>
      </trkpt>
      <trkpt lat="47.747814" lon="10.069600">
        <ele>706.422696</ele>
        <time>2022-09-01T21:42:11.571Z</time>
      </trkpt>
      <trkpt lat="47.747987" lon="10.069676">
        <ele>706.462830</ele>
        <time>2022-09-01T21:42:15.720Z</time>
      </trkpt>
      <trkpt lat="47.749523" lon="10.069971">
        <ele>706.926275</ele>
        <time>2022-09-01T21:42:51.580Z</time>
      </trkpt>
      <trkpt lat="47.749943" lon="10.070030">
        <ele>707.284992</ele>
        <time>2022-09-01T21:43:01.664Z</time>
      </trkpt>
      <trkpt lat="47.755421" lon="10.070973">
        <ele>712.581092</ele>
        <time>2022-09-01T21:45:25.666Z</time>
      </trkpt>
      <trkpt lat="47.755919" lon="10.071031">
        <ele>713.263580</ele>
        <time>2022-09-01T21:45:38.601Z</time>
      </trkpt>
      <trkpt lat="47.756565" lon="10.071144">
        <ele>714.203912</ele>
        <time>2022-09-01T21:45:58.740Z</time>
      </trkpt>
      <trkpt lat="47.756926" lon="10.071392">
        <ele>715.000092</ele>
        <time>2022-09-01T21:46:12.112Z</time>
      </trkpt>
      <trkpt lat="47.757459" lon="10.071970">
        <ele>716.320793</ele>
        <time>2022-09-01T21:46:32.656Z</time>
      </trkpt>
      <trkpt lat="47.757506" lon="10.072020">
        <ele>716.436489</ele>
        <time>2022-09-01T21:46:34.423Z</time>
      </trkpt>
      <trkpt lat="47.757625" lon="10.072125">
        <ele>716.713524</ele>
        <time>2022-09-01T21:46:39.054Z</time>
      </trkpt>
      <trkpt lat="47.757887" lon="10.072204">
        <ele>717.248785</ele>
        <time>2022-09-01T21:46:46.531Z</time>
      </trkpt>
      <trkpt lat="47.758203" lon="10.072115">
        <ele>717.812052</ele>
        <time>2022-09-01T21:46:55.803Z</time>
      </trkpt>
      <trkpt lat="47.758450" lon="10.072014">
        <ele>718.159440</ele>
        <time>2022-09-01T21:47:03.725Z</time>
      </trkpt>
      <trkpt lat="47.758890" lon="10.071811">
        <ele>718.784177</ele>
        <time>2022-09-01T21:47:18.736Z</time>
      </trkpt>
      <trkpt lat="47.759123" lon="10.071651">
        <ele>719.132198</ele>
        <time>2022-09-01T21:47:26.145Z</time>
      </trkpt>
      <trkpt lat="47.759160" lon="10.071604">
        <ele>719.198180</ele>
        <time>2022-09-01T21:47:27.480Z</time>
      </trkpt>
      <trkpt lat="47.759432" lon="10.071726">
        <ele>719.583449</ele>
        <time>2022-09-01T21:47:33.927Z</time>
      </trkpt>
      <trkpt lat="47.759683" lon="10.071817">
        <ele>719.933800</ele>
        <time>2022-09-01T21:47:40.046Z</time>
      </trkpt>
      <trkpt lat="47.759810" lon="10.071793">
        <ele>720.096719</ele>
        <time>2022-09-01T21:47:43.441Z</time>
      </trkpt>
      <trkpt lat="47.759882" lon="10.071762">
        <ele>720.155783</ele>
        <time>2022-09-01T21:47:45.643Z</time>
      </trkpt>
      <trkpt lat="47.760236" lon="10.071660">
        <ele>720.439914</ele>
        <time>2022-09-01T21:47:55.945Z</time>
      </trkpt>
      <trkpt lat="47.760711" lon="10.071494">
        <ele>720.824397</ele>
        <time>2022-09-01T21:48:10.205Z</time>
      </trkpt>
      <trkpt lat="47.760930" lon="10.071757">
        <ele>721.046181</ele>
        <time>2022-09-01T21:48:18.240Z</time>
      </trkpt>
      <trkpt lat="47.761381" lon="10.072268">
        <ele>721.492905</ele>
        <time>2022-09-01T21:48:31.771Z</time>
      </trkpt>
      <trkpt lat="47.761571" lon="10.072516">
        <ele>721.216817</ele>
        <time>2022-09-01T21:48:36.772Z</time>
      </trkpt>
      <trkpt lat="47.761881" lon="10.072902">
        <ele>720.750485</ele>
        <time>2022-09-01T21:48:44.282Z</time>
      </trkpt>
      <trkpt lat="47.762370" lon="10.073435">
        <ele>720.051197</ele>
        <time>2022-09-01T21:48:55.719Z</time>
      </trkpt>
      <trkpt lat="47.762694" lon="10.073659">
        <ele>719.639061</ele>
        <time>2022-09-01T21:49:02.140Z</time>
      </trkpt>
      <trkpt lat="47.762706" lon="10.073799">
        <ele>719.529624</ele>
        <time>2022-09-01T21:49:03.938Z</time>
      </trkpt>
      <trkpt lat="47.762790" lon="10.073873">
        <ele>719.419771</ele>
        <time>2022-09-01T21:49:05.633Z</time>
      </trkpt>
      <trkpt lat="47.762905" lon="10.073753">
        <ele>719.318385</ele>
        <time>2022-09-01T21:49:07.954Z</time>
      </trkpt>
      <trkpt lat="47.762864" lon="10.073578">
        <ele>719.228471</ele>
        <time>2022-09-01T21:49:10.249Z</time>
      </trkpt>
      <trkpt lat="47.762778" lon="10.073549">
        <ele>719.164824</ele>
        <time>2022-09-01T21:49:11.888Z</time>
      </trkpt>
      <trkpt lat="47.762694" lon="10.073659">
        <ele>719.084052</ele>
        <time>2022-09-01T21:49:13.801Z</time>
      </trkpt>
      <trkpt lat="47.762694" lon="10.073659">
        <ele>719.084052</ele>
        <time>2022-09-01T21:49:13.835Z</time>
      </trkpt>
      <trkpt lat="47.762706" lon="10.073799">
        <ele>719.015578</ele>
        <time>2022-09-01T21:49:15.644Z</time>
      </trkpt>
      <trkpt lat="47.762790" lon="10.073873">
        <ele>718.945117</ele>
        <time>2022-09-01T21:49:17.675Z</time>
      </trkpt>
      <trkpt lat="47.762905" lon="10.073753">
        <ele>718.843730</ele>
        <time>2022-09-01T21:49:20.290Z</time>
      </trkpt>
      <trkpt lat="47.763694" lon="10.073942">
        <ele>718.266921</ele>
        <time>2022-09-01T21:49:37.765Z</time>
      </trkpt>
      <trkpt lat="47.764053" lon="10.074028">
        <ele>718.076870</ele>
        <time>2022-09-01T21:49:46.196Z</time>
      </trkpt>
      <trkpt lat="47.764253" lon="10.074054">
        <ele>718.018162</ele>
        <time>2022-09-01T21:49:50.516Z</time>
      </trkpt>
      <trkpt lat="47.764288" lon="10.074055">
        <ele>718.007926</ele>
        <time>2022-09-01T21:49:51.190Z</time>
      </trkpt>
      <trkpt lat="47.764425" lon="10.074066">
        <ele>717.967805</ele>
        <time>2022-09-01T21:49:54.093Z</time>
      </trkpt>
      <trkpt lat="47.764550" lon="10.074073">
        <ele>717.931226</ele>
        <time>2022-09-01T21:49:56.927Z</time>
      </trkpt>
      <trkpt lat="47.766295" lon="10.074543">
        <ele>717.573068</ele>
        <time>2022-09-01T21:50:33.747Z</time>
      </trkpt>
      <trkpt lat="47.767744" lon="10.075010">
        <ele>717.791049</ele>
        <time>2022-09-01T21:51:07.585Z</time>
      </trkpt>
      <trkpt lat="47.768081" lon="10.075166">
        <ele>718.080617</ele>
        <time>2022-09-01T21:51:16.545Z</time>
      </trkpt>
      <trkpt lat="47.769376" lon="10.075766">
        <ele>719.630960</ele>
        <time>2022-09-01T21:51:52.306Z</time>
      </trkpt>
      <trkpt lat="47.769828" lon="10.075952">
        <ele>720.885124</ele>
        <time>2022-09-01T21:52:05.106Z</time>
      </trkpt>
      <trkpt lat="47.770536" lon="10.076051">
        <ele>722.786871</ele>
        <time>2022-09-01T21:52:28.059Z</time>
      </trkpt>
      <trkpt lat="47.770601" lon="10.076031">
        <ele>722.964379</ele>
        <time>2022-09-01T21:52:30.871Z</time>
      </trkpt>
      <trkpt lat="47.771157" lon="10.074995">
        <ele>726.676930</ele>
        <time>2022-09-01T21:53:09.465Z</time>
      </trkpt>
      <trkpt lat="47.771269" lon="10.074910">
        <ele>727.303962</ele>
        <time>2022-09-01T21:53:15.520Z</time>
      </trkpt>
      <trkpt lat="47.771955" lon="10.075223">
        <ele>730.882427</ele>
        <time>2022-09-01T21:53:47.408Z</time>
      </trkpt>
      <trkpt lat="47.772276" lon="10.075334">
        <ele>732.525983</ele>
        <time>2022-09-01T21:54:00.768Z</time>
      </trkpt>
      <trkpt lat="47.772418" lon="10.075484">
        <ele>732.982320</ele>
        <time>2022-09-01T21:54:07.392Z</time>
      </trkpt>
      <trkpt lat="47.772890" lon="10.075657">
        <ele>733.780263</ele>
        <time>2022-09-01T21:54:25.131Z</time>
      </trkpt>
      <trkpt lat="47.773472" lon="10.075841">
        <ele>734.756935</ele>
        <time>2022-09-01T21:54:40.899Z</time>
      </trkpt>
      <trkpt lat="47.773484" lon="10.075779">
        <ele>734.828112</ele>
        <time>2022-09-01T21:54:42.202Z</time>
      </trkpt>
      <trkpt lat="47.773971" lon="10.076072">
        <ele>735.690391</ele>
        <time>2022-09-01T21:54:53.170Z</time>
      </trkpt>
      <trkpt lat="47.774376" lon="10.076316">
        <ele>736.091922</ele>
        <time>2022-09-01T21:55:02.076Z</time>
      </trkpt>
      <trkpt lat="47.774542" lon="10.076459">
        <ele>736.259535</ele>
        <time>2022-09-01T21:55:06.105Z</time>
      </trkpt>
      <trkpt lat="47.774936" lon="10.077071">
        <ele>736.757240</ele>
        <time>2022-09-01T21:55:20.047Z</time>
      </trkpt>
      <trkpt lat="47.775888" lon="10.078866">
        <ele>739.978648</ele>
        <time>2022-09-01T21:56:08.755Z</time>
      </trkpt>
      <trkpt lat="47.776851" lon="10.080346">
        <ele>743.717531</ele>
        <time>2022-09-01T21:56:59.694Z</time>
      </trkpt>
      <trkpt lat="47.776998" lon="10.080573">
        <ele>744.200280</ele>
        <time>2022-09-01T21:57:07.194Z</time>
      </trkpt>
      <trkpt lat="47.777354" lon="10.081380">
        <ele>745.678556</ele>
        <time>2022-09-01T21:57:28.224Z</time>
      </trkpt>
      <trkpt lat="47.778166" lon="10.082931">
        <ele>745.154043</ele>
        <time>2022-09-01T21:57:58.049Z</time>
      </trkpt>
      <trkpt lat="47.778581" lon="10.083724">
        <ele>743.978612</ele>
        <time>2022-09-01T21:58:08.987Z</time>
      </trkpt>
      <trkpt lat="47.778817" lon="10.084173">
        <ele>743.062068</ele>
        <time>2022-09-01T21:58:15.009Z</time>
      </trkpt>
      <trkpt lat="47.779071" lon="10.084580">
        <ele>741.743758</ele>
        <time>2022-09-01T21:58:20.855Z</time>
      </trkpt>
      <trkpt lat="47.779226" lon="10.084827">
        <ele>740.941652</ele>
        <time>2022-09-01T21:58:24.363Z</time>
      </trkpt>
      <trkpt lat="47.779277" lon="10.084898">
        <ele>740.694988</ele>
        <time>2022-09-01T21:58:25.446Z</time>
      </trkpt>
      <trkpt lat="47.779711" lon="10.085491">
        <ele>738.613998</ele>
        <time>2022-09-01T21:58:34.759Z</time>
      </trkpt>
      <trkpt lat="47.780198" lon="10.086060">
        <ele>736.862942</ele>
        <time>2022-09-01T21:58:45.197Z</time>
      </trkpt>
      <trkpt lat="47.780621" lon="10.086236">
        <ele>736.184082</ele>
        <time>2022-09-01T21:58:52.962Z</time>
      </trkpt>
      <trkpt lat="47.781742" lon="10.087283">
        <ele>734.266101</ele>
        <time>2022-09-01T21:59:18.362Z</time>
      </trkpt>
      <trkpt lat="47.782491" lon="10.088100">
        <ele>733.476653</ele>
        <time>2022-09-01T21:59:36.566Z</time>
      </trkpt>
      <trkpt lat="47.782593" lon="10.088256">
        <ele>733.352317</ele>
        <time>2022-09-01T21:59:39.581Z</time>
      </trkpt>
      <trkpt lat="47.782670" lon="10.088501">
        <ele>733.197815</ele>
        <time>2022-09-01T21:59:43.155Z</time>
      </trkpt>
      <trkpt lat="47.782760" lon="10.088491">
        <ele>733.121092</ele>
        <time>2022-09-01T21:59:44.974Z</time>
      </trkpt>
      <trkpt lat="47.783115" lon="10.088450">
        <ele>732.811411</ele>
        <time>2022-09-01T21:59:52.058Z</time>
      </trkpt>
      <trkpt lat="47.783314" lon="10.088404">
        <ele>732.624185</ele>
        <time>2022-09-01T21:59:55.981Z</time>
      </trkpt>
      <trkpt lat="47.783458" lon="10.088378">
        <ele>732.489328</ele>
        <time>2022-09-01T21:59:58.803Z</time>
      </trkpt>
      <trkpt lat="47.783542" lon="10.088355">
        <ele>732.409923</ele>
        <time>2022-09-01T22:00:00.490Z</time>
      </trkpt>
      <trkpt lat="47.783698" lon="10.088302">
        <ele>732.261160</ele>
        <time>2022-09-01T22:00:03.525Z</time>
      </trkpt>
      <trkpt lat="47.783837" lon="10.088190">
        <ele>732.114209</ele>
        <time>2022-09-01T22:00:06.625Z</time>
      </trkpt>
      <trkpt lat="47.783989" lon="10.087917">
        <ele>731.892730</ele>
        <time>2022-09-01T22:00:11.207Z</time>
      </trkpt>
      <trkpt lat="47.784098" lon="10.087745">
        <ele>731.745036</ele>
        <time>2022-09-01T22:00:14.319Z</time>
      </trkpt>
      <trkpt lat="47.784264" lon="10.087537">
        <ele>731.543294</ele>
        <time>2022-09-01T22:00:18.623Z</time>
      </trkpt>
      <trkpt lat="47.784447" lon="10.087507">
        <ele>731.372132</ele>
        <time>2022-09-01T22:00:22.247Z</time>
      </trkpt>
      <trkpt lat="47.784528" lon="10.087582">
        <ele>731.283442</ele>
        <time>2022-09-01T22:00:24.093Z</time>
      </trkpt>
      <trkpt lat="47.784673" lon="10.087906">
        <ele>730.969808</ele>
        <time>2022-09-01T22:00:29.228Z</time>
      </trkpt>
      <trkpt lat="47.785024" lon="10.089068">
        <ele>729.863461</ele>
        <time>2022-09-01T22:00:45.080Z</time>
      </trkpt>
      <trkpt lat="47.785226" lon="10.089559">
        <ele>729.363508</ele>
        <time>2022-09-01T22:00:52.113Z</time>
      </trkpt>
      <trkpt lat="47.785519" lon="10.089969">
        <ele>728.893179</ele>
        <time>2022-09-01T22:00:59.626Z</time>
      </trkpt>
      <trkpt lat="47.785878" lon="10.090478">
        <ele>728.855490</ele>
        <time>2022-09-01T22:01:09.038Z</time>
      </trkpt>
      <trkpt lat="47.785944" lon="10.090578">
        <ele>728.848330</ele>
        <time>2022-09-01T22:01:10.846Z</time>
      </trkpt>
      <trkpt lat="47.786020" lon="10.090691">
        <ele>728.840165</ele>
        <time>2022-09-01T22:01:12.897Z</time>
      </trkpt>
      <trkpt lat="47.785985" lon="10.090753">
        <ele>728.836029</ele>
        <time>2022-09-01T22:01:14.012Z</time>
      </trkpt>
      <trkpt lat="47.790125" lon="10.096546">
        <ele>728.772405</ele>
        <time>2022-09-01T22:03:22.977Z</time>
      </trkpt>
      <trkpt lat="47.790795" lon="10.097229">
        <ele>728.962637</ele>
        <time>2022-09-01T22:03:42.919Z</time>
      </trkpt>
      <trkpt lat="47.791373" lon="10.097633">
        <ele>728.957276</ele>
        <time>2022-09-01T22:03:57.516Z</time>
      </trkpt>
      <trkpt lat="47.791451" lon="10.097548">
        <ele>728.956464</ele>
        <time>2022-09-01T22:03:59.670Z</time>
      </trkpt>
      <trkpt lat="47.791639" lon="10.097655">
        <ele>728.954774</ele>
        <time>2022-09-01T22:04:04.265Z</time>
      </trkpt>
      <trkpt lat="47.791873" lon="10.097762">
        <ele>728.952719</ele>
        <time>2022-09-01T22:04:09.628Z</time>
      </trkpt>
      <trkpt lat="47.792340" lon="10.097938">
        <ele>728.948674</ele>
        <time>2022-09-01T22:04:20.230Z</time>
      </trkpt>
      <trkpt lat="47.792709" lon="10.097746">
        <ele>728.954703</ele>
        <time>2022-09-01T22:04:27.960Z</time>
      </trkpt>
      <trkpt lat="47.793392" lon="10.097596">
        <ele>728.967400</ele>
        <time>2022-09-01T22:04:41.576Z</time>
      </trkpt>
      <trkpt lat="47.793743" lon="10.097493">
        <ele>728.973979</ele>
        <time>2022-09-01T22:04:50.115Z</time>
      </trkpt>
      <trkpt lat="47.793809" lon="10.097470">
        <ele>728.975226</ele>
        <time>2022-09-01T22:04:51.873Z</time>
      </trkpt>
      <trkpt lat="47.793918" lon="10.097452">
        <ele>728.977243</ele>
        <time>2022-09-01T22:04:54.779Z</time>
      </trkpt>
      <trkpt lat="47.793977" lon="10.097448">
        <ele>728.978329</ele>
        <time>2022-09-01T22:04:56.295Z</time>
      </trkpt>
      <trkpt lat="47.794066" lon="10.097453">
        <ele>728.979967</ele>
        <time>2022-09-01T22:04:58.663Z</time>
      </trkpt>
      <trkpt lat="47.794432" lon="10.097618">
        <ele>729.286142</ele>
        <time>2022-09-01T22:05:09.500Z</time>
      </trkpt>
      <trkpt lat="47.794636" lon="10.097848">
        <ele>729.541779</ele>
        <time>2022-09-01T22:05:16.805Z</time>
      </trkpt>
      <trkpt lat="47.794929" lon="10.098327">
        <ele>729.976510</ele>
        <time>2022-09-01T22:05:28.255Z</time>
      </trkpt>
      <trkpt lat="47.795024" lon="10.098551">
        <ele>730.154278</ele>
        <time>2022-09-01T22:05:33.099Z</time>
      </trkpt>
      <trkpt lat="47.795223" lon="10.099021">
        <ele>730.527098</ele>
        <time>2022-09-01T22:05:43.213Z</time>
      </trkpt>
      <trkpt lat="47.795302" lon="10.099462">
        <ele>730.699976</ele>
        <time>2022-09-01T22:05:51.241Z</time>
      </trkpt>
      <trkpt lat="47.795306" lon="10.099739">
        <ele>730.437114</ele>
        <time>2022-09-01T22:05:55.897Z</time>
      </trkpt>
      <trkpt lat="47.795374" lon="10.099702">
        <ele>730.334865</ele>
        <time>2022-09-01T22:05:57.624Z</time>
      </trkpt>
      <trkpt lat="47.795446" lon="10.099808">
        <ele>730.191850</ele>
        <time>2022-09-01T22:05:59.530Z</time>
      </trkpt>
      <trkpt lat="47.795555" lon="10.099785">
        <ele>730.036372</ele>
        <time>2022-09-01T22:06:01.655Z</time>
      </trkpt>
      <trkpt lat="47.795602" lon="10.099686">
        <ele>729.921360</ele>
        <time>2022-09-01T22:06:03.515Z</time>
      </trkpt>
      <trkpt lat="47.795591" lon="10.099554">
        <ele>729.795167</ele>
        <time>2022-09-01T22:06:05.221Z</time>
      </trkpt>
      <trkpt lat="47.795538" lon="10.099477">
        <ele>729.690576</ele>
        <time>2022-09-01T22:06:06.499Z</time>
      </trkpt>
      <trkpt lat="47.795419" lon="10.099489">
        <ele>729.522129</ele>
        <time>2022-09-01T22:06:08.618Z</time>
      </trkpt>
      <trkpt lat="47.795419" lon="10.099489">
        <ele>729.522129</ele>
        <time>2022-09-01T22:06:08.677Z</time>
      </trkpt>
      <trkpt lat="47.795374" lon="10.099702">
        <ele>729.310290</ele>
        <time>2022-09-01T22:06:11.397Z</time>
      </trkpt>
      <trkpt lat="47.795446" lon="10.099808">
        <ele>729.167275</ele>
        <time>2022-09-01T22:06:13.035Z</time>
      </trkpt>
      <trkpt lat="47.795555" lon="10.099785">
        <ele>729.011798</ele>
        <time>2022-09-01T22:06:14.916Z</time>
      </trkpt>
      <trkpt lat="47.795966" lon="10.100623">
        <ele>728.062045</ele>
        <time>2022-09-01T22:06:26.463Z</time>
      </trkpt>
      <trkpt lat="47.796253" lon="10.101374">
        <ele>727.377168</ele>
        <time>2022-09-01T22:06:36.727Z</time>
      </trkpt>
      <trkpt lat="47.796402" lon="10.101763">
        <ele>727.022220</ele>
        <time>2022-09-01T22:06:41.997Z</time>
      </trkpt>
      <trkpt lat="47.796374" lon="10.101805">
        <ele>726.975316</ele>
        <time>2022-09-01T22:06:43.333Z</time>
      </trkpt>
      <trkpt lat="47.796827" lon="10.102861">
        <ele>726.282735</ele>
        <time>2022-09-01T22:07:02.295Z</time>
      </trkpt>
      <trkpt lat="47.797380" lon="10.103935">
        <ele>727.626353</ele>
        <time>2022-09-01T22:07:30.577Z</time>
      </trkpt>
      <trkpt lat="47.798329" lon="10.106258">
        <ele>729.463918</ele>
        <time>2022-09-01T22:08:24.762Z</time>
      </trkpt>
      <trkpt lat="47.798813" lon="10.106917">
        <ele>729.894867</ele>
        <time>2022-09-01T22:08:39.245Z</time>
      </trkpt>
      <trkpt lat="47.799138" lon="10.107233">
        <ele>729.457625</ele>
        <time>2022-09-01T22:08:47.000Z</time>
      </trkpt>
      <trkpt lat="47.800002" lon="10.107703">
        <ele>727.905434</ele>
        <time>2022-09-01T22:09:03.912Z</time>
      </trkpt>
      <trkpt lat="47.800196" lon="10.107867">
        <ele>727.528984</ele>
        <time>2022-09-01T22:09:08.070Z</time>
      </trkpt>
      <trkpt lat="47.800596" lon="10.108546">
        <ele>726.264543</ele>
        <time>2022-09-01T22:09:19.501Z</time>
      </trkpt>
      <trkpt lat="47.800859" lon="10.108774">
        <ele>725.453429</ele>
        <time>2022-09-01T22:09:25.044Z</time>
      </trkpt>
      <trkpt lat="47.801065" lon="10.108871">
        <ele>724.877602</ele>
        <time>2022-09-01T22:09:28.928Z</time>
      </trkpt>
      <trkpt lat="47.801255" lon="10.108932">
        <ele>724.359585</ele>
        <time>2022-09-01T22:09:32.360Z</time>
      </trkpt>
      <trkpt lat="47.801650" lon="10.108928">
        <ele>723.306830</ele>
        <time>2022-09-01T22:09:39.256Z</time>
      </trkpt>
      <trkpt lat="47.803417" lon="10.108389">
        <ele>717.905926</ele>
        <time>2022-09-01T22:10:09.643Z</time>
      </trkpt>
      <trkpt lat="47.803883" lon="10.108384">
        <ele>716.538698</ele>
        <time>2022-09-01T22:10:17.843Z</time>
      </trkpt>
      <trkpt lat="47.804049" lon="10.108448">
        <ele>716.476876</ele>
        <time>2022-09-01T22:10:21.046Z</time>
      </trkpt>
      <trkpt lat="47.804272" lon="10.108609">
        <ele>716.387523</ele>
        <time>2022-09-01T22:10:25.725Z</time>
      </trkpt>
      <trkpt lat="47.804621" lon="10.109036">
        <ele>716.224661</ele>
        <time>2022-09-01T22:10:34.861Z</time>
      </trkpt>
      <trkpt lat="47.805844" lon="10.112276">
        <ele>717.372600</ele>
        <time>2022-09-01T22:11:42.765Z</time>
      </trkpt>
      <trkpt lat="47.806455" lon="10.113532">
        <ele>718.073447</ele>
        <time>2022-09-01T22:12:08.997Z</time>
      </trkpt>
      <trkpt lat="47.806659" lon="10.113756">
        <ele>718.228869</ele>
        <time>2022-09-01T22:12:15.468Z</time>
      </trkpt>
      <trkpt lat="47.806701" lon="10.113947">
        <ele>718.311635</ele>
        <time>2022-09-01T22:12:18.537Z</time>
      </trkpt>
      <trkpt lat="47.806934" lon="10.114449">
        <ele>718.562931</ele>
        <time>2022-09-01T22:12:28.969Z</time>
      </trkpt>
      <trkpt lat="47.807021" lon="10.115245">
        <ele>719.190303</ele>
        <time>2022-09-01T22:12:43.373Z</time>
      </trkpt>
      <trkpt lat="47.807102" lon="10.117242">
        <ele>721.054353</ele>
        <time>2022-09-01T22:13:22.122Z</time>
      </trkpt>
      <trkpt lat="47.806940" lon="10.118414">
        <ele>722.841889</ele>
        <time>2022-09-01T22:13:48.511Z</time>
      </trkpt>
      <trkpt lat="47.806906" lon="10.119308">
        <ele>724.230275</ele>
        <time>2022-09-01T22:14:08.525Z</time>
      </trkpt>
      <trkpt lat="47.806700" lon="10.119794">
        <ele>725.121348</ele>
        <time>2022-09-01T22:14:21.526Z</time>
      </trkpt>
      <trkpt lat="47.806837" lon="10.119868">
        <ele>725.419974</ele>
        <time>2022-09-01T22:14:26.930Z</time>
      </trkpt>
      <trkpt lat="47.806506" lon="10.122170">
        <ele>728.144213</ele>
        <time>2022-09-01T22:15:14.810Z</time>
      </trkpt>
      <trkpt lat="47.806360" lon="10.122846">
        <ele>728.627148</ele>
        <time>2022-09-01T22:15:27.933Z</time>
      </trkpt>
      <trkpt lat="47.806108" lon="10.124017">
        <ele>729.186523</ele>
        <time>2022-09-01T22:15:49.253Z</time>
      </trkpt>
      <trkpt lat="47.806159" lon="10.124058">
        <ele>729.225780</ele>
        <time>2022-09-01T22:15:51.040Z</time>
      </trkpt>
      <trkpt lat="47.806118" lon="10.124232">
        <ele>729.309664</ele>
        <time>2022-09-01T22:15:54.108Z</time>
      </trkpt>
      <trkpt lat="47.806118" lon="10.124232">
        <ele>729.309664</ele>
        <time>2022-09-01T22:15:54.121Z</time>
      </trkpt>
      <trkpt lat="47.806118" lon="10.124232">
        <ele>729.309664</ele>
        <time>2022-09-01T22:15:54.193Z</time>
      </trkpt>
      <trkpt lat="47.805722" lon="10.125704">
        <ele>729.713512</ele>
        <time>2022-09-01T22:16:19.102Z</time>
      </trkpt>
      <trkpt lat="47.805591" lon="10.126250">
        <ele>729.770530</ele>
        <time>2022-09-01T22:16:28.447Z</time>
      </trkpt>
      <trkpt lat="47.805852" lon="10.126382">
        <ele>729.810891</ele>
        <time>2022-09-01T22:16:35.136Z</time>
      </trkpt>
      <trkpt lat="47.806066" lon="10.126328">
        <ele>729.842672</ele>
        <time>2022-09-01T22:16:40.301Z</time>
      </trkpt>
      <trkpt lat="47.806634" lon="10.125910">
        <ele>729.458116</ele>
        <time>2022-09-01T22:16:54.291Z</time>
      </trkpt>
      <trkpt lat="47.807031" lon="10.125764">
        <ele>728.898566</ele>
        <time>2022-09-01T22:17:02.579Z</time>
      </trkpt>
      <trkpt lat="47.807305" lon="10.125802">
        <ele>728.522023</ele>
        <time>2022-09-01T22:17:07.892Z</time>
      </trkpt>
      <trkpt lat="47.807597" lon="10.125879">
        <ele>728.116255</ele>
        <time>2022-09-01T22:17:13.460Z</time>
      </trkpt>
      <trkpt lat="47.808057" lon="10.125658">
        <ele>727.454871</ele>
        <time>2022-09-01T22:17:22.321Z</time>
      </trkpt>
      <trkpt lat="47.808866" lon="10.125457">
        <ele>725.682054</ele>
        <time>2022-09-01T22:17:36.908Z</time>
      </trkpt>
      <trkpt lat="47.809871" lon="10.125024">
        <ele>723.421613</ele>
        <time>2022-09-01T22:17:55.995Z</time>
      </trkpt>
      <trkpt lat="47.810552" lon="10.124046">
        <ele>721.773467</ele>
        <time>2022-09-01T22:18:14.038Z</time>
      </trkpt>
      <trkpt lat="47.811073" lon="10.123818">
        <ele>720.827509</ele>
        <time>2022-09-01T22:18:24.397Z</time>
      </trkpt>
      <trkpt lat="47.811775" lon="10.123688">
        <ele>719.369373</ele>
        <time>2022-09-01T22:18:37.568Z</time>
      </trkpt>
      <trkpt lat="47.812866" lon="10.123274">
        <ele>716.838263</ele>
        <time>2022-09-01T22:18:57.834Z</time>
      </trkpt>
      <trkpt lat="47.812942" lon="10.123251">
        <ele>716.663911</ele>
        <time>2022-09-01T22:18:59.183Z</time>
      </trkpt>
      <trkpt lat="47.813462" lon="10.123336">
        <ele>715.484500</ele>
        <time>2022-09-01T22:19:08.339Z</time>
      </trkpt>
      <trkpt lat="47.813846" lon="10.123561">
        <ele>714.553086</ele>
        <time>2022-09-01T22:19:15.658Z</time>
      </trkpt>
      <trkpt lat="47.814536" lon="10.124057">
        <ele>712.823714</ele>
        <time>2022-09-01T22:19:29.774Z</time>
      </trkpt>
      <trkpt lat="47.814995" lon="10.124319">
        <ele>711.832067</ele>
        <time>2022-09-01T22:19:38.940Z</time>
      </trkpt>
      <trkpt lat="47.815450" lon="10.124453">
        <ele>711.007546</ele>
        <time>2022-09-01T22:19:47.542Z</time>
      </trkpt>
      <trkpt lat="47.815950" lon="10.124454">
        <ele>710.118693</ele>
        <time>2022-09-01T22:19:56.833Z</time>
      </trkpt>
      <trkpt lat="47.817831" lon="10.124156">
        <ele>707.244849</ele>
        <time>2022-09-01T22:20:32.956Z</time>
      </trkpt>
      <trkpt lat="47.818391" lon="10.123952">
        <ele>706.505545</ele>
        <time>2022-09-01T22:20:44.526Z</time>
      </trkpt>
      <trkpt lat="47.818560" lon="10.123800">
        <ele>706.398344</ele>
        <time>2022-09-01T22:20:48.584Z</time>
      </trkpt>
      <trkpt lat="47.818813" lon="10.123321">
        <ele>706.176145</ele>
        <time>2022-09-01T22:20:57.152Z</time>
      </trkpt>
      <trkpt lat="47.819069" lon="10.122970">
        <ele>705.987202</ele>
        <time>2022-09-01T22:21:04.631Z</time>
      </trkpt>
      <trkpt lat="47.819363" lon="10.122648">
        <ele>705.789044</ele>
        <time>2022-09-01T22:21:12.724Z</time>
      </trkpt>
      <trkpt lat="47.819567" lon="10.122546">
        <ele>705.672199</ele>
        <time>2022-09-01T22:21:17.466Z</time>
      </trkpt>
      <trkpt lat="47.819955" lon="10.122542">
        <ele>705.523990</ele>
        <time>2022-09-01T22:21:26.106Z</time>
      </trkpt>
      <trkpt lat="47.820134" lon="10.122559">
        <ele>705.481356</ele>
        <time>2022-09-01T22:21:30.107Z</time>
      </trkpt>
      <trkpt lat="47.820386" lon="10.122566">
        <ele>705.421446</ele>
        <time>2022-09-01T22:21:35.637Z</time>
      </trkpt>
      <trkpt lat="47.820576" lon="10.122457">
        <ele>705.373049</ele>
        <time>2022-09-01T22:21:40.060Z</time>
      </trkpt>
      <trkpt lat="47.821049" lon="10.122020">
        <ele>705.240743</ele>
        <time>2022-09-01T22:21:52.271Z</time>
      </trkpt>
      <trkpt lat="47.821561" lon="10.121734">
        <ele>705.185519</ele>
        <time>2022-09-01T22:22:04.777Z</time>
      </trkpt>
      <trkpt lat="47.822262" lon="10.121238">
        <ele>705.402656</ele>
        <time>2022-09-01T22:22:23.202Z</time>
      </trkpt>
      <trkpt lat="47.824022" lon="10.121391">
        <ele>706.059735</ele>
        <time>2022-09-01T22:23:07.580Z</time>
      </trkpt>
      <trkpt lat="47.824236" lon="10.121425">
        <ele>706.159792</ele>
        <time>2022-09-01T22:23:13.166Z</time>
      </trkpt>
      <trkpt lat="47.825285" lon="10.121971">
        <ele>706.447634</ele>
        <time>2022-09-01T22:23:41.021Z</time>
      </trkpt>
      <trkpt lat="47.826198" lon="10.122271">
        <ele>706.364002</ele>
        <time>2022-09-01T22:24:02.385Z</time>
      </trkpt>
      <trkpt lat="47.826566" lon="10.122311">
        <ele>706.330997</ele>
        <time>2022-09-01T22:24:10.155Z</time>
      </trkpt>
      <trkpt lat="47.827743" lon="10.122268">
        <ele>705.766414</ele>
        <time>2022-09-01T22:24:34.723Z</time>
      </trkpt>
      <trkpt lat="47.828157" lon="10.122477">
        <ele>705.544023</ele>
        <time>2022-09-01T22:24:44.140Z</time>
      </trkpt>
      <trkpt lat="47.828933" lon="10.123062">
        <ele>705.257569</ele>
        <time>2022-09-01T22:25:04.187Z</time>
      </trkpt>
      <trkpt lat="47.830067" lon="10.123490">
        <ele>704.964827</ele>
        <time>2022-09-01T22:25:30.407Z</time>
      </trkpt>
      <trkpt lat="47.830433" lon="10.123653">
        <ele>704.511252</ele>
        <time>2022-09-01T22:25:38.536Z</time>
      </trkpt>
      <trkpt lat="47.830922" lon="10.123874">
        <ele>703.870579</ele>
        <time>2022-09-01T22:25:48.621Z</time>
      </trkpt>
      <trkpt lat="47.831640" lon="10.124090">
        <ele>702.952222</ele>
        <time>2022-09-01T22:26:02.482Z</time>
      </trkpt>
      <trkpt lat="47.832052" lon="10.124297">
        <ele>702.407340</ele>
        <time>2022-09-01T22:26:10.596Z</time>
      </trkpt>
      <trkpt lat="47.832125" lon="10.124334">
        <ele>702.310745</ele>
        <time>2022-09-01T22:26:12.064Z</time>
      </trkpt>
      <trkpt lat="47.832140" lon="10.124341">
        <ele>702.291055</ele>
        <time>2022-09-01T22:26:12.352Z</time>
      </trkpt>
      <trkpt lat="47.833129" lon="10.124832">
        <ele>700.985151</ele>
        <time>2022-09-01T22:26:32.868Z</time>
      </trkpt>
      <trkpt lat="47.834088" lon="10.125464">
        <ele>699.637994</ele>
        <time>2022-09-01T22:26:54.313Z</time>
      </trkpt>
      <trkpt lat="47.834800" lon="10.125805">
        <ele>698.660796</ele>
        <time>2022-09-01T22:27:09.105Z</time>
      </trkpt>
      <trkpt lat="47.836400" lon="10.126715">
        <ele>695.520720</ele>
        <time>2022-09-01T22:27:40.807Z</time>
      </trkpt>
      <trkpt lat="47.836813" lon="10.126730">
        <ele>694.690519</ele>
        <time>2022-09-01T22:27:48.250Z</time>
      </trkpt>
      <trkpt lat="47.837279" lon="10.126717">
        <ele>693.841703</ele>
        <time>2022-09-01T22:27:56.734Z</time>
      </trkpt>
      <trkpt lat="47.837709" lon="10.126668">
        <ele>693.079048</ele>
        <time>2022-09-01T22:28:04.683Z</time>
      </trkpt>
      <trkpt lat="47.839585" lon="10.126822">
        <ele>689.803398</ele>
        <time>2022-09-01T22:28:40.769Z</time>
      </trkpt>
      <trkpt lat="47.840088" lon="10.126831">
        <ele>688.940802</ele>
        <time>2022-09-01T22:28:50.259Z</time>
      </trkpt>
      <trkpt lat="47.840633" lon="10.126800">
        <ele>687.948312</ele>
        <time>2022-09-01T22:29:00.344Z</time>
      </trkpt>
      <trkpt lat="47.841180" lon="10.127049">
        <ele>686.706415</ele>
        <time>2022-09-01T22:29:10.751Z</time>
      </trkpt>
      <trkpt lat="47.841578" lon="10.127343">
        <ele>685.741856</ele>
        <time>2022-09-01T22:29:18.752Z</time>
      </trkpt>
      <trkpt lat="47.842096" lon="10.127793">
        <ele>684.439901</ele>
        <time>2022-09-01T22:29:29.556Z</time>
      </trkpt>
      <trkpt lat="47.842737" lon="10.128057">
        <ele>683.271901</ele>
        <time>2022-09-01T22:29:41.828Z</time>
      </trkpt>
      <trkpt lat="47.843107" lon="10.128185">
        <ele>682.619683</ele>
        <time>2022-09-01T22:29:49.129Z</time>
      </trkpt>
      <trkpt lat="47.843580" lon="10.128234">
        <ele>681.805546</ele>
        <time>2022-09-01T22:29:58.270Z</time>
      </trkpt>
      <trkpt lat="47.844498" lon="10.128236">
        <ele>680.172906</ele>
        <time>2022-09-01T22:30:15.809Z</time>
      </trkpt>
      <trkpt lat="47.846209" lon="10.128306">
        <ele>677.121566</ele>
        <time>2022-09-01T22:30:47.519Z</time>
      </trkpt>
      <trkpt lat="47.847582" lon="10.128292">
        <ele>674.810220</ele>
        <time>2022-09-01T22:31:13.486Z</time>
      </trkpt>
      <trkpt lat="47.848840" lon="10.127916">
        <ele>673.186867</ele>
        <time>2022-09-01T22:31:38.789Z</time>
      </trkpt>
      <trkpt lat="47.849366" lon="10.127937">
        <ele>672.547689</ele>
        <time>2022-09-01T22:31:49.146Z</time>
      </trkpt>
      <trkpt lat="47.850207" lon="10.128387">
        <ele>671.717772</ele>
        <time>2022-09-01T22:32:07.197Z</time>
      </trkpt>
      <trkpt lat="47.850264" lon="10.128392">
        <ele>671.664741</ele>
        <time>2022-09-01T22:32:08.279Z</time>
      </trkpt>
      <trkpt lat="47.851340" lon="10.128475">
        <ele>670.790781</ele>
        <time>2022-09-01T22:32:30.771Z</time>
      </trkpt>
      <trkpt lat="47.851690" lon="10.128555">
        <ele>670.607396</ele>
        <time>2022-09-01T22:32:38.240Z</time>
      </trkpt>
      <trkpt lat="47.852784" lon="10.129020">
        <ele>670.018594</ele>
        <time>2022-09-01T22:33:02.620Z</time>
      </trkpt>
      <trkpt lat="47.853167" lon="10.129244">
        <ele>669.907644</ele>
        <time>2022-09-01T22:33:12.005Z</time>
      </trkpt>
      <trkpt lat="47.853676" lon="10.129515">
        <ele>669.761888</ele>
        <time>2022-09-01T22:33:24.742Z</time>
      </trkpt>
      <trkpt lat="47.853816" lon="10.129572">
        <ele>669.722751</ele>
        <time>2022-09-01T22:33:28.059Z</time>
      </trkpt>
      <trkpt lat="47.854109" lon="10.129681">
        <ele>669.641315</ele>
        <time>2022-09-01T22:33:34.644Z</time>
      </trkpt>
      <trkpt lat="47.854842" lon="10.130095">
        <ele>669.353511</ele>
        <time>2022-09-01T22:33:51.265Z</time>
      </trkpt>
      <trkpt lat="47.854905" lon="10.129860">
        <ele>669.274086</ele>
        <time>2022-09-01T22:33:54.871Z</time>
      </trkpt>
      <trkpt lat="47.854985" lon="10.128888">
        <ele>668.966730</ele>
        <time>2022-09-01T22:34:09.112Z</time>
      </trkpt>
      <trkpt lat="47.855662" lon="10.129162">
        <ele>668.633383</ele>
        <time>2022-09-01T22:34:23.832Z</time>
      </trkpt>
      <trkpt lat="47.855662" lon="10.129162">
        <ele>668.633383</ele>
        <time>2022-09-01T22:34:23.844Z</time>
      </trkpt>
      <trkpt lat="47.856046" lon="10.129359">
        <ele>668.425099</ele>
        <time>2022-09-01T22:34:31.890Z</time>
      </trkpt>
      <trkpt lat="47.856184" lon="10.129428">
        <ele>668.350446</ele>
        <time>2022-09-01T22:34:34.765Z</time>
      </trkpt>
      <trkpt lat="47.856518" lon="10.129608">
        <ele>668.168291</ele>
        <time>2022-09-01T22:34:41.780Z</time>
      </trkpt>
      <trkpt lat="47.856982" lon="10.129929">
        <ele>667.905930</ele>
        <time>2022-09-01T22:34:52.364Z</time>
      </trkpt>
      <trkpt lat="47.857505" lon="10.129997">
        <ele>667.619303</ele>
        <time>2022-09-01T22:35:03.584Z</time>
      </trkpt>
      <trkpt lat="47.857985" lon="10.129964">
        <ele>667.340793</ele>
        <time>2022-09-01T22:35:14.030Z</time>
      </trkpt>
      <trkpt lat="47.858418" lon="10.129954">
        <ele>667.089789</ele>
        <time>2022-09-01T22:35:22.977Z</time>
      </trkpt>
      <trkpt lat="47.858896" lon="10.129759">
        <ele>666.802542</ele>
        <time>2022-09-01T22:35:32.395Z</time>
      </trkpt>
      <trkpt lat="47.859399" lon="10.129500">
        <ele>666.319480</ele>
        <time>2022-09-01T22:35:42.657Z</time>
      </trkpt>
      <trkpt lat="47.859575" lon="10.129447">
        <ele>666.137615</ele>
        <time>2022-09-01T22:35:46.257Z</time>
      </trkpt>
      <trkpt lat="47.859625" lon="10.129065">
        <ele>665.873123</ele>
        <time>2022-09-01T22:35:51.687Z</time>
      </trkpt>
      <trkpt lat="47.859705" lon="10.128850">
        <ele>665.706051</ele>
        <time>2022-09-01T22:35:55.016Z</time>
      </trkpt>
      <trkpt lat="47.859888" lon="10.128400">
        <ele>665.348456</ele>
        <time>2022-09-01T22:36:02.161Z</time>
      </trkpt>
      <trkpt lat="47.860038" lon="10.128125">
        <ele>665.107610</ele>
        <time>2022-09-01T22:36:06.931Z</time>
      </trkpt>
      <trkpt lat="47.860258" lon="10.127892">
        <ele>664.831039</ele>
        <time>2022-09-01T22:36:12.216Z</time>
      </trkpt>
      <trkpt lat="47.860424" lon="10.127733">
        <ele>664.622214</ele>
        <time>2022-09-01T22:36:15.978Z</time>
      </trkpt>
      <trkpt lat="47.860677" lon="10.127490">
        <ele>664.303688</ele>
        <time>2022-09-01T22:36:21.805Z</time>
      </trkpt>
      <trkpt lat="47.860876" lon="10.127320">
        <ele>664.060949</ele>
        <time>2022-09-01T22:36:26.361Z</time>
      </trkpt>
      <trkpt lat="47.861381" lon="10.126768">
        <ele>663.398199</ele>
        <time>2022-09-01T22:36:39.102Z</time>
      </trkpt>
      <trkpt lat="47.861484" lon="10.126620">
        <ele>663.246790</ele>
        <time>2022-09-01T22:36:42.064Z</time>
      </trkpt>
      <trkpt lat="47.861620" lon="10.126470">
        <ele>663.067742</ele>
        <time>2022-09-01T22:36:45.571Z</time>
      </trkpt>
      <trkpt lat="47.862066" lon="10.125679">
        <ele>662.471251</ele>
        <time>2022-09-01T22:36:59.979Z</time>
      </trkpt>
      <trkpt lat="47.862600" lon="10.125016">
        <ele>661.886669</ele>
        <time>2022-09-01T22:37:14.236Z</time>
      </trkpt>
      <trkpt lat="47.863236" lon="10.124318">
        <ele>661.234811</ele>
        <time>2022-09-01T22:37:30.434Z</time>
      </trkpt>
      <trkpt lat="47.864587" lon="10.123278">
        <ele>660.015607</ele>
        <time>2022-09-01T22:38:01.761Z</time>
      </trkpt>
      <trkpt lat="47.864918" lon="10.122853">
        <ele>659.665967</ele>
        <time>2022-09-01T22:38:10.850Z</time>
      </trkpt>
      <trkpt lat="47.865572" lon="10.121957">
        <ele>658.955051</ele>
        <time>2022-09-01T22:38:29.212Z</time>
      </trkpt>
      <trkpt lat="47.867326" lon="10.120142">
        <ele>657.080982</ele>
        <time>2022-09-01T22:39:12.876Z</time>
      </trkpt>
      <trkpt lat="47.867664" lon="10.119795">
        <ele>656.711192</ele>
        <time>2022-09-01T22:39:21.314Z</time>
      </trkpt>
      <trkpt lat="47.868793" lon="10.118892">
        <ele>655.555305</ele>
        <time>2022-09-01T22:39:47.413Z</time>
      </trkpt>
      <trkpt lat="47.869255" lon="10.118617">
        <ele>655.199358</ele>
        <time>2022-09-01T22:39:57.534Z</time>
      </trkpt>
      <trkpt lat="47.870448" lon="10.117998">
        <ele>654.459889</ele>
        <time>2022-09-01T22:40:24.242Z</time>
      </trkpt>
      <trkpt lat="47.871669" lon="10.117601">
        <ele>654.187423</ele>
        <time>2022-09-01T22:40:52.502Z</time>
      </trkpt>
      <trkpt lat="47.872332" lon="10.117473">
        <ele>654.100746</ele>
        <time>2022-09-01T22:41:07.797Z</time>
      </trkpt>
      <trkpt lat="47.872581" lon="10.117527">
        <ele>654.065544</ele>
        <time>2022-09-01T22:41:13.606Z</time>
      </trkpt>
      <trkpt lat="47.873582" lon="10.118001">
        <ele>653.908362</ele>
        <time>2022-09-01T22:41:37.858Z</time>
      </trkpt>
      <trkpt lat="47.873886" lon="10.118063">
        <ele>653.862443</ele>
        <time>2022-09-01T22:41:44.760Z</time>
      </trkpt>
      <trkpt lat="47.874989" lon="10.118093">
        <ele>653.287242</ele>
        <time>2022-09-01T22:42:08.528Z</time>
      </trkpt>
      <trkpt lat="47.876588" lon="10.118303">
        <ele>652.005531</ele>
        <time>2022-09-01T22:42:41.445Z</time>
      </trkpt>
      <trkpt lat="47.877964" lon="10.118318">
        <ele>650.686668</ele>
        <time>2022-09-01T22:43:08.893Z</time>
      </trkpt>
      <trkpt lat="47.878875" lon="10.118809">
        <ele>650.155918</ele>
        <time>2022-09-01T22:43:29.297Z</time>
      </trkpt>
      <trkpt lat="47.879205" lon="10.118828">
        <ele>649.974975</ele>
        <time>2022-09-01T22:43:36.617Z</time>
      </trkpt>
      <trkpt lat="47.879331" lon="10.117916">
        <ele>649.829624</ele>
        <time>2022-09-01T22:43:50.693Z</time>
      </trkpt>
      <trkpt lat="47.879370" lon="10.117805">
        <ele>649.838845</ele>
        <time>2022-09-01T22:43:52.758Z</time>
      </trkpt>
      <trkpt lat="47.879621" lon="10.117555">
        <ele>649.871961</ele>
        <time>2022-09-01T22:43:59.671Z</time>
      </trkpt>
      <trkpt lat="47.879783" lon="10.117114">
        <ele>649.908959</ele>
        <time>2022-09-01T22:44:07.610Z</time>
      </trkpt>
      <trkpt lat="47.880482" lon="10.116591">
        <ele>649.991101</ele>
        <time>2022-09-01T22:44:27.247Z</time>
      </trkpt>
      <trkpt lat="47.881398" lon="10.116060">
        <ele>649.485420</ele>
        <time>2022-09-01T22:44:48.787Z</time>
      </trkpt>
      <trkpt lat="47.881762" lon="10.115931">
        <ele>649.292913</ele>
        <time>2022-09-01T22:44:56.451Z</time>
      </trkpt>
      <trkpt lat="47.882787" lon="10.115787">
        <ele>648.593515</ele>
        <time>2022-09-01T22:45:17.377Z</time>
      </trkpt>
      <trkpt lat="47.883487" lon="10.115806">
        <ele>648.033203</ele>
        <time>2022-09-01T22:45:31.715Z</time>
      </trkpt>
      <trkpt lat="47.884486" lon="10.115529">
        <ele>647.296858</ele>
        <time>2022-09-01T22:45:53.333Z</time>
      </trkpt>
      <trkpt lat="47.884932" lon="10.115332">
        <ele>646.994525</ele>
        <time>2022-09-01T22:46:03.537Z</time>
      </trkpt>
      <trkpt lat="47.886335" lon="10.114310">
        <ele>645.702743</ele>
        <time>2022-09-01T22:46:35.510Z</time>
      </trkpt>
      <trkpt lat="47.887425" lon="10.113712">
        <ele>644.516306</ele>
        <time>2022-09-01T22:46:58.759Z</time>
      </trkpt>
      <trkpt lat="47.888433" lon="10.113096">
        <ele>643.437324</ele>
        <time>2022-09-01T22:47:20.331Z</time>
      </trkpt>
      <trkpt lat="47.888894" lon="10.112881">
        <ele>642.958905</ele>
        <time>2022-09-01T22:47:30.415Z</time>
      </trkpt>
      <trkpt lat="47.888972" lon="10.112721">
        <ele>642.829681</ele>
        <time>2022-09-01T22:47:33.048Z</time>
      </trkpt>
      <trkpt lat="47.889822" lon="10.112697">
        <ele>642.205853</ele>
        <time>2022-09-01T22:47:50.115Z</time>
      </trkpt>
      <trkpt lat="47.890773" lon="10.112694">
        <ele>641.508951</ele>
        <time>2022-09-01T22:48:09.159Z</time>
      </trkpt>
      <trkpt lat="47.891764" lon="10.112898">
        <ele>640.859812</ele>
        <time>2022-09-01T22:48:29.200Z</time>
      </trkpt>
      <trkpt lat="47.893132" lon="10.113424">
        <ele>639.904857</ele>
        <time>2022-09-01T22:48:57.718Z</time>
      </trkpt>
      <trkpt lat="47.894158" lon="10.113883">
        <ele>639.144274</ele>
        <time>2022-09-01T22:49:18.801Z</time>
      </trkpt>
      <trkpt lat="47.894518" lon="10.114044">
        <ele>638.932525</ele>
        <time>2022-09-01T22:49:26.364Z</time>
      </trkpt>
      <trkpt lat="47.894583" lon="10.114035">
        <ele>638.899315</ele>
        <time>2022-09-01T22:49:27.725Z</time>
      </trkpt>
      <trkpt lat="47.895001" lon="10.114130">
        <ele>638.684208</ele>
        <time>2022-09-01T22:49:36.363Z</time>
      </trkpt>
      <trkpt lat="47.895231" lon="10.114219">
        <ele>638.563325</ele>
        <time>2022-09-01T22:49:41.273Z</time>
      </trkpt>
      <trkpt lat="47.896052" lon="10.114536">
        <ele>638.152588</ele>
        <time>2022-09-01T22:49:58.793Z</time>
      </trkpt>
      <trkpt lat="47.896562" lon="10.114762">
        <ele>638.107109</ele>
        <time>2022-09-01T22:50:10.032Z</time>
      </trkpt>
      <trkpt lat="47.897127" lon="10.115401">
        <ele>638.046496</ele>
        <time>2022-09-01T22:50:26.088Z</time>
      </trkpt>
      <trkpt lat="47.897230" lon="10.115526">
        <ele>638.035145</ele>
        <time>2022-09-01T22:50:29.183Z</time>
      </trkpt>
      <trkpt lat="47.897578" lon="10.115904">
        <ele>637.952595</ele>
        <time>2022-09-01T22:50:38.966Z</time>
      </trkpt>
      <trkpt lat="47.897662" lon="10.116126">
        <ele>637.794957</ele>
        <time>2022-09-01T22:50:42.716Z</time>
      </trkpt>
      <trkpt lat="47.897625" lon="10.116607">
        <ele>637.495555</ele>
        <time>2022-09-01T22:50:49.881Z</time>
      </trkpt>
      <trkpt lat="47.897535" lon="10.117246">
        <ele>637.091772</ele>
        <time>2022-09-01T22:50:59.015Z</time>
      </trkpt>
      <trkpt lat="47.897515" lon="10.117446">
        <ele>636.966723</ele>
        <time>2022-09-01T22:51:01.676Z</time>
      </trkpt>
      <trkpt lat="47.897389" lon="10.118849">
        <ele>635.264651</ele>
        <time>2022-09-01T22:51:18.699Z</time>
      </trkpt>
      <trkpt lat="47.897380" lon="10.118982">
        <ele>634.911518</ele>
        <time>2022-09-01T22:51:20.142Z</time>
      </trkpt>
      <trkpt lat="47.897365" lon="10.119233">
        <ele>634.245819</ele>
        <time>2022-09-01T22:51:22.870Z</time>
      </trkpt>
      <trkpt lat="47.897270" lon="10.119550">
        <ele>633.328545</ele>
        <time>2022-09-01T22:51:26.517Z</time>
      </trkpt>
      <trkpt lat="47.897057" lon="10.119718">
        <ele>632.379171</ele>
        <time>2022-09-01T22:51:30.250Z</time>
      </trkpt>
      <trkpt lat="47.897012" lon="10.119855">
        <ele>631.976155</ele>
        <time>2022-09-01T22:51:31.807Z</time>
      </trkpt>
      <trkpt lat="47.898402" lon="10.119766">
        <ele>625.106465</ele>
        <time>2022-09-01T22:51:52.853Z</time>
      </trkpt>
      <trkpt lat="47.898968" lon="10.119659">
        <ele>621.729280</ele>
        <time>2022-09-01T22:52:01.068Z</time>
      </trkpt>
      <trkpt lat="47.899647" lon="10.119685">
        <ele>617.731893</ele>
        <time>2022-09-01T22:52:10.883Z</time>
      </trkpt>
      <trkpt lat="47.900013" lon="10.119689">
        <ele>615.621117</ele>
        <time>2022-09-01T22:52:16.269Z</time>
      </trkpt>
      <trkpt lat="47.900113" lon="10.119679">
        <ele>615.043123</ele>
        <time>2022-09-01T22:52:17.735Z</time>
      </trkpt>
      <trkpt lat="47.900775" lon="10.119525">
        <ele>611.179222</ele>
        <time>2022-09-01T22:52:27.447Z</time>
      </trkpt>
      <trkpt lat="47.901307" lon="10.119351">
        <ele>608.195855</ele>
        <time>2022-09-01T22:52:35.575Z</time>
      </trkpt>
      <trkpt lat="47.901432" lon="10.119938">
        <ele>607.698559</ele>
        <time>2022-09-01T22:52:42.198Z</time>
      </trkpt>
      <trkpt lat="47.901751" lon="10.121194">
        <ele>606.614095</ele>
        <time>2022-09-01T22:52:59.724Z</time>
      </trkpt>
      <trkpt lat="47.901880" lon="10.121552">
        <ele>606.285929</ele>
        <time>2022-09-01T22:53:06.559Z</time>
      </trkpt>
      <trkpt lat="47.902146" lon="10.121925">
        <ele>606.503359</ele>
        <time>2022-09-01T22:53:17.065Z</time>
      </trkpt>
      <trkpt lat="47.903397" lon="10.123234">
        <ele>610.038939</ele>
        <time>2022-09-01T22:54:07.836Z</time>
      </trkpt>
      <trkpt lat="47.903470" lon="10.123327">
        <ele>610.245463</ele>
        <time>2022-09-01T22:54:10.966Z</time>
      </trkpt>
      <trkpt lat="47.903873" lon="10.123835">
        <ele>610.794012</ele>
        <time>2022-09-01T22:54:27.090Z</time>
      </trkpt>
      <trkpt lat="47.903999" lon="10.123693">
        <ele>610.958192</ele>
        <time>2022-09-01T22:54:31.671Z</time>
      </trkpt>
      <trkpt lat="47.904502" lon="10.123708">
        <ele>611.481247</ele>
        <time>2022-09-01T22:54:45.235Z</time>
      </trkpt>
      <trkpt lat="47.904631" lon="10.123718">
        <ele>611.615545</ele>
        <time>2022-09-01T22:54:48.499Z</time>
      </trkpt>
      <trkpt lat="47.905700" lon="10.123698">
        <ele>611.896690</ele>
        <time>2022-09-01T22:55:11.996Z</time>
      </trkpt>
      <trkpt lat="47.906117" lon="10.123720">
        <ele>611.753527</ele>
        <time>2022-09-01T22:55:20.722Z</time>
      </trkpt>
      <trkpt lat="47.907367" lon="10.123876">
        <ele>611.546694</ele>
        <time>2022-09-01T22:55:48.569Z</time>
      </trkpt>
      <trkpt lat="47.908848" lon="10.124066">
        <ele>611.680108</ele>
        <time>2022-09-01T22:56:24.905Z</time>
      </trkpt>
      <trkpt lat="47.909430" lon="10.124002">
        <ele>611.544179</ele>
        <time>2022-09-01T22:56:38.853Z</time>
      </trkpt>
      <trkpt lat="47.909475" lon="10.123992">
        <ele>611.533582</ele>
        <time>2022-09-01T22:56:39.935Z</time>
      </trkpt>
      <trkpt lat="47.911799" lon="10.123497">
        <ele>611.147642</ele>
        <time>2022-09-01T22:57:29.576Z</time>
      </trkpt>
      <trkpt lat="47.912509" lon="10.123564">
        <ele>611.636690</ele>
        <time>2022-09-01T22:57:48.542Z</time>
      </trkpt>
      <trkpt lat="47.913392" lon="10.123921">
        <ele>613.599655</ele>
        <time>2022-09-01T22:58:16.758Z</time>
      </trkpt>
      <trkpt lat="47.914683" lon="10.124735">
        <ele>617.531553</ele>
        <time>2022-09-01T22:59:07.563Z</time>
      </trkpt>
      <trkpt lat="47.915029" lon="10.124981">
        <ele>618.814289</ele>
        <time>2022-09-01T22:59:21.807Z</time>
      </trkpt>
      <trkpt lat="47.915605" lon="10.125193">
        <ele>620.799814</ele>
        <time>2022-09-01T22:59:44.163Z</time>
      </trkpt>
      <trkpt lat="47.916666" lon="10.125226">
        <ele>623.537109</ele>
        <time>2022-09-01T23:00:21.871Z</time>
      </trkpt>
      <trkpt lat="47.917234" lon="10.125059">
        <ele>625.007341</ele>
        <time>2022-09-01T23:00:40.132Z</time>
      </trkpt>
      <trkpt lat="47.917780" lon="10.124713">
        <ele>625.917936</ele>
        <time>2022-09-01T23:00:57.087Z</time>
      </trkpt>
      <trkpt lat="47.919193" lon="10.123352">
        <ele>627.479597</ele>
        <time>2022-09-01T23:01:41.116Z</time>
      </trkpt>
      <trkpt lat="47.919589" lon="10.123084">
        <ele>627.760759</ele>
        <time>2022-09-01T23:01:53.037Z</time>
      </trkpt>
      <trkpt lat="47.920337" lon="10.122649">
        <ele>628.279856</ele>
        <time>2022-09-01T23:02:13.563Z</time>
      </trkpt>
      <trkpt lat="47.921255" lon="10.122504">
        <ele>629.042355</ele>
        <time>2022-09-01T23:02:36.126Z</time>
      </trkpt>
      <trkpt lat="47.921254" lon="10.122448">
        <ele>629.076534</ele>
        <time>2022-09-01T23:02:36.938Z</time>
      </trkpt>
      <trkpt lat="47.921620" lon="10.122245">
        <ele>629.432016</ele>
        <time>2022-09-01T23:02:46.950Z</time>
      </trkpt>
      <trkpt lat="47.922103" lon="10.122162">
        <ele>629.874650</ele>
        <time>2022-09-01T23:02:59.288Z</time>
      </trkpt>
      <trkpt lat="47.922961" lon="10.122305">
        <ele>632.299103</ele>
        <time>2022-09-01T23:03:27.605Z</time>
      </trkpt>
      <trkpt lat="47.923447" lon="10.122370">
        <ele>634.061259</ele>
        <time>2022-09-01T23:03:48.051Z</time>
      </trkpt>
      <trkpt lat="47.923755" lon="10.122505">
        <ele>635.220547</ele>
        <time>2022-09-01T23:04:01.824Z</time>
      </trkpt>
      <trkpt lat="47.924118" lon="10.122916">
        <ele>636.715760</ele>
        <time>2022-09-01T23:04:20.667Z</time>
      </trkpt>
      <trkpt lat="47.924633" lon="10.123117">
        <ele>637.535874</ele>
        <time>2022-09-01T23:04:40.609Z</time>
      </trkpt>
      <trkpt lat="47.927672" lon="10.123062">
        <ele>639.541330</ele>
        <time>2022-09-01T23:05:53.746Z</time>
      </trkpt>
      <trkpt lat="47.928275" lon="10.122917">
        <ele>639.079641</ele>
        <time>2022-09-01T23:06:06.293Z</time>
      </trkpt>
      <trkpt lat="47.928675" lon="10.122554">
        <ele>638.725767</ele>
        <time>2022-09-01T23:06:15.834Z</time>
      </trkpt>
      <trkpt lat="47.929634" lon="10.121626">
        <ele>637.814348</ele>
        <time>2022-09-01T23:06:39.092Z</time>
      </trkpt>
      <trkpt lat="47.930100" lon="10.121176">
        <ele>637.338750</ele>
        <time>2022-09-01T23:06:49.646Z</time>
      </trkpt>
      <trkpt lat="47.930549" lon="10.120902">
        <ele>636.923096</ele>
        <time>2022-09-01T23:06:59.076Z</time>
      </trkpt>
      <trkpt lat="47.930960" lon="10.120742">
        <ele>637.243919</ele>
        <time>2022-09-01T23:07:08.462Z</time>
      </trkpt>
      <trkpt lat="47.931253" lon="10.120697">
        <ele>638.471192</ele>
        <time>2022-09-01T23:07:17.174Z</time>
      </trkpt>
      <trkpt lat="47.931612" lon="10.120766">
        <ele>639.979369</ele>
        <time>2022-09-01T23:07:30.392Z</time>
      </trkpt>
      <trkpt lat="47.931965" lon="10.120966">
        <ele>641.552604</ele>
        <time>2022-09-01T23:07:47.165Z</time>
      </trkpt>
      <trkpt lat="47.932353" lon="10.121315">
        <ele>643.440153</ele>
        <time>2022-09-01T23:08:08.445Z</time>
      </trkpt>
      <trkpt lat="47.932359" lon="10.121321">
        <ele>643.470246</ele>
        <time>2022-09-01T23:08:08.869Z</time>
      </trkpt>
      <trkpt lat="47.933099" lon="10.122385">
        <ele>650.160212</ele>
        <time>2022-09-01T23:09:04.752Z</time>
      </trkpt>
      <trkpt lat="47.933378" lon="10.122472">
        <ele>652.146532</ele>
        <time>2022-09-01T23:09:21.208Z</time>
      </trkpt>
      <trkpt lat="47.933881" lon="10.122793">
        <ele>655.958895</ele>
        <time>2022-09-01T23:09:50.513Z</time>
      </trkpt>
      <trkpt lat="47.934602" lon="10.123795">
        <ele>656.862586</ele>
        <time>2022-09-01T23:10:25.352Z</time>
      </trkpt>
      <trkpt lat="47.934630" lon="10.123830">
        <ele>656.869144</ele>
        <time>2022-09-01T23:10:26.307Z</time>
      </trkpt>
      <trkpt lat="47.937866" lon="10.127009">
        <ele>646.068884</ele>
        <time>2022-09-01T23:11:31.266Z</time>
      </trkpt>
      <trkpt lat="47.938734" lon="10.128188">
        <ele>642.115103</ele>
        <time>2022-09-01T23:11:50.425Z</time>
      </trkpt>
      <trkpt lat="47.939002" lon="10.128693">
        <ele>640.852256</ele>
        <time>2022-09-01T23:11:57.751Z</time>
      </trkpt>
      <trkpt lat="47.939118" lon="10.129057">
        <ele>640.062139</ele>
        <time>2022-09-01T23:12:02.458Z</time>
      </trkpt>
      <trkpt lat="47.939658" lon="10.131502">
        <ele>637.218044</ele>
        <time>2022-09-01T23:12:35.974Z</time>
      </trkpt>
      <trkpt lat="47.939773" lon="10.131843">
        <ele>636.941468</ele>
        <time>2022-09-01T23:12:41.336Z</time>
      </trkpt>
      <trkpt lat="47.939956" lon="10.132006">
        <ele>636.711015</ele>
        <time>2022-09-01T23:12:45.835Z</time>
      </trkpt>
      <trkpt lat="47.940115" lon="10.132060">
        <ele>636.568510</ele>
        <time>2022-09-01T23:12:49.440Z</time>
      </trkpt>
      <trkpt lat="47.941063" lon="10.132019">
        <ele>636.723463</ele>
        <time>2022-09-01T23:13:11.114Z</time>
      </trkpt>
      <trkpt lat="47.941401" lon="10.132160">
        <ele>636.780803</ele>
        <time>2022-09-01T23:13:19.690Z</time>
      </trkpt>
      <trkpt lat="47.941477" lon="10.132454">
        <ele>636.815293</ele>
        <time>2022-09-01T23:13:24.872Z</time>
      </trkpt>
      <trkpt lat="47.941769" lon="10.135199">
        <ele>638.070864</ele>
        <time>2022-09-01T23:14:12.454Z</time>
      </trkpt>
      <trkpt lat="47.943029" lon="10.134697">
        <ele>638.555043</ele>
        <time>2022-09-01T23:14:44.855Z</time>
      </trkpt>
      <trkpt lat="47.943367" lon="10.134632">
        <ele>638.658030</ele>
        <time>2022-09-01T23:14:52.583Z</time>
      </trkpt>
      <trkpt lat="47.943891" lon="10.134640">
        <ele>638.536577</ele>
        <time>2022-09-01T23:15:03.675Z</time>
      </trkpt>
      <trkpt lat="47.944264" lon="10.134622">
        <ele>638.044012</ele>
        <time>2022-09-01T23:15:10.932Z</time>
      </trkpt>
      <trkpt lat="47.945047" lon="10.134833">
        <ele>636.993858</ele>
        <time>2022-09-01T23:15:25.439Z</time>
      </trkpt>
      <trkpt lat="47.945237" lon="10.134818">
        <ele>636.742734</ele>
        <time>2022-09-01T23:15:28.847Z</time>
      </trkpt>
      <trkpt lat="47.945316" lon="10.134748">
        <ele>636.621482</ele>
        <time>2022-09-01T23:15:30.404Z</time>
      </trkpt>
      <trkpt lat="47.946336" lon="10.135538">
        <ele>634.806324</ele>
        <time>2022-09-01T23:15:50.821Z</time>
      </trkpt>
      <trkpt lat="47.947120" lon="10.136287">
        <ele>633.381485</ele>
        <time>2022-09-01T23:16:07.949Z</time>
      </trkpt>
      <trkpt lat="47.947705" lon="10.136728">
        <ele>632.865187</ele>
        <time>2022-09-01T23:16:20.716Z</time>
      </trkpt>
      <trkpt lat="47.949978" lon="10.138064">
        <ele>631.329758</ele>
        <time>2022-09-01T23:17:10.714Z</time>
      </trkpt>
      <trkpt lat="47.950756" lon="10.138775">
        <ele>630.834533</ele>
        <time>2022-09-01T23:17:29.651Z</time>
      </trkpt>
      <trkpt lat="47.951884" lon="10.139998">
        <ele>630.024772</ele>
        <time>2022-09-01T23:17:57.932Z</time>
      </trkpt>
      <trkpt lat="47.952473" lon="10.140438">
        <ele>629.540454</ele>
        <time>2022-09-01T23:18:10.789Z</time>
      </trkpt>
      <trkpt lat="47.953679" lon="10.141157">
        <ele>628.675641</ele>
        <time>2022-09-01T23:18:36.821Z</time>
      </trkpt>
      <trkpt lat="47.954139" lon="10.141610">
        <ele>628.452301</ele>
        <time>2022-09-01T23:18:47.826Z</time>
      </trkpt>
      <trkpt lat="47.954360" lon="10.141923">
        <ele>628.328842</ele>
        <time>2022-09-01T23:18:54.117Z</time>
      </trkpt>
      <trkpt lat="47.955102" lon="10.143249">
        <ele>628.052963</ele>
        <time>2022-09-01T23:19:19.701Z</time>
      </trkpt>
      <trkpt lat="47.955493" lon="10.143976">
        <ele>628.047398</ele>
        <time>2022-09-01T23:19:33.617Z</time>
      </trkpt>
      <trkpt lat="47.956186" lon="10.145063">
        <ele>627.887130</ele>
        <time>2022-09-01T23:19:56.063Z</time>
      </trkpt>
      <trkpt lat="47.957309" lon="10.147202">
        <ele>626.860527</ele>
        <time>2022-09-01T23:20:33.078Z</time>
      </trkpt>
      <trkpt lat="47.958042" lon="10.148778">
        <ele>625.690449</ele>
        <time>2022-09-01T23:20:57.792Z</time>
      </trkpt>
      <trkpt lat="47.958746" lon="10.149867">
        <ele>624.685150</ele>
        <time>2022-09-01T23:21:17.373Z</time>
      </trkpt>
      <trkpt lat="47.960417" lon="10.151883">
        <ele>622.571614</ele>
        <time>2022-09-01T23:21:58.766Z</time>
      </trkpt>
      <trkpt lat="47.961529" lon="10.152850">
        <ele>621.451347</ele>
        <time>2022-09-01T23:22:24.072Z</time>
      </trkpt>
      <trkpt lat="47.961944" lon="10.153317">
        <ele>621.042590</ele>
        <time>2022-09-01T23:22:34.221Z</time>
      </trkpt>
      <trkpt lat="47.962002" lon="10.153395">
        <ele>620.981193</ele>
        <time>2022-09-01T23:22:35.777Z</time>
      </trkpt>
      <trkpt lat="47.963232" lon="10.155724">
        <ele>619.687447</ele>
        <time>2022-09-01T23:23:15.645Z</time>
      </trkpt>
      <trkpt lat="47.964638" lon="10.157197">
        <ele>618.828123</ele>
        <time>2022-09-01T23:23:51.447Z</time>
      </trkpt>
      <trkpt lat="47.965048" lon="10.157577">
        <ele>618.549243</ele>
        <time>2022-09-01T23:24:01.306Z</time>
      </trkpt>
      <trkpt lat="47.965303" lon="10.157815">
        <ele>618.178671</ele>
        <time>2022-09-01T23:24:07.368Z</time>
      </trkpt>
      <trkpt lat="47.965414" lon="10.157886">
        <ele>618.029860</ele>
        <time>2022-09-01T23:24:09.746Z</time>
      </trkpt>
      <trkpt lat="47.965678" lon="10.158229">
        <ele>617.598635</ele>
        <time>2022-09-01T23:24:16.628Z</time>
      </trkpt>
      <trkpt lat="47.966327" lon="10.158802">
        <ele>616.669528</ele>
        <time>2022-09-01T23:24:30.559Z</time>
      </trkpt>
      <trkpt lat="47.966876" lon="10.159662">
        <ele>614.893114</ele>
        <time>2022-09-01T23:24:44.260Z</time>
      </trkpt>
      <trkpt lat="47.967156" lon="10.159961">
        <ele>614.002683</ele>
        <time>2022-09-01T23:24:50.077Z</time>
      </trkpt>
      <trkpt lat="47.967258" lon="10.159975">
        <ele>613.737708</ele>
        <time>2022-09-01T23:24:51.844Z</time>
      </trkpt>
      <trkpt lat="47.967789" lon="10.161273">
        <ele>611.062184</ele>
        <time>2022-09-01T23:25:08.658Z</time>
      </trkpt>
      <trkpt lat="47.968574" lon="10.162477">
        <ele>607.970387</ele>
        <time>2022-09-01T23:25:27.010Z</time>
      </trkpt>
      <trkpt lat="47.968633" lon="10.162720">
        <ele>607.494842</ele>
        <time>2022-09-01T23:25:29.897Z</time>
      </trkpt>
      <trkpt lat="47.968627" lon="10.162942">
        <ele>607.086087</ele>
        <time>2022-09-01T23:25:32.498Z</time>
      </trkpt>
      <trkpt lat="47.968457" lon="10.163731">
        <ele>607.174983</ele>
        <time>2022-09-01T23:25:42.698Z</time>
      </trkpt>
      <trkpt lat="47.968363" lon="10.164364">
        <ele>607.513758</ele>
        <time>2022-09-01T23:25:52.056Z</time>
      </trkpt>
      <trkpt lat="47.968221" lon="10.164686">
        <ele>607.715216</ele>
        <time>2022-09-01T23:25:58.174Z</time>
      </trkpt>
      <trkpt lat="47.968055" lon="10.165181">
        <ele>608.004480</ele>
        <time>2022-09-01T23:26:08.342Z</time>
      </trkpt>
      <trkpt lat="47.968116" lon="10.167169">
        <ele>614.172690</ele>
        <time>2022-09-01T23:27:05.814Z</time>
      </trkpt>
      <trkpt lat="47.968178" lon="10.167376">
        <ele>615.029828</ele>
        <time>2022-09-01T23:27:13.152Z</time>
      </trkpt>
      <trkpt lat="47.968287" lon="10.167480">
        <ele>615.760014</ele>
        <time>2022-09-01T23:27:20.647Z</time>
      </trkpt>
      <trkpt lat="47.968524" lon="10.167559">
        <ele>617.130874</ele>
        <time>2022-09-01T23:27:32.593Z</time>
      </trkpt>
      <trkpt lat="47.968669" lon="10.167690">
        <ele>618.087554</ele>
        <time>2022-09-01T23:27:41.436Z</time>
      </trkpt>
      <trkpt lat="47.968868" lon="10.168159">
        <ele>619.828519</ele>
        <time>2022-09-01T23:27:59.101Z</time>
      </trkpt>
      <trkpt lat="47.969237" lon="10.169365">
        <ele>623.850108</ele>
        <time>2022-09-01T23:28:37.342Z</time>
      </trkpt>
      <trkpt lat="47.969535" lon="10.170398">
        <ele>626.694826</ele>
        <time>2022-09-01T23:29:02.195Z</time>
      </trkpt>
      <trkpt lat="47.969656" lon="10.170617">
        <ele>626.894824</ele>
        <time>2022-09-01T23:29:06.949Z</time>
      </trkpt>
      <trkpt lat="47.969813" lon="10.170715">
        <ele>627.073838</ele>
        <time>2022-09-01T23:29:11.368Z</time>
      </trkpt>
      <trkpt lat="47.971112" lon="10.171140">
        <ele>628.409855</ele>
        <time>2022-09-01T23:29:44.486Z</time>
      </trkpt>
      <trkpt lat="47.972430" lon="10.171715">
        <ele>628.264120</ele>
        <time>2022-09-01T23:30:17.457Z</time>
      </trkpt>
      <trkpt lat="47.972535" lon="10.171760">
        <ele>628.252526</ele>
        <time>2022-09-01T23:30:20.477Z</time>
      </trkpt>
      <trkpt lat="47.972993" lon="10.171961">
        <ele>627.331960</ele>
        <time>2022-09-01T23:30:28.915Z</time>
      </trkpt>
      <trkpt lat="47.973698" lon="10.172981">
        <ele>623.263983</ele>
        <time>2022-09-01T23:30:44.592Z</time>
      </trkpt>
      <trkpt lat="47.973807" lon="10.173139">
        <ele>622.634461</ele>
        <time>2022-09-01T23:30:46.786Z</time>
      </trkpt>
      <trkpt lat="47.974165" lon="10.173751">
        <ele>620.205805</ele>
        <time>2022-09-01T23:30:54.660Z</time>
      </trkpt>
      <trkpt lat="47.974950" lon="10.174668">
        <ele>614.239486</ele>
        <time>2022-09-01T23:31:09.013Z</time>
      </trkpt>
      <trkpt lat="47.975539" lon="10.175168">
        <ele>610.183466</ele>
        <time>2022-09-01T23:31:19.081Z</time>
      </trkpt>
      <trkpt lat="47.975886" lon="10.175440">
        <ele>608.896615</ele>
        <time>2022-09-01T23:31:25.173Z</time>
      </trkpt>
      <trkpt lat="47.976027" lon="10.175555">
        <ele>608.405610</ele>
        <time>2022-09-01T23:31:27.696Z</time>
      </trkpt>
      <trkpt lat="47.976094" lon="10.175609">
        <ele>608.172925</ele>
        <time>2022-09-01T23:31:28.897Z</time>
      </trkpt>
      <trkpt lat="47.976774" lon="10.176169">
        <ele>605.799655</ele>
        <time>2022-09-01T23:31:41.820Z</time>
      </trkpt>
      <trkpt lat="47.977109" lon="10.176407">
        <ele>604.665861</ele>
        <time>2022-09-01T23:31:48.571Z</time>
      </trkpt>
      <trkpt lat="47.977113" lon="10.176618">
        <ele>604.370846</ele>
        <time>2022-09-01T23:31:51.164Z</time>
      </trkpt>
      <trkpt lat="47.977632" lon="10.177600">
        <ele>603.108461</ele>
        <time>2022-09-01T23:32:07.208Z</time>
      </trkpt>
      <trkpt lat="47.978322" lon="10.178779">
        <ele>601.487591</ele>
        <time>2022-09-01T23:32:26.099Z</time>
      </trkpt>
      <trkpt lat="47.978526" lon="10.179500">
        <ele>600.576082</ele>
        <time>2022-09-01T23:32:35.150Z</time>
      </trkpt>
      <trkpt lat="47.978713" lon="10.180471">
        <ele>599.399511</ele>
        <time>2022-09-01T23:32:47.271Z</time>
      </trkpt>
      <trkpt lat="47.978724" lon="10.180892">
        <ele>598.908893</ele>
        <time>2022-09-01T23:32:52.430Z</time>
      </trkpt>
      <trkpt lat="47.978707" lon="10.181098">
        <ele>598.667195</ele>
        <time>2022-09-01T23:32:54.984Z</time>
      </trkpt>
      <trkpt lat="47.978780" lon="10.181131">
        <ele>598.615525</ele>
        <time>2022-09-01T23:32:56.394Z</time>
      </trkpt>
      <trkpt lat="47.978816" lon="10.181147">
        <ele>598.591000</ele>
        <time>2022-09-01T23:32:57.101Z</time>
      </trkpt>
      <trkpt lat="47.978868" lon="10.181354">
        <ele>598.494361</ele>
        <time>2022-09-01T23:33:02.015Z</time>
      </trkpt>
      <trkpt lat="47.978906" lon="10.181501">
        <ele>598.425485</ele>
        <time>2022-09-01T23:33:05.549Z</time>
      </trkpt>
      <trkpt lat="47.979004" lon="10.181450">
        <ele>598.357724</ele>
        <time>2022-09-01T23:33:07.664Z</time>
      </trkpt>
      <trkpt lat="47.979091" lon="10.181688">
        <ele>598.239196</ele>
        <time>2022-09-01T23:33:11.277Z</time>
      </trkpt>
      <trkpt lat="47.979181" lon="10.181934">
        <ele>598.116662</ele>
        <time>2022-09-01T23:33:15.008Z</time>
      </trkpt>
      <trkpt lat="47.979261" lon="10.182149">
        <ele>598.009146</ele>
        <time>2022-09-01T23:33:18.365Z</time>
      </trkpt>
      <trkpt lat="47.979367" lon="10.182528">
        <ele>597.829612</ele>
        <time>2022-09-01T23:33:23.979Z</time>
      </trkpt>
      <trkpt lat="47.979377" lon="10.182571">
        <ele>597.809715</ele>
        <time>2022-09-01T23:33:24.601Z</time>
      </trkpt>
      <trkpt lat="47.979496" lon="10.183122">
        <ele>597.556657</ele>
        <time>2022-09-01T23:33:33.004Z</time>
      </trkpt>
      <trkpt lat="47.979496" lon="10.183122">
        <ele>597.556657</ele>
        <time>2022-09-01T23:33:33.009Z</time>
      </trkpt>
      <trkpt lat="47.979445" lon="10.183150">
        <ele>597.521178</ele>
        <time>2022-09-01T23:33:34.302Z</time>
      </trkpt>
      <trkpt lat="47.979303" lon="10.182558">
        <ele>597.510808</ele>
        <time>2022-09-01T23:33:46.929Z</time>
      </trkpt>
      <trkpt lat="47.979082" lon="10.181801">
        <ele>597.542001</ele>
        <time>2022-09-01T23:34:03.334Z</time>
      </trkpt>
      <trkpt lat="47.978897" lon="10.181627">
        <ele>597.554336</ele>
        <time>2022-09-01T23:34:09.653Z</time>
      </trkpt>
      <trkpt lat="47.978904" lon="10.181562">
        <ele>597.556823</ele>
        <time>2022-09-01T23:34:10.641Z</time>
      </trkpt>
      <trkpt lat="47.978906" lon="10.181501">
        <ele>597.559130</ele>
        <time>2022-09-01T23:34:11.570Z</time>
      </trkpt>
      <trkpt lat="47.978868" lon="10.181354">
        <ele>597.565082</ele>
        <time>2022-09-01T23:34:15.471Z</time>
      </trkpt>
      <trkpt lat="47.978828" lon="10.181192">
        <ele>597.571604</ele>
        <time>2022-09-01T23:34:19.810Z</time>
      </trkpt>
      <trkpt lat="47.978816" lon="10.181147">
        <ele>597.573433</ele>
        <time>2022-09-01T23:34:21.072Z</time>
      </trkpt>
      <trkpt lat="47.978780" lon="10.181131">
        <ele>597.575553</ele>
        <time>2022-09-01T23:34:21.870Z</time>
      </trkpt>
      <trkpt lat="47.978707" lon="10.181098">
        <ele>597.579856</ele>
        <time>2022-09-01T23:34:23.604Z</time>
      </trkpt>
      <trkpt lat="47.978587" lon="10.181377">
        <ele>597.594660</ele>
        <time>2022-09-01T23:34:28.793Z</time>
      </trkpt>
      <trkpt lat="47.978575" lon="10.181389">
        <ele>597.597125</ele>
        <time>2022-09-01T23:34:29.171Z</time>
      </trkpt>
      <trkpt lat="47.978392" lon="10.181569">
        <ele>597.634534</ele>
        <time>2022-09-01T23:34:34.187Z</time>
      </trkpt>
      <trkpt lat="47.977778" lon="10.181845">
        <ele>597.744007</ele>
        <time>2022-09-01T23:34:49.006Z</time>
      </trkpt>
      <trkpt lat="47.977622" lon="10.181916">
        <ele>597.771850</ele>
        <time>2022-09-01T23:34:52.936Z</time>
      </trkpt>
      <trkpt lat="47.977049" lon="10.182099">
        <ele>597.871891</ele>
        <time>2022-09-01T23:35:06.702Z</time>
      </trkpt>
      <trkpt lat="47.977068" lon="10.182235">
        <ele>597.887770</ele>
        <time>2022-09-01T23:35:08.713Z</time>
      </trkpt>
      <trkpt lat="47.977673" lon="10.182019">
        <ele>597.805449</ele>
        <time>2022-09-01T23:35:21.895Z</time>
      </trkpt>
      <trkpt lat="47.977694" lon="10.182137">
        <ele>597.791893</ele>
        <time>2022-09-01T23:35:24.158Z</time>
      </trkpt>
      <trkpt lat="47.978004" lon="10.182009">
        <ele>597.738550</ele>
        <time>2022-09-01T23:35:31.537Z</time>
      </trkpt>
      <trkpt lat="47.978045" lon="10.181992">
        <ele>597.731492</ele>
        <time>2022-09-01T23:35:32.430Z</time>
      </trkpt>
      <trkpt lat="47.978897" lon="10.181627">
        <ele>597.600029</ele>
        <time>2022-09-01T23:35:52.221Z</time>
      </trkpt>
      <trkpt lat="47.978904" lon="10.181562">
        <ele>597.600029</ele>
        <time>2022-09-01T23:35:53.149Z</time>
      </trkpt>
      <trkpt lat="47.978906" lon="10.181501">
        <ele>597.600029</ele>
        <time>2022-09-01T23:35:54.016Z</time>
      </trkpt>
      <trkpt lat="47.978868" lon="10.181354">
        <ele>597.600029</ele>
        <time>2022-09-01T23:35:57.733Z</time>
      </trkpt>
      <trkpt lat="47.978817" lon="10.181388">
        <ele>597.600029</ele>
        <time>2022-09-01T23:35:58.885Z</time>
      </trkpt>
      <trkpt lat="47.978817" lon="10.181388">
        <ele>597.600029</ele>
        <time>2022-09-01T23:35:58.912Z</time>
      </trkpt>
      <trkpt lat="47.978817" lon="10.181388">
        <ele>597.600029</ele>
        <time>2022-09-01T23:35:58.912Z</time>
      </trkpt>
      <trkpt lat="47.978298" lon="10.181617">
        <ele>597.600029</ele>
        <time>2022-09-01T23:36:12.906Z</time>
      </trkpt>
      <trkpt lat="47.977778" lon="10.181845">
        <ele>597.600029</ele>
        <time>2022-09-01T23:36:26.920Z</time>
      </trkpt>
    </trkseg>
  </trk>
</gpx>