<?xml version='1.0' encoding='UTF-8'?>
<gpx version="1.1" creator="https://www.komoot.de" xmlns="http://www.topografix.com/GPX/1/1" xmlns:xsi="http://www.w3.org/2001/XMLSchema-instance" xsi:schemaLocation="http://www.topografix.com/GPX/1/1 http://www.topografix.com/GPX/1/1/gpx.xsd">
  <metadata>
    <name>kreuzthal-friyay</name>
    <author>
      <link href="https://www.komoot.de">
        <text>komoot</text>
        <type>text/html</type>
      </link>
    </author>
  </metadata>
  <wpt lat="47.959444" lon="10.215331">
    <name>Benningen-Radweg</name>
    <sym>Flag, Blue</sym>
  </wpt>
  <wpt lat="47.861003" lon="10.322557">
    <name>St.-Josephs-Kapelle, Oberwarlins</name>
    <sym>Flag, Blue</sym>
  </wpt>
  <wpt lat="47.727356" lon="10.252884">
    <name>Restaurant Alte Säge</name>
    <sym>Restaurant</sym>
  </wpt>
  <wpt lat="47.715678" lon="10.118972">
    <name>Kreuzthal–Eschach Straße über den Buchenberger Wald</name>
    <sym>Flag, Blue</sym>
  </wpt>
  <trk>
    <name>kreuzthal-friyay</name>
    <trkseg>
      <trkpt lat="47.991996" lon="10.205140">
        <ele>597.917555</ele>
        <time>2025-07-10T20:35:48.395Z</time>
      </trkpt>
      <trkpt lat="47.991900" lon="10.205103">
        <ele>597.917555</ele>
        <time>2025-07-10T20:35:50.038Z</time>
      </trkpt>
      <trkpt lat="47.991594" lon="10.205018">
        <ele>597.917555</ele>
        <time>2025-07-10T20:35:55.178Z</time>
      </trkpt>
      <trkpt lat="47.991554" lon="10.205021">
        <ele>597.917555</ele>
        <time>2025-07-10T20:35:55.824Z</time>
      </trkpt>
      <trkpt lat="47.991196" lon="10.205168">
        <ele>597.917555</ele>
        <time>2025-07-10T20:36:01.962Z</time>
      </trkpt>
      <trkpt lat="47.991169" lon="10.205186">
        <ele>597.917555</ele>
        <time>2025-07-10T20:36:02.449Z</time>
      </trkpt>
      <trkpt lat="47.990930" lon="10.205364">
        <ele>598.137519</ele>
        <time>2025-07-10T20:36:06.865Z</time>
      </trkpt>
      <trkpt lat="47.990018" lon="10.206113">
        <ele>599.182813</ele>
        <time>2025-07-10T20:36:26.497Z</time>
      </trkpt>
      <trkpt lat="47.989781" lon="10.206355">
        <ele>599.471140</ele>
        <time>2025-07-10T20:36:31.966Z</time>
      </trkpt>
      <trkpt lat="47.989645" lon="10.206571">
        <ele>599.670499</ele>
        <time>2025-07-10T20:36:35.944Z</time>
      </trkpt>
      <trkpt lat="47.989523" lon="10.206837">
        <ele>599.967857</ele>
        <time>2025-07-10T20:36:40.413Z</time>
      </trkpt>
      <trkpt lat="47.989415" lon="10.207072">
        <ele>600.254174</ele>
        <time>2025-07-10T20:36:44.422Z</time>
      </trkpt>
      <trkpt lat="47.989333" lon="10.207157">
        <ele>600.403945</ele>
        <time>2025-07-10T20:36:46.555Z</time>
      </trkpt>
      <trkpt lat="47.989225" lon="10.207222">
        <ele>600.578675</ele>
        <time>2025-07-10T20:36:49.052Z</time>
      </trkpt>
      <trkpt lat="47.988900" lon="10.207406">
        <ele>601.100242</ele>
        <time>2025-07-10T20:36:56.618Z</time>
      </trkpt>
      <trkpt lat="47.988723" lon="10.207510">
        <ele>601.385666</ele>
        <time>2025-07-10T20:37:00.726Z</time>
      </trkpt>
      <trkpt lat="47.988358" lon="10.207801">
        <ele>602.006523</ele>
        <time>2025-07-10T20:37:09.578Z</time>
      </trkpt>
      <trkpt lat="47.987933" lon="10.208168">
        <ele>602.543735</ele>
        <time>2025-07-10T20:37:19.676Z</time>
      </trkpt>
      <trkpt lat="47.987876" lon="10.208224">
        <ele>602.582260</ele>
        <time>2025-07-10T20:37:21.013Z</time>
      </trkpt>
      <trkpt lat="47.987564" lon="10.208460">
        <ele>602.779749</ele>
        <time>2025-07-10T20:37:27.455Z</time>
      </trkpt>
      <trkpt lat="47.987479" lon="10.208528">
        <ele>602.834199</ele>
        <time>2025-07-10T20:37:29.098Z</time>
      </trkpt>
      <trkpt lat="47.987096" lon="10.208792">
        <ele>603.072398</ele>
        <time>2025-07-10T20:37:35.969Z</time>
      </trkpt>
      <trkpt lat="47.986791" lon="10.208959">
        <ele>603.255843</ele>
        <time>2025-07-10T20:37:41.044Z</time>
      </trkpt>
      <trkpt lat="47.986515" lon="10.209097">
        <ele>603.420205</ele>
        <time>2025-07-10T20:37:45.376Z</time>
      </trkpt>
      <trkpt lat="47.986323" lon="10.209190">
        <ele>603.439052</ele>
        <time>2025-07-10T20:37:48.239Z</time>
      </trkpt>
      <trkpt lat="47.985972" lon="10.209372">
        <ele>603.438843</ele>
        <time>2025-07-10T20:37:53.423Z</time>
      </trkpt>
      <trkpt lat="47.985031" lon="10.209986">
        <ele>603.438264</ele>
        <time>2025-07-10T20:38:08.312Z</time>
      </trkpt>
      <trkpt lat="47.984620" lon="10.210173">
        <ele>603.463301</ele>
        <time>2025-07-10T20:38:15.266Z</time>
      </trkpt>
      <trkpt lat="47.984603" lon="10.210181">
        <ele>603.465570</ele>
        <time>2025-07-10T20:38:15.563Z</time>
      </trkpt>
      <trkpt lat="47.983932" lon="10.210435">
        <ele>603.553712</ele>
        <time>2025-07-10T20:38:27.039Z</time>
      </trkpt>
      <trkpt lat="47.983423" lon="10.210725">
        <ele>603.623078</ele>
        <time>2025-07-10T20:38:35.537Z</time>
      </trkpt>
      <trkpt lat="47.982990" lon="10.211082">
        <ele>603.578049</ele>
        <time>2025-07-10T20:38:42.299Z</time>
      </trkpt>
      <trkpt lat="47.982701" lon="10.211310">
        <ele>603.381730</ele>
        <time>2025-07-10T20:38:46.505Z</time>
      </trkpt>
      <trkpt lat="47.982464" lon="10.211454">
        <ele>603.228042</ele>
        <time>2025-07-10T20:38:49.727Z</time>
      </trkpt>
      <trkpt lat="47.981981" lon="10.211619">
        <ele>602.930419</ele>
        <time>2025-07-10T20:38:55.863Z</time>
      </trkpt>
      <trkpt lat="47.981524" lon="10.211690">
        <ele>602.654423</ele>
        <time>2025-07-10T20:39:01.777Z</time>
      </trkpt>
      <trkpt lat="47.981247" lon="10.211768">
        <ele>602.584759</ele>
        <time>2025-07-10T20:39:05.703Z</time>
      </trkpt>
      <trkpt lat="47.980940" lon="10.211931">
        <ele>602.580963</ele>
        <time>2025-07-10T20:39:10.528Z</time>
      </trkpt>
      <trkpt lat="47.980609" lon="10.212186">
        <ele>602.576624</ele>
        <time>2025-07-10T20:39:16.343Z</time>
      </trkpt>
      <trkpt lat="47.980393" lon="10.212332">
        <ele>602.573862</ele>
        <time>2025-07-10T20:39:20.073Z</time>
      </trkpt>
      <trkpt lat="47.980067" lon="10.212438">
        <ele>602.569975</ele>
        <time>2025-07-10T20:39:25.128Z</time>
      </trkpt>
      <trkpt lat="47.979379" lon="10.212474">
        <ele>602.514339</ele>
        <time>2025-07-10T20:39:35.244Z</time>
      </trkpt>
      <trkpt lat="47.979186" lon="10.212410">
        <ele>602.483329</ele>
        <time>2025-07-10T20:39:38.007Z</time>
      </trkpt>
      <trkpt lat="47.979032" lon="10.212221">
        <ele>602.452066</ele>
        <time>2025-07-10T20:39:40.741Z</time>
      </trkpt>
      <trkpt lat="47.978898" lon="10.211853">
        <ele>602.408079</ele>
        <time>2025-07-10T20:39:44.610Z</time>
      </trkpt>
      <trkpt lat="47.978604" lon="10.210827">
        <ele>602.290891</ele>
        <time>2025-07-10T20:39:54.948Z</time>
      </trkpt>
      <trkpt lat="47.978460" lon="10.210549">
        <ele>602.351931</ele>
        <time>2025-07-10T20:39:58.429Z</time>
      </trkpt>
      <trkpt lat="47.978303" lon="10.210427">
        <ele>602.415842</ele>
        <time>2025-07-10T20:40:01.044Z</time>
      </trkpt>
      <trkpt lat="47.977243" lon="10.210097">
        <ele>602.806874</ele>
        <time>2025-07-10T20:40:18.738Z</time>
      </trkpt>
      <trkpt lat="47.976720" lon="10.210104">
        <ele>603.085405</ele>
        <time>2025-07-10T20:40:28.044Z</time>
      </trkpt>
      <trkpt lat="47.975810" lon="10.210202">
        <ele>603.887083</ele>
        <time>2025-07-10T20:40:45.478Z</time>
      </trkpt>
      <trkpt lat="47.974752" lon="10.210449">
        <ele>604.672997</ele>
        <time>2025-07-10T20:41:05.063Z</time>
      </trkpt>
      <trkpt lat="47.974428" lon="10.210563">
        <ele>604.821256</ele>
        <time>2025-07-10T20:41:10.544Z</time>
      </trkpt>
      <trkpt lat="47.974141" lon="10.210284">
        <ele>604.973773</ele>
        <time>2025-07-10T20:41:15.964Z</time>
      </trkpt>
      <trkpt lat="47.974047" lon="10.210242">
        <ele>605.017474</ele>
        <time>2025-07-10T20:41:17.503Z</time>
      </trkpt>
      <trkpt lat="47.973852" lon="10.210126">
        <ele>605.110961</ele>
        <time>2025-07-10T20:41:20.767Z</time>
      </trkpt>
      <trkpt lat="47.973692" lon="10.210315">
        <ele>605.201816</ele>
        <time>2025-07-10T20:41:23.926Z</time>
      </trkpt>
      <trkpt lat="47.973508" lon="10.210442">
        <ele>605.292096</ele>
        <time>2025-07-10T20:41:27.087Z</time>
      </trkpt>
      <trkpt lat="47.973255" lon="10.210543">
        <ele>605.451453</ele>
        <time>2025-07-10T20:41:31.183Z</time>
      </trkpt>
      <trkpt lat="47.972090" lon="10.210770">
        <ele>606.212589</ele>
        <time>2025-07-10T20:41:52.288Z</time>
      </trkpt>
      <trkpt lat="47.971474" lon="10.210928">
        <ele>606.551363</ele>
        <time>2025-07-10T20:42:03.735Z</time>
      </trkpt>
      <trkpt lat="47.970996" lon="10.211098">
        <ele>606.716569</ele>
        <time>2025-07-10T20:42:11.705Z</time>
      </trkpt>
      <trkpt lat="47.970971" lon="10.211162">
        <ele>606.733248</ele>
        <time>2025-07-10T20:42:12.510Z</time>
      </trkpt>
      <trkpt lat="47.970928" lon="10.211180">
        <ele>606.748263</ele>
        <time>2025-07-10T20:42:13.237Z</time>
      </trkpt>
      <trkpt lat="47.970851" lon="10.211208">
        <ele>606.774908</ele>
        <time>2025-07-10T20:42:14.507Z</time>
      </trkpt>
      <trkpt lat="47.970260" lon="10.211270">
        <ele>606.974103</ele>
        <time>2025-07-10T20:42:23.895Z</time>
      </trkpt>
      <trkpt lat="47.970039" lon="10.211310">
        <ele>607.048951</ele>
        <time>2025-07-10T20:42:27.324Z</time>
      </trkpt>
      <trkpt lat="47.969491" lon="10.211370">
        <ele>607.114421</ele>
        <time>2025-07-10T20:42:35.212Z</time>
      </trkpt>
      <trkpt lat="47.969445" lon="10.211376">
        <ele>607.117515</ele>
        <time>2025-07-10T20:42:35.888Z</time>
      </trkpt>
      <trkpt lat="47.969056" lon="10.211411">
        <ele>607.143623</ele>
        <time>2025-07-10T20:42:41.754Z</time>
      </trkpt>
      <trkpt lat="47.968694" lon="10.211450">
        <ele>607.167937</ele>
        <time>2025-07-10T20:42:47.256Z</time>
      </trkpt>
      <trkpt lat="47.968302" lon="10.211561">
        <ele>607.194667</ele>
        <time>2025-07-10T20:42:53.323Z</time>
      </trkpt>
      <trkpt lat="47.967816" lon="10.211811">
        <ele>607.357819</ele>
        <time>2025-07-10T20:43:01.266Z</time>
      </trkpt>
      <trkpt lat="47.967664" lon="10.211888">
        <ele>607.426573</ele>
        <time>2025-07-10T20:43:03.790Z</time>
      </trkpt>
      <trkpt lat="47.967527" lon="10.211952">
        <ele>607.488061</ele>
        <time>2025-07-10T20:43:06.086Z</time>
      </trkpt>
      <trkpt lat="47.967371" lon="10.212025">
        <ele>607.558088</ele>
        <time>2025-07-10T20:43:08.761Z</time>
      </trkpt>
      <trkpt lat="47.966869" lon="10.212298">
        <ele>607.786935</ele>
        <time>2025-07-10T20:43:17.891Z</time>
      </trkpt>
      <trkpt lat="47.966632" lon="10.212484">
        <ele>607.901619</ele>
        <time>2025-07-10T20:43:22.590Z</time>
      </trkpt>
      <trkpt lat="47.966284" lon="10.213079">
        <ele>608.168035</ele>
        <time>2025-07-10T20:43:31.654Z</time>
      </trkpt>
      <trkpt lat="47.965957" lon="10.213866">
        <ele>608.503055</ele>
        <time>2025-07-10T20:43:42.160Z</time>
      </trkpt>
      <trkpt lat="47.965783" lon="10.214373">
        <ele>608.709128</ele>
        <time>2025-07-10T20:43:48.810Z</time>
      </trkpt>
      <trkpt lat="47.965481" lon="10.214456">
        <ele>608.875011</ele>
        <time>2025-07-10T20:43:53.999Z</time>
      </trkpt>
      <trkpt lat="47.964962" lon="10.214534">
        <ele>609.023365</ele>
        <time>2025-07-10T20:44:02.650Z</time>
      </trkpt>
      <trkpt lat="47.964675" lon="10.214557">
        <ele>609.079717</ele>
        <time>2025-07-10T20:44:07.351Z</time>
      </trkpt>
      <trkpt lat="47.964423" lon="10.214525">
        <ele>609.129304</ele>
        <time>2025-07-10T20:44:11.408Z</time>
      </trkpt>
      <trkpt lat="47.963994" lon="10.214440">
        <ele>609.214154</ele>
        <time>2025-07-10T20:44:17.895Z</time>
      </trkpt>
      <trkpt lat="47.963646" lon="10.214409">
        <ele>609.282506</ele>
        <time>2025-07-10T20:44:22.885Z</time>
      </trkpt>
      <trkpt lat="47.963176" lon="10.214451">
        <ele>609.307842</ele>
        <time>2025-07-10T20:44:29.927Z</time>
      </trkpt>
      <trkpt lat="47.962872" lon="10.214590">
        <ele>609.314376</ele>
        <time>2025-07-10T20:44:34.615Z</time>
      </trkpt>
      <trkpt lat="47.962707" lon="10.214703">
        <ele>609.318106</ele>
        <time>2025-07-10T20:44:37.203Z</time>
      </trkpt>
      <trkpt lat="47.962478" lon="10.214810">
        <ele>609.323037</ele>
        <time>2025-07-10T20:44:40.655Z</time>
      </trkpt>
      <trkpt lat="47.962236" lon="10.214857">
        <ele>609.328052</ele>
        <time>2025-07-10T20:44:44.259Z</time>
      </trkpt>
      <trkpt lat="47.961967" lon="10.214850">
        <ele>609.333580</ele>
        <time>2025-07-10T20:44:48.408Z</time>
      </trkpt>
      <trkpt lat="47.961685" lon="10.214788">
        <ele>609.348962</ele>
        <time>2025-07-10T20:44:52.888Z</time>
      </trkpt>
      <trkpt lat="47.961343" lon="10.214702">
        <ele>609.383503</ele>
        <time>2025-07-10T20:44:58.298Z</time>
      </trkpt>
      <trkpt lat="47.960821" lon="10.214499">
        <ele>609.437226</ele>
        <time>2025-07-10T20:45:06.320Z</time>
      </trkpt>
      <trkpt lat="47.960602" lon="10.214528">
        <ele>609.459123</ele>
        <time>2025-07-10T20:45:09.593Z</time>
      </trkpt>
      <trkpt lat="47.960288" lon="10.214673">
        <ele>609.491857</ele>
        <time>2025-07-10T20:45:14.644Z</time>
      </trkpt>
      <trkpt lat="47.960198" lon="10.214714">
        <ele>609.501229</ele>
        <time>2025-07-10T20:45:16.134Z</time>
      </trkpt>
      <trkpt lat="47.960129" lon="10.214814">
        <ele>609.510805</ele>
        <time>2025-07-10T20:45:17.642Z</time>
      </trkpt>
      <trkpt lat="47.960032" lon="10.215092">
        <ele>609.575969</ele>
        <time>2025-07-10T20:45:20.874Z</time>
      </trkpt>
      <trkpt lat="47.959985" lon="10.215159">
        <ele>609.600785</ele>
        <time>2025-07-10T20:45:21.882Z</time>
      </trkpt>
      <trkpt lat="47.959555" lon="10.215306">
        <ele>609.769257</ele>
        <time>2025-07-10T20:45:28.661Z</time>
      </trkpt>
      <trkpt lat="47.959457" lon="10.215374">
        <ele>609.810528</ele>
        <time>2025-07-10T20:45:30.353Z</time>
      </trkpt>
      <trkpt lat="47.959353" lon="10.215446">
        <ele>609.854308</ele>
        <time>2025-07-10T20:45:32.171Z</time>
      </trkpt>
      <trkpt lat="47.959205" lon="10.215600">
        <ele>609.923200</ele>
        <time>2025-07-10T20:45:35.057Z</time>
      </trkpt>
      <trkpt lat="47.957404" lon="10.217866">
        <ele>611.341340</ele>
        <time>2025-07-10T20:46:16.397Z</time>
      </trkpt>
      <trkpt lat="47.956938" lon="10.218413">
        <ele>611.790227</ele>
        <time>2025-07-10T20:46:26.942Z</time>
      </trkpt>
      <trkpt lat="47.956693" lon="10.218605">
        <ele>612.006285</ele>
        <time>2025-07-10T20:46:31.894Z</time>
      </trkpt>
      <trkpt lat="47.956442" lon="10.218743">
        <ele>612.215146</ele>
        <time>2025-07-10T20:46:36.708Z</time>
      </trkpt>
      <trkpt lat="47.956052" lon="10.218852">
        <ele>612.524972</ele>
        <time>2025-07-10T20:46:43.908Z</time>
      </trkpt>
      <trkpt lat="47.954607" lon="10.219020">
        <ele>613.528958</ele>
        <time>2025-07-10T20:47:09.938Z</time>
      </trkpt>
      <trkpt lat="47.953736" lon="10.219119">
        <ele>614.094807</ele>
        <time>2025-07-10T20:47:24.484Z</time>
      </trkpt>
      <trkpt lat="47.953209" lon="10.219130">
        <ele>614.404415</ele>
        <time>2025-07-10T20:47:33.121Z</time>
      </trkpt>
      <trkpt lat="47.952675" lon="10.219021">
        <ele>614.721023</ele>
        <time>2025-07-10T20:47:42.222Z</time>
      </trkpt>
      <trkpt lat="47.951879" lon="10.218676">
        <ele>615.319238</ele>
        <time>2025-07-10T20:47:57.032Z</time>
      </trkpt>
      <trkpt lat="47.951367" lon="10.218502">
        <ele>615.953788</ele>
        <time>2025-07-10T20:48:07.286Z</time>
      </trkpt>
      <trkpt lat="47.950943" lon="10.218451">
        <ele>616.467829</ele>
        <time>2025-07-10T20:48:15.848Z</time>
      </trkpt>
      <trkpt lat="47.950471" lon="10.218478">
        <ele>617.038634</ele>
        <time>2025-07-10T20:48:25.554Z</time>
      </trkpt>
      <trkpt lat="47.949303" lon="10.218730">
        <ele>618.424926</ele>
        <time>2025-07-10T20:48:49.305Z</time>
      </trkpt>
      <trkpt lat="47.948593" lon="10.218794">
        <ele>619.255676</ele>
        <time>2025-07-10T20:49:02.612Z</time>
      </trkpt>
      <trkpt lat="47.948142" lon="10.218881">
        <ele>619.833238</ele>
        <time>2025-07-10T20:49:10.988Z</time>
      </trkpt>
      <trkpt lat="47.947901" lon="10.219007">
        <ele>620.165262</ele>
        <time>2025-07-10T20:49:15.751Z</time>
      </trkpt>
      <trkpt lat="47.947815" lon="10.219062">
        <ele>620.286913</ele>
        <time>2025-07-10T20:49:18.035Z</time>
      </trkpt>
      <trkpt lat="47.947646" lon="10.219179">
        <ele>620.529136</ele>
        <time>2025-07-10T20:49:22.740Z</time>
      </trkpt>
      <trkpt lat="47.947579" lon="10.219273">
        <ele>620.648684</ele>
        <time>2025-07-10T20:49:25.108Z</time>
      </trkpt>
      <trkpt lat="47.947331" lon="10.219333">
        <ele>620.975358</ele>
        <time>2025-07-10T20:49:30.260Z</time>
      </trkpt>
      <trkpt lat="47.947101" lon="10.219451">
        <ele>621.291586</ele>
        <time>2025-07-10T20:49:35.328Z</time>
      </trkpt>
      <trkpt lat="47.946869" lon="10.219582">
        <ele>621.614104</ele>
        <time>2025-07-10T20:49:40.632Z</time>
      </trkpt>
      <trkpt lat="47.946571" lon="10.219692">
        <ele>622.035038</ele>
        <time>2025-07-10T20:49:47.311Z</time>
      </trkpt>
      <trkpt lat="47.946005" lon="10.219770">
        <ele>622.828219</ele>
        <time>2025-07-10T20:49:59.840Z</time>
      </trkpt>
      <trkpt lat="47.945082" lon="10.219725">
        <ele>624.116904</ele>
        <time>2025-07-10T20:50:18.377Z</time>
      </trkpt>
      <trkpt lat="47.944955" lon="10.219718">
        <ele>624.263579</ele>
        <time>2025-07-10T20:50:20.684Z</time>
      </trkpt>
      <trkpt lat="47.944466" lon="10.219558">
        <ele>624.650329</ele>
        <time>2025-07-10T20:50:29.421Z</time>
      </trkpt>
      <trkpt lat="47.943943" lon="10.219296">
        <ele>625.076522</ele>
        <time>2025-07-10T20:50:38.765Z</time>
      </trkpt>
      <trkpt lat="47.943595" lon="10.219211">
        <ele>625.348948</ele>
        <time>2025-07-10T20:50:44.785Z</time>
      </trkpt>
      <trkpt lat="47.943009" lon="10.219181">
        <ele>625.836878</ele>
        <time>2025-07-10T20:50:55.874Z</time>
      </trkpt>
      <trkpt lat="47.942446" lon="10.219338">
        <ele>626.362111</ele>
        <time>2025-07-10T20:51:07.061Z</time>
      </trkpt>
      <trkpt lat="47.942025" lon="10.219533">
        <ele>626.766348</ele>
        <time>2025-07-10T20:51:15.234Z</time>
      </trkpt>
      <trkpt lat="47.941076" lon="10.220073">
        <ele>627.607003</ele>
        <time>2025-07-10T20:51:32.945Z</time>
      </trkpt>
      <trkpt lat="47.939733" lon="10.220628">
        <ele>628.650253</ele>
        <time>2025-07-10T20:51:57.284Z</time>
      </trkpt>
      <trkpt lat="47.938537" lon="10.221401">
        <ele>630.234057</ele>
        <time>2025-07-10T20:52:22.922Z</time>
      </trkpt>
      <trkpt lat="47.938086" lon="10.222020">
        <ele>631.002921</ele>
        <time>2025-07-10T20:52:35.741Z</time>
      </trkpt>
      <trkpt lat="47.937696" lon="10.222333">
        <ele>631.599400</ele>
        <time>2025-07-10T20:52:44.959Z</time>
      </trkpt>
      <trkpt lat="47.937249" lon="10.222759">
        <ele>632.313802</ele>
        <time>2025-07-10T20:52:55.793Z</time>
      </trkpt>
      <trkpt lat="47.936881" lon="10.222979">
        <ele>632.847803</ele>
        <time>2025-07-10T20:53:03.675Z</time>
      </trkpt>
      <trkpt lat="47.936266" lon="10.223093">
        <ele>633.440407</ele>
        <time>2025-07-10T20:53:15.884Z</time>
      </trkpt>
      <trkpt lat="47.935096" lon="10.223429">
        <ele>634.276173</ele>
        <time>2025-07-10T20:53:37.273Z</time>
      </trkpt>
      <trkpt lat="47.934957" lon="10.223424">
        <ele>634.373705</ele>
        <time>2025-07-10T20:53:39.359Z</time>
      </trkpt>
      <trkpt lat="47.934469" lon="10.223301">
        <ele>634.424841</ele>
        <time>2025-07-10T20:53:46.343Z</time>
      </trkpt>
      <trkpt lat="47.933965" lon="10.223077">
        <ele>634.406411</ele>
        <time>2025-07-10T20:53:53.479Z</time>
      </trkpt>
      <trkpt lat="47.933793" lon="10.223091">
        <ele>634.400374</ele>
        <time>2025-07-10T20:53:55.822Z</time>
      </trkpt>
      <trkpt lat="47.933526" lon="10.223287">
        <ele>634.389946</ele>
        <time>2025-07-10T20:54:00.077Z</time>
      </trkpt>
      <trkpt lat="47.932739" lon="10.224040">
        <ele>634.618351</ele>
        <time>2025-07-10T20:54:15.265Z</time>
      </trkpt>
      <trkpt lat="47.932526" lon="10.224143">
        <ele>634.720054</ele>
        <time>2025-07-10T20:54:19.175Z</time>
      </trkpt>
      <trkpt lat="47.932286" lon="10.224098">
        <ele>634.829926</ele>
        <time>2025-07-10T20:54:23.387Z</time>
      </trkpt>
      <trkpt lat="47.932176" lon="10.224145">
        <ele>634.881898</ele>
        <time>2025-07-10T20:54:25.350Z</time>
      </trkpt>
      <trkpt lat="47.931941" lon="10.224401">
        <ele>635.014052</ele>
        <time>2025-07-10T20:54:30.270Z</time>
      </trkpt>
      <trkpt lat="47.930416" lon="10.226525">
        <ele>636.046521</ele>
        <time>2025-07-10T20:55:04.945Z</time>
      </trkpt>
      <trkpt lat="47.929606" lon="10.227568">
        <ele>636.862368</ele>
        <time>2025-07-10T20:55:23.523Z</time>
      </trkpt>
      <trkpt lat="47.929325" lon="10.228030">
        <ele>637.193127</ele>
        <time>2025-07-10T20:55:31.300Z</time>
      </trkpt>
      <trkpt lat="47.929383" lon="10.228328">
        <ele>637.357627</ele>
        <time>2025-07-10T20:55:35.333Z</time>
      </trkpt>
      <trkpt lat="47.929748" lon="10.229322">
        <ele>637.987307</ele>
        <time>2025-07-10T20:55:49.769Z</time>
      </trkpt>
      <trkpt lat="47.929748" lon="10.229486">
        <ele>638.080000</ele>
        <time>2025-07-10T20:55:51.722Z</time>
      </trkpt>
      <trkpt lat="47.929537" lon="10.229888">
        <ele>638.368623</ele>
        <time>2025-07-10T20:55:57.771Z</time>
      </trkpt>
      <trkpt lat="47.929100" lon="10.230707">
        <ele>638.960368</ele>
        <time>2025-07-10T20:56:10.244Z</time>
      </trkpt>
      <trkpt lat="47.928777" lon="10.231160">
        <ele>639.531023</ele>
        <time>2025-07-10T20:56:18.223Z</time>
      </trkpt>
      <trkpt lat="47.928410" lon="10.231550">
        <ele>640.165560</ele>
        <time>2025-07-10T20:56:27.055Z</time>
      </trkpt>
      <trkpt lat="47.927747" lon="10.232111">
        <ele>641.238989</ele>
        <time>2025-07-10T20:56:44.783Z</time>
      </trkpt>
      <trkpt lat="47.927619" lon="10.232254">
        <ele>641.464184</ele>
        <time>2025-07-10T20:56:48.071Z</time>
      </trkpt>
      <trkpt lat="47.927606" lon="10.232507">
        <ele>641.606749</ele>
        <time>2025-07-10T20:56:51.470Z</time>
      </trkpt>
      <trkpt lat="47.927729" lon="10.232934">
        <ele>641.718368</ele>
        <time>2025-07-10T20:56:57.458Z</time>
      </trkpt>
      <trkpt lat="47.927600" lon="10.233047">
        <ele>641.771977</ele>
        <time>2025-07-10T20:57:00.176Z</time>
      </trkpt>
      <trkpt lat="47.927243" lon="10.233482">
        <ele>641.937157</ele>
        <time>2025-07-10T20:57:07.938Z</time>
      </trkpt>
      <trkpt lat="47.926693" lon="10.234225">
        <ele>642.203043</ele>
        <time>2025-07-10T20:57:17.732Z</time>
      </trkpt>
      <trkpt lat="47.925878" lon="10.235392">
        <ele>641.968571</ele>
        <time>2025-07-10T20:57:33.304Z</time>
      </trkpt>
      <trkpt lat="47.925641" lon="10.235810">
        <ele>641.884265</ele>
        <time>2025-07-10T20:57:38.637Z</time>
      </trkpt>
      <trkpt lat="47.925115" lon="10.237039">
        <ele>641.848731</ele>
        <time>2025-07-10T20:57:53.204Z</time>
      </trkpt>
      <trkpt lat="47.924350" lon="10.238539">
        <ele>641.970263</ele>
        <time>2025-07-10T20:58:12.087Z</time>
      </trkpt>
      <trkpt lat="47.923869" lon="10.239931">
        <ele>642.413755</ele>
        <time>2025-07-10T20:58:28.914Z</time>
      </trkpt>
      <trkpt lat="47.923501" lon="10.240600">
        <ele>642.658848</ele>
        <time>2025-07-10T20:58:39.066Z</time>
      </trkpt>
      <trkpt lat="47.923084" lon="10.241726">
        <ele>643.372644</ele>
        <time>2025-07-10T20:58:54.758Z</time>
      </trkpt>
      <trkpt lat="47.922613" lon="10.242700">
        <ele>644.068914</ele>
        <time>2025-07-10T20:59:09.686Z</time>
      </trkpt>
      <trkpt lat="47.922079" lon="10.243915">
        <ele>644.838890</ele>
        <time>2025-07-10T20:59:27.610Z</time>
      </trkpt>
      <trkpt lat="47.921894" lon="10.244255">
        <ele>645.065205</ele>
        <time>2025-07-10T20:59:32.850Z</time>
      </trkpt>
      <trkpt lat="47.921799" lon="10.244390">
        <ele>645.166363</ele>
        <time>2025-07-10T20:59:35.170Z</time>
      </trkpt>
      <trkpt lat="47.921607" lon="10.244527">
        <ele>645.330470</ele>
        <time>2025-07-10T20:59:38.896Z</time>
      </trkpt>
      <trkpt lat="47.921482" lon="10.244682">
        <ele>645.455793</ele>
        <time>2025-07-10T20:59:41.697Z</time>
      </trkpt>
      <trkpt lat="47.921188" lon="10.245365">
        <ele>645.933079</ele>
        <time>2025-07-10T20:59:51.081Z</time>
      </trkpt>
      <trkpt lat="47.920824" lon="10.245899">
        <ele>646.420297</ele>
        <time>2025-07-10T21:00:00.158Z</time>
      </trkpt>
      <trkpt lat="47.920725" lon="10.246201">
        <ele>646.635345</ele>
        <time>2025-07-10T21:00:04.250Z</time>
      </trkpt>
      <trkpt lat="47.920555" lon="10.247092">
        <ele>647.227927</ele>
        <time>2025-07-10T21:00:16.224Z</time>
      </trkpt>
      <trkpt lat="47.920418" lon="10.247423">
        <ele>647.526093</ele>
        <time>2025-07-10T21:00:21.570Z</time>
      </trkpt>
      <trkpt lat="47.919999" lon="10.248005">
        <ele>648.283316</ele>
        <time>2025-07-10T21:00:33.935Z</time>
      </trkpt>
      <trkpt lat="47.919671" lon="10.248316">
        <ele>648.797378</ele>
        <time>2025-07-10T21:00:42.427Z</time>
      </trkpt>
      <trkpt lat="47.919711" lon="10.248587">
        <ele>649.043377</ele>
        <time>2025-07-10T21:00:46.326Z</time>
      </trkpt>
      <trkpt lat="47.919974" lon="10.249376">
        <ele>649.700205</ele>
        <time>2025-07-10T21:00:57.559Z</time>
      </trkpt>
      <trkpt lat="47.919818" lon="10.249541">
        <ele>649.626670</ele>
        <time>2025-07-10T21:01:00.635Z</time>
      </trkpt>
      <trkpt lat="47.919618" lon="10.249676">
        <ele>649.542253</ele>
        <time>2025-07-10T21:01:03.952Z</time>
      </trkpt>
      <trkpt lat="47.919124" lon="10.249763">
        <ele>649.350959</ele>
        <time>2025-07-10T21:01:10.741Z</time>
      </trkpt>
      <trkpt lat="47.919103" lon="10.249547">
        <ele>649.294707</ele>
        <time>2025-07-10T21:01:12.586Z</time>
      </trkpt>
      <trkpt lat="47.919063" lon="10.249400">
        <ele>649.253817</ele>
        <time>2025-07-10T21:01:13.874Z</time>
      </trkpt>
      <trkpt lat="47.918774" lon="10.248734">
        <ele>649.049330</ele>
        <time>2025-07-10T21:01:20.221Z</time>
      </trkpt>
      <trkpt lat="47.918574" lon="10.248186">
        <ele>648.795489</ele>
        <time>2025-07-10T21:01:25.232Z</time>
      </trkpt>
      <trkpt lat="47.918420" lon="10.247507">
        <ele>648.494630</ele>
        <time>2025-07-10T21:01:31.349Z</time>
      </trkpt>
      <trkpt lat="47.918259" lon="10.246421">
        <ele>648.027806</ele>
        <time>2025-07-10T21:01:41.346Z</time>
      </trkpt>
      <trkpt lat="47.918082" lon="10.245721">
        <ele>647.898796</ele>
        <time>2025-07-10T21:01:48.497Z</time>
      </trkpt>
      <trkpt lat="47.917797" lon="10.244413">
        <ele>647.865535</ele>
        <time>2025-07-10T21:02:02.201Z</time>
      </trkpt>
      <trkpt lat="47.917777" lon="10.244321">
        <ele>647.863196</ele>
        <time>2025-07-10T21:02:03.158Z</time>
      </trkpt>
      <trkpt lat="47.917739" lon="10.244177">
        <ele>647.859453</ele>
        <time>2025-07-10T21:02:04.705Z</time>
      </trkpt>
      <trkpt lat="47.917566" lon="10.244156">
        <ele>647.853190</ele>
        <time>2025-07-10T21:02:07.316Z</time>
      </trkpt>
      <trkpt lat="47.917252" lon="10.244010">
        <ele>647.831708</ele>
        <time>2025-07-10T21:02:12.334Z</time>
      </trkpt>
      <trkpt lat="47.917122" lon="10.244030">
        <ele>647.815316</ele>
        <time>2025-07-10T21:02:14.355Z</time>
      </trkpt>
      <trkpt lat="47.915882" lon="10.245360">
        <ele>647.623773</ele>
        <time>2025-07-10T21:02:36.713Z</time>
      </trkpt>
      <trkpt lat="47.915395" lon="10.245822">
        <ele>647.090520</ele>
        <time>2025-07-10T21:02:44.051Z</time>
      </trkpt>
      <trkpt lat="47.914288" lon="10.246874">
        <ele>645.943931</ele>
        <time>2025-07-10T21:02:59.314Z</time>
      </trkpt>
      <trkpt lat="47.913931" lon="10.247067">
        <ele>646.430343</ele>
        <time>2025-07-10T21:03:04.266Z</time>
      </trkpt>
      <trkpt lat="47.913206" lon="10.247583">
        <ele>647.459327</ele>
        <time>2025-07-10T21:03:20.021Z</time>
      </trkpt>
      <trkpt lat="47.912164" lon="10.248230">
        <ele>649.555221</ele>
        <time>2025-07-10T21:03:51.706Z</time>
      </trkpt>
      <trkpt lat="47.911179" lon="10.248753">
        <ele>652.085497</ele>
        <time>2025-07-10T21:04:17.900Z</time>
      </trkpt>
      <trkpt lat="47.910224" lon="10.249159">
        <ele>653.055901</ele>
        <time>2025-07-10T21:04:34.981Z</time>
      </trkpt>
      <trkpt lat="47.909301" lon="10.249480">
        <ele>653.674347</ele>
        <time>2025-07-10T21:04:50.136Z</time>
      </trkpt>
      <trkpt lat="47.908281" lon="10.249764">
        <ele>654.472571</ele>
        <time>2025-07-10T21:05:08.575Z</time>
      </trkpt>
      <trkpt lat="47.908231" lon="10.249820">
        <ele>654.520964</ele>
        <time>2025-07-10T21:05:09.745Z</time>
      </trkpt>
      <trkpt lat="47.908206" lon="10.249939">
        <ele>654.585666</ele>
        <time>2025-07-10T21:05:11.354Z</time>
      </trkpt>
      <trkpt lat="47.908332" lon="10.250824">
        <ele>655.055074</ele>
        <time>2025-07-10T21:05:22.699Z</time>
      </trkpt>
      <trkpt lat="47.908327" lon="10.251031">
        <ele>655.175156</ele>
        <time>2025-07-10T21:05:25.236Z</time>
      </trkpt>
      <trkpt lat="47.908311" lon="10.251277">
        <ele>655.326579</ele>
        <time>2025-07-10T21:05:28.227Z</time>
      </trkpt>
      <trkpt lat="47.908242" lon="10.251406">
        <ele>655.427691</ele>
        <time>2025-07-10T21:05:30.212Z</time>
      </trkpt>
      <trkpt lat="47.906046" lon="10.253963">
        <ele>658.001640</ele>
        <time>2025-07-10T21:06:21.837Z</time>
      </trkpt>
      <trkpt lat="47.905802" lon="10.254255">
        <ele>658.293974</ele>
        <time>2025-07-10T21:06:27.566Z</time>
      </trkpt>
      <trkpt lat="47.905565" lon="10.254511">
        <ele>658.598339</ele>
        <time>2025-07-10T21:06:32.892Z</time>
      </trkpt>
      <trkpt lat="47.904941" lon="10.255593">
        <ele>659.677037</ele>
        <time>2025-07-10T21:06:51.436Z</time>
      </trkpt>
      <trkpt lat="47.904931" lon="10.255695">
        <ele>659.754945</ele>
        <time>2025-07-10T21:06:52.787Z</time>
      </trkpt>
      <trkpt lat="47.904764" lon="10.255755">
        <ele>659.948604</ele>
        <time>2025-07-10T21:06:56.182Z</time>
      </trkpt>
      <trkpt lat="47.904674" lon="10.255827">
        <ele>660.063740</ele>
        <time>2025-07-10T21:06:58.192Z</time>
      </trkpt>
      <trkpt lat="47.904548" lon="10.256013">
        <ele>660.263589</ele>
        <time>2025-07-10T21:07:01.715Z</time>
      </trkpt>
      <trkpt lat="47.904291" lon="10.256392">
        <ele>660.654553</ele>
        <time>2025-07-10T21:07:08.933Z</time>
      </trkpt>
      <trkpt lat="47.903553" lon="10.257077">
        <ele>661.562988</ele>
        <time>2025-07-10T21:07:26.200Z</time>
      </trkpt>
      <trkpt lat="47.903018" lon="10.257522">
        <ele>662.203188</ele>
        <time>2025-07-10T21:07:37.354Z</time>
      </trkpt>
      <trkpt lat="47.902775" lon="10.257730">
        <ele>662.409439</ele>
        <time>2025-07-10T21:07:42.241Z</time>
      </trkpt>
      <trkpt lat="47.901616" lon="10.256908">
        <ele>663.070814</ele>
        <time>2025-07-10T21:08:10.635Z</time>
      </trkpt>
      <trkpt lat="47.901230" lon="10.256769">
        <ele>663.285769</ele>
        <time>2025-07-10T21:08:19.268Z</time>
      </trkpt>
      <trkpt lat="47.900915" lon="10.256730">
        <ele>663.520835</ele>
        <time>2025-07-10T21:08:26.076Z</time>
      </trkpt>
      <trkpt lat="47.900462" lon="10.256870">
        <ele>663.864880</ele>
        <time>2025-07-10T21:08:36.452Z</time>
      </trkpt>
      <trkpt lat="47.899977" lon="10.257076">
        <ele>664.239905</ele>
        <time>2025-07-10T21:08:48.269Z</time>
      </trkpt>
      <trkpt lat="47.899968" lon="10.257128">
        <ele>664.266682</ele>
        <time>2025-07-10T21:08:49.099Z</time>
      </trkpt>
      <trkpt lat="47.899154" lon="10.257712">
        <ele>665.329948</ele>
        <time>2025-07-10T21:09:06.659Z</time>
      </trkpt>
      <trkpt lat="47.897595" lon="10.258495">
        <ele>667.943497</ele>
        <time>2025-07-10T21:09:42.645Z</time>
      </trkpt>
      <trkpt lat="47.897064" lon="10.258761">
        <ele>668.856867</ele>
        <time>2025-07-10T21:09:54.788Z</time>
      </trkpt>
      <trkpt lat="47.896740" lon="10.258966">
        <ele>669.430747</ele>
        <time>2025-07-10T21:10:02.275Z</time>
      </trkpt>
      <trkpt lat="47.896531" lon="10.259235">
        <ele>669.880886</ele>
        <time>2025-07-10T21:10:08.100Z</time>
      </trkpt>
      <trkpt lat="47.895969" lon="10.260282">
        <ele>671.278856</ele>
        <time>2025-07-10T21:10:26.942Z</time>
      </trkpt>
      <trkpt lat="47.895340" lon="10.261403">
        <ele>672.766094</ele>
        <time>2025-07-10T21:10:52.749Z</time>
      </trkpt>
      <trkpt lat="47.894861" lon="10.262146">
        <ele>673.666756</ele>
        <time>2025-07-10T21:11:10.658Z</time>
      </trkpt>
      <trkpt lat="47.894754" lon="10.262269">
        <ele>673.829775</ele>
        <time>2025-07-10T21:11:14.077Z</time>
      </trkpt>
      <trkpt lat="47.894654" lon="10.262324">
        <ele>673.958390</ele>
        <time>2025-07-10T21:11:16.730Z</time>
      </trkpt>
      <trkpt lat="47.894633" lon="10.262678">
        <ele>674.245928</ele>
        <time>2025-07-10T21:11:21.324Z</time>
      </trkpt>
      <trkpt lat="47.894590" lon="10.262818">
        <ele>674.370521</ele>
        <time>2025-07-10T21:11:23.290Z</time>
      </trkpt>
      <trkpt lat="47.894021" lon="10.264136">
        <ele>675.732115</ele>
        <time>2025-07-10T21:11:42.917Z</time>
      </trkpt>
      <trkpt lat="47.893543" lon="10.265256">
        <ele>677.072380</ele>
        <time>2025-07-10T21:12:01.737Z</time>
      </trkpt>
      <trkpt lat="47.893456" lon="10.265424">
        <ele>677.286673</ele>
        <time>2025-07-10T21:12:04.768Z</time>
      </trkpt>
      <trkpt lat="47.893440" lon="10.265452">
        <ele>677.323812</ele>
        <time>2025-07-10T21:12:05.317Z</time>
      </trkpt>
      <trkpt lat="47.893205" lon="10.265835">
        <ele>677.847912</ele>
        <time>2025-07-10T21:12:12.694Z</time>
      </trkpt>
      <trkpt lat="47.893010" lon="10.266071">
        <ele>678.238029</ele>
        <time>2025-07-10T21:12:18.227Z</time>
      </trkpt>
      <trkpt lat="47.892597" lon="10.266521">
        <ele>679.044307</ele>
        <time>2025-07-10T21:12:30.420Z</time>
      </trkpt>
      <trkpt lat="47.892585" lon="10.266534">
        <ele>679.067687</ele>
        <time>2025-07-10T21:12:30.747Z</time>
      </trkpt>
      <trkpt lat="47.892311" lon="10.266810">
        <ele>679.588901</ele>
        <time>2025-07-10T21:12:37.950Z</time>
      </trkpt>
      <trkpt lat="47.892284" lon="10.266831">
        <ele>679.636903</ele>
        <time>2025-07-10T21:12:38.579Z</time>
      </trkpt>
      <trkpt lat="47.892028" lon="10.267019">
        <ele>680.086724</ele>
        <time>2025-07-10T21:12:44.364Z</time>
      </trkpt>
      <trkpt lat="47.891787" lon="10.267173">
        <ele>680.500031</ele>
        <time>2025-07-10T21:12:49.624Z</time>
      </trkpt>
      <trkpt lat="47.891521" lon="10.267386">
        <ele>680.894158</ele>
        <time>2025-07-10T21:12:55.394Z</time>
      </trkpt>
      <trkpt lat="47.891334" lon="10.267676">
        <ele>681.115215</ele>
        <time>2025-07-10T21:13:00.273Z</time>
      </trkpt>
      <trkpt lat="47.891244" lon="10.268067">
        <ele>681.342350</ele>
        <time>2025-07-10T21:13:05.147Z</time>
      </trkpt>
      <trkpt lat="47.891227" lon="10.268546">
        <ele>681.605898</ele>
        <time>2025-07-10T21:13:10.560Z</time>
      </trkpt>
      <trkpt lat="47.891214" lon="10.268750">
        <ele>681.718488</ele>
        <time>2025-07-10T21:13:12.794Z</time>
      </trkpt>
      <trkpt lat="47.891120" lon="10.269089">
        <ele>681.920045</ele>
        <time>2025-07-10T21:13:16.891Z</time>
      </trkpt>
      <trkpt lat="47.891012" lon="10.269313">
        <ele>682.071631</ele>
        <time>2025-07-10T21:13:20.147Z</time>
      </trkpt>
      <trkpt lat="47.890654" lon="10.269893">
        <ele>682.658985</ele>
        <time>2025-07-10T21:13:30.323Z</time>
      </trkpt>
      <trkpt lat="47.890485" lon="10.270159">
        <ele>682.998101</ele>
        <time>2025-07-10T21:13:35.348Z</time>
      </trkpt>
      <trkpt lat="47.889899" lon="10.270997">
        <ele>684.118603</ele>
        <time>2025-07-10T21:13:52.909Z</time>
      </trkpt>
      <trkpt lat="47.889674" lon="10.271320">
        <ele>684.549628</ele>
        <time>2025-07-10T21:13:59.266Z</time>
      </trkpt>
      <trkpt lat="47.889557" lon="10.271432">
        <ele>684.741508</ele>
        <time>2025-07-10T21:14:02.144Z</time>
      </trkpt>
      <trkpt lat="47.889343" lon="10.271840">
        <ele>685.106941</ele>
        <time>2025-07-10T21:14:10.922Z</time>
      </trkpt>
      <trkpt lat="47.888991" lon="10.272427">
        <ele>685.654859</ele>
        <time>2025-07-10T21:14:23.407Z</time>
      </trkpt>
      <trkpt lat="47.888587" lon="10.272941">
        <ele>686.205886</ele>
        <time>2025-07-10T21:14:35.969Z</time>
      </trkpt>
      <trkpt lat="47.888364" lon="10.273153">
        <ele>686.480293</ele>
        <time>2025-07-10T21:14:42.380Z</time>
      </trkpt>
      <trkpt lat="47.888021" lon="10.273398">
        <ele>686.829957</ele>
        <time>2025-07-10T21:14:51.795Z</time>
      </trkpt>
      <trkpt lat="47.887300" lon="10.273853">
        <ele>687.494364</ele>
        <time>2025-07-10T21:15:10.804Z</time>
      </trkpt>
      <trkpt lat="47.887119" lon="10.273969">
        <ele>687.661553</ele>
        <time>2025-07-10T21:15:15.393Z</time>
      </trkpt>
      <trkpt lat="47.886500" lon="10.274741">
        <ele>688.302578</ele>
        <time>2025-07-10T21:15:33.597Z</time>
      </trkpt>
      <trkpt lat="47.886367" lon="10.274908">
        <ele>688.416460</ele>
        <time>2025-07-10T21:15:37.341Z</time>
      </trkpt>
      <trkpt lat="47.885271" lon="10.275786">
        <ele>689.231356</ele>
        <time>2025-07-10T21:16:05.491Z</time>
      </trkpt>
      <trkpt lat="47.884735" lon="10.276452">
        <ele>689.965695</ele>
        <time>2025-07-10T21:16:22.481Z</time>
      </trkpt>
      <trkpt lat="47.884555" lon="10.276676">
        <ele>690.238966</ele>
        <time>2025-07-10T21:16:28.241Z</time>
      </trkpt>
      <trkpt lat="47.883508" lon="10.277576">
        <ele>691.822182</ele>
        <time>2025-07-10T21:16:58.577Z</time>
      </trkpt>
      <trkpt lat="47.883287" lon="10.277838">
        <ele>692.414134</ele>
        <time>2025-07-10T21:17:06.034Z</time>
      </trkpt>
      <trkpt lat="47.882911" lon="10.278802">
        <ele>693.982171</ele>
        <time>2025-07-10T21:17:23.599Z</time>
      </trkpt>
      <trkpt lat="47.882654" lon="10.279219">
        <ele>694.778495</ele>
        <time>2025-07-10T21:17:33.414Z</time>
      </trkpt>
      <trkpt lat="47.881996" lon="10.279774">
        <ele>696.243383</ele>
        <time>2025-07-10T21:17:52.645Z</time>
      </trkpt>
      <trkpt lat="47.881554" lon="10.280072">
        <ele>697.155418</ele>
        <time>2025-07-10T21:18:03.885Z</time>
      </trkpt>
      <trkpt lat="47.881192" lon="10.280254">
        <ele>697.873685</ele>
        <time>2025-07-10T21:18:11.812Z</time>
      </trkpt>
      <trkpt lat="47.880231" lon="10.281129">
        <ele>699.624434</ele>
        <time>2025-07-10T21:18:33.290Z</time>
      </trkpt>
      <trkpt lat="47.879315" lon="10.282025">
        <ele>701.162214</ele>
        <time>2025-07-10T21:18:56.218Z</time>
      </trkpt>
      <trkpt lat="47.878630" lon="10.282697">
        <ele>702.543413</ele>
        <time>2025-07-10T21:19:14.341Z</time>
      </trkpt>
      <trkpt lat="47.878256" lon="10.283195">
        <ele>703.388051</ele>
        <time>2025-07-10T21:19:25.149Z</time>
      </trkpt>
      <trkpt lat="47.877430" lon="10.284640">
        <ele>705.518500</ele>
        <time>2025-07-10T21:19:52.374Z</time>
      </trkpt>
      <trkpt lat="47.876680" lon="10.286060">
        <ele>707.629588</ele>
        <time>2025-07-10T21:20:18.386Z</time>
      </trkpt>
      <trkpt lat="47.876105" lon="10.287590">
        <ele>710.004163</ele>
        <time>2025-07-10T21:20:44.927Z</time>
      </trkpt>
      <trkpt lat="47.874837" lon="10.290102">
        <ele>715.117468</ele>
        <time>2025-07-10T21:21:37.034Z</time>
      </trkpt>
      <trkpt lat="47.874162" lon="10.291440">
        <ele>718.482966</ele>
        <time>2025-07-10T21:22:06.858Z</time>
      </trkpt>
      <trkpt lat="47.873578" lon="10.292362">
        <ele>720.990782</ele>
        <time>2025-07-10T21:22:31.236Z</time>
      </trkpt>
      <trkpt lat="47.872311" lon="10.293564">
        <ele>724.731326</ele>
        <time>2025-07-10T21:23:10.273Z</time>
      </trkpt>
      <trkpt lat="47.872158" lon="10.293737">
        <ele>725.180354</ele>
        <time>2025-07-10T21:23:14.057Z</time>
      </trkpt>
      <trkpt lat="47.871043" lon="10.294998">
        <ele>725.735866</ele>
        <time>2025-07-10T21:23:35.282Z</time>
      </trkpt>
      <trkpt lat="47.869709" lon="10.295897">
        <ele>727.163067</ele>
        <time>2025-07-10T21:23:58.233Z</time>
      </trkpt>
      <trkpt lat="47.869205" lon="10.296285">
        <ele>727.833086</ele>
        <time>2025-07-10T21:24:10.463Z</time>
      </trkpt>
      <trkpt lat="47.869762" lon="10.297747">
        <ele>733.730784</ele>
        <time>2025-07-10T21:24:44.717Z</time>
      </trkpt>
      <trkpt lat="47.869741" lon="10.298112">
        <ele>735.171388</ele>
        <time>2025-07-10T21:24:54.637Z</time>
      </trkpt>
      <trkpt lat="47.869623" lon="10.298530">
        <ele>736.954762</ele>
        <time>2025-07-10T21:25:07.989Z</time>
      </trkpt>
      <trkpt lat="47.869096" lon="10.299916">
        <ele>747.751416</ele>
        <time>2025-07-10T21:26:09.719Z</time>
      </trkpt>
      <trkpt lat="47.868542" lon="10.301215">
        <ele>759.664957</ele>
        <time>2025-07-10T21:27:18.542Z</time>
      </trkpt>
      <trkpt lat="47.867760" lon="10.302248">
        <ele>770.929234</ele>
        <time>2025-07-10T21:28:22.238Z</time>
      </trkpt>
      <trkpt lat="47.867431" lon="10.302860">
        <ele>776.601096</ele>
        <time>2025-07-10T21:28:50.276Z</time>
      </trkpt>
      <trkpt lat="47.866535" lon="10.303949">
        <ele>787.265766</ele>
        <time>2025-07-10T21:29:48.143Z</time>
      </trkpt>
      <trkpt lat="47.866204" lon="10.304500">
        <ele>791.683121</ele>
        <time>2025-07-10T21:30:13.205Z</time>
      </trkpt>
      <trkpt lat="47.866053" lon="10.305081">
        <ele>795.338481</ele>
        <time>2025-07-10T21:30:34.659Z</time>
      </trkpt>
      <trkpt lat="47.865890" lon="10.306240">
        <ele>801.696396</ele>
        <time>2025-07-10T21:31:13.840Z</time>
      </trkpt>
      <trkpt lat="47.865915" lon="10.306897">
        <ele>805.229491</ele>
        <time>2025-07-10T21:31:34.642Z</time>
      </trkpt>
      <trkpt lat="47.866186" lon="10.307864">
        <ele>810.533260</ele>
        <time>2025-07-10T21:32:04.799Z</time>
      </trkpt>
      <trkpt lat="47.866507" lon="10.309190">
        <ele>816.672682</ele>
        <time>2025-07-10T21:32:41.806Z</time>
      </trkpt>
      <trkpt lat="47.866391" lon="10.310899">
        <ele>823.799302</ele>
        <time>2025-07-10T21:33:29.432Z</time>
      </trkpt>
      <trkpt lat="47.866312" lon="10.311456">
        <ele>826.014972</ele>
        <time>2025-07-10T21:33:45.146Z</time>
      </trkpt>
      <trkpt lat="47.866075" lon="10.312033">
        <ele>828.648039</ele>
        <time>2025-07-10T21:34:03.065Z</time>
      </trkpt>
      <trkpt lat="47.865668" lon="10.312753">
        <ele>831.632523</ele>
        <time>2025-07-10T21:34:24.608Z</time>
      </trkpt>
      <trkpt lat="47.865677" lon="10.313158">
        <ele>832.193359</ele>
        <time>2025-07-10T21:34:32.167Z</time>
      </trkpt>
      <trkpt lat="47.867007" lon="10.316737">
        <ele>836.509780</ele>
        <time>2025-07-10T21:35:25.399Z</time>
      </trkpt>
      <trkpt lat="47.866955" lon="10.317209">
        <ele>836.863203</ele>
        <time>2025-07-10T21:35:31.714Z</time>
      </trkpt>
      <trkpt lat="47.866869" lon="10.317324">
        <ele>836.958936</ele>
        <time>2025-07-10T21:35:34.065Z</time>
      </trkpt>
      <trkpt lat="47.865990" lon="10.318420">
        <ele>837.260690</ele>
        <time>2025-07-10T21:36:00.075Z</time>
      </trkpt>
      <trkpt lat="47.865448" lon="10.319038">
        <ele>837.434311</ele>
        <time>2025-07-10T21:36:12.625Z</time>
      </trkpt>
      <trkpt lat="47.865255" lon="10.319303">
        <ele>837.479775</ele>
        <time>2025-07-10T21:36:17.204Z</time>
      </trkpt>
      <trkpt lat="47.865185" lon="10.319348">
        <ele>837.492983</ele>
        <time>2025-07-10T21:36:18.511Z</time>
      </trkpt>
      <trkpt lat="47.863974" lon="10.320468">
        <ele>837.823516</ele>
        <time>2025-07-10T21:36:47.614Z</time>
      </trkpt>
      <trkpt lat="47.863883" lon="10.320552">
        <ele>838.117552</ele>
        <time>2025-07-10T21:36:50.632Z</time>
      </trkpt>
      <trkpt lat="47.863391" lon="10.320975">
        <ele>839.677818</ele>
        <time>2025-07-10T21:37:08.681Z</time>
      </trkpt>
      <trkpt lat="47.862433" lon="10.321563">
        <ele>842.523883</ele>
        <time>2025-07-10T21:37:44.817Z</time>
      </trkpt>
      <trkpt lat="47.862089" lon="10.321779">
        <ele>843.140302</ele>
        <time>2025-07-10T21:37:56.542Z</time>
      </trkpt>
      <trkpt lat="47.861397" lon="10.322316">
        <ele>844.280629</ele>
        <time>2025-07-10T21:38:16.638Z</time>
      </trkpt>
      <trkpt lat="47.861195" lon="10.322447">
        <ele>844.602616</ele>
        <time>2025-07-10T21:38:21.529Z</time>
      </trkpt>
      <trkpt lat="47.861039" lon="10.322627">
        <ele>844.890972</ele>
        <time>2025-07-10T21:38:25.915Z</time>
      </trkpt>
      <trkpt lat="47.860790" lon="10.322913">
        <ele>845.326234</ele>
        <time>2025-07-10T21:38:32.906Z</time>
      </trkpt>
      <trkpt lat="47.860636" lon="10.323055">
        <ele>845.452353</ele>
        <time>2025-07-10T21:38:36.921Z</time>
      </trkpt>
      <trkpt lat="47.860488" lon="10.323151">
        <ele>845.564767</ele>
        <time>2025-07-10T21:38:40.476Z</time>
      </trkpt>
      <trkpt lat="47.860200" lon="10.323235">
        <ele>845.769149</ele>
        <time>2025-07-10T21:38:46.950Z</time>
      </trkpt>
      <trkpt lat="47.859647" lon="10.323228">
        <ele>846.154301</ele>
        <time>2025-07-10T21:38:59.716Z</time>
      </trkpt>
      <trkpt lat="47.858976" lon="10.323085">
        <ele>846.605115</ele>
        <time>2025-07-10T21:39:16.075Z</time>
      </trkpt>
      <trkpt lat="47.858453" lon="10.323030">
        <ele>846.858589</ele>
        <time>2025-07-10T21:39:28.355Z</time>
      </trkpt>
      <trkpt lat="47.858040" lon="10.323139">
        <ele>847.061361</ele>
        <time>2025-07-10T21:39:37.890Z</time>
      </trkpt>
      <trkpt lat="47.856770" lon="10.323943">
        <ele>846.985100</ele>
        <time>2025-07-10T21:40:06.462Z</time>
      </trkpt>
      <trkpt lat="47.855270" lon="10.324915">
        <ele>845.313467</ele>
        <time>2025-07-10T21:40:34.434Z</time>
      </trkpt>
      <trkpt lat="47.855042" lon="10.324993">
        <ele>844.886710</ele>
        <time>2025-07-10T21:40:38.121Z</time>
      </trkpt>
      <trkpt lat="47.854831" lon="10.325021">
        <ele>844.500261</ele>
        <time>2025-07-10T21:40:41.414Z</time>
      </trkpt>
      <trkpt lat="47.854519" lon="10.324988">
        <ele>843.929649</ele>
        <time>2025-07-10T21:40:46.177Z</time>
      </trkpt>
      <trkpt lat="47.853892" lon="10.324618">
        <ele>842.806240</ele>
        <time>2025-07-10T21:40:56.599Z</time>
      </trkpt>
      <trkpt lat="47.853504" lon="10.324536">
        <ele>842.527417</ele>
        <time>2025-07-10T21:41:02.884Z</time>
      </trkpt>
      <trkpt lat="47.851938" lon="10.325463">
        <ele>841.899919</ele>
        <time>2025-07-10T21:41:35.490Z</time>
      </trkpt>
      <trkpt lat="47.851422" lon="10.325951">
        <ele>842.398121</ele>
        <time>2025-07-10T21:41:50.915Z</time>
      </trkpt>
      <trkpt lat="47.850522" lon="10.327263">
        <ele>843.119195</ele>
        <time>2025-07-10T21:42:22.457Z</time>
      </trkpt>
      <trkpt lat="47.849930" lon="10.326714">
        <ele>843.210112</ele>
        <time>2025-07-10T21:42:32.882Z</time>
      </trkpt>
      <trkpt lat="47.849487" lon="10.326207">
        <ele>843.282944</ele>
        <time>2025-07-10T21:42:39.927Z</time>
      </trkpt>
      <trkpt lat="47.848798" lon="10.324914">
        <ele>843.471975</ele>
        <time>2025-07-10T21:42:55.513Z</time>
      </trkpt>
      <trkpt lat="47.848213" lon="10.323484">
        <ele>843.836908</ele>
        <time>2025-07-10T21:43:15.856Z</time>
      </trkpt>
      <trkpt lat="47.847407" lon="10.321878">
        <ele>844.747480</ele>
        <time>2025-07-10T21:43:38.497Z</time>
      </trkpt>
      <trkpt lat="47.846964" lon="10.320941">
        <ele>846.268210</ele>
        <time>2025-07-10T21:43:53.095Z</time>
      </trkpt>
      <trkpt lat="47.846864" lon="10.320683">
        <ele>846.709942</ele>
        <time>2025-07-10T21:43:57.708Z</time>
      </trkpt>
      <trkpt lat="47.846685" lon="10.320225">
        <ele>847.495745</ele>
        <time>2025-07-10T21:44:06.731Z</time>
      </trkpt>
      <trkpt lat="47.846440" lon="10.319333">
        <ele>848.863129</ele>
        <time>2025-07-10T21:44:25.610Z</time>
      </trkpt>
      <trkpt lat="47.846261" lon="10.318336">
        <ele>849.638092</ele>
        <time>2025-07-10T21:44:44.775Z</time>
      </trkpt>
      <trkpt lat="47.845997" lon="10.317381">
        <ele>850.413646</ele>
        <time>2025-07-10T21:44:56.614Z</time>
      </trkpt>
      <trkpt lat="47.844935" lon="10.315265">
        <ele>848.876571</ele>
        <time>2025-07-10T21:45:16.269Z</time>
      </trkpt>
      <trkpt lat="47.844612" lon="10.314182">
        <ele>847.836287</ele>
        <time>2025-07-10T21:45:27.363Z</time>
      </trkpt>
      <trkpt lat="47.844231" lon="10.313449">
        <ele>847.055902</ele>
        <time>2025-07-10T21:45:36.872Z</time>
      </trkpt>
      <trkpt lat="47.843639" lon="10.312583">
        <ele>845.752973</ele>
        <time>2025-07-10T21:45:46.078Z</time>
      </trkpt>
      <trkpt lat="47.842971" lon="10.311786">
        <ele>841.323135</ele>
        <time>2025-07-10T21:45:54.096Z</time>
      </trkpt>
      <trkpt lat="47.842520" lon="10.311436">
        <ele>838.690890</ele>
        <time>2025-07-10T21:45:58.736Z</time>
      </trkpt>
      <trkpt lat="47.842337" lon="10.311042">
        <ele>837.026231</ele>
        <time>2025-07-10T21:46:01.693Z</time>
      </trkpt>
      <trkpt lat="47.842305" lon="10.310896">
        <ele>836.439254</ele>
        <time>2025-07-10T21:46:02.632Z</time>
      </trkpt>
      <trkpt lat="47.842217" lon="10.310185">
        <ele>833.474833</ele>
        <time>2025-07-10T21:46:07.046Z</time>
      </trkpt>
      <trkpt lat="47.842160" lon="10.309949">
        <ele>832.446430</ele>
        <time>2025-07-10T21:46:08.608Z</time>
      </trkpt>
      <trkpt lat="47.842116" lon="10.309869">
        <ele>832.022344</ele>
        <time>2025-07-10T21:46:09.252Z</time>
      </trkpt>
      <trkpt lat="47.841837" lon="10.309673">
        <ele>830.137956</ele>
        <time>2025-07-10T21:46:13.386Z</time>
      </trkpt>
      <trkpt lat="47.841743" lon="10.309534">
        <ele>829.328887</ele>
        <time>2025-07-10T21:46:15.192Z</time>
      </trkpt>
      <trkpt lat="47.841435" lon="10.309304">
        <ele>827.224192</ele>
        <time>2025-07-10T21:46:19.800Z</time>
      </trkpt>
      <trkpt lat="47.841366" lon="10.309210">
        <ele>826.653019</ele>
        <time>2025-07-10T21:46:21.026Z</time>
      </trkpt>
      <trkpt lat="47.841267" lon="10.309076">
        <ele>825.835912</ele>
        <time>2025-07-10T21:46:22.748Z</time>
      </trkpt>
      <trkpt lat="47.840836" lon="10.308184">
        <ele>817.030839</ele>
        <time>2025-07-10T21:46:31.940Z</time>
      </trkpt>
      <trkpt lat="47.840317" lon="10.307188">
        <ele>806.890605</ele>
        <time>2025-07-10T21:46:41.936Z</time>
      </trkpt>
      <trkpt lat="47.840031" lon="10.306388">
        <ele>797.527689</ele>
        <time>2025-07-10T21:46:48.946Z</time>
      </trkpt>
      <trkpt lat="47.839796" lon="10.305419">
        <ele>785.546178</ele>
        <time>2025-07-10T21:46:54.608Z</time>
      </trkpt>
      <trkpt lat="47.839636" lon="10.304947">
        <ele>779.396976</ele>
        <time>2025-07-10T21:46:57.529Z</time>
      </trkpt>
      <trkpt lat="47.839552" lon="10.304714">
        <ele>776.321289</ele>
        <time>2025-07-10T21:46:59.000Z</time>
      </trkpt>
      <trkpt lat="47.839471" lon="10.304508">
        <ele>773.544901</ele>
        <time>2025-07-10T21:47:00.325Z</time>
      </trkpt>
      <trkpt lat="47.839332" lon="10.304293">
        <ele>771.176700</ele>
        <time>2025-07-10T21:47:01.988Z</time>
      </trkpt>
      <trkpt lat="47.839116" lon="10.304503">
        <ele>768.343501</ele>
        <time>2025-07-10T21:47:04.137Z</time>
      </trkpt>
      <trkpt lat="47.838978" lon="10.304574">
        <ele>766.739772</ele>
        <time>2025-07-10T21:47:05.364Z</time>
      </trkpt>
      <trkpt lat="47.838601" lon="10.304668">
        <ele>762.540955</ele>
        <time>2025-07-10T21:47:08.611Z</time>
      </trkpt>
      <trkpt lat="47.838516" lon="10.304592">
        <ele>761.452014</ele>
        <time>2025-07-10T21:47:09.458Z</time>
      </trkpt>
      <trkpt lat="47.838279" lon="10.304540">
        <ele>758.820566</ele>
        <time>2025-07-10T21:47:11.555Z</time>
      </trkpt>
      <trkpt lat="47.837319" lon="10.304604">
        <ele>751.544177</ele>
        <time>2025-07-10T21:47:20.094Z</time>
      </trkpt>
      <trkpt lat="47.836448" lon="10.304579">
        <ele>748.169849</ele>
        <time>2025-07-10T21:47:28.796Z</time>
      </trkpt>
      <trkpt lat="47.836393" lon="10.304603">
        <ele>747.947863</ele>
        <time>2025-07-10T21:47:29.429Z</time>
      </trkpt>
      <trkpt lat="47.836337" lon="10.305298">
        <ele>746.281213</ele>
        <time>2025-07-10T21:47:37.518Z</time>
      </trkpt>
      <trkpt lat="47.836284" lon="10.305454">
        <ele>746.122301</ele>
        <time>2025-07-10T21:47:39.904Z</time>
      </trkpt>
      <trkpt lat="47.836211" lon="10.305576">
        <ele>745.973758</ele>
        <time>2025-07-10T21:47:42.336Z</time>
      </trkpt>
      <trkpt lat="47.835798" lon="10.306056">
        <ele>745.264507</ele>
        <time>2025-07-10T21:47:53.864Z</time>
      </trkpt>
      <trkpt lat="47.835709" lon="10.306233">
        <ele>745.063504</ele>
        <time>2025-07-10T21:47:56.748Z</time>
      </trkpt>
      <trkpt lat="47.835476" lon="10.306851">
        <ele>744.419274</ele>
        <time>2025-07-10T21:48:04.821Z</time>
      </trkpt>
      <trkpt lat="47.834745" lon="10.305506">
        <ele>740.831168</ele>
        <time>2025-07-10T21:48:21.205Z</time>
      </trkpt>
      <trkpt lat="47.834306" lon="10.304768">
        <ele>738.265519</ele>
        <time>2025-07-10T21:48:30.203Z</time>
      </trkpt>
      <trkpt lat="47.833901" lon="10.304095">
        <ele>736.357118</ele>
        <time>2025-07-10T21:48:38.975Z</time>
      </trkpt>
      <trkpt lat="47.833690" lon="10.303646">
        <ele>735.537293</ele>
        <time>2025-07-10T21:48:44.681Z</time>
      </trkpt>
      <trkpt lat="47.833453" lon="10.303213">
        <ele>734.701603</ele>
        <time>2025-07-10T21:48:50.857Z</time>
      </trkpt>
      <trkpt lat="47.833102" lon="10.302840">
        <ele>733.740873</ele>
        <time>2025-07-10T21:48:58.002Z</time>
      </trkpt>
      <trkpt lat="47.832872" lon="10.302538">
        <ele>733.057703</ele>
        <time>2025-07-10T21:49:02.982Z</time>
      </trkpt>
      <trkpt lat="47.832761" lon="10.302275">
        <ele>732.306037</ele>
        <time>2025-07-10T21:49:06.243Z</time>
      </trkpt>
      <trkpt lat="47.832572" lon="10.301449">
        <ele>729.947700</ele>
        <time>2025-07-10T21:49:14.898Z</time>
      </trkpt>
      <trkpt lat="47.832420" lon="10.301090">
        <ele>728.800665</ele>
        <time>2025-07-10T21:49:18.894Z</time>
      </trkpt>
      <trkpt lat="47.831877" lon="10.300071">
        <ele>725.186809</ele>
        <time>2025-07-10T21:49:30.551Z</time>
      </trkpt>
      <trkpt lat="47.831631" lon="10.299440">
        <ele>722.758731</ele>
        <time>2025-07-10T21:49:36.943Z</time>
      </trkpt>
      <trkpt lat="47.831324" lon="10.299096">
        <ele>720.854526</ele>
        <time>2025-07-10T21:49:42.005Z</time>
      </trkpt>
      <trkpt lat="47.830819" lon="10.298698">
        <ele>718.022574</ele>
        <time>2025-07-10T21:49:49.796Z</time>
      </trkpt>
      <trkpt lat="47.830463" lon="10.298335">
        <ele>716.590313</ele>
        <time>2025-07-10T21:49:56.056Z</time>
      </trkpt>
      <trkpt lat="47.830080" lon="10.297995">
        <ele>716.098593</ele>
        <time>2025-07-10T21:50:03.028Z</time>
      </trkpt>
      <trkpt lat="47.830031" lon="10.297950">
        <ele>716.035107</ele>
        <time>2025-07-10T21:50:03.691Z</time>
      </trkpt>
      <trkpt lat="47.829158" lon="10.297170">
        <ele>714.912384</ele>
        <time>2025-07-10T21:50:18.513Z</time>
      </trkpt>
      <trkpt lat="47.828339" lon="10.296632">
        <ele>714.356078</ele>
        <time>2025-07-10T21:50:32.866Z</time>
      </trkpt>
      <trkpt lat="47.828200" lon="10.296544">
        <ele>714.270739</ele>
        <time>2025-07-10T21:50:34.991Z</time>
      </trkpt>
      <trkpt lat="47.827388" lon="10.296024">
        <ele>713.720522</ele>
        <time>2025-07-10T21:50:45.639Z</time>
      </trkpt>
      <trkpt lat="47.827139" lon="10.295741">
        <ele>713.117890</ele>
        <time>2025-07-10T21:50:49.005Z</time>
      </trkpt>
      <trkpt lat="47.826831" lon="10.295362">
        <ele>712.349208</ele>
        <time>2025-07-10T21:50:53.241Z</time>
      </trkpt>
      <trkpt lat="47.825968" lon="10.294463">
        <ele>710.334959</ele>
        <time>2025-07-10T21:51:04.566Z</time>
      </trkpt>
      <trkpt lat="47.825366" lon="10.294009">
        <ele>710.805958</ele>
        <time>2025-07-10T21:51:13.433Z</time>
      </trkpt>
      <trkpt lat="47.825207" lon="10.293843">
        <ele>710.941493</ele>
        <time>2025-07-10T21:51:16.808Z</time>
      </trkpt>
      <trkpt lat="47.824885" lon="10.293346">
        <ele>711.265171</ele>
        <time>2025-07-10T21:51:26.417Z</time>
      </trkpt>
      <trkpt lat="47.824739" lon="10.293229">
        <ele>711.380896</ele>
        <time>2025-07-10T21:51:30.241Z</time>
      </trkpt>
      <trkpt lat="47.824203" lon="10.292959">
        <ele>712.137735</ele>
        <time>2025-07-10T21:51:44.910Z</time>
      </trkpt>
      <trkpt lat="47.822912" lon="10.291985">
        <ele>715.086071</ele>
        <time>2025-07-10T21:52:19.407Z</time>
      </trkpt>
      <trkpt lat="47.822798" lon="10.291962">
        <ele>715.247325</ele>
        <time>2025-07-10T21:52:21.564Z</time>
      </trkpt>
      <trkpt lat="47.822712" lon="10.291981">
        <ele>715.236327</ele>
        <time>2025-07-10T21:52:23.169Z</time>
      </trkpt>
      <trkpt lat="47.822017" lon="10.292460">
        <ele>715.139448</ele>
        <time>2025-07-10T21:52:35.493Z</time>
      </trkpt>
      <trkpt lat="47.821197" lon="10.293093">
        <ele>715.013591</ele>
        <time>2025-07-10T21:52:46.723Z</time>
      </trkpt>
      <trkpt lat="47.820951" lon="10.293344">
        <ele>714.742138</ele>
        <time>2025-07-10T21:52:50.304Z</time>
      </trkpt>
      <trkpt lat="47.820870" lon="10.293404">
        <ele>714.659785</ele>
        <time>2025-07-10T21:52:51.389Z</time>
      </trkpt>
      <trkpt lat="47.820807" lon="10.293397">
        <ele>714.602275</ele>
        <time>2025-07-10T21:52:52.183Z</time>
      </trkpt>
      <trkpt lat="47.820730" lon="10.293329">
        <ele>714.520783</ele>
        <time>2025-07-10T21:52:53.268Z</time>
      </trkpt>
      <trkpt lat="47.820468" lon="10.292614">
        <ele>714.022901</ele>
        <time>2025-07-10T21:53:00.184Z</time>
      </trkpt>
      <trkpt lat="47.820260" lon="10.292048">
        <ele>713.628511</ele>
        <time>2025-07-10T21:53:05.705Z</time>
      </trkpt>
      <trkpt lat="47.820092" lon="10.291441">
        <ele>712.734391</ele>
        <time>2025-07-10T21:53:11.419Z</time>
      </trkpt>
      <trkpt lat="47.820003" lon="10.291205">
        <ele>712.057785</ele>
        <time>2025-07-10T21:53:13.591Z</time>
      </trkpt>
      <trkpt lat="47.819965" lon="10.291158">
        <ele>711.873895</ele>
        <time>2025-07-10T21:53:14.166Z</time>
      </trkpt>
      <trkpt lat="47.819855" lon="10.291049">
        <ele>711.382027</ele>
        <time>2025-07-10T21:53:15.660Z</time>
      </trkpt>
      <trkpt lat="47.819597" lon="10.290832">
        <ele>710.278959</ele>
        <time>2025-07-10T21:53:18.822Z</time>
      </trkpt>
      <trkpt lat="47.819572" lon="10.290811">
        <ele>710.172106</ele>
        <time>2025-07-10T21:53:19.110Z</time>
      </trkpt>
      <trkpt lat="47.819548" lon="10.290788">
        <ele>710.065859</ele>
        <time>2025-07-10T21:53:19.386Z</time>
      </trkpt>
      <trkpt lat="47.819196" lon="10.290450">
        <ele>708.506669</ele>
        <time>2025-07-10T21:53:23.399Z</time>
      </trkpt>
      <trkpt lat="47.818867" lon="10.290001">
        <ele>706.845380</ele>
        <time>2025-07-10T21:53:27.469Z</time>
      </trkpt>
      <trkpt lat="47.818771" lon="10.289943">
        <ele>706.275623</ele>
        <time>2025-07-10T21:53:28.401Z</time>
      </trkpt>
      <trkpt lat="47.818486" lon="10.289929">
        <ele>704.368292</ele>
        <time>2025-07-10T21:53:30.941Z</time>
      </trkpt>
      <trkpt lat="47.818365" lon="10.289749">
        <ele>703.224343</ele>
        <time>2025-07-10T21:53:32.466Z</time>
      </trkpt>
      <trkpt lat="47.818246" lon="10.289100">
        <ele>700.202710</ele>
        <time>2025-07-10T21:53:36.494Z</time>
      </trkpt>
      <trkpt lat="47.818186" lon="10.288975">
        <ele>699.512594</ele>
        <time>2025-07-10T21:53:37.410Z</time>
      </trkpt>
      <trkpt lat="47.818108" lon="10.288891">
        <ele>698.868751</ele>
        <time>2025-07-10T21:53:38.266Z</time>
      </trkpt>
      <trkpt lat="47.817894" lon="10.288666">
        <ele>697.116571</ele>
        <time>2025-07-10T21:53:40.596Z</time>
      </trkpt>
      <trkpt lat="47.817623" lon="10.288321">
        <ele>694.731870</ele>
        <time>2025-07-10T21:53:43.882Z</time>
      </trkpt>
      <trkpt lat="47.817550" lon="10.288159">
        <ele>694.280057</ele>
        <time>2025-07-10T21:53:45.113Z</time>
      </trkpt>
      <trkpt lat="47.817403" lon="10.287579">
        <ele>692.964745</ele>
        <time>2025-07-10T21:53:49.152Z</time>
      </trkpt>
      <trkpt lat="47.816559" lon="10.287800">
        <ele>690.257100</ele>
        <time>2025-07-10T21:53:58.080Z</time>
      </trkpt>
      <trkpt lat="47.816281" lon="10.287959">
        <ele>689.316164</ele>
        <time>2025-07-10T21:54:01.407Z</time>
      </trkpt>
      <trkpt lat="47.816068" lon="10.288153">
        <ele>688.822230</ele>
        <time>2025-07-10T21:54:04.357Z</time>
      </trkpt>
      <trkpt lat="47.816020" lon="10.288070">
        <ele>688.742247</ele>
        <time>2025-07-10T21:54:05.236Z</time>
      </trkpt>
      <trkpt lat="47.815946" lon="10.287951">
        <ele>688.623819</ele>
        <time>2025-07-10T21:54:06.539Z</time>
      </trkpt>
      <trkpt lat="47.815874" lon="10.287975">
        <ele>688.543590</ele>
        <time>2025-07-10T21:54:07.437Z</time>
      </trkpt>
      <trkpt lat="47.815806" lon="10.288123">
        <ele>688.412646</ele>
        <time>2025-07-10T21:54:08.898Z</time>
      </trkpt>
      <trkpt lat="47.815742" lon="10.288012">
        <ele>688.305817</ele>
        <time>2025-07-10T21:54:10.081Z</time>
      </trkpt>
      <trkpt lat="47.815657" lon="10.287939">
        <ele>688.199120</ele>
        <time>2025-07-10T21:54:11.279Z</time>
      </trkpt>
      <trkpt lat="47.815421" lon="10.287900">
        <ele>687.940923</ele>
        <time>2025-07-10T21:54:14.144Z</time>
      </trkpt>
      <trkpt lat="47.814841" lon="10.287866">
        <ele>687.309754</ele>
        <time>2025-07-10T21:54:21.086Z</time>
      </trkpt>
      <trkpt lat="47.814648" lon="10.287828">
        <ele>687.098063</ele>
        <time>2025-07-10T21:54:23.511Z</time>
      </trkpt>
      <trkpt lat="47.814341" lon="10.287817">
        <ele>687.016653</ele>
        <time>2025-07-10T21:54:27.639Z</time>
      </trkpt>
      <trkpt lat="47.814112" lon="10.287797">
        <ele>687.012243</ele>
        <time>2025-07-10T21:54:30.948Z</time>
      </trkpt>
      <trkpt lat="47.813709" lon="10.287777">
        <ele>687.004493</ele>
        <time>2025-07-10T21:54:36.880Z</time>
      </trkpt>
      <trkpt lat="47.813116" lon="10.287803">
        <ele>686.993090</ele>
        <time>2025-07-10T21:54:46.208Z</time>
      </trkpt>
      <trkpt lat="47.812741" lon="10.287886">
        <ele>686.978936</ele>
        <time>2025-07-10T21:54:52.622Z</time>
      </trkpt>
      <trkpt lat="47.811841" lon="10.288171">
        <ele>686.813454</ele>
        <time>2025-07-10T21:55:06.270Z</time>
      </trkpt>
      <trkpt lat="47.811643" lon="10.288240">
        <ele>686.776882</ele>
        <time>2025-07-10T21:55:08.966Z</time>
      </trkpt>
      <trkpt lat="47.811028" lon="10.288483">
        <ele>686.659222</ele>
        <time>2025-07-10T21:55:17.389Z</time>
      </trkpt>
      <trkpt lat="47.810875" lon="10.288543">
        <ele>686.498766</ele>
        <time>2025-07-10T21:55:19.658Z</time>
      </trkpt>
      <trkpt lat="47.810795" lon="10.288586">
        <ele>686.412510</ele>
        <time>2025-07-10T21:55:20.858Z</time>
      </trkpt>
      <trkpt lat="47.810461" lon="10.288758">
        <ele>686.054100</ele>
        <time>2025-07-10T21:55:25.441Z</time>
      </trkpt>
      <trkpt lat="47.810066" lon="10.288997">
        <ele>685.621701</ele>
        <time>2025-07-10T21:55:30.788Z</time>
      </trkpt>
      <trkpt lat="47.809886" lon="10.289118">
        <ele>685.421413</ele>
        <time>2025-07-10T21:55:33.488Z</time>
      </trkpt>
      <trkpt lat="47.809773" lon="10.289172">
        <ele>685.301057</ele>
        <time>2025-07-10T21:55:35.049Z</time>
      </trkpt>
      <trkpt lat="47.809674" lon="10.289188">
        <ele>685.200067</ele>
        <time>2025-07-10T21:55:36.350Z</time>
      </trkpt>
      <trkpt lat="47.809398" lon="10.289232">
        <ele>684.918562</ele>
        <time>2025-07-10T21:55:39.628Z</time>
      </trkpt>
      <trkpt lat="47.809318" lon="10.289245">
        <ele>684.833011</ele>
        <time>2025-07-10T21:55:40.497Z</time>
      </trkpt>
      <trkpt lat="47.808990" lon="10.289297">
        <ele>683.872454</ele>
        <time>2025-07-10T21:55:43.923Z</time>
      </trkpt>
      <trkpt lat="47.808778" lon="10.289339">
        <ele>683.249655</ele>
        <time>2025-07-10T21:55:46.035Z</time>
      </trkpt>
      <trkpt lat="47.808745" lon="10.288902">
        <ele>682.389599</ele>
        <time>2025-07-10T21:55:48.886Z</time>
      </trkpt>
      <trkpt lat="47.808728" lon="10.288584">
        <ele>681.765698</ele>
        <time>2025-07-10T21:55:50.976Z</time>
      </trkpt>
      <trkpt lat="47.808720" lon="10.288424">
        <ele>681.451909</ele>
        <time>2025-07-10T21:55:52.061Z</time>
      </trkpt>
      <trkpt lat="47.808694" lon="10.288003">
        <ele>680.625057</ele>
        <time>2025-07-10T21:55:54.915Z</time>
      </trkpt>
      <trkpt lat="47.808644" lon="10.287637">
        <ele>679.894587</ele>
        <time>2025-07-10T21:55:57.447Z</time>
      </trkpt>
      <trkpt lat="47.808614" lon="10.287521">
        <ele>679.651478</ele>
        <time>2025-07-10T21:55:58.321Z</time>
      </trkpt>
      <trkpt lat="47.808436" lon="10.287075">
        <ele>679.925295</ele>
        <time>2025-07-10T21:56:02.210Z</time>
      </trkpt>
      <trkpt lat="47.808115" lon="10.286593">
        <ele>680.371296</ele>
        <time>2025-07-10T21:56:09.736Z</time>
      </trkpt>
      <trkpt lat="47.807976" lon="10.286419">
        <ele>680.548955</ele>
        <time>2025-07-10T21:56:13.821Z</time>
      </trkpt>
      <trkpt lat="47.807231" lon="10.285426">
        <ele>681.488875</ele>
        <time>2025-07-10T21:56:40.613Z</time>
      </trkpt>
      <trkpt lat="47.806979" lon="10.285058">
        <ele>681.754648</ele>
        <time>2025-07-10T21:56:49.125Z</time>
      </trkpt>
      <trkpt lat="47.806921" lon="10.284977">
        <ele>681.814523</ele>
        <time>2025-07-10T21:56:50.868Z</time>
      </trkpt>
      <trkpt lat="47.806678" lon="10.284636">
        <ele>682.065948</ele>
        <time>2025-07-10T21:56:57.325Z</time>
      </trkpt>
      <trkpt lat="47.806104" lon="10.283834">
        <ele>682.658641</ele>
        <time>2025-07-10T21:57:07.849Z</time>
      </trkpt>
      <trkpt lat="47.805712" lon="10.283288">
        <ele>682.184783</ele>
        <time>2025-07-10T21:57:14.032Z</time>
      </trkpt>
      <trkpt lat="47.805359" lon="10.282796">
        <ele>681.629241</ele>
        <time>2025-07-10T21:57:19.760Z</time>
      </trkpt>
      <trkpt lat="47.804880" lon="10.282130">
        <ele>680.876252</ele>
        <time>2025-07-10T21:57:27.759Z</time>
      </trkpt>
      <trkpt lat="47.804844" lon="10.282080">
        <ele>680.819688</ele>
        <time>2025-07-10T21:57:28.358Z</time>
      </trkpt>
      <trkpt lat="47.804595" lon="10.281720">
        <ele>680.237415</ele>
        <time>2025-07-10T21:57:32.585Z</time>
      </trkpt>
      <trkpt lat="47.804614" lon="10.281688">
        <ele>680.177906</ele>
        <time>2025-07-10T21:57:32.939Z</time>
      </trkpt>
      <trkpt lat="47.804383" lon="10.281397">
        <ele>679.550194</ele>
        <time>2025-07-10T21:57:36.559Z</time>
      </trkpt>
      <trkpt lat="47.803560" lon="10.280232">
        <ele>677.194432</ele>
        <time>2025-07-10T21:57:48.749Z</time>
      </trkpt>
      <trkpt lat="47.802953" lon="10.279432">
        <ele>673.996080</ele>
        <time>2025-07-10T21:57:56.925Z</time>
      </trkpt>
      <trkpt lat="47.802828" lon="10.279333">
        <ele>673.385265</ele>
        <time>2025-07-10T21:57:58.342Z</time>
      </trkpt>
      <trkpt lat="47.802698" lon="10.279277">
        <ele>672.801433</ele>
        <time>2025-07-10T21:57:59.696Z</time>
      </trkpt>
      <trkpt lat="47.802400" lon="10.279219">
        <ele>671.504903</ele>
        <time>2025-07-10T21:58:02.595Z</time>
      </trkpt>
      <trkpt lat="47.801840" lon="10.279208">
        <ele>669.059738</ele>
        <time>2025-07-10T21:58:07.759Z</time>
      </trkpt>
      <trkpt lat="47.801704" lon="10.279195">
        <ele>668.225016</ele>
        <time>2025-07-10T21:58:08.988Z</time>
      </trkpt>
      <trkpt lat="47.801621" lon="10.279142">
        <ele>667.671848</ele>
        <time>2025-07-10T21:58:09.805Z</time>
      </trkpt>
      <trkpt lat="47.801428" lon="10.278947">
        <ele>666.243186</ele>
        <time>2025-07-10T21:58:11.893Z</time>
      </trkpt>
      <trkpt lat="47.801240" lon="10.278619">
        <ele>664.469201</ele>
        <time>2025-07-10T21:58:14.492Z</time>
      </trkpt>
      <trkpt lat="47.801184" lon="10.278444">
        <ele>663.671683</ele>
        <time>2025-07-10T21:58:15.670Z</time>
      </trkpt>
      <trkpt lat="47.801115" lon="10.278075">
        <ele>662.095804</ele>
        <time>2025-07-10T21:58:17.995Z</time>
      </trkpt>
      <trkpt lat="47.801105" lon="10.277802">
        <ele>660.970950</ele>
        <time>2025-07-10T21:58:19.663Z</time>
      </trkpt>
      <trkpt lat="47.801136" lon="10.277316">
        <ele>658.962439</ele>
        <time>2025-07-10T21:58:22.687Z</time>
      </trkpt>
      <trkpt lat="47.801182" lon="10.277076">
        <ele>658.008118</ele>
        <time>2025-07-10T21:58:24.290Z</time>
      </trkpt>
      <trkpt lat="47.801323" lon="10.276711">
        <ele>656.886400</ele>
        <time>2025-07-10T21:58:26.986Z</time>
      </trkpt>
      <trkpt lat="47.801439" lon="10.276549">
        <ele>656.255590</ele>
        <time>2025-07-10T21:58:28.507Z</time>
      </trkpt>
      <trkpt lat="47.801947" lon="10.276212">
        <ele>654.049833</ele>
        <time>2025-07-10T21:58:33.985Z</time>
      </trkpt>
      <trkpt lat="47.801984" lon="10.276107">
        <ele>653.733955</ele>
        <time>2025-07-10T21:58:34.787Z</time>
      </trkpt>
      <trkpt lat="47.801997" lon="10.275855">
        <ele>653.060646</ele>
        <time>2025-07-10T21:58:36.482Z</time>
      </trkpt>
      <trkpt lat="47.801989" lon="10.275739">
        <ele>652.749995</ele>
        <time>2025-07-10T21:58:37.261Z</time>
      </trkpt>
      <trkpt lat="47.801929" lon="10.275551">
        <ele>652.195501</ele>
        <time>2025-07-10T21:58:38.667Z</time>
      </trkpt>
      <trkpt lat="47.801489" lon="10.274875">
        <ele>650.456083</ele>
        <time>2025-07-10T21:58:45.027Z</time>
      </trkpt>
      <trkpt lat="47.801441" lon="10.274683">
        <ele>650.227991</ele>
        <time>2025-07-10T21:58:46.417Z</time>
      </trkpt>
      <trkpt lat="47.801288" lon="10.274440">
        <ele>649.857166</ele>
        <time>2025-07-10T21:58:48.790Z</time>
      </trkpt>
      <trkpt lat="47.800902" lon="10.273194">
        <ele>648.329468</ele>
        <time>2025-07-10T21:59:00.354Z</time>
      </trkpt>
      <trkpt lat="47.800666" lon="10.271871">
        <ele>647.258137</ele>
        <time>2025-07-10T21:59:12.567Z</time>
      </trkpt>
      <trkpt lat="47.800678" lon="10.271763">
        <ele>647.181450</ele>
        <time>2025-07-10T21:59:13.462Z</time>
      </trkpt>
      <trkpt lat="47.800615" lon="10.271624">
        <ele>647.063980</ele>
        <time>2025-07-10T21:59:14.787Z</time>
      </trkpt>
      <trkpt lat="47.800568" lon="10.271487">
        <ele>646.956211</ele>
        <time>2025-07-10T21:59:15.964Z</time>
      </trkpt>
      <trkpt lat="47.800491" lon="10.271436">
        <ele>646.868317</ele>
        <time>2025-07-10T21:59:16.913Z</time>
      </trkpt>
      <trkpt lat="47.800332" lon="10.271158">
        <ele>646.612529</ele>
        <time>2025-07-10T21:59:19.619Z</time>
      </trkpt>
      <trkpt lat="47.800167" lon="10.270964">
        <ele>646.393249</ele>
        <time>2025-07-10T21:59:22.008Z</time>
      </trkpt>
      <trkpt lat="47.799832" lon="10.270684">
        <ele>646.248955</ele>
        <time>2025-07-10T21:59:26.548Z</time>
      </trkpt>
      <trkpt lat="47.799499" lon="10.270577">
        <ele>646.470358</ele>
        <time>2025-07-10T21:59:30.924Z</time>
      </trkpt>
      <trkpt lat="47.799313" lon="10.270575">
        <ele>646.591243</ele>
        <time>2025-07-10T21:59:33.556Z</time>
      </trkpt>
      <trkpt lat="47.798963" lon="10.270643">
        <ele>646.820639</ele>
        <time>2025-07-10T21:59:38.977Z</time>
      </trkpt>
      <trkpt lat="47.798447" lon="10.270812">
        <ele>647.164010</ele>
        <time>2025-07-10T21:59:50.139Z</time>
      </trkpt>
      <trkpt lat="47.797949" lon="10.270978">
        <ele>647.520988</ele>
        <time>2025-07-10T22:00:04.417Z</time>
      </trkpt>
      <trkpt lat="47.797517" lon="10.271134">
        <ele>647.851389</ele>
        <time>2025-07-10T22:00:15.644Z</time>
      </trkpt>
      <trkpt lat="47.797313" lon="10.271149">
        <ele>648.003199</ele>
        <time>2025-07-10T22:00:19.708Z</time>
      </trkpt>
      <trkpt lat="47.797086" lon="10.271112">
        <ele>648.172927</ele>
        <time>2025-07-10T22:00:23.530Z</time>
      </trkpt>
      <trkpt lat="47.797005" lon="10.271071">
        <ele>648.236516</ele>
        <time>2025-07-10T22:00:24.761Z</time>
      </trkpt>
      <trkpt lat="47.796971" lon="10.271187">
        <ele>648.299707</ele>
        <time>2025-07-10T22:00:25.955Z</time>
      </trkpt>
      <trkpt lat="47.796853" lon="10.271109">
        <ele>648.395670</ele>
        <time>2025-07-10T22:00:27.696Z</time>
      </trkpt>
      <trkpt lat="47.796647" lon="10.270828">
        <ele>648.603342</ele>
        <time>2025-07-10T22:00:31.069Z</time>
      </trkpt>
      <trkpt lat="47.796536" lon="10.270454">
        <ele>648.145099</ele>
        <time>2025-07-10T22:00:34.085Z</time>
      </trkpt>
      <trkpt lat="47.796504" lon="10.270348">
        <ele>647.948857</ele>
        <time>2025-07-10T22:00:34.912Z</time>
      </trkpt>
      <trkpt lat="47.796415" lon="10.269738">
        <ele>646.894757</ele>
        <time>2025-07-10T22:00:39.108Z</time>
      </trkpt>
      <trkpt lat="47.796249" lon="10.268004">
        <ele>644.046254</ele>
        <time>2025-07-10T22:00:51.161Z</time>
      </trkpt>
      <trkpt lat="47.795956" lon="10.264820">
        <ele>641.926646</ele>
        <time>2025-07-10T22:01:18.276Z</time>
      </trkpt>
      <trkpt lat="47.795899" lon="10.264418">
        <ele>641.812243</ele>
        <time>2025-07-10T22:01:22.193Z</time>
      </trkpt>
      <trkpt lat="47.795986" lon="10.264266">
        <ele>641.756639</ele>
        <time>2025-07-10T22:01:24.088Z</time>
      </trkpt>
      <trkpt lat="47.795990" lon="10.264134">
        <ele>641.719846</ele>
        <time>2025-07-10T22:01:25.326Z</time>
      </trkpt>
      <trkpt lat="47.795949" lon="10.264018">
        <ele>641.683348</ele>
        <time>2025-07-10T22:01:26.604Z</time>
      </trkpt>
      <trkpt lat="47.795874" lon="10.263948">
        <ele>641.646655</ele>
        <time>2025-07-10T22:01:27.850Z</time>
      </trkpt>
      <trkpt lat="47.795807" lon="10.263944">
        <ele>641.618861</ele>
        <time>2025-07-10T22:01:28.813Z</time>
      </trkpt>
      <trkpt lat="47.795776" lon="10.263638">
        <ele>641.532691</ele>
        <time>2025-07-10T22:01:31.745Z</time>
      </trkpt>
      <trkpt lat="47.795660" lon="10.263063">
        <ele>641.365517</ele>
        <time>2025-07-10T22:01:37.418Z</time>
      </trkpt>
      <trkpt lat="47.795442" lon="10.262292">
        <ele>640.969272</ele>
        <time>2025-07-10T22:01:44.771Z</time>
      </trkpt>
      <trkpt lat="47.795121" lon="10.261490">
        <ele>640.525120</ele>
        <time>2025-07-10T22:01:52.227Z</time>
      </trkpt>
      <trkpt lat="47.794687" lon="10.260673">
        <ele>640.109964</ele>
        <time>2025-07-10T22:02:01.137Z</time>
      </trkpt>
      <trkpt lat="47.794482" lon="10.260363">
        <ele>640.181811</ele>
        <time>2025-07-10T22:02:05.428Z</time>
      </trkpt>
      <trkpt lat="47.793986" lon="10.259767">
        <ele>640.338533</ele>
        <time>2025-07-10T22:02:14.806Z</time>
      </trkpt>
      <trkpt lat="47.793667" lon="10.259439">
        <ele>640.433856</ele>
        <time>2025-07-10T22:02:20.886Z</time>
      </trkpt>
      <trkpt lat="47.792859" lon="10.258630">
        <ele>641.032944</ele>
        <time>2025-07-10T22:02:40.597Z</time>
      </trkpt>
      <trkpt lat="47.792355" lon="10.258036">
        <ele>641.591888</ele>
        <time>2025-07-10T22:02:52.051Z</time>
      </trkpt>
      <trkpt lat="47.792244" lon="10.257890">
        <ele>641.720680</ele>
        <time>2025-07-10T22:02:54.759Z</time>
      </trkpt>
      <trkpt lat="47.792187" lon="10.257813">
        <ele>641.787607</ele>
        <time>2025-07-10T22:02:56.193Z</time>
      </trkpt>
      <trkpt lat="47.791947" lon="10.258264">
        <ele>642.131869</ele>
        <time>2025-07-10T22:03:03.494Z</time>
      </trkpt>
      <trkpt lat="47.791021" lon="10.258764">
        <ele>643.235721</ele>
        <time>2025-07-10T22:03:18.325Z</time>
      </trkpt>
      <trkpt lat="47.790730" lon="10.258882">
        <ele>643.573703</ele>
        <time>2025-07-10T22:03:23.819Z</time>
      </trkpt>
      <trkpt lat="47.790025" lon="10.259169">
        <ele>645.518477</ele>
        <time>2025-07-10T22:03:41.613Z</time>
      </trkpt>
      <trkpt lat="47.789728" lon="10.259206">
        <ele>647.186473</ele>
        <time>2025-07-10T22:03:51.039Z</time>
      </trkpt>
      <trkpt lat="47.789453" lon="10.259484">
        <ele>649.046949</ele>
        <time>2025-07-10T22:04:03.358Z</time>
      </trkpt>
      <trkpt lat="47.789312" lon="10.259544">
        <ele>649.867683</ele>
        <time>2025-07-10T22:04:09.277Z</time>
      </trkpt>
      <trkpt lat="47.788924" lon="10.259466">
        <ele>652.058874</ele>
        <time>2025-07-10T22:04:26.473Z</time>
      </trkpt>
      <trkpt lat="47.788745" lon="10.259494">
        <ele>653.066179</ele>
        <time>2025-07-10T22:04:34.758Z</time>
      </trkpt>
      <trkpt lat="47.788032" lon="10.259652">
        <ele>656.911316</ele>
        <time>2025-07-10T22:05:07.462Z</time>
      </trkpt>
      <trkpt lat="47.787785" lon="10.259670">
        <ele>658.205749</ele>
        <time>2025-07-10T22:05:17.561Z</time>
      </trkpt>
      <trkpt lat="47.787683" lon="10.259601">
        <ele>658.792212</ele>
        <time>2025-07-10T22:05:21.839Z</time>
      </trkpt>
      <trkpt lat="47.787354" lon="10.259275">
        <ele>660.861050</ele>
        <time>2025-07-10T22:05:35.847Z</time>
      </trkpt>
      <trkpt lat="47.787211" lon="10.259077">
        <ele>661.883383</ele>
        <time>2025-07-10T22:05:41.693Z</time>
      </trkpt>
      <trkpt lat="47.787055" lon="10.258753">
        <ele>663.285227</ele>
        <time>2025-07-10T22:05:48.854Z</time>
      </trkpt>
      <trkpt lat="47.786965" lon="10.258626">
        <ele>663.605436</ele>
        <time>2025-07-10T22:05:51.786Z</time>
      </trkpt>
      <trkpt lat="47.786711" lon="10.258432">
        <ele>663.664533</ele>
        <time>2025-07-10T22:05:57.628Z</time>
      </trkpt>
      <trkpt lat="47.786353" lon="10.258329">
        <ele>663.740012</ele>
        <time>2025-07-10T22:06:03.463Z</time>
      </trkpt>
      <trkpt lat="47.786179" lon="10.258268">
        <ele>663.777016</ele>
        <time>2025-07-10T22:06:05.857Z</time>
      </trkpt>
      <trkpt lat="47.786056" lon="10.258187">
        <ele>663.804858</ele>
        <time>2025-07-10T22:06:07.558Z</time>
      </trkpt>
      <trkpt lat="47.785868" lon="10.257976">
        <ele>663.853599</ele>
        <time>2025-07-10T22:06:10.465Z</time>
      </trkpt>
      <trkpt lat="47.785420" lon="10.257226">
        <ele>664.076439</ele>
        <time>2025-07-10T22:06:18.739Z</time>
      </trkpt>
      <trkpt lat="47.785255" lon="10.257044">
        <ele>664.241170</ele>
        <time>2025-07-10T22:06:21.332Z</time>
      </trkpt>
      <trkpt lat="47.784590" lon="10.256452">
        <ele>664.862703</ele>
        <time>2025-07-10T22:06:33.980Z</time>
      </trkpt>
      <trkpt lat="47.784467" lon="10.256357">
        <ele>664.973855</ele>
        <time>2025-07-10T22:06:36.950Z</time>
      </trkpt>
      <trkpt lat="47.783783" lon="10.255975">
        <ele>666.038361</ele>
        <time>2025-07-10T22:06:54.489Z</time>
      </trkpt>
      <trkpt lat="47.783233" lon="10.255545">
        <ele>668.095731</ele>
        <time>2025-07-10T22:07:10.602Z</time>
      </trkpt>
      <trkpt lat="47.782596" lon="10.255410">
        <ele>670.226459</ele>
        <time>2025-07-10T22:07:28.602Z</time>
      </trkpt>
      <trkpt lat="47.782017" lon="10.255002">
        <ele>673.386373</ele>
        <time>2025-07-10T22:07:49.572Z</time>
      </trkpt>
      <trkpt lat="47.781709" lon="10.254821">
        <ele>675.639369</ele>
        <time>2025-07-10T22:08:02.078Z</time>
      </trkpt>
      <trkpt lat="47.781464" lon="10.254749">
        <ele>677.338459</ele>
        <time>2025-07-10T22:08:12.652Z</time>
      </trkpt>
      <trkpt lat="47.780519" lon="10.254744">
        <ele>683.814195</ele>
        <time>2025-07-10T22:08:56.650Z</time>
      </trkpt>
      <trkpt lat="47.780505" lon="10.254745">
        <ele>683.935885</ele>
        <time>2025-07-10T22:08:57.361Z</time>
      </trkpt>
      <trkpt lat="47.780400" lon="10.254748">
        <ele>684.847677</ele>
        <time>2025-07-10T22:09:02.742Z</time>
      </trkpt>
      <trkpt lat="47.780158" lon="10.254762">
        <ele>686.950338</ele>
        <time>2025-07-10T22:09:15.030Z</time>
      </trkpt>
      <trkpt lat="47.780124" lon="10.254696">
        <ele>687.435526</ele>
        <time>2025-07-10T22:09:17.965Z</time>
      </trkpt>
      <trkpt lat="47.780097" lon="10.254618">
        <ele>687.947423</ele>
        <time>2025-07-10T22:09:20.960Z</time>
      </trkpt>
      <trkpt lat="47.780100" lon="10.254513">
        <ele>688.560567</ele>
        <time>2025-07-10T22:09:24.717Z</time>
      </trkpt>
      <trkpt lat="47.780212" lon="10.254071">
        <ele>691.316527</ele>
        <time>2025-07-10T22:09:41.463Z</time>
      </trkpt>
      <trkpt lat="47.780257" lon="10.253604">
        <ele>694.068960</ele>
        <time>2025-07-10T22:09:58.068Z</time>
      </trkpt>
      <trkpt lat="47.780244" lon="10.253395">
        <ele>695.293516</ele>
        <time>2025-07-10T22:10:05.081Z</time>
      </trkpt>
      <trkpt lat="47.780169" lon="10.253016">
        <ele>697.598559</ele>
        <time>2025-07-10T22:10:17.944Z</time>
      </trkpt>
      <trkpt lat="47.780156" lon="10.252843">
        <ele>698.614165</ele>
        <time>2025-07-10T22:10:23.368Z</time>
      </trkpt>
      <trkpt lat="47.780180" lon="10.252514">
        <ele>700.166198</ele>
        <time>2025-07-10T22:10:33.539Z</time>
      </trkpt>
      <trkpt lat="47.780156" lon="10.251917">
        <ele>702.660669</ele>
        <time>2025-07-10T22:10:51.618Z</time>
      </trkpt>
      <trkpt lat="47.780183" lon="10.251526">
        <ele>704.300074</ele>
        <time>2025-07-10T22:11:02.654Z</time>
      </trkpt>
      <trkpt lat="47.780329" lon="10.250946">
        <ele>706.883347</ele>
        <time>2025-07-10T22:11:18.581Z</time>
      </trkpt>
      <trkpt lat="47.780341" lon="10.250733">
        <ele>707.774860</ele>
        <time>2025-07-10T22:11:23.671Z</time>
      </trkpt>
      <trkpt lat="47.780325" lon="10.250526">
        <ele>708.643924</ele>
        <time>2025-07-10T22:11:28.561Z</time>
      </trkpt>
      <trkpt lat="47.780291" lon="10.250358">
        <ele>709.375720</ele>
        <time>2025-07-10T22:11:32.612Z</time>
      </trkpt>
      <trkpt lat="47.780180" lon="10.250027">
        <ele>710.707842</ele>
        <time>2025-07-10T22:11:40.931Z</time>
      </trkpt>
      <trkpt lat="47.779742" lon="10.249028">
        <ele>713.733877</ele>
        <time>2025-07-10T22:12:05.284Z</time>
      </trkpt>
      <trkpt lat="47.779629" lon="10.248879">
        <ele>714.303844</ele>
        <time>2025-07-10T22:12:09.428Z</time>
      </trkpt>
      <trkpt lat="47.779456" lon="10.248814">
        <ele>714.977446</ele>
        <time>2025-07-10T22:12:14.285Z</time>
      </trkpt>
      <trkpt lat="47.779369" lon="10.248841">
        <ele>715.312953</ele>
        <time>2025-07-10T22:12:16.682Z</time>
      </trkpt>
      <trkpt lat="47.779078" lon="10.249082">
        <ele>716.570200</ele>
        <time>2025-07-10T22:12:25.958Z</time>
      </trkpt>
      <trkpt lat="47.779008" lon="10.249111">
        <ele>716.844513</ele>
        <time>2025-07-10T22:12:28.052Z</time>
      </trkpt>
      <trkpt lat="47.778934" lon="10.249085">
        <ele>717.131558</ele>
        <time>2025-07-10T22:12:30.202Z</time>
      </trkpt>
      <trkpt lat="47.778859" lon="10.248920">
        <ele>717.622856</ele>
        <time>2025-07-10T22:12:34.091Z</time>
      </trkpt>
      <trkpt lat="47.778764" lon="10.248527">
        <ele>718.650453</ele>
        <time>2025-07-10T22:12:42.460Z</time>
      </trkpt>
      <trkpt lat="47.778577" lon="10.247918">
        <ele>720.297858</ele>
        <time>2025-07-10T22:12:56.191Z</time>
      </trkpt>
      <trkpt lat="47.778332" lon="10.247213">
        <ele>722.250672</ele>
        <time>2025-07-10T22:13:12.303Z</time>
      </trkpt>
      <trkpt lat="47.778161" lon="10.246870">
        <ele>723.301482</ele>
        <time>2025-07-10T22:13:20.676Z</time>
      </trkpt>
      <trkpt lat="47.777867" lon="10.246384">
        <ele>724.757925</ele>
        <time>2025-07-10T22:13:33.133Z</time>
      </trkpt>
      <trkpt lat="47.777684" lon="10.246155">
        <ele>725.517721</ele>
        <time>2025-07-10T22:13:39.627Z</time>
      </trkpt>
      <trkpt lat="47.777411" lon="10.246055">
        <ele>726.411122</ele>
        <time>2025-07-10T22:13:47.524Z</time>
      </trkpt>
      <trkpt lat="47.776843" lon="10.246024">
        <ele>728.217254</ele>
        <time>2025-07-10T22:14:02.951Z</time>
      </trkpt>
      <trkpt lat="47.776765" lon="10.245978">
        <ele>728.483869</ele>
        <time>2025-07-10T22:14:05.099Z</time>
      </trkpt>
      <trkpt lat="47.776571" lon="10.245746">
        <ele>729.274743</ele>
        <time>2025-07-10T22:14:11.827Z</time>
      </trkpt>
      <trkpt lat="47.776516" lon="10.245592">
        <ele>729.575428</ele>
        <time>2025-07-10T22:14:15.131Z</time>
      </trkpt>
      <trkpt lat="47.776319" lon="10.245545">
        <ele>729.950182</ele>
        <time>2025-07-10T22:14:20.372Z</time>
      </trkpt>
      <trkpt lat="47.775894" lon="10.245355">
        <ele>730.783715</ele>
        <time>2025-07-10T22:14:32.135Z</time>
      </trkpt>
      <trkpt lat="47.775253" lon="10.245068">
        <ele>732.041039</ele>
        <time>2025-07-10T22:14:49.085Z</time>
      </trkpt>
      <trkpt lat="47.774982" lon="10.244901">
        <ele>732.591987</ele>
        <time>2025-07-10T22:14:54.746Z</time>
      </trkpt>
      <trkpt lat="47.774667" lon="10.244634">
        <ele>732.314569</ele>
        <time>2025-07-10T22:14:59.506Z</time>
      </trkpt>
      <trkpt lat="47.774474" lon="10.244497">
        <ele>731.805739</ele>
        <time>2025-07-10T22:15:01.794Z</time>
      </trkpt>
      <trkpt lat="47.774180" lon="10.244358">
        <ele>731.071693</ele>
        <time>2025-07-10T22:15:04.809Z</time>
      </trkpt>
      <trkpt lat="47.773539" lon="10.244345">
        <ele>729.546273</ele>
        <time>2025-07-10T22:15:11.058Z</time>
      </trkpt>
      <trkpt lat="47.773262" lon="10.244224">
        <ele>728.859327</ele>
        <time>2025-07-10T22:15:13.869Z</time>
      </trkpt>
      <trkpt lat="47.772079" lon="10.243397">
        <ele>729.683842</ele>
        <time>2025-07-10T22:15:32.625Z</time>
      </trkpt>
      <trkpt lat="47.771911" lon="10.243221">
        <ele>729.876837</ele>
        <time>2025-07-10T22:15:38.719Z</time>
      </trkpt>
      <trkpt lat="47.771608" lon="10.242826">
        <ele>730.255236</ele>
        <time>2025-07-10T22:15:50.551Z</time>
      </trkpt>
      <trkpt lat="47.771543" lon="10.242752">
        <ele>730.673027</ele>
        <time>2025-07-10T22:15:52.996Z</time>
      </trkpt>
      <trkpt lat="47.771373" lon="10.242617">
        <ele>731.706321</ele>
        <time>2025-07-10T22:16:00.044Z</time>
      </trkpt>
      <trkpt lat="47.770855" lon="10.242127">
        <ele>734.997801</ele>
        <time>2025-07-10T22:16:20.729Z</time>
      </trkpt>
      <trkpt lat="47.770738" lon="10.241883">
        <ele>736.078032</ele>
        <time>2025-07-10T22:16:28.046Z</time>
      </trkpt>
      <trkpt lat="47.770403" lon="10.240664">
        <ele>741.076519</ele>
        <time>2025-07-10T22:17:04.267Z</time>
      </trkpt>
      <trkpt lat="47.770256" lon="10.240225">
        <ele>743.328741</ele>
        <time>2025-07-10T22:17:19.306Z</time>
      </trkpt>
      <trkpt lat="47.770032" lon="10.239693">
        <ele>746.211488</ele>
        <time>2025-07-10T22:17:38.352Z</time>
      </trkpt>
      <trkpt lat="47.769923" lon="10.239506">
        <ele>747.348143</ele>
        <time>2025-07-10T22:17:45.676Z</time>
      </trkpt>
      <trkpt lat="47.769482" lon="10.239022">
        <ele>751.092220</ele>
        <time>2025-07-10T22:18:08.605Z</time>
      </trkpt>
      <trkpt lat="47.768853" lon="10.238395">
        <ele>755.294317</ele>
        <time>2025-07-10T22:18:36.574Z</time>
      </trkpt>
      <trkpt lat="47.768191" lon="10.237789">
        <ele>759.338716</ele>
        <time>2025-07-10T22:19:03.950Z</time>
      </trkpt>
      <trkpt lat="47.767861" lon="10.237479">
        <ele>761.369455</ele>
        <time>2025-07-10T22:19:17.426Z</time>
      </trkpt>
      <trkpt lat="47.767166" lon="10.236728">
        <ele>764.603267</ele>
        <time>2025-07-10T22:19:45.154Z</time>
      </trkpt>
      <trkpt lat="47.766405" lon="10.236182">
        <ele>767.732163</ele>
        <time>2025-07-10T22:20:09.189Z</time>
      </trkpt>
      <trkpt lat="47.766033" lon="10.235719">
        <ele>769.113989</ele>
        <time>2025-07-10T22:20:20.585Z</time>
      </trkpt>
      <trkpt lat="47.765915" lon="10.235486">
        <ele>769.611354</ele>
        <time>2025-07-10T22:20:24.844Z</time>
      </trkpt>
      <trkpt lat="47.765850" lon="10.235043">
        <ele>770.384396</ele>
        <time>2025-07-10T22:20:31.609Z</time>
      </trkpt>
      <trkpt lat="47.765837" lon="10.234753">
        <ele>770.879907</ele>
        <time>2025-07-10T22:20:35.990Z</time>
      </trkpt>
      <trkpt lat="47.765784" lon="10.234343">
        <ele>771.591713</ele>
        <time>2025-07-10T22:20:42.336Z</time>
      </trkpt>
      <trkpt lat="47.765717" lon="10.234139">
        <ele>771.978805</ele>
        <time>2025-07-10T22:20:46.033Z</time>
      </trkpt>
      <trkpt lat="47.765641" lon="10.233999">
        <ele>772.285608</ele>
        <time>2025-07-10T22:20:49.092Z</time>
      </trkpt>
      <trkpt lat="47.765391" lon="10.233759">
        <ele>773.452824</ele>
        <time>2025-07-10T22:20:57.176Z</time>
      </trkpt>
      <trkpt lat="47.765117" lon="10.233344">
        <ele>775.989839</ele>
        <time>2025-07-10T22:21:10.069Z</time>
      </trkpt>
      <trkpt lat="47.764684" lon="10.232642">
        <ele>780.145155</ele>
        <time>2025-07-10T22:21:37.542Z</time>
      </trkpt>
      <trkpt lat="47.764462" lon="10.232447">
        <ele>781.817899</ele>
        <time>2025-07-10T22:21:49.632Z</time>
      </trkpt>
      <trkpt lat="47.764257" lon="10.232361">
        <ele>783.199884</ele>
        <time>2025-07-10T22:22:00.031Z</time>
      </trkpt>
      <trkpt lat="47.763945" lon="10.232353">
        <ele>785.314014</ele>
        <time>2025-07-10T22:22:15.428Z</time>
      </trkpt>
      <trkpt lat="47.763593" lon="10.232335">
        <ele>787.861764</ele>
        <time>2025-07-10T22:22:32.705Z</time>
      </trkpt>
      <trkpt lat="47.763436" lon="10.232296">
        <ele>789.013172</ele>
        <time>2025-07-10T22:22:40.407Z</time>
      </trkpt>
      <trkpt lat="47.763073" lon="10.232081">
        <ele>791.839445</ele>
        <time>2025-07-10T22:22:58.440Z</time>
      </trkpt>
      <trkpt lat="47.762141" lon="10.231017">
        <ele>798.926773</ele>
        <time>2025-07-10T22:23:44.588Z</time>
      </trkpt>
      <trkpt lat="47.761935" lon="10.230818">
        <ele>799.833488</ele>
        <time>2025-07-10T22:23:52.998Z</time>
      </trkpt>
      <trkpt lat="47.761673" lon="10.230697">
        <ele>800.846196</ele>
        <time>2025-07-10T22:24:01.697Z</time>
      </trkpt>
      <trkpt lat="47.761303" lon="10.230700">
        <ele>802.212071</ele>
        <time>2025-07-10T22:24:11.643Z</time>
      </trkpt>
      <trkpt lat="47.761136" lon="10.230750">
        <ele>802.840914</ele>
        <time>2025-07-10T22:24:15.519Z</time>
      </trkpt>
      <trkpt lat="47.760608" lon="10.230920">
        <ele>804.489813</ele>
        <time>2025-07-10T22:24:26.007Z</time>
      </trkpt>
      <trkpt lat="47.760208" lon="10.230926">
        <ele>805.276416</ele>
        <time>2025-07-10T22:24:33.791Z</time>
      </trkpt>
      <trkpt lat="47.760014" lon="10.230879">
        <ele>805.662926</ele>
        <time>2025-07-10T22:24:37.834Z</time>
      </trkpt>
      <trkpt lat="47.759724" lon="10.230747">
        <ele>806.259283</ele>
        <time>2025-07-10T22:24:44.370Z</time>
      </trkpt>
      <trkpt lat="47.759453" lon="10.230560">
        <ele>806.846722</ele>
        <time>2025-07-10T22:24:51.193Z</time>
      </trkpt>
      <trkpt lat="47.759098" lon="10.230412">
        <ele>807.571695</ele>
        <time>2025-07-10T22:25:00.785Z</time>
      </trkpt>
      <trkpt lat="47.758894" lon="10.230380">
        <ele>808.161686</ele>
        <time>2025-07-10T22:25:06.560Z</time>
      </trkpt>
      <trkpt lat="47.758676" lon="10.230406">
        <ele>808.826381</ele>
        <time>2025-07-10T22:25:12.870Z</time>
      </trkpt>
      <trkpt lat="47.758146" lon="10.230540">
        <ele>810.460314</ele>
        <time>2025-07-10T22:25:28.469Z</time>
      </trkpt>
      <trkpt lat="47.758021" lon="10.230542">
        <ele>810.840249</ele>
        <time>2025-07-10T22:25:31.925Z</time>
      </trkpt>
      <trkpt lat="47.757714" lon="10.230458">
        <ele>811.788969</ele>
        <time>2025-07-10T22:25:40.042Z</time>
      </trkpt>
      <trkpt lat="47.757422" lon="10.230204">
        <ele>812.817052</ele>
        <time>2025-07-10T22:25:48.341Z</time>
      </trkpt>
      <trkpt lat="47.757330" lon="10.230095">
        <ele>813.224736</ele>
        <time>2025-07-10T22:25:51.241Z</time>
      </trkpt>
      <trkpt lat="47.756955" lon="10.229793">
        <ele>815.389980</ele>
        <time>2025-07-10T22:26:02.195Z</time>
      </trkpt>
      <trkpt lat="47.756680" lon="10.229683">
        <ele>816.835919</ele>
        <time>2025-07-10T22:26:10.273Z</time>
      </trkpt>
      <trkpt lat="47.756511" lon="10.229657">
        <ele>817.698607</ele>
        <time>2025-07-10T22:26:15.546Z</time>
      </trkpt>
      <trkpt lat="47.756309" lon="10.229678">
        <ele>818.726779</ele>
        <time>2025-07-10T22:26:22.439Z</time>
      </trkpt>
      <trkpt lat="47.755561" lon="10.230016">
        <ele>823.098212</ele>
        <time>2025-07-10T22:26:56.255Z</time>
      </trkpt>
      <trkpt lat="47.755408" lon="10.230027">
        <ele>824.550166</ele>
        <time>2025-07-10T22:27:04.270Z</time>
      </trkpt>
      <trkpt lat="47.755066" lon="10.229953">
        <ele>827.826046</ele>
        <time>2025-07-10T22:27:23.037Z</time>
      </trkpt>
      <trkpt lat="47.754477" lon="10.229654">
        <ele>833.725273</ele>
        <time>2025-07-10T22:27:57.598Z</time>
      </trkpt>
      <trkpt lat="47.754247" lon="10.229616">
        <ele>835.918813</ele>
        <time>2025-07-10T22:28:10.542Z</time>
      </trkpt>
      <trkpt lat="47.753917" lon="10.229690">
        <ele>839.082175</ele>
        <time>2025-07-10T22:28:29.230Z</time>
      </trkpt>
      <trkpt lat="47.753380" lon="10.230028">
        <ele>843.614941</ele>
        <time>2025-07-10T22:28:59.154Z</time>
      </trkpt>
      <trkpt lat="47.753249" lon="10.230055">
        <ele>844.634569</ele>
        <time>2025-07-10T22:29:05.383Z</time>
      </trkpt>
      <trkpt lat="47.752930" lon="10.230003">
        <ele>847.108706</ele>
        <time>2025-07-10T22:29:20.193Z</time>
      </trkpt>
      <trkpt lat="47.752781" lon="10.229875">
        <ele>848.435299</ele>
        <time>2025-07-10T22:29:27.953Z</time>
      </trkpt>
      <trkpt lat="47.752566" lon="10.229662">
        <ele>850.426941</ele>
        <time>2025-07-10T22:29:39.174Z</time>
      </trkpt>
      <trkpt lat="47.752293" lon="10.229508">
        <ele>852.677997</ele>
        <time>2025-07-10T22:29:50.955Z</time>
      </trkpt>
      <trkpt lat="47.751710" lon="10.229404">
        <ele>854.809957</ele>
        <time>2025-07-10T22:30:11.439Z</time>
      </trkpt>
      <trkpt lat="47.750727" lon="10.229144">
        <ele>857.962705</ele>
        <time>2025-07-10T22:30:37.341Z</time>
      </trkpt>
      <trkpt lat="47.750443" lon="10.229132">
        <ele>858.813293</ele>
        <time>2025-07-10T22:30:42.698Z</time>
      </trkpt>
      <trkpt lat="47.750140" lon="10.229199">
        <ele>858.360025</ele>
        <time>2025-07-10T22:30:47.651Z</time>
      </trkpt>
      <trkpt lat="47.749840" lon="10.229345">
        <ele>857.892964</ele>
        <time>2025-07-10T22:30:51.841Z</time>
      </trkpt>
      <trkpt lat="47.749400" lon="10.229649">
        <ele>857.175088</ele>
        <time>2025-07-10T22:30:57.349Z</time>
      </trkpt>
      <trkpt lat="47.749049" lon="10.229738">
        <ele>856.648231</ele>
        <time>2025-07-10T22:31:00.991Z</time>
      </trkpt>
      <trkpt lat="47.748908" lon="10.229722">
        <ele>856.438991</ele>
        <time>2025-07-10T22:31:02.404Z</time>
      </trkpt>
      <trkpt lat="47.748546" lon="10.229617">
        <ele>855.895165</ele>
        <time>2025-07-10T22:31:06.071Z</time>
      </trkpt>
      <trkpt lat="47.748330" lon="10.229431">
        <ele>855.528422</ele>
        <time>2025-07-10T22:31:08.583Z</time>
      </trkpt>
      <trkpt lat="47.748201" lon="10.229231">
        <ele>855.254612</ele>
        <time>2025-07-10T22:31:10.495Z</time>
      </trkpt>
      <trkpt lat="47.747972" lon="10.228897">
        <ele>854.783324</ele>
        <time>2025-07-10T22:31:13.985Z</time>
      </trkpt>
      <trkpt lat="47.747867" lon="10.228696">
        <ele>854.531850</ele>
        <time>2025-07-10T22:31:15.970Z</time>
      </trkpt>
      <trkpt lat="47.747837" lon="10.228636">
        <ele>854.457978</ele>
        <time>2025-07-10T22:31:16.598Z</time>
      </trkpt>
      <trkpt lat="47.747449" lon="10.228875">
        <ele>853.840901</ele>
        <time>2025-07-10T22:31:22.169Z</time>
      </trkpt>
      <trkpt lat="47.747206" lon="10.229032">
        <ele>853.590854</ele>
        <time>2025-07-10T22:31:27.104Z</time>
      </trkpt>
      <trkpt lat="47.746570" lon="10.229493">
        <ele>854.553558</ele>
        <time>2025-07-10T22:31:42.306Z</time>
      </trkpt>
      <trkpt lat="47.746231" lon="10.229794">
        <ele>855.090784</ele>
        <time>2025-07-10T22:31:50.593Z</time>
      </trkpt>
      <trkpt lat="47.746010" lon="10.230113">
        <ele>855.509845</ele>
        <time>2025-07-10T22:31:56.784Z</time>
      </trkpt>
      <trkpt lat="47.745774" lon="10.230476">
        <ele>855.971932</ele>
        <time>2025-07-10T22:32:04.010Z</time>
      </trkpt>
      <trkpt lat="47.745615" lon="10.230664">
        <ele>856.302623</ele>
        <time>2025-07-10T22:32:12.907Z</time>
      </trkpt>
      <trkpt lat="47.745509" lon="10.230924">
        <ele>856.635470</ele>
        <time>2025-07-10T22:32:21.803Z</time>
      </trkpt>
      <trkpt lat="47.745312" lon="10.231177">
        <ele>857.059216</ele>
        <time>2025-07-10T22:32:32.976Z</time>
      </trkpt>
      <trkpt lat="47.745148" lon="10.231409">
        <ele>857.427704</ele>
        <time>2025-07-10T22:32:42.683Z</time>
      </trkpt>
      <trkpt lat="47.745073" lon="10.231466">
        <ele>857.564823</ele>
        <time>2025-07-10T22:32:46.326Z</time>
      </trkpt>
      <trkpt lat="47.744756" lon="10.231685">
        <ele>858.133858</ele>
        <time>2025-07-10T22:32:54.032Z</time>
      </trkpt>
      <trkpt lat="47.744548" lon="10.231785">
        <ele>858.489733</ele>
        <time>2025-07-10T22:32:58.840Z</time>
      </trkpt>
      <trkpt lat="47.744263" lon="10.231895">
        <ele>858.964219</ele>
        <time>2025-07-10T22:33:05.305Z</time>
      </trkpt>
      <trkpt lat="47.743435" lon="10.232280">
        <ele>860.278028</ele>
        <time>2025-07-10T22:33:23.551Z</time>
      </trkpt>
      <trkpt lat="47.743137" lon="10.232348">
        <ele>860.734608</ele>
        <time>2025-07-10T22:33:29.896Z</time>
      </trkpt>
      <trkpt lat="47.742846" lon="10.232362">
        <ele>861.175536</ele>
        <time>2025-07-10T22:33:36.095Z</time>
      </trkpt>
      <trkpt lat="47.742518" lon="10.232353">
        <ele>861.598149</ele>
        <time>2025-07-10T22:33:42.947Z</time>
      </trkpt>
      <trkpt lat="47.742424" lon="10.232451">
        <ele>861.508846</ele>
        <time>2025-07-10T22:33:45.254Z</time>
      </trkpt>
      <trkpt lat="47.742272" lon="10.232481">
        <ele>861.389568</ele>
        <time>2025-07-10T22:33:48.259Z</time>
      </trkpt>
      <trkpt lat="47.741975" lon="10.232635">
        <ele>861.144888</ele>
        <time>2025-07-10T22:33:53.963Z</time>
      </trkpt>
      <trkpt lat="47.741789" lon="10.232796">
        <ele>860.977471</ele>
        <time>2025-07-10T22:33:57.240Z</time>
      </trkpt>
      <trkpt lat="47.741530" lon="10.233149">
        <ele>860.704171</ele>
        <time>2025-07-10T22:34:01.664Z</time>
      </trkpt>
      <trkpt lat="47.741439" lon="10.233344">
        <ele>860.580006</ele>
        <time>2025-07-10T22:34:03.500Z</time>
      </trkpt>
      <trkpt lat="47.741272" lon="10.233827">
        <ele>860.295897</ele>
        <time>2025-07-10T22:34:07.432Z</time>
      </trkpt>
      <trkpt lat="47.740796" lon="10.235565">
        <ele>855.234813</ele>
        <time>2025-07-10T22:34:19.555Z</time>
      </trkpt>
      <trkpt lat="47.740615" lon="10.235992">
        <ele>853.787032</ele>
        <time>2025-07-10T22:34:22.719Z</time>
      </trkpt>
      <trkpt lat="47.740398" lon="10.236460">
        <ele>852.241318</ele>
        <time>2025-07-10T22:34:26.402Z</time>
      </trkpt>
      <trkpt lat="47.740395" lon="10.236645">
        <ele>851.824213</ele>
        <time>2025-07-10T22:34:27.613Z</time>
      </trkpt>
      <trkpt lat="47.740466" lon="10.236797">
        <ele>851.407074</ele>
        <time>2025-07-10T22:34:28.831Z</time>
      </trkpt>
      <trkpt lat="47.740444" lon="10.236950">
        <ele>851.054423</ele>
        <time>2025-07-10T22:34:29.858Z</time>
      </trkpt>
      <trkpt lat="47.740430" lon="10.237064">
        <ele>850.793222</ele>
        <time>2025-07-10T22:34:30.626Z</time>
      </trkpt>
      <trkpt lat="47.740080" lon="10.237123">
        <ele>849.612626</ele>
        <time>2025-07-10T22:34:34.102Z</time>
      </trkpt>
      <trkpt lat="47.739854" lon="10.237242">
        <ele>848.809062</ele>
        <time>2025-07-10T22:34:36.511Z</time>
      </trkpt>
      <trkpt lat="47.738832" lon="10.238023">
        <ele>845.747018</ele>
        <time>2025-07-10T22:34:48.768Z</time>
      </trkpt>
      <trkpt lat="47.738530" lon="10.238213">
        <ele>845.201759</ele>
        <time>2025-07-10T22:34:52.361Z</time>
      </trkpt>
      <trkpt lat="47.738340" lon="10.238292">
        <ele>844.873712</ele>
        <time>2025-07-10T22:34:54.614Z</time>
      </trkpt>
      <trkpt lat="47.737490" lon="10.238513">
        <ele>843.464113</ele>
        <time>2025-07-10T22:35:04.994Z</time>
      </trkpt>
      <trkpt lat="47.737303" lon="10.238607">
        <ele>843.223543</ele>
        <time>2025-07-10T22:35:07.400Z</time>
      </trkpt>
      <trkpt lat="47.736965" lon="10.238885">
        <ele>842.752800</ele>
        <time>2025-07-10T22:35:11.987Z</time>
      </trkpt>
      <trkpt lat="47.736793" lon="10.239108">
        <ele>842.474686</ele>
        <time>2025-07-10T22:35:14.629Z</time>
      </trkpt>
      <trkpt lat="47.736143" lon="10.240203">
        <ele>841.275793</ele>
        <time>2025-07-10T22:35:26.146Z</time>
      </trkpt>
      <trkpt lat="47.735883" lon="10.240589">
        <ele>840.815337</ele>
        <time>2025-07-10T22:35:30.795Z</time>
      </trkpt>
      <trkpt lat="47.735508" lon="10.240931">
        <ele>840.264013</ele>
        <time>2025-07-10T22:35:36.443Z</time>
      </trkpt>
      <trkpt lat="47.735036" lon="10.241295">
        <ele>839.597657</ele>
        <time>2025-07-10T22:35:43.128Z</time>
      </trkpt>
      <trkpt lat="47.734424" lon="10.241897">
        <ele>837.885815</ele>
        <time>2025-07-10T22:35:51.218Z</time>
      </trkpt>
      <trkpt lat="47.733824" lon="10.242786">
        <ele>834.768747</ele>
        <time>2025-07-10T22:35:59.580Z</time>
      </trkpt>
      <trkpt lat="47.733580" lon="10.243196">
        <ele>833.413781</ele>
        <time>2025-07-10T22:36:03.084Z</time>
      </trkpt>
      <trkpt lat="47.733368" lon="10.243626">
        <ele>832.026060</ele>
        <time>2025-07-10T22:36:06.469Z</time>
      </trkpt>
      <trkpt lat="47.733037" lon="10.244389">
        <ele>829.369517</ele>
        <time>2025-07-10T22:36:12.238Z</time>
      </trkpt>
      <trkpt lat="47.732746" lon="10.245215">
        <ele>826.641249</ele>
        <time>2025-07-10T22:36:18.239Z</time>
      </trkpt>
      <trkpt lat="47.732408" lon="10.246031">
        <ele>824.398916</ele>
        <time>2025-07-10T22:36:24.603Z</time>
      </trkpt>
      <trkpt lat="47.732141" lon="10.246481">
        <ele>823.865726</ele>
        <time>2025-07-10T22:36:28.850Z</time>
      </trkpt>
      <trkpt lat="47.731776" lon="10.246978">
        <ele>823.211871</ele>
        <time>2025-07-10T22:36:34.546Z</time>
      </trkpt>
      <trkpt lat="47.730418" lon="10.248519">
        <ele>822.818648</ele>
        <time>2025-07-10T22:37:02.640Z</time>
      </trkpt>
      <trkpt lat="47.730215" lon="10.248848">
        <ele>822.985137</ele>
        <time>2025-07-10T22:37:08.341Z</time>
      </trkpt>
      <trkpt lat="47.729999" lon="10.249355">
        <ele>823.208938</ele>
        <time>2025-07-10T22:37:15.665Z</time>
      </trkpt>
      <trkpt lat="47.729890" lon="10.249714">
        <ele>823.303450</ele>
        <time>2025-07-10T22:37:20.152Z</time>
      </trkpt>
      <trkpt lat="47.729803" lon="10.250225">
        <ele>823.386761</ele>
        <time>2025-07-10T22:37:26.018Z</time>
      </trkpt>
      <trkpt lat="47.729733" lon="10.250217">
        <ele>823.403257</ele>
        <time>2025-07-10T22:37:27.186Z</time>
      </trkpt>
      <trkpt lat="47.729653" lon="10.251061">
        <ele>823.537970</ele>
        <time>2025-07-10T22:37:36.590Z</time>
      </trkpt>
      <trkpt lat="47.729566" lon="10.251371">
        <ele>823.591059</ele>
        <time>2025-07-10T22:37:40.225Z</time>
      </trkpt>
      <trkpt lat="47.729366" lon="10.251597">
        <ele>823.650088</ele>
        <time>2025-07-10T22:37:44.132Z</time>
      </trkpt>
      <trkpt lat="47.728505" lon="10.251939">
        <ele>822.479792</ele>
        <time>2025-07-10T22:37:55.432Z</time>
      </trkpt>
      <trkpt lat="47.728378" lon="10.251981">
        <ele>822.265044</ele>
        <time>2025-07-10T22:37:56.971Z</time>
      </trkpt>
      <trkpt lat="47.727851" lon="10.252093">
        <ele>821.386340</ele>
        <time>2025-07-10T22:38:02.999Z</time>
      </trkpt>
      <trkpt lat="47.727673" lon="10.252184">
        <ele>821.075649</ele>
        <time>2025-07-10T22:38:04.969Z</time>
      </trkpt>
      <trkpt lat="47.727477" lon="10.252486">
        <ele>820.519484</ele>
        <time>2025-07-10T22:38:07.773Z</time>
      </trkpt>
      <trkpt lat="47.727269" lon="10.252650">
        <ele>819.809220</ele>
        <time>2025-07-10T22:38:10.077Z</time>
      </trkpt>
      <trkpt lat="47.727288" lon="10.252718">
        <ele>819.659802</ele>
        <time>2025-07-10T22:38:10.574Z</time>
      </trkpt>
      <trkpt lat="47.727309" lon="10.252796">
        <ele>819.489315</ele>
        <time>2025-07-10T22:38:11.129Z</time>
      </trkpt>
      <trkpt lat="47.727332" lon="10.252881">
        <ele>819.303399</ele>
        <time>2025-07-10T22:38:11.753Z</time>
      </trkpt>
      <trkpt lat="47.727309" lon="10.252796">
        <ele>819.117483</ele>
        <time>2025-07-10T22:38:12.358Z</time>
      </trkpt>
      <trkpt lat="47.727288" lon="10.252718">
        <ele>818.946997</ele>
        <time>2025-07-10T22:38:12.920Z</time>
      </trkpt>
      <trkpt lat="47.727269" lon="10.252650">
        <ele>818.797579</ele>
        <time>2025-07-10T22:38:13.418Z</time>
      </trkpt>
      <trkpt lat="47.727112" lon="10.252645">
        <ele>818.323847</ele>
        <time>2025-07-10T22:38:14.975Z</time>
      </trkpt>
      <trkpt lat="47.727009" lon="10.252628">
        <ele>818.011216</ele>
        <time>2025-07-10T22:38:15.991Z</time>
      </trkpt>
      <trkpt lat="47.726943" lon="10.252594">
        <ele>817.800498</ele>
        <time>2025-07-10T22:38:16.690Z</time>
      </trkpt>
      <trkpt lat="47.726887" lon="10.252565">
        <ele>817.621606</ele>
        <time>2025-07-10T22:38:17.272Z</time>
      </trkpt>
      <trkpt lat="47.726876" lon="10.252559">
        <ele>817.586259</ele>
        <time>2025-07-10T22:38:17.398Z</time>
      </trkpt>
      <trkpt lat="47.726757" lon="10.252488">
        <ele>817.199438</ele>
        <time>2025-07-10T22:38:18.673Z</time>
      </trkpt>
      <trkpt lat="47.726601" lon="10.252354">
        <ele>816.655922</ele>
        <time>2025-07-10T22:38:20.495Z</time>
      </trkpt>
      <trkpt lat="47.726446" lon="10.252256">
        <ele>816.147799</ele>
        <time>2025-07-10T22:38:22.258Z</time>
      </trkpt>
      <trkpt lat="47.726324" lon="10.252180">
        <ele>815.748754</ele>
        <time>2025-07-10T22:38:23.622Z</time>
      </trkpt>
      <trkpt lat="47.725971" lon="10.252035">
        <ele>815.405750</ele>
        <time>2025-07-10T22:38:27.570Z</time>
      </trkpt>
      <trkpt lat="47.725906" lon="10.252018">
        <ele>815.440424</ele>
        <time>2025-07-10T22:38:28.358Z</time>
      </trkpt>
      <trkpt lat="47.725554" lon="10.251924">
        <ele>815.628318</ele>
        <time>2025-07-10T22:38:33.767Z</time>
      </trkpt>
      <trkpt lat="47.725439" lon="10.251862">
        <ele>815.692587</ele>
        <time>2025-07-10T22:38:35.813Z</time>
      </trkpt>
      <trkpt lat="47.725379" lon="10.251807">
        <ele>815.729621</ele>
        <time>2025-07-10T22:38:36.984Z</time>
      </trkpt>
      <trkpt lat="47.725238" lon="10.251662">
        <ele>815.819697</ele>
        <time>2025-07-10T22:38:40.152Z</time>
      </trkpt>
      <trkpt lat="47.724762" lon="10.250791">
        <ele>816.216305</ele>
        <time>2025-07-10T22:38:57.518Z</time>
      </trkpt>
      <trkpt lat="47.724437" lon="10.250214">
        <ele>816.626850</ele>
        <time>2025-07-10T22:39:09.229Z</time>
      </trkpt>
      <trkpt lat="47.724320" lon="10.250060">
        <ele>816.757491</ele>
        <time>2025-07-10T22:39:12.666Z</time>
      </trkpt>
      <trkpt lat="47.723768" lon="10.249536">
        <ele>817.305017</ele>
        <time>2025-07-10T22:39:25.506Z</time>
      </trkpt>
      <trkpt lat="47.722874" lon="10.248603">
        <ele>816.726238</ele>
        <time>2025-07-10T22:39:39.336Z</time>
      </trkpt>
      <trkpt lat="47.722095" lon="10.247892">
        <ele>815.099312</ele>
        <time>2025-07-10T22:39:49.069Z</time>
      </trkpt>
      <trkpt lat="47.721135" lon="10.247099">
        <ele>813.687334</ele>
        <time>2025-07-10T22:40:00.914Z</time>
      </trkpt>
      <trkpt lat="47.720588" lon="10.246719">
        <ele>813.030613</ele>
        <time>2025-07-10T22:40:08.669Z</time>
      </trkpt>
      <trkpt lat="47.720089" lon="10.246433">
        <ele>812.528332</ele>
        <time>2025-07-10T22:40:16.982Z</time>
      </trkpt>
      <trkpt lat="47.719571" lon="10.246220">
        <ele>812.287756</ele>
        <time>2025-07-10T22:40:26.038Z</time>
      </trkpt>
      <trkpt lat="47.718967" lon="10.246030">
        <ele>812.011405</ele>
        <time>2025-07-10T22:40:34.933Z</time>
      </trkpt>
      <trkpt lat="47.718375" lon="10.245901">
        <ele>811.710875</ele>
        <time>2025-07-10T22:40:41.823Z</time>
      </trkpt>
      <trkpt lat="47.716898" lon="10.245812">
        <ele>810.434000</ele>
        <time>2025-07-10T22:40:58.122Z</time>
      </trkpt>
      <trkpt lat="47.716630" lon="10.245661">
        <ele>810.484026</ele>
        <time>2025-07-10T22:41:04.229Z</time>
      </trkpt>
      <trkpt lat="47.716661" lon="10.245445">
        <ele>811.343435</ele>
        <time>2025-07-10T22:41:08.102Z</time>
      </trkpt>
      <trkpt lat="47.716640" lon="10.245237">
        <ele>812.161866</ele>
        <time>2025-07-10T22:41:12.191Z</time>
      </trkpt>
      <trkpt lat="47.716526" lon="10.245020">
        <ele>813.233181</ele>
        <time>2025-07-10T22:41:18.166Z</time>
      </trkpt>
      <trkpt lat="47.716139" lon="10.244496">
        <ele>816.260938</ele>
        <time>2025-07-10T22:41:39.273Z</time>
      </trkpt>
      <trkpt lat="47.716059" lon="10.244307">
        <ele>817.129822</ele>
        <time>2025-07-10T22:41:46.532Z</time>
      </trkpt>
      <trkpt lat="47.716011" lon="10.244098">
        <ele>817.989169</ele>
        <time>2025-07-10T22:41:53.887Z</time>
      </trkpt>
      <trkpt lat="47.715995" lon="10.243907">
        <ele>818.738136</ele>
        <time>2025-07-10T22:42:00.265Z</time>
      </trkpt>
      <trkpt lat="47.716023" lon="10.243524">
        <ele>820.237256</ele>
        <time>2025-07-10T22:42:12.589Z</time>
      </trkpt>
      <trkpt lat="47.716192" lon="10.242466">
        <ele>825.692770</ele>
        <time>2025-07-10T22:42:46.438Z</time>
      </trkpt>
      <trkpt lat="47.716268" lon="10.240185">
        <ele>836.908384</ele>
        <time>2025-07-10T22:43:55.176Z</time>
      </trkpt>
      <trkpt lat="47.716300" lon="10.239315">
        <ele>840.645149</ele>
        <time>2025-07-10T22:44:19.778Z</time>
      </trkpt>
      <trkpt lat="47.716259" lon="10.238743">
        <ele>843.112183</ele>
        <time>2025-07-10T22:44:35.238Z</time>
      </trkpt>
      <trkpt lat="47.715810" lon="10.236026">
        <ele>853.215866</ele>
        <time>2025-07-10T22:45:40.433Z</time>
      </trkpt>
      <trkpt lat="47.715772" lon="10.235203">
        <ele>855.992075</ele>
        <time>2025-07-10T22:46:00.121Z</time>
      </trkpt>
      <trkpt lat="47.715788" lon="10.234819">
        <ele>857.256861</ele>
        <time>2025-07-10T22:46:09.593Z</time>
      </trkpt>
      <trkpt lat="47.715895" lon="10.234058">
        <ele>859.812627</ele>
        <time>2025-07-10T22:46:29.148Z</time>
      </trkpt>
      <trkpt lat="47.716044" lon="10.233531">
        <ele>861.691842</ele>
        <time>2025-07-10T22:46:43.280Z</time>
      </trkpt>
      <trkpt lat="47.716136" lon="10.233288">
        <ele>862.608473</ele>
        <time>2025-07-10T22:46:49.681Z</time>
      </trkpt>
      <trkpt lat="47.716266" lon="10.232992">
        <ele>863.737742</ele>
        <time>2025-07-10T22:46:56.837Z</time>
      </trkpt>
      <trkpt lat="47.716385" lon="10.232647">
        <ele>864.020832</ele>
        <time>2025-07-10T22:47:03.585Z</time>
      </trkpt>
      <trkpt lat="47.716465" lon="10.232269">
        <ele>864.310175</ele>
        <time>2025-07-10T22:47:09.451Z</time>
      </trkpt>
      <trkpt lat="47.716507" lon="10.232000">
        <ele>864.511814</ele>
        <time>2025-07-10T22:47:13.036Z</time>
      </trkpt>
      <trkpt lat="47.716639" lon="10.231268">
        <ele>865.065173</ele>
        <time>2025-07-10T22:47:21.068Z</time>
      </trkpt>
      <trkpt lat="47.716676" lon="10.230903">
        <ele>865.334697</ele>
        <time>2025-07-10T22:47:24.448Z</time>
      </trkpt>
      <trkpt lat="47.716681" lon="10.230407">
        <ele>865.717742</ele>
        <time>2025-07-10T22:47:28.752Z</time>
      </trkpt>
      <trkpt lat="47.716615" lon="10.229577">
        <ele>867.099930</ele>
        <time>2025-07-10T22:47:37.208Z</time>
      </trkpt>
      <trkpt lat="47.715848" lon="10.229404">
        <ele>869.006846</ele>
        <time>2025-07-10T22:47:57.031Z</time>
      </trkpt>
      <trkpt lat="47.715306" lon="10.229216">
        <ele>870.738567</ele>
        <time>2025-07-10T22:48:16.357Z</time>
      </trkpt>
      <trkpt lat="47.715091" lon="10.228534">
        <ele>873.641474</ele>
        <time>2025-07-10T22:48:38.325Z</time>
      </trkpt>
      <trkpt lat="47.714746" lon="10.227593">
        <ele>877.771964</ele>
        <time>2025-07-10T22:49:10.399Z</time>
      </trkpt>
      <trkpt lat="47.714344" lon="10.226763">
        <ele>882.402473</ele>
        <time>2025-07-10T22:49:39.790Z</time>
      </trkpt>
      <trkpt lat="47.714301" lon="10.226495">
        <ele>884.023403</ele>
        <time>2025-07-10T22:49:48.223Z</time>
      </trkpt>
      <trkpt lat="47.714423" lon="10.225802">
        <ele>888.237761</ele>
        <time>2025-07-10T22:50:12.943Z</time>
      </trkpt>
      <trkpt lat="47.714430" lon="10.225143">
        <ele>892.115315</ele>
        <time>2025-07-10T22:50:39.320Z</time>
      </trkpt>
      <trkpt lat="47.714832" lon="10.223921">
        <ele>899.738997</ele>
        <time>2025-07-10T22:51:40.368Z</time>
      </trkpt>
      <trkpt lat="47.714920" lon="10.223631">
        <ele>901.432633</ele>
        <time>2025-07-10T22:51:53.681Z</time>
      </trkpt>
      <trkpt lat="47.714951" lon="10.223431">
        <ele>902.525265</ele>
        <time>2025-07-10T22:52:01.806Z</time>
      </trkpt>
      <trkpt lat="47.714931" lon="10.223014">
        <ele>904.750888</ele>
        <time>2025-07-10T22:52:16.798Z</time>
      </trkpt>
      <trkpt lat="47.714886" lon="10.222582">
        <ele>907.078135</ele>
        <time>2025-07-10T22:52:30.369Z</time>
      </trkpt>
      <trkpt lat="47.714834" lon="10.222392">
        <ele>908.170124</ele>
        <time>2025-07-10T22:52:36.036Z</time>
      </trkpt>
      <trkpt lat="47.714466" lon="10.221564">
        <ele>911.364595</ele>
        <time>2025-07-10T22:52:58.121Z</time>
      </trkpt>
      <trkpt lat="47.714391" lon="10.221405">
        <ele>911.699265</ele>
        <time>2025-07-10T22:53:01.528Z</time>
      </trkpt>
      <trkpt lat="47.714318" lon="10.221144">
        <ele>912.186415</ele>
        <time>2025-07-10T22:53:06.347Z</time>
      </trkpt>
      <trkpt lat="47.714195" lon="10.220382">
        <ele>913.536982</ele>
        <time>2025-07-10T22:53:20.390Z</time>
      </trkpt>
      <trkpt lat="47.714151" lon="10.219943">
        <ele>914.301945</ele>
        <time>2025-07-10T22:53:29.278Z</time>
      </trkpt>
      <trkpt lat="47.714158" lon="10.219689">
        <ele>914.740080</ele>
        <time>2025-07-10T22:53:34.643Z</time>
      </trkpt>
      <trkpt lat="47.714285" lon="10.218574">
        <ele>917.338281</ele>
        <time>2025-07-10T22:54:00.101Z</time>
      </trkpt>
      <trkpt lat="47.714240" lon="10.218349">
        <ele>917.895795</ele>
        <time>2025-07-10T22:54:05.912Z</time>
      </trkpt>
      <trkpt lat="47.714031" lon="10.218040">
        <ele>918.936446</ele>
        <time>2025-07-10T22:54:17.036Z</time>
      </trkpt>
      <trkpt lat="47.713956" lon="10.217883">
        <ele>919.393772</ele>
        <time>2025-07-10T22:54:21.792Z</time>
      </trkpt>
      <trkpt lat="47.713935" lon="10.217776">
        <ele>919.658503</ele>
        <time>2025-07-10T22:54:24.471Z</time>
      </trkpt>
      <trkpt lat="47.713941" lon="10.217645">
        <ele>919.970366</ele>
        <time>2025-07-10T22:54:27.622Z</time>
      </trkpt>
      <trkpt lat="47.714018" lon="10.217192">
        <ele>921.080107</ele>
        <time>2025-07-10T22:54:38.530Z</time>
      </trkpt>
      <trkpt lat="47.714014" lon="10.217050">
        <ele>921.396138</ele>
        <time>2025-07-10T22:54:41.739Z</time>
      </trkpt>
      <trkpt lat="47.713866" lon="10.216629">
        <ele>922.271781</ele>
        <time>2025-07-10T22:54:52.060Z</time>
      </trkpt>
      <trkpt lat="47.713597" lon="10.216566">
        <ele>923.017893</ele>
        <time>2025-07-10T22:54:58.845Z</time>
      </trkpt>
      <trkpt lat="47.713497" lon="10.216489">
        <ele>923.326465</ele>
        <time>2025-07-10T22:55:01.560Z</time>
      </trkpt>
      <trkpt lat="47.713426" lon="10.216356">
        <ele>923.639443</ele>
        <time>2025-07-10T22:55:04.344Z</time>
      </trkpt>
      <trkpt lat="47.713350" lon="10.216279">
        <ele>923.891451</ele>
        <time>2025-07-10T22:55:06.569Z</time>
      </trkpt>
      <trkpt lat="47.712702" lon="10.215846">
        <ele>925.838059</ele>
        <time>2025-07-10T22:55:23.377Z</time>
      </trkpt>
      <trkpt lat="47.712418" lon="10.215717">
        <ele>926.795553</ele>
        <time>2025-07-10T22:55:31.195Z</time>
      </trkpt>
      <trkpt lat="47.712009" lon="10.215723">
        <ele>928.316982</ele>
        <time>2025-07-10T22:55:43.022Z</time>
      </trkpt>
      <trkpt lat="47.710984" lon="10.215546">
        <ele>932.155319</ele>
        <time>2025-07-10T22:56:16.365Z</time>
      </trkpt>
      <trkpt lat="47.710749" lon="10.215560">
        <ele>932.990059</ele>
        <time>2025-07-10T22:56:23.567Z</time>
      </trkpt>
      <trkpt lat="47.709929" lon="10.215701">
        <ele>934.696923</ele>
        <time>2025-07-10T22:56:45.273Z</time>
      </trkpt>
      <trkpt lat="47.708897" lon="10.215955">
        <ele>936.722023</ele>
        <time>2025-07-10T22:57:05.759Z</time>
      </trkpt>
      <trkpt lat="47.708488" lon="10.215975">
        <ele>936.987406</ele>
        <time>2025-07-10T22:57:12.475Z</time>
      </trkpt>
      <trkpt lat="47.708327" lon="10.215969">
        <ele>937.091849</ele>
        <time>2025-07-10T22:57:15.131Z</time>
      </trkpt>
      <trkpt lat="47.707364" lon="10.215770">
        <ele>937.722373</ele>
        <time>2025-07-10T22:57:31.768Z</time>
      </trkpt>
      <trkpt lat="47.707236" lon="10.215126">
        <ele>938.262733</ele>
        <time>2025-07-10T22:57:39.519Z</time>
      </trkpt>
      <trkpt lat="47.707150" lon="10.214895">
        <ele>938.527935</ele>
        <time>2025-07-10T22:57:42.617Z</time>
      </trkpt>
      <trkpt lat="47.706855" lon="10.214309">
        <ele>939.263112</ele>
        <time>2025-07-10T22:57:51.919Z</time>
      </trkpt>
      <trkpt lat="47.706696" lon="10.213899">
        <ele>939.738488</ele>
        <time>2025-07-10T22:57:58.542Z</time>
      </trkpt>
      <trkpt lat="47.706609" lon="10.213592">
        <ele>940.073125</ele>
        <time>2025-07-10T22:58:03.521Z</time>
      </trkpt>
      <trkpt lat="47.706450" lon="10.212749">
        <ele>941.743611</ele>
        <time>2025-07-10T22:58:18.747Z</time>
      </trkpt>
      <trkpt lat="47.706391" lon="10.212515">
        <ele>942.443812</ele>
        <time>2025-07-10T22:58:23.636Z</time>
      </trkpt>
      <trkpt lat="47.706277" lon="10.212218">
        <ele>943.401897</ele>
        <time>2025-07-10T22:58:30.705Z</time>
      </trkpt>
      <trkpt lat="47.706060" lon="10.211831">
        <ele>944.813427</ele>
        <time>2025-07-10T22:58:41.587Z</time>
      </trkpt>
      <trkpt lat="47.705382" lon="10.210990">
        <ele>948.663038</ele>
        <time>2025-07-10T22:59:12.178Z</time>
      </trkpt>
      <trkpt lat="47.705226" lon="10.210724">
        <ele>949.998482</ele>
        <time>2025-07-10T22:59:21.022Z</time>
      </trkpt>
      <trkpt lat="47.705071" lon="10.210329">
        <ele>951.729111</ele>
        <time>2025-07-10T22:59:32.780Z</time>
      </trkpt>
      <trkpt lat="47.704949" lon="10.209729">
        <ele>954.101438</ele>
        <time>2025-07-10T22:59:49.383Z</time>
      </trkpt>
      <trkpt lat="47.704929" lon="10.208289">
        <ele>958.851529</ele>
        <time>2025-07-10T23:00:26.751Z</time>
      </trkpt>
      <trkpt lat="47.704844" lon="10.207391">
        <ele>960.608243</ele>
        <time>2025-07-10T23:00:45.205Z</time>
      </trkpt>
      <trkpt lat="47.704803" lon="10.206663">
        <ele>962.023443</ele>
        <time>2025-07-10T23:00:56.331Z</time>
      </trkpt>
      <trkpt lat="47.704512" lon="10.205296">
        <ele>964.360262</ele>
        <time>2025-07-10T23:01:12.185Z</time>
      </trkpt>
      <trkpt lat="47.704497" lon="10.204947">
        <ele>964.839628</ele>
        <time>2025-07-10T23:01:16.230Z</time>
      </trkpt>
      <trkpt lat="47.704526" lon="10.204728">
        <ele>965.145579</ele>
        <time>2025-07-10T23:01:19.109Z</time>
      </trkpt>
      <trkpt lat="47.704610" lon="10.204495">
        <ele>965.507906</ele>
        <time>2025-07-10T23:01:22.943Z</time>
      </trkpt>
      <trkpt lat="47.704726" lon="10.204283">
        <ele>965.882441</ele>
        <time>2025-07-10T23:01:27.285Z</time>
      </trkpt>
      <trkpt lat="47.705191" lon="10.203645">
        <ele>967.555538</ele>
        <time>2025-07-10T23:01:46.149Z</time>
      </trkpt>
      <trkpt lat="47.705365" lon="10.203256">
        <ele>969.344508</ele>
        <time>2025-07-10T23:01:57.498Z</time>
      </trkpt>
      <trkpt lat="47.705340" lon="10.203176">
        <ele>969.682333</ele>
        <time>2025-07-10T23:01:59.712Z</time>
      </trkpt>
      <trkpt lat="47.705437" lon="10.202841">
        <ele>971.079109</ele>
        <time>2025-07-10T23:02:09.297Z</time>
      </trkpt>
      <trkpt lat="47.705445" lon="10.202590">
        <ele>972.041513</ele>
        <time>2025-07-10T23:02:15.927Z</time>
      </trkpt>
      <trkpt lat="47.705405" lon="10.202390">
        <ele>972.840625</ele>
        <time>2025-07-10T23:02:21.609Z</time>
      </trkpt>
      <trkpt lat="47.705336" lon="10.202229">
        <ele>973.571685</ele>
        <time>2025-07-10T23:02:26.893Z</time>
      </trkpt>
      <trkpt lat="47.704820" lon="10.201557">
        <ele>977.514453</ele>
        <time>2025-07-10T23:02:54.643Z</time>
      </trkpt>
      <trkpt lat="47.704725" lon="10.201422">
        <ele>978.362731</ele>
        <time>2025-07-10T23:02:59.806Z</time>
      </trkpt>
      <trkpt lat="47.704492" lon="10.200986">
        <ele>980.780605</ele>
        <time>2025-07-10T23:03:14.050Z</time>
      </trkpt>
      <trkpt lat="47.704277" lon="10.200582">
        <ele>983.017423</ele>
        <time>2025-07-10T23:03:27.625Z</time>
      </trkpt>
      <trkpt lat="47.703796" lon="10.199673">
        <ele>988.039296</ele>
        <time>2025-07-10T23:03:59.496Z</time>
      </trkpt>
      <trkpt lat="47.703621" lon="10.199283">
        <ele>990.248486</ele>
        <time>2025-07-10T23:04:13.048Z</time>
      </trkpt>
      <trkpt lat="47.703344" lon="10.198830">
        <ele>993.268813</ele>
        <time>2025-07-10T23:04:31.850Z</time>
      </trkpt>
      <trkpt lat="47.703139" lon="10.198590">
        <ele>995.182486</ele>
        <time>2025-07-10T23:04:43.998Z</time>
      </trkpt>
      <trkpt lat="47.702775" lon="10.198149">
        <ele>998.626273</ele>
        <time>2025-07-10T23:05:05.679Z</time>
      </trkpt>
      <trkpt lat="47.702580" lon="10.197843">
        <ele>1000.705845</ele>
        <time>2025-07-10T23:05:18.099Z</time>
      </trkpt>
      <trkpt lat="47.702305" lon="10.197318">
        <ele>1003.449839</ele>
        <time>2025-07-10T23:05:37.170Z</time>
      </trkpt>
      <trkpt lat="47.702073" lon="10.196785">
        <ele>1005.737413</ele>
        <time>2025-07-10T23:05:53.784Z</time>
      </trkpt>
      <trkpt lat="47.701846" lon="10.195984">
        <ele>1008.869567</ele>
        <time>2025-07-10T23:06:13.879Z</time>
      </trkpt>
      <trkpt lat="47.701686" lon="10.195182">
        <ele>1011.842849</ele>
        <time>2025-07-10T23:06:31.742Z</time>
      </trkpt>
      <trkpt lat="47.701588" lon="10.194453">
        <ele>1014.099711</ele>
        <time>2025-07-10T23:06:47.420Z</time>
      </trkpt>
      <trkpt lat="47.701471" lon="10.194010">
        <ele>1015.544455</ele>
        <time>2025-07-10T23:06:57.662Z</time>
      </trkpt>
      <trkpt lat="47.701227" lon="10.193563">
        <ele>1017.291753</ele>
        <time>2025-07-10T23:07:10.551Z</time>
      </trkpt>
      <trkpt lat="47.700861" lon="10.193021">
        <ele>1019.622719</ele>
        <time>2025-07-10T23:07:28.483Z</time>
      </trkpt>
      <trkpt lat="47.700683" lon="10.192656">
        <ele>1020.810562</ele>
        <time>2025-07-10T23:07:38.960Z</time>
      </trkpt>
      <trkpt lat="47.700617" lon="10.192522">
        <ele>1021.242161</ele>
        <time>2025-07-10T23:07:42.790Z</time>
      </trkpt>
      <trkpt lat="47.700469" lon="10.192150">
        <ele>1022.365372</ele>
        <time>2025-07-10T23:07:52.542Z</time>
      </trkpt>
      <trkpt lat="47.700420" lon="10.191904">
        <ele>1023.032190</ele>
        <time>2025-07-10T23:07:58.131Z</time>
      </trkpt>
      <trkpt lat="47.700327" lon="10.190929">
        <ele>1025.591732</ele>
        <time>2025-07-10T23:08:18.201Z</time>
      </trkpt>
      <trkpt lat="47.700124" lon="10.189953">
        <ele>1027.286381</ele>
        <time>2025-07-10T23:08:34.023Z</time>
      </trkpt>
      <trkpt lat="47.699950" lon="10.189335">
        <ele>1027.958706</ele>
        <time>2025-07-10T23:08:41.955Z</time>
      </trkpt>
      <trkpt lat="47.699780" lon="10.188871">
        <ele>1028.488919</ele>
        <time>2025-07-10T23:08:48.216Z</time>
      </trkpt>
      <trkpt lat="47.699635" lon="10.188486">
        <ele>1028.931702</ele>
        <time>2025-07-10T23:08:54.217Z</time>
      </trkpt>
      <trkpt lat="47.699488" lon="10.188050">
        <ele>1029.438421</ele>
        <time>2025-07-10T23:09:01.522Z</time>
      </trkpt>
      <trkpt lat="47.699411" lon="10.187544">
        <ele>1030.117853</ele>
        <time>2025-07-10T23:09:09.394Z</time>
      </trkpt>
      <trkpt lat="47.699409" lon="10.187148">
        <ele>1030.636505</ele>
        <time>2025-07-10T23:09:15.759Z</time>
      </trkpt>
      <trkpt lat="47.699439" lon="10.186559">
        <ele>1031.410119</ele>
        <time>2025-07-10T23:09:26.108Z</time>
      </trkpt>
      <trkpt lat="47.699388" lon="10.185792">
        <ele>1032.419543</ele>
        <time>2025-07-10T23:09:39.070Z</time>
      </trkpt>
      <trkpt lat="47.699329" lon="10.185285">
        <ele>1032.622428</ele>
        <time>2025-07-10T23:09:45.973Z</time>
      </trkpt>
      <trkpt lat="47.699330" lon="10.184930">
        <ele>1032.130583</ele>
        <time>2025-07-10T23:09:49.674Z</time>
      </trkpt>
      <trkpt lat="47.699384" lon="10.184520">
        <ele>1031.551766</ele>
        <time>2025-07-10T23:09:53.189Z</time>
      </trkpt>
      <trkpt lat="47.699579" lon="10.183603">
        <ele>1030.219387</ele>
        <time>2025-07-10T23:10:00.215Z</time>
      </trkpt>
      <trkpt lat="47.699682" lon="10.182861">
        <ele>1029.169737</ele>
        <time>2025-07-10T23:10:05.176Z</time>
      </trkpt>
      <trkpt lat="47.699665" lon="10.181829">
        <ele>1023.502150</ele>
        <time>2025-07-10T23:10:11.499Z</time>
      </trkpt>
      <trkpt lat="47.699512" lon="10.180675">
        <ele>1017.018043</ele>
        <time>2025-07-10T23:10:18.340Z</time>
      </trkpt>
      <trkpt lat="47.699522" lon="10.180497">
        <ele>1016.033340</ele>
        <time>2025-07-10T23:10:19.373Z</time>
      </trkpt>
      <trkpt lat="47.699571" lon="10.180430">
        <ele>1015.487879</ele>
        <time>2025-07-10T23:10:19.945Z</time>
      </trkpt>
      <trkpt lat="47.699638" lon="10.180416">
        <ele>1014.933665</ele>
        <time>2025-07-10T23:10:20.519Z</time>
      </trkpt>
      <trkpt lat="47.699702" lon="10.180445">
        <ele>1014.384384</ele>
        <time>2025-07-10T23:10:21.089Z</time>
      </trkpt>
      <trkpt lat="47.699808" lon="10.180558">
        <ele>1013.285904</ele>
        <time>2025-07-10T23:10:22.208Z</time>
      </trkpt>
      <trkpt lat="47.699979" lon="10.180832">
        <ele>1011.168353</ele>
        <time>2025-07-10T23:10:24.368Z</time>
      </trkpt>
      <trkpt lat="47.700392" lon="10.181349">
        <ele>1006.621238</ele>
        <time>2025-07-10T23:10:29.028Z</time>
      </trkpt>
      <trkpt lat="47.700618" lon="10.181737">
        <ele>1003.713411</ele>
        <time>2025-07-10T23:10:32.056Z</time>
      </trkpt>
      <trkpt lat="47.700785" lon="10.182145">
        <ele>1001.007356</ele>
        <time>2025-07-10T23:10:34.964Z</time>
      </trkpt>
      <trkpt lat="47.700925" lon="10.182792">
        <ele>998.130196</ele>
        <time>2025-07-10T23:10:39.216Z</time>
      </trkpt>
      <trkpt lat="47.700979" lon="10.183336">
        <ele>996.440529</ele>
        <time>2025-07-10T23:10:42.735Z</time>
      </trkpt>
      <trkpt lat="47.701039" lon="10.184722">
        <ele>992.172883</ele>
        <time>2025-07-10T23:10:51.847Z</time>
      </trkpt>
      <trkpt lat="47.701148" lon="10.185379">
        <ele>989.920594</ele>
        <time>2025-07-10T23:10:56.396Z</time>
      </trkpt>
      <trkpt lat="47.701271" lon="10.185742">
        <ele>988.450868</ele>
        <time>2025-07-10T23:10:59.021Z</time>
      </trkpt>
      <trkpt lat="47.701486" lon="10.186230">
        <ele>986.341578</ele>
        <time>2025-07-10T23:11:02.719Z</time>
      </trkpt>
      <trkpt lat="47.701591" lon="10.186288">
        <ele>985.739638</ele>
        <time>2025-07-10T23:11:03.762Z</time>
      </trkpt>
      <trkpt lat="47.701641" lon="10.186262">
        <ele>985.454987</ele>
        <time>2025-07-10T23:11:04.257Z</time>
      </trkpt>
      <trkpt lat="47.701676" lon="10.186149">
        <ele>985.005143</ele>
        <time>2025-07-10T23:11:05.028Z</time>
      </trkpt>
      <trkpt lat="47.701551" lon="10.185307">
        <ele>981.887011</ele>
        <time>2025-07-10T23:11:10.366Z</time>
      </trkpt>
      <trkpt lat="47.701552" lon="10.184884">
        <ele>979.988972</ele>
        <time>2025-07-10T23:11:12.911Z</time>
      </trkpt>
      <trkpt lat="47.701595" lon="10.184493">
        <ele>978.053459</ele>
        <time>2025-07-10T23:11:15.250Z</time>
      </trkpt>
      <trkpt lat="47.702022" lon="10.182041">
        <ele>966.154805</ele>
        <time>2025-07-10T23:11:30.458Z</time>
      </trkpt>
      <trkpt lat="47.702189" lon="10.180083">
        <ele>958.227140</ele>
        <time>2025-07-10T23:11:42.726Z</time>
      </trkpt>
      <trkpt lat="47.702247" lon="10.179603">
        <ele>956.309691</ele>
        <time>2025-07-10T23:11:45.884Z</time>
      </trkpt>
      <trkpt lat="47.702305" lon="10.179262">
        <ele>954.940362</ele>
        <time>2025-07-10T23:11:48.176Z</time>
      </trkpt>
      <trkpt lat="47.702625" lon="10.177916">
        <ele>949.382746</ele>
        <time>2025-07-10T23:11:57.120Z</time>
      </trkpt>
      <trkpt lat="47.702659" lon="10.177486">
        <ele>947.697162</ele>
        <time>2025-07-10T23:11:59.727Z</time>
      </trkpt>
      <trkpt lat="47.702663" lon="10.177092">
        <ele>946.010755</ele>
        <time>2025-07-10T23:12:02.080Z</time>
      </trkpt>
      <trkpt lat="47.702586" lon="10.176584">
        <ele>943.688476</ele>
        <time>2025-07-10T23:12:05.189Z</time>
      </trkpt>
      <trkpt lat="47.702406" lon="10.175807">
        <ele>940.023725</ele>
        <time>2025-07-10T23:12:10.084Z</time>
      </trkpt>
      <trkpt lat="47.702269" lon="10.175237">
        <ele>937.324427</ele>
        <time>2025-07-10T23:12:13.757Z</time>
      </trkpt>
      <trkpt lat="47.702238" lon="10.174906">
        <ele>935.834031</ele>
        <time>2025-07-10T23:12:15.855Z</time>
      </trkpt>
      <trkpt lat="47.702269" lon="10.174546">
        <ele>934.844393</ele>
        <time>2025-07-10T23:12:18.228Z</time>
      </trkpt>
      <trkpt lat="47.702432" lon="10.173784">
        <ele>933.364559</ele>
        <time>2025-07-10T23:12:23.876Z</time>
      </trkpt>
      <trkpt lat="47.702590" lon="10.172945">
        <ele>931.752097</ele>
        <time>2025-07-10T23:12:30.557Z</time>
      </trkpt>
      <trkpt lat="47.702724" lon="10.172033">
        <ele>929.794979</ele>
        <time>2025-07-10T23:12:37.654Z</time>
      </trkpt>
      <trkpt lat="47.702865" lon="10.170936">
        <ele>926.244237</ele>
        <time>2025-07-10T23:12:44.887Z</time>
      </trkpt>
      <trkpt lat="47.702910" lon="10.170350">
        <ele>924.369076</ele>
        <time>2025-07-10T23:12:48.527Z</time>
      </trkpt>
      <trkpt lat="47.702891" lon="10.169626">
        <ele>922.065512</ele>
        <time>2025-07-10T23:12:52.957Z</time>
      </trkpt>
      <trkpt lat="47.702618" lon="10.167101">
        <ele>913.688813</ele>
        <time>2025-07-10T23:13:09.224Z</time>
      </trkpt>
      <trkpt lat="47.702587" lon="10.166372">
        <ele>912.790368</ele>
        <time>2025-07-10T23:13:13.977Z</time>
      </trkpt>
      <trkpt lat="47.702596" lon="10.165403">
        <ele>912.267098</ele>
        <time>2025-07-10T23:13:21.289Z</time>
      </trkpt>
      <trkpt lat="47.702567" lon="10.165190">
        <ele>912.149757</ele>
        <time>2025-07-10T23:13:23.593Z</time>
      </trkpt>
      <trkpt lat="47.702399" lon="10.164740">
        <ele>911.871891</ele>
        <time>2025-07-10T23:13:30.671Z</time>
      </trkpt>
      <trkpt lat="47.701917" lon="10.163999">
        <ele>911.297950</ele>
        <time>2025-07-10T23:13:49.826Z</time>
      </trkpt>
      <trkpt lat="47.701774" lon="10.163716">
        <ele>911.096641</ele>
        <time>2025-07-10T23:13:55.911Z</time>
      </trkpt>
      <trkpt lat="47.701676" lon="10.163410">
        <ele>910.903869</ele>
        <time>2025-07-10T23:13:59.509Z</time>
      </trkpt>
      <trkpt lat="47.701626" lon="10.163152">
        <ele>910.751143</ele>
        <time>2025-07-10T23:14:01.523Z</time>
      </trkpt>
      <trkpt lat="47.701592" lon="10.162737">
        <ele>910.513328</ele>
        <time>2025-07-10T23:14:04.446Z</time>
      </trkpt>
      <trkpt lat="47.701603" lon="10.162308">
        <ele>910.269116</ele>
        <time>2025-07-10T23:14:07.270Z</time>
      </trkpt>
      <trkpt lat="47.701619" lon="10.161678">
        <ele>908.965816</ele>
        <time>2025-07-10T23:14:11.227Z</time>
      </trkpt>
      <trkpt lat="47.701676" lon="10.159106">
        <ele>901.152884</ele>
        <time>2025-07-10T23:14:27.716Z</time>
      </trkpt>
      <trkpt lat="47.701666" lon="10.158750">
        <ele>900.293418</ele>
        <time>2025-07-10T23:14:30.075Z</time>
      </trkpt>
      <trkpt lat="47.701563" lon="10.157885">
        <ele>898.174515</ele>
        <time>2025-07-10T23:14:35.901Z</time>
      </trkpt>
      <trkpt lat="47.701120" lon="10.155431">
        <ele>892.218124</ele>
        <time>2025-07-10T23:14:53.478Z</time>
      </trkpt>
      <trkpt lat="47.701019" lon="10.154628">
        <ele>890.349938</ele>
        <time>2025-07-10T23:14:58.997Z</time>
      </trkpt>
      <trkpt lat="47.700986" lon="10.154052">
        <ele>888.965657</ele>
        <time>2025-07-10T23:15:02.760Z</time>
      </trkpt>
      <trkpt lat="47.700992" lon="10.152942">
        <ele>885.720747</ele>
        <time>2025-07-10T23:15:09.916Z</time>
      </trkpt>
      <trkpt lat="47.700999" lon="10.152710">
        <ele>885.041872</ele>
        <time>2025-07-10T23:15:11.413Z</time>
      </trkpt>
      <trkpt lat="47.701076" lon="10.151756">
        <ele>882.233112</ele>
        <time>2025-07-10T23:15:17.608Z</time>
      </trkpt>
      <trkpt lat="47.701130" lon="10.151422">
        <ele>881.307131</ele>
        <time>2025-07-10T23:15:19.822Z</time>
      </trkpt>
      <trkpt lat="47.701258" lon="10.150772">
        <ele>880.063955</ele>
        <time>2025-07-10T23:15:24.288Z</time>
      </trkpt>
      <trkpt lat="47.701312" lon="10.150523">
        <ele>879.583744</ele>
        <time>2025-07-10T23:15:26.055Z</time>
      </trkpt>
      <trkpt lat="47.701526" lon="10.149857">
        <ele>878.229038</ele>
        <time>2025-07-10T23:15:31.189Z</time>
      </trkpt>
      <trkpt lat="47.701809" lon="10.148863">
        <ele>876.456780</ele>
        <time>2025-07-10T23:15:39.437Z</time>
      </trkpt>
      <trkpt lat="47.701917" lon="10.148401">
        <ele>876.216280</ele>
        <time>2025-07-10T23:15:44.151Z</time>
      </trkpt>
      <trkpt lat="47.702198" lon="10.146157">
        <ele>874.776504</ele>
        <time>2025-07-10T23:16:05.041Z</time>
      </trkpt>
      <trkpt lat="47.702368" lon="10.145220">
        <ele>873.088637</ele>
        <time>2025-07-10T23:16:11.924Z</time>
      </trkpt>
      <trkpt lat="47.703381" lon="10.142569">
        <ele>868.248977</ele>
        <time>2025-07-10T23:16:32.607Z</time>
      </trkpt>
      <trkpt lat="47.703717" lon="10.141557">
        <ele>866.677509</ele>
        <time>2025-07-10T23:16:42.066Z</time>
      </trkpt>
      <trkpt lat="47.703801" lon="10.141130">
        <ele>866.545173</ele>
        <time>2025-07-10T23:16:47.290Z</time>
      </trkpt>
      <trkpt lat="47.703829" lon="10.139836">
        <ele>866.160048</ele>
        <time>2025-07-10T23:17:00.350Z</time>
      </trkpt>
      <trkpt lat="47.703929" lon="10.139313">
        <ele>865.998313</ele>
        <time>2025-07-10T23:17:05.792Z</time>
      </trkpt>
      <trkpt lat="47.704014" lon="10.139062">
        <ele>865.914728</ele>
        <time>2025-07-10T23:17:08.333Z</time>
      </trkpt>
      <trkpt lat="47.704104" lon="10.138905">
        <ele>865.534888</ele>
        <time>2025-07-10T23:17:10.150Z</time>
      </trkpt>
      <trkpt lat="47.704871" lon="10.137569">
        <ele>861.386671</ele>
        <time>2025-07-10T23:17:21.998Z</time>
      </trkpt>
      <trkpt lat="47.705048" lon="10.137383">
        <ele>860.625723</ele>
        <time>2025-07-10T23:17:24.055Z</time>
      </trkpt>
      <trkpt lat="47.705286" lon="10.137248">
        <ele>859.731518</ele>
        <time>2025-07-10T23:17:26.426Z</time>
      </trkpt>
      <trkpt lat="47.705970" lon="10.136731">
        <ele>856.985998</ele>
        <time>2025-07-10T23:17:33.520Z</time>
      </trkpt>
      <trkpt lat="47.706381" lon="10.136378">
        <ele>855.285793</ele>
        <time>2025-07-10T23:17:38.126Z</time>
      </trkpt>
      <trkpt lat="47.706479" lon="10.136235">
        <ele>854.793877</ele>
        <time>2025-07-10T23:17:39.560Z</time>
      </trkpt>
      <trkpt lat="47.706546" lon="10.136034">
        <ele>854.253262</ele>
        <time>2025-07-10T23:17:41.213Z</time>
      </trkpt>
      <trkpt lat="47.706593" lon="10.135837">
        <ele>853.749507</ele>
        <time>2025-07-10T23:17:42.859Z</time>
      </trkpt>
      <trkpt lat="47.706591" lon="10.135666">
        <ele>853.337311</ele>
        <time>2025-07-10T23:17:44.327Z</time>
      </trkpt>
      <trkpt lat="47.706531" lon="10.135207">
        <ele>853.142987</ele>
        <time>2025-07-10T23:17:49.054Z</time>
      </trkpt>
      <trkpt lat="47.706542" lon="10.134379">
        <ele>853.141222</ele>
        <time>2025-07-10T23:17:58.998Z</time>
      </trkpt>
      <trkpt lat="47.706597" lon="10.133794">
        <ele>853.139963</ele>
        <time>2025-07-10T23:18:05.569Z</time>
      </trkpt>
      <trkpt lat="47.706716" lon="10.133221">
        <ele>853.138685</ele>
        <time>2025-07-10T23:18:11.472Z</time>
      </trkpt>
      <trkpt lat="47.706889" lon="10.132652">
        <ele>852.555037</ele>
        <time>2025-07-10T23:18:17.784Z</time>
      </trkpt>
      <trkpt lat="47.707159" lon="10.132044">
        <ele>851.366348</ele>
        <time>2025-07-10T23:18:23.829Z</time>
      </trkpt>
      <trkpt lat="47.707618" lon="10.131171">
        <ele>849.558542</ele>
        <time>2025-07-10T23:18:31.068Z</time>
      </trkpt>
      <trkpt lat="47.707933" lon="10.130652">
        <ele>848.197014</ele>
        <time>2025-07-10T23:18:35.974Z</time>
      </trkpt>
      <trkpt lat="47.708190" lon="10.130242">
        <ele>846.718888</ele>
        <time>2025-07-10T23:18:39.702Z</time>
      </trkpt>
      <trkpt lat="47.708602" lon="10.129578">
        <ele>844.336284</ele>
        <time>2025-07-10T23:18:45.381Z</time>
      </trkpt>
      <trkpt lat="47.709209" lon="10.128558">
        <ele>840.933086</ele>
        <time>2025-07-10T23:18:54.678Z</time>
      </trkpt>
      <trkpt lat="47.710507" lon="10.126024">
        <ele>834.785387</ele>
        <time>2025-07-10T23:19:16.451Z</time>
      </trkpt>
      <trkpt lat="47.710902" lon="10.125317">
        <ele>833.489952</ele>
        <time>2025-07-10T23:19:23.593Z</time>
      </trkpt>
      <trkpt lat="47.711452" lon="10.124351">
        <ele>831.679188</ele>
        <time>2025-07-10T23:19:33.307Z</time>
      </trkpt>
      <trkpt lat="47.711957" lon="10.123660">
        <ele>830.171531</ele>
        <time>2025-07-10T23:19:40.940Z</time>
      </trkpt>
      <trkpt lat="47.712145" lon="10.123331">
        <ele>829.533651</ele>
        <time>2025-07-10T23:19:44.032Z</time>
      </trkpt>
      <trkpt lat="47.712242" lon="10.122915">
        <ele>828.883011</ele>
        <time>2025-07-10T23:19:47.104Z</time>
      </trkpt>
      <trkpt lat="47.712334" lon="10.122650">
        <ele>828.442333</ele>
        <time>2025-07-10T23:19:49.184Z</time>
      </trkpt>
      <trkpt lat="47.712518" lon="10.122401">
        <ele>827.754608</ele>
        <time>2025-07-10T23:19:51.750Z</time>
      </trkpt>
      <trkpt lat="47.713091" lon="10.121747">
        <ele>825.630046</ele>
        <time>2025-07-10T23:19:59.163Z</time>
      </trkpt>
      <trkpt lat="47.714104" lon="10.120684">
        <ele>822.402637</ele>
        <time>2025-07-10T23:20:11.781Z</time>
      </trkpt>
      <trkpt lat="47.714226" lon="10.120588">
        <ele>822.160371</ele>
        <time>2025-07-10T23:20:13.329Z</time>
      </trkpt>
      <trkpt lat="47.714549" lon="10.120466">
        <ele>821.575487</ele>
        <time>2025-07-10T23:20:17.085Z</time>
      </trkpt>
      <trkpt lat="47.714830" lon="10.120364">
        <ele>821.067838</ele>
        <time>2025-07-10T23:20:20.424Z</time>
      </trkpt>
      <trkpt lat="47.714958" lon="10.120311">
        <ele>820.834643</ele>
        <time>2025-07-10T23:20:22.030Z</time>
      </trkpt>
      <trkpt lat="47.715220" lon="10.120084">
        <ele>820.302412</ele>
        <time>2025-07-10T23:20:25.841Z</time>
      </trkpt>
      <trkpt lat="47.715507" lon="10.119791">
        <ele>819.709949</ele>
        <time>2025-07-10T23:20:30.330Z</time>
      </trkpt>
      <trkpt lat="47.715578" lon="10.119670">
        <ele>819.540505</ele>
        <time>2025-07-10T23:20:31.614Z</time>
      </trkpt>
      <trkpt lat="47.715593" lon="10.119582">
        <ele>819.444697</ele>
        <time>2025-07-10T23:20:32.346Z</time>
      </trkpt>
      <trkpt lat="47.715615" lon="10.119371">
        <ele>819.219354</ele>
        <time>2025-07-10T23:20:34.034Z</time>
      </trkpt>
      <trkpt lat="47.715656" lon="10.118967">
        <ele>818.788156</ele>
        <time>2025-07-10T23:20:37.144Z</time>
      </trkpt>
      <trkpt lat="47.715669" lon="10.118840">
        <ele>818.652581</ele>
        <time>2025-07-10T23:20:38.086Z</time>
      </trkpt>
      <trkpt lat="47.715687" lon="10.118706">
        <ele>818.508369</ele>
        <time>2025-07-10T23:20:39.105Z</time>
      </trkpt>
      <trkpt lat="47.715724" lon="10.118595">
        <ele>818.377632</ele>
        <time>2025-07-10T23:20:39.999Z</time>
      </trkpt>
      <trkpt lat="47.715751" lon="10.118527">
        <ele>818.294301</ele>
        <time>2025-07-10T23:20:40.593Z</time>
      </trkpt>
      <trkpt lat="47.715759" lon="10.118511">
        <ele>818.273263</ele>
        <time>2025-07-10T23:20:40.751Z</time>
      </trkpt>
      <trkpt lat="47.715971" lon="10.118307">
        <ele>817.877107</ele>
        <time>2025-07-10T23:20:43.572Z</time>
      </trkpt>
      <trkpt lat="47.716136" lon="10.118192">
        <ele>817.591242</ele>
        <time>2025-07-10T23:20:45.719Z</time>
      </trkpt>
      <trkpt lat="47.716378" lon="10.117955">
        <ele>817.136642</ele>
        <time>2025-07-10T23:20:48.973Z</time>
      </trkpt>
      <trkpt lat="47.716456" lon="10.117856">
        <ele>817.026378</ele>
        <time>2025-07-10T23:20:50.071Z</time>
      </trkpt>
      <trkpt lat="47.716656" lon="10.117525">
        <ele>816.899682</ele>
        <time>2025-07-10T23:20:53.250Z</time>
      </trkpt>
      <trkpt lat="47.716853" lon="10.117158">
        <ele>816.765979</ele>
        <time>2025-07-10T23:20:56.915Z</time>
      </trkpt>
      <trkpt lat="47.716940" lon="10.116997">
        <ele>816.707173</ele>
        <time>2025-07-10T23:20:58.847Z</time>
      </trkpt>
      <trkpt lat="47.717162" lon="10.116696">
        <ele>816.579982</ele>
        <time>2025-07-10T23:21:03.760Z</time>
      </trkpt>
      <trkpt lat="47.717314" lon="10.116561">
        <ele>816.505033</ele>
        <time>2025-07-10T23:21:07.199Z</time>
      </trkpt>
      <trkpt lat="47.717427" lon="10.116488">
        <ele>816.452880</ele>
        <time>2025-07-10T23:21:09.617Z</time>
      </trkpt>
      <trkpt lat="47.717796" lon="10.116272">
        <ele>816.285015</ele>
        <time>2025-07-10T23:21:16.803Z</time>
      </trkpt>
      <trkpt lat="47.718193" lon="10.115948">
        <ele>815.257792</ele>
        <time>2025-07-10T23:21:23.177Z</time>
      </trkpt>
      <trkpt lat="47.718323" lon="10.115823">
        <ele>814.904752</ele>
        <time>2025-07-10T23:21:25.242Z</time>
      </trkpt>
      <trkpt lat="47.718770" lon="10.115462">
        <ele>813.744780</ele>
        <time>2025-07-10T23:21:30.908Z</time>
      </trkpt>
      <trkpt lat="47.719244" lon="10.115255">
        <ele>812.618293</ele>
        <time>2025-07-10T23:21:35.691Z</time>
      </trkpt>
      <trkpt lat="47.719752" lon="10.115185">
        <ele>811.043682</ele>
        <time>2025-07-10T23:21:40.429Z</time>
      </trkpt>
      <trkpt lat="47.720074" lon="10.115195">
        <ele>809.894126</ele>
        <time>2025-07-10T23:21:43.442Z</time>
      </trkpt>
      <trkpt lat="47.720388" lon="10.115258">
        <ele>808.763211</ele>
        <time>2025-07-10T23:21:46.499Z</time>
      </trkpt>
      <trkpt lat="47.721211" lon="10.115552">
        <ele>805.756253</ele>
        <time>2025-07-10T23:21:55.448Z</time>
      </trkpt>
      <trkpt lat="47.721844" lon="10.115703">
        <ele>805.042291</ele>
        <time>2025-07-10T23:22:03.408Z</time>
      </trkpt>
      <trkpt lat="47.722252" lon="10.115684">
        <ele>804.587698</ele>
        <time>2025-07-10T23:22:08.495Z</time>
      </trkpt>
      <trkpt lat="47.722418" lon="10.115643">
        <ele>804.400298</ele>
        <time>2025-07-10T23:22:10.571Z</time>
      </trkpt>
      <trkpt lat="47.722722" lon="10.115492">
        <ele>804.043347</ele>
        <time>2025-07-10T23:22:14.486Z</time>
      </trkpt>
      <trkpt lat="47.723015" lon="10.115303">
        <ele>803.696492</ele>
        <time>2025-07-10T23:22:18.372Z</time>
      </trkpt>
      <trkpt lat="47.723279" lon="10.115133">
        <ele>803.415447</ele>
        <time>2025-07-10T23:22:21.944Z</time>
      </trkpt>
      <trkpt lat="47.723493" lon="10.115035">
        <ele>803.196708</ele>
        <time>2025-07-10T23:22:24.758Z</time>
      </trkpt>
      <trkpt lat="47.723983" lon="10.114907">
        <ele>802.710719</ele>
        <time>2025-07-10T23:22:31.006Z</time>
      </trkpt>
      <trkpt lat="47.724400" lon="10.114903">
        <ele>802.303365</ele>
        <time>2025-07-10T23:22:36.156Z</time>
      </trkpt>
      <trkpt lat="47.724744" lon="10.114967">
        <ele>801.930321</ele>
        <time>2025-07-10T23:22:40.383Z</time>
      </trkpt>
      <trkpt lat="47.725228" lon="10.115135">
        <ele>801.004516</ele>
        <time>2025-07-10T23:22:46.226Z</time>
      </trkpt>
      <trkpt lat="47.726717" lon="10.115948">
        <ele>797.910908</ele>
        <time>2025-07-10T23:23:03.426Z</time>
      </trkpt>
      <trkpt lat="47.727346" lon="10.116229">
        <ele>796.405527</ele>
        <time>2025-07-10T23:23:10.296Z</time>
      </trkpt>
      <trkpt lat="47.728616" lon="10.116548">
        <ele>794.069013</ele>
        <time>2025-07-10T23:23:24.180Z</time>
      </trkpt>
      <trkpt lat="47.729551" lon="10.116651">
        <ele>793.149219</ele>
        <time>2025-07-10T23:23:35.954Z</time>
      </trkpt>
      <trkpt lat="47.730505" lon="10.116684">
        <ele>792.932051</ele>
        <time>2025-07-10T23:23:50.863Z</time>
      </trkpt>
      <trkpt lat="47.730971" lon="10.116654">
        <ele>793.070383</ele>
        <time>2025-07-10T23:23:58.377Z</time>
      </trkpt>
      <trkpt lat="47.731634" lon="10.116573">
        <ele>793.267671</ele>
        <time>2025-07-10T23:24:09.615Z</time>
      </trkpt>
      <trkpt lat="47.732236" lon="10.116436">
        <ele>793.129218</ele>
        <time>2025-07-10T23:24:19.631Z</time>
      </trkpt>
      <trkpt lat="47.732673" lon="10.116279">
        <ele>792.978390</ele>
        <time>2025-07-10T23:24:26.135Z</time>
      </trkpt>
      <trkpt lat="47.733168" lon="10.116035">
        <ele>792.803435</ele>
        <time>2025-07-10T23:24:32.946Z</time>
      </trkpt>
      <trkpt lat="47.733556" lon="10.115801">
        <ele>792.523640</ele>
        <time>2025-07-10T23:24:38.058Z</time>
      </trkpt>
      <trkpt lat="47.735257" lon="10.114577">
        <ele>788.880998</ele>
        <time>2025-07-10T23:24:59.143Z</time>
      </trkpt>
      <trkpt lat="47.735757" lon="10.114292">
        <ele>787.166587</ele>
        <time>2025-07-10T23:25:04.589Z</time>
      </trkpt>
      <trkpt lat="47.736196" lon="10.114106">
        <ele>785.705125</ele>
        <time>2025-07-10T23:25:09.100Z</time>
      </trkpt>
      <trkpt lat="47.737145" lon="10.113737">
        <ele>782.868497</ele>
        <time>2025-07-10T23:25:18.737Z</time>
      </trkpt>
      <trkpt lat="47.738292" lon="10.113181">
        <ele>780.020824</ele>
        <time>2025-07-10T23:25:31.684Z</time>
      </trkpt>
      <trkpt lat="47.738803" lon="10.113002">
        <ele>779.377213</ele>
        <time>2025-07-10T23:25:38.252Z</time>
      </trkpt>
      <trkpt lat="47.739232" lon="10.112885">
        <ele>779.231219</ele>
        <time>2025-07-10T23:25:44.316Z</time>
      </trkpt>
      <trkpt lat="47.740043" lon="10.112730">
        <ele>778.957522</ele>
        <time>2025-07-10T23:25:57.455Z</time>
      </trkpt>
      <trkpt lat="47.741156" lon="10.112572">
        <ele>777.406488</ele>
        <time>2025-07-10T23:26:12.101Z</time>
      </trkpt>
      <trkpt lat="47.741637" lon="10.112634">
        <ele>776.589762</ele>
        <time>2025-07-10T23:26:17.265Z</time>
      </trkpt>
      <trkpt lat="47.742039" lon="10.112764">
        <ele>775.893833</ele>
        <time>2025-07-10T23:26:21.445Z</time>
      </trkpt>
      <trkpt lat="47.742236" lon="10.112860">
        <ele>775.297822</ele>
        <time>2025-07-10T23:26:23.501Z</time>
      </trkpt>
      <trkpt lat="47.743494" lon="10.113720">
        <ele>770.959106</ele>
        <time>2025-07-10T23:26:37.396Z</time>
      </trkpt>
      <trkpt lat="47.744083" lon="10.114013">
        <ele>769.436549</ele>
        <time>2025-07-10T23:26:44.043Z</time>
      </trkpt>
      <trkpt lat="47.744533" lon="10.114193">
        <ele>768.499817</ele>
        <time>2025-07-10T23:26:49.104Z</time>
      </trkpt>
      <trkpt lat="47.745589" lon="10.114546">
        <ele>766.577422</ele>
        <time>2025-07-10T23:27:01.087Z</time>
      </trkpt>
      <trkpt lat="47.746515" lon="10.114717">
        <ele>766.565515</ele>
        <time>2025-07-10T23:27:13.472Z</time>
      </trkpt>
      <trkpt lat="47.747278" lon="10.114737">
        <ele>766.567348</ele>
        <time>2025-07-10T23:27:28.400Z</time>
      </trkpt>
      <trkpt lat="47.747911" lon="10.114644">
        <ele>766.860740</ele>
        <time>2025-07-10T23:27:41.626Z</time>
      </trkpt>
      <trkpt lat="47.748028" lon="10.114653">
        <ele>766.914779</ele>
        <time>2025-07-10T23:27:43.846Z</time>
      </trkpt>
      <trkpt lat="47.748053" lon="10.114501">
        <ele>766.963310</ele>
        <time>2025-07-10T23:27:45.846Z</time>
      </trkpt>
      <trkpt lat="47.748109" lon="10.114366">
        <ele>767.012505</ele>
        <time>2025-07-10T23:27:47.778Z</time>
      </trkpt>
      <trkpt lat="47.748858" lon="10.113597">
        <ele>767.285973</ele>
        <time>2025-07-10T23:28:00.513Z</time>
      </trkpt>
      <trkpt lat="47.748993" lon="10.113504">
        <ele>767.139082</ele>
        <time>2025-07-10T23:28:02.278Z</time>
      </trkpt>
      <trkpt lat="47.749231" lon="10.113400">
        <ele>766.894170</ele>
        <time>2025-07-10T23:28:05.119Z</time>
      </trkpt>
      <trkpt lat="47.749642" lon="10.113307">
        <ele>766.483716</ele>
        <time>2025-07-10T23:28:09.810Z</time>
      </trkpt>
      <trkpt lat="47.749956" lon="10.113146">
        <ele>766.155794</ele>
        <time>2025-07-10T23:28:13.624Z</time>
      </trkpt>
      <trkpt lat="47.750158" lon="10.112937">
        <ele>765.912845</ele>
        <time>2025-07-10T23:28:16.550Z</time>
      </trkpt>
      <trkpt lat="47.750522" lon="10.112433">
        <ele>765.726317</ele>
        <time>2025-07-10T23:28:23.027Z</time>
      </trkpt>
      <trkpt lat="47.750685" lon="10.112214">
        <ele>765.860579</ele>
        <time>2025-07-10T23:28:26.457Z</time>
      </trkpt>
      <trkpt lat="47.751391" lon="10.110382">
        <ele>766.598879</ele>
        <time>2025-07-10T23:28:56.913Z</time>
      </trkpt>
      <trkpt lat="47.751893" lon="10.109597">
        <ele>764.023944</ele>
        <time>2025-07-10T23:29:04.720Z</time>
      </trkpt>
      <trkpt lat="47.752231" lon="10.109351">
        <ele>762.693714</ele>
        <time>2025-07-10T23:29:08.326Z</time>
      </trkpt>
      <trkpt lat="47.752588" lon="10.109249">
        <ele>761.408627</ele>
        <time>2025-07-10T23:29:11.711Z</time>
      </trkpt>
      <trkpt lat="47.752807" lon="10.109322">
        <ele>760.615247</ele>
        <time>2025-07-10T23:29:13.752Z</time>
      </trkpt>
      <trkpt lat="47.752895" lon="10.109389">
        <ele>760.255251</ele>
        <time>2025-07-10T23:29:14.643Z</time>
      </trkpt>
      <trkpt lat="47.752999" lon="10.109510">
        <ele>759.730837</ele>
        <time>2025-07-10T23:29:15.823Z</time>
      </trkpt>
      <trkpt lat="47.753104" lon="10.109716">
        <ele>759.040551</ele>
        <time>2025-07-10T23:29:17.394Z</time>
      </trkpt>
      <trkpt lat="47.753561" lon="10.110875">
        <ele>755.452738</ele>
        <time>2025-07-10T23:29:26.207Z</time>
      </trkpt>
      <trkpt lat="47.753771" lon="10.111349">
        <ele>753.936946</ele>
        <time>2025-07-10T23:29:30.282Z</time>
      </trkpt>
      <trkpt lat="47.753874" lon="10.111504">
        <ele>753.355009</ele>
        <time>2025-07-10T23:29:31.860Z</time>
      </trkpt>
      <trkpt lat="47.754016" lon="10.111600">
        <ele>753.018406</ele>
        <time>2025-07-10T23:29:33.557Z</time>
      </trkpt>
      <trkpt lat="47.754203" lon="10.111615">
        <ele>752.720583</ele>
        <time>2025-07-10T23:29:35.603Z</time>
      </trkpt>
      <trkpt lat="47.754444" lon="10.111560">
        <ele>752.332828</ele>
        <time>2025-07-10T23:29:38.292Z</time>
      </trkpt>
      <trkpt lat="47.754602" lon="10.111461">
        <ele>752.060171</ele>
        <time>2025-07-10T23:29:40.195Z</time>
      </trkpt>
      <trkpt lat="47.754757" lon="10.111281">
        <ele>751.747439</ele>
        <time>2025-07-10T23:29:42.401Z</time>
      </trkpt>
      <trkpt lat="47.755000" lon="10.110832">
        <ele>751.131156</ele>
        <time>2025-07-10T23:29:46.889Z</time>
      </trkpt>
      <trkpt lat="47.755072" lon="10.110759">
        <ele>750.992581</ele>
        <time>2025-07-10T23:29:47.956Z</time>
      </trkpt>
      <trkpt lat="47.755144" lon="10.110750">
        <ele>750.877673</ele>
        <time>2025-07-10T23:29:48.862Z</time>
      </trkpt>
      <trkpt lat="47.755290" lon="10.110813">
        <ele>750.635912</ele>
        <time>2025-07-10T23:29:50.765Z</time>
      </trkpt>
      <trkpt lat="47.755776" lon="10.111392">
        <ele>750.136300</ele>
        <time>2025-07-10T23:29:58.533Z</time>
      </trkpt>
      <trkpt lat="47.755908" lon="10.111443">
        <ele>750.071162</ele>
        <time>2025-07-10T23:30:00.982Z</time>
      </trkpt>
      <trkpt lat="47.755994" lon="10.111467">
        <ele>750.029371</ele>
        <time>2025-07-10T23:30:02.550Z</time>
      </trkpt>
      <trkpt lat="47.756067" lon="10.111297">
        <ele>749.964600</ele>
        <time>2025-07-10T23:30:05.020Z</time>
      </trkpt>
      <trkpt lat="47.756196" lon="10.111117">
        <ele>749.880122</ele>
        <time>2025-07-10T23:30:08.305Z</time>
      </trkpt>
      <trkpt lat="47.756402" lon="10.110928">
        <ele>749.764523</ele>
        <time>2025-07-10T23:30:12.888Z</time>
      </trkpt>
      <trkpt lat="47.756596" lon="10.110817">
        <ele>749.665247</ele>
        <time>2025-07-10T23:30:16.920Z</time>
      </trkpt>
      <trkpt lat="47.757263" lon="10.110668">
        <ele>749.433334</ele>
        <time>2025-07-10T23:30:30.418Z</time>
      </trkpt>
      <trkpt lat="47.757670" lon="10.110444">
        <ele>749.355277</ele>
        <time>2025-07-10T23:30:39.602Z</time>
      </trkpt>
      <trkpt lat="47.757747" lon="10.110387">
        <ele>749.339807</ele>
        <time>2025-07-10T23:30:41.460Z</time>
      </trkpt>
      <trkpt lat="47.757913" lon="10.110167">
        <ele>749.299818</ele>
        <time>2025-07-10T23:30:46.082Z</time>
      </trkpt>
      <trkpt lat="47.757967" lon="10.110076">
        <ele>749.285140</ele>
        <time>2025-07-10T23:30:47.741Z</time>
      </trkpt>
      <trkpt lat="47.758032" lon="10.109852">
        <ele>749.255639</ele>
        <time>2025-07-10T23:30:50.976Z</time>
      </trkpt>
      <trkpt lat="47.758162" lon="10.109596">
        <ele>749.216845</ele>
        <time>2025-07-10T23:30:55.093Z</time>
      </trkpt>
      <trkpt lat="47.758347" lon="10.109391">
        <ele>749.175352</ele>
        <time>2025-07-10T23:30:59.329Z</time>
      </trkpt>
      <trkpt lat="47.758991" lon="10.109004">
        <ele>748.359537</ele>
        <time>2025-07-10T23:31:11.260Z</time>
      </trkpt>
      <trkpt lat="47.759313" lon="10.108695">
        <ele>747.872547</ele>
        <time>2025-07-10T23:31:17.485Z</time>
      </trkpt>
      <trkpt lat="47.759454" lon="10.108510">
        <ele>747.633607</ele>
        <time>2025-07-10T23:31:20.495Z</time>
      </trkpt>
      <trkpt lat="47.760205" lon="10.107300">
        <ele>746.446654</ele>
        <time>2025-07-10T23:31:38.919Z</time>
      </trkpt>
      <trkpt lat="47.760559" lon="10.106843">
        <ele>746.052048</ele>
        <time>2025-07-10T23:31:47.314Z</time>
      </trkpt>
      <trkpt lat="47.761026" lon="10.106361">
        <ele>745.573523</ele>
        <time>2025-07-10T23:31:57.772Z</time>
      </trkpt>
      <trkpt lat="47.761317" lon="10.105997">
        <ele>745.284329</ele>
        <time>2025-07-10T23:32:04.851Z</time>
      </trkpt>
      <trkpt lat="47.761967" lon="10.104727">
        <ele>744.632952</ele>
        <time>2025-07-10T23:32:24.700Z</time>
      </trkpt>
      <trkpt lat="47.762228" lon="10.104159">
        <ele>744.352187</ele>
        <time>2025-07-10T23:32:33.068Z</time>
      </trkpt>
      <trkpt lat="47.762510" lon="10.103584">
        <ele>743.964751</ele>
        <time>2025-07-10T23:32:41.601Z</time>
      </trkpt>
      <trkpt lat="47.762687" lon="10.103161">
        <ele>743.667779</ele>
        <time>2025-07-10T23:32:47.555Z</time>
      </trkpt>
      <trkpt lat="47.763028" lon="10.102047">
        <ele>742.938219</ele>
        <time>2025-07-10T23:33:01.910Z</time>
      </trkpt>
      <trkpt lat="47.763075" lon="10.102080">
        <ele>742.892137</ele>
        <time>2025-07-10T23:33:02.826Z</time>
      </trkpt>
      <trkpt lat="47.763106" lon="10.101938">
        <ele>742.803152</ele>
        <time>2025-07-10T23:33:04.033Z</time>
      </trkpt>
      <trkpt lat="47.763196" lon="10.101537">
        <ele>742.684208</ele>
        <time>2025-07-10T23:33:07.477Z</time>
      </trkpt>
      <trkpt lat="47.763332" lon="10.100929">
        <ele>742.704432</ele>
        <time>2025-07-10T23:33:12.750Z</time>
      </trkpt>
      <trkpt lat="47.763362" lon="10.100797">
        <ele>742.708830</ele>
        <time>2025-07-10T23:33:13.918Z</time>
      </trkpt>
      <trkpt lat="47.763393" lon="10.100655">
        <ele>742.713542</ele>
        <time>2025-07-10T23:33:15.189Z</time>
      </trkpt>
      <trkpt lat="47.763425" lon="10.100513">
        <ele>742.718269</ele>
        <time>2025-07-10T23:33:16.500Z</time>
      </trkpt>
      <trkpt lat="47.763655" lon="10.099474">
        <ele>742.752794</ele>
        <time>2025-07-10T23:33:28.394Z</time>
      </trkpt>
      <trkpt lat="47.763807" lon="10.099542">
        <ele>742.760247</ele>
        <time>2025-07-10T23:33:32.061Z</time>
      </trkpt>
      <trkpt lat="47.763920" lon="10.099635">
        <ele>743.135849</ele>
        <time>2025-07-10T23:33:34.907Z</time>
      </trkpt>
      <trkpt lat="47.763966" lon="10.099694">
        <ele>743.381512</ele>
        <time>2025-07-10T23:33:36.291Z</time>
      </trkpt>
      <trkpt lat="47.764123" lon="10.100060">
        <ele>744.561969</ele>
        <time>2025-07-10T23:33:42.808Z</time>
      </trkpt>
      <trkpt lat="47.764276" lon="10.100282">
        <ele>745.426426</ele>
        <time>2025-07-10T23:33:47.992Z</time>
      </trkpt>
      <trkpt lat="47.764429" lon="10.100439">
        <ele>746.178212</ele>
        <time>2025-07-10T23:33:53.039Z</time>
      </trkpt>
      <trkpt lat="47.764517" lon="10.100468">
        <ele>746.542780</ele>
        <time>2025-07-10T23:33:55.895Z</time>
      </trkpt>
      <trkpt lat="47.764640" lon="10.100437">
        <ele>747.047377</ele>
        <time>2025-07-10T23:34:00.188Z</time>
      </trkpt>
      <trkpt lat="47.764759" lon="10.100338">
        <ele>747.598852</ele>
        <time>2025-07-10T23:34:05.271Z</time>
      </trkpt>
      <trkpt lat="47.764951" lon="10.100103">
        <ele>748.604496</ele>
        <time>2025-07-10T23:34:15.392Z</time>
      </trkpt>
      <trkpt lat="47.765180" lon="10.099760">
        <ele>749.918872</ele>
        <time>2025-07-10T23:34:29.404Z</time>
      </trkpt>
      <trkpt lat="47.765271" lon="10.099675">
        <ele>750.300516</ele>
        <time>2025-07-10T23:34:33.928Z</time>
      </trkpt>
      <trkpt lat="47.765389" lon="10.099668">
        <ele>750.698221</ele>
        <time>2025-07-10T23:34:38.553Z</time>
      </trkpt>
      <trkpt lat="47.765543" lon="10.099732">
        <ele>751.236702</ele>
        <time>2025-07-10T23:34:44.291Z</time>
      </trkpt>
      <trkpt lat="47.765850" lon="10.099876">
        <ele>752.320754</ele>
        <time>2025-07-10T23:34:55.517Z</time>
      </trkpt>
      <trkpt lat="47.766151" lon="10.099882">
        <ele>753.334524</ele>
        <time>2025-07-10T23:35:05.729Z</time>
      </trkpt>
      <trkpt lat="47.767397" lon="10.099632">
        <ele>755.764448</ele>
        <time>2025-07-10T23:35:29.577Z</time>
      </trkpt>
      <trkpt lat="47.769750" lon="10.098737">
        <ele>753.173608</ele>
        <time>2025-07-10T23:35:57.690Z</time>
      </trkpt>
      <trkpt lat="47.770116" lon="10.098466">
        <ele>752.574352</ele>
        <time>2025-07-10T23:36:02.522Z</time>
      </trkpt>
      <trkpt lat="47.770130" lon="10.098455">
        <ele>752.551144</ele>
        <time>2025-07-10T23:36:02.710Z</time>
      </trkpt>
      <trkpt lat="47.772696" lon="10.096474">
        <ele>747.584995</ele>
        <time>2025-07-10T23:36:35.177Z</time>
      </trkpt>
      <trkpt lat="47.772939" lon="10.096311">
        <ele>747.109795</ele>
        <time>2025-07-10T23:36:38.097Z</time>
      </trkpt>
      <trkpt lat="47.774689" lon="10.095639">
        <ele>744.635048</ele>
        <time>2025-07-10T23:36:58.352Z</time>
      </trkpt>
      <trkpt lat="47.775314" lon="10.095432">
        <ele>743.944429</ele>
        <time>2025-07-10T23:37:06.897Z</time>
      </trkpt>
      <trkpt lat="47.776444" lon="10.095357">
        <ele>743.885151</ele>
        <time>2025-07-10T23:37:26.011Z</time>
      </trkpt>
      <trkpt lat="47.776867" lon="10.095339">
        <ele>743.903746</ele>
        <time>2025-07-10T23:37:32.857Z</time>
      </trkpt>
      <trkpt lat="47.777045" lon="10.095320">
        <ele>743.911587</ele>
        <time>2025-07-10T23:37:35.372Z</time>
      </trkpt>
      <trkpt lat="47.777568" lon="10.095153">
        <ele>743.183321</ele>
        <time>2025-07-10T23:37:42.018Z</time>
      </trkpt>
      <trkpt lat="47.777783" lon="10.094949">
        <ele>742.679131</ele>
        <time>2025-07-10T23:37:44.909Z</time>
      </trkpt>
      <trkpt lat="47.778027" lon="10.094610">
        <ele>742.019073</ele>
        <time>2025-07-10T23:37:48.517Z</time>
      </trkpt>
      <trkpt lat="47.778175" lon="10.094349">
        <ele>741.565295</ele>
        <time>2025-07-10T23:37:50.922Z</time>
      </trkpt>
      <trkpt lat="47.778475" lon="10.093811">
        <ele>740.636362</ele>
        <time>2025-07-10T23:37:55.790Z</time>
      </trkpt>
      <trkpt lat="47.778583" lon="10.093681">
        <ele>740.361593</ele>
        <time>2025-07-10T23:37:57.217Z</time>
      </trkpt>
      <trkpt lat="47.778980" lon="10.093179">
        <ele>739.148003</ele>
        <time>2025-07-10T23:38:02.629Z</time>
      </trkpt>
      <trkpt lat="47.780205" lon="10.091408">
        <ele>735.520173</ele>
        <time>2025-07-10T23:38:21.137Z</time>
      </trkpt>
      <trkpt lat="47.780762" lon="10.090717">
        <ele>734.421646</ele>
        <time>2025-07-10T23:38:29.461Z</time>
      </trkpt>
      <trkpt lat="47.781209" lon="10.090088">
        <ele>733.489711</ele>
        <time>2025-07-10T23:38:36.794Z</time>
      </trkpt>
      <trkpt lat="47.781955" lon="10.088895">
        <ele>732.832837</ele>
        <time>2025-07-10T23:38:51.107Z</time>
      </trkpt>
      <trkpt lat="47.782015" lon="10.088817">
        <ele>732.786945</ele>
        <time>2025-07-10T23:38:52.217Z</time>
      </trkpt>
      <trkpt lat="47.782043" lon="10.088794">
        <ele>732.768522</ele>
        <time>2025-07-10T23:38:52.664Z</time>
      </trkpt>
      <trkpt lat="47.782085" lon="10.088760">
        <ele>732.740981</ele>
        <time>2025-07-10T23:38:53.285Z</time>
      </trkpt>
      <trkpt lat="47.782323" lon="10.088591">
        <ele>732.589077</ele>
        <time>2025-07-10T23:38:56.878Z</time>
      </trkpt>
      <trkpt lat="47.782670" lon="10.088501">
        <ele>732.379181</ele>
        <time>2025-07-10T23:39:01.519Z</time>
      </trkpt>
      <trkpt lat="47.782760" lon="10.088491">
        <ele>732.312848</ele>
        <time>2025-07-10T23:39:02.719Z</time>
      </trkpt>
      <trkpt lat="47.783115" lon="10.088450">
        <ele>732.051144</ele>
        <time>2025-07-10T23:39:07.445Z</time>
      </trkpt>
      <trkpt lat="47.783314" lon="10.088404">
        <ele>731.903128</ele>
        <time>2025-07-10T23:39:10.108Z</time>
      </trkpt>
      <trkpt lat="47.783458" lon="10.088378">
        <ele>731.796514</ele>
        <time>2025-07-10T23:39:11.983Z</time>
      </trkpt>
      <trkpt lat="47.783542" lon="10.088355">
        <ele>731.733739</ele>
        <time>2025-07-10T23:39:13.081Z</time>
      </trkpt>
      <trkpt lat="47.783698" lon="10.088302">
        <ele>731.616132</ele>
        <time>2025-07-10T23:39:15.108Z</time>
      </trkpt>
      <trkpt lat="47.783837" lon="10.088190">
        <ele>731.499956</ele>
        <time>2025-07-10T23:39:17.098Z</time>
      </trkpt>
      <trkpt lat="47.783989" lon="10.087917">
        <ele>731.324862</ele>
        <time>2025-07-10T23:39:20.030Z</time>
      </trkpt>
      <trkpt lat="47.784098" lon="10.087745">
        <ele>731.208099</ele>
        <time>2025-07-10T23:39:21.961Z</time>
      </trkpt>
      <trkpt lat="47.784264" lon="10.087537">
        <ele>731.015499</ele>
        <time>2025-07-10T23:39:24.603Z</time>
      </trkpt>
      <trkpt lat="47.784347" lon="10.087502">
        <ele>730.900843</ele>
        <time>2025-07-10T23:39:25.652Z</time>
      </trkpt>
      <trkpt lat="47.784447" lon="10.087507">
        <ele>730.767861</ele>
        <time>2025-07-10T23:39:26.890Z</time>
      </trkpt>
      <trkpt lat="47.784528" lon="10.087582">
        <ele>730.641071</ele>
        <time>2025-07-10T23:39:28.041Z</time>
      </trkpt>
      <trkpt lat="47.784673" lon="10.087906">
        <ele>730.293425</ele>
        <time>2025-07-10T23:39:31.285Z</time>
      </trkpt>
      <trkpt lat="47.785024" lon="10.089068">
        <ele>729.155689</ele>
        <time>2025-07-10T23:39:41.220Z</time>
      </trkpt>
      <trkpt lat="47.785116" lon="10.089340">
        <ele>728.883747</ele>
        <time>2025-07-10T23:39:43.506Z</time>
      </trkpt>
      <trkpt lat="47.785226" lon="10.089559">
        <ele>728.648757</ele>
        <time>2025-07-10T23:39:45.578Z</time>
      </trkpt>
      <trkpt lat="47.785519" lon="10.089969">
        <ele>728.196818</ele>
        <time>2025-07-10T23:39:50.154Z</time>
      </trkpt>
      <trkpt lat="47.785878" lon="10.090478">
        <ele>727.639630</ele>
        <time>2025-07-10T23:39:55.861Z</time>
      </trkpt>
      <trkpt lat="47.786020" lon="10.090691">
        <ele>727.413072</ele>
        <time>2025-07-10T23:39:58.213Z</time>
      </trkpt>
      <trkpt lat="47.785985" lon="10.090753">
        <ele>727.351929</ele>
        <time>2025-07-10T23:39:59.123Z</time>
      </trkpt>
      <trkpt lat="47.789736" lon="10.096030">
        <ele>726.089095</ele>
        <time>2025-07-10T23:41:08.946Z</time>
      </trkpt>
      <trkpt lat="47.790125" lon="10.096546">
        <ele>726.573676</ele>
        <time>2025-07-10T23:41:21.266Z</time>
      </trkpt>
      <trkpt lat="47.790353" lon="10.096813">
        <ele>726.843473</ele>
        <time>2025-07-10T23:41:28.842Z</time>
      </trkpt>
      <trkpt lat="47.790795" lon="10.097229">
        <ele>727.301763</ele>
        <time>2025-07-10T23:41:42.379Z</time>
      </trkpt>
      <trkpt lat="47.791373" lon="10.097633">
        <ele>727.859775</ele>
        <time>2025-07-10T23:41:55.185Z</time>
      </trkpt>
      <trkpt lat="47.791451" lon="10.097548">
        <ele>727.944251</ele>
        <time>2025-07-10T23:41:57.182Z</time>
      </trkpt>
      <trkpt lat="47.791639" lon="10.097655">
        <ele>728.120138</ele>
        <time>2025-07-10T23:42:00.090Z</time>
      </trkpt>
      <trkpt lat="47.791873" lon="10.097762">
        <ele>728.334054</ele>
        <time>2025-07-10T23:42:03.176Z</time>
      </trkpt>
      <trkpt lat="47.792254" lon="10.097937">
        <ele>728.031181</ele>
        <time>2025-07-10T23:42:07.799Z</time>
      </trkpt>
      <trkpt lat="47.792340" lon="10.097938">
        <ele>727.907089</ele>
        <time>2025-07-10T23:42:08.734Z</time>
      </trkpt>
      <trkpt lat="47.792709" lon="10.097746">
        <ele>727.343073</ele>
        <time>2025-07-10T23:42:12.900Z</time>
      </trkpt>
      <trkpt lat="47.793043" lon="10.097651">
        <ele>726.852430</ele>
        <time>2025-07-10T23:42:16.605Z</time>
      </trkpt>
      <trkpt lat="47.793392" lon="10.097596">
        <ele>726.346050</ele>
        <time>2025-07-10T23:42:20.526Z</time>
      </trkpt>
      <trkpt lat="47.793743" lon="10.097493">
        <ele>725.849035</ele>
        <time>2025-07-10T23:42:24.828Z</time>
      </trkpt>
      <trkpt lat="47.793809" lon="10.097470">
        <ele>725.911102</ele>
        <time>2025-07-10T23:42:25.719Z</time>
      </trkpt>
      <trkpt lat="47.793918" lon="10.097452">
        <ele>726.011521</ele>
        <time>2025-07-10T23:42:27.226Z</time>
      </trkpt>
      <trkpt lat="47.793977" lon="10.097448">
        <ele>726.065600</ele>
        <time>2025-07-10T23:42:28.067Z</time>
      </trkpt>
      <trkpt lat="47.794066" lon="10.097453">
        <ele>726.147152</ele>
        <time>2025-07-10T23:42:29.413Z</time>
      </trkpt>
      <trkpt lat="47.794432" lon="10.097618">
        <ele>726.497313</ele>
        <time>2025-07-10T23:42:36.320Z</time>
      </trkpt>
      <trkpt lat="47.794571" lon="10.097741">
        <ele>726.645380</ele>
        <time>2025-07-10T23:42:39.862Z</time>
      </trkpt>
      <trkpt lat="47.794636" lon="10.097848">
        <ele>726.734118</ele>
        <time>2025-07-10T23:42:42.091Z</time>
      </trkpt>
      <trkpt lat="47.794929" lon="10.098327">
        <ele>727.132607</ele>
        <time>2025-07-10T23:42:52.321Z</time>
      </trkpt>
      <trkpt lat="47.795223" lon="10.099021">
        <ele>727.306038</ele>
        <time>2025-07-10T23:43:04.001Z</time>
      </trkpt>
      <trkpt lat="47.795208" lon="10.099074">
        <ele>727.262645</ele>
        <time>2025-07-10T23:43:04.968Z</time>
      </trkpt>
      <trkpt lat="47.795281" lon="10.099308">
        <ele>727.067982</ele>
        <time>2025-07-10T23:43:08.925Z</time>
      </trkpt>
      <trkpt lat="47.795302" lon="10.099462">
        <ele>726.949418</ele>
        <time>2025-07-10T23:43:11.121Z</time>
      </trkpt>
      <trkpt lat="47.795282" lon="10.099653">
        <ele>726.803567</ele>
        <time>2025-07-10T23:43:13.623Z</time>
      </trkpt>
      <trkpt lat="47.795306" lon="10.099739">
        <ele>726.733303</ele>
        <time>2025-07-10T23:43:14.765Z</time>
      </trkpt>
      <trkpt lat="47.795338" lon="10.099854">
        <ele>726.639386</ele>
        <time>2025-07-10T23:43:16.235Z</time>
      </trkpt>
      <trkpt lat="47.795510" lon="10.099952">
        <ele>726.432538</ele>
        <time>2025-07-10T23:43:19.304Z</time>
      </trkpt>
      <trkpt lat="47.795636" lon="10.100093">
        <ele>726.255495</ele>
        <time>2025-07-10T23:43:21.791Z</time>
      </trkpt>
      <trkpt lat="47.795805" lon="10.100398">
        <ele>725.957192</ele>
        <time>2025-07-10T23:43:25.740Z</time>
      </trkpt>
      <trkpt lat="47.796000" lon="10.100814">
        <ele>725.574463</ele>
        <time>2025-07-10T23:43:30.717Z</time>
      </trkpt>
      <trkpt lat="47.796374" lon="10.101805">
        <ele>724.922614</ele>
        <time>2025-07-10T23:43:42.184Z</time>
      </trkpt>
      <trkpt lat="47.796827" lon="10.102861">
        <ele>724.236109</ele>
        <time>2025-07-10T23:43:57.961Z</time>
      </trkpt>
      <trkpt lat="47.797380" lon="10.103935">
        <ele>725.341574</ele>
        <time>2025-07-10T23:44:23.120Z</time>
      </trkpt>
      <trkpt lat="47.798091" lon="10.105746">
        <ele>727.835972</ele>
        <time>2025-07-10T23:45:07.113Z</time>
      </trkpt>
      <trkpt lat="47.798329" lon="10.106258">
        <ele>727.753207</ele>
        <time>2025-07-10T23:45:16.927Z</time>
      </trkpt>
      <trkpt lat="47.798813" lon="10.106917">
        <ele>727.623413</ele>
        <time>2025-07-10T23:45:28.940Z</time>
      </trkpt>
      <trkpt lat="47.799138" lon="10.107233">
        <ele>727.546599</ele>
        <time>2025-07-10T23:45:35.150Z</time>
      </trkpt>
      <trkpt lat="47.799447" lon="10.107434">
        <ele>726.986842</ele>
        <time>2025-07-10T23:45:40.224Z</time>
      </trkpt>
      <trkpt lat="47.800002" lon="10.107703">
        <ele>725.633875</ele>
        <time>2025-07-10T23:45:48.986Z</time>
      </trkpt>
      <trkpt lat="47.800196" lon="10.107867">
        <ele>725.116735</ele>
        <time>2025-07-10T23:45:52.360Z</time>
      </trkpt>
      <trkpt lat="47.800468" lon="10.108357">
        <ele>724.126971</ele>
        <time>2025-07-10T23:45:58.946Z</time>
      </trkpt>
      <trkpt lat="47.800602" lon="10.108545">
        <ele>723.700159</ele>
        <time>2025-07-10T23:46:01.836Z</time>
      </trkpt>
      <trkpt lat="47.800745" lon="10.108673">
        <ele>723.309973</ele>
        <time>2025-07-10T23:46:04.467Z</time>
      </trkpt>
      <trkpt lat="47.800981" lon="10.108813">
        <ele>722.674669</ele>
        <time>2025-07-10T23:46:08.448Z</time>
      </trkpt>
      <trkpt lat="47.801251" lon="10.108916">
        <ele>721.977654</ele>
        <time>2025-07-10T23:46:12.765Z</time>
      </trkpt>
      <trkpt lat="47.801639" lon="10.108918">
        <ele>721.007361</ele>
        <time>2025-07-10T23:46:18.777Z</time>
      </trkpt>
      <trkpt lat="47.801965" lon="10.108789">
        <ele>720.163813</ele>
        <time>2025-07-10T23:46:23.968Z</time>
      </trkpt>
      <trkpt lat="47.802264" lon="10.108671">
        <ele>719.390266</ele>
        <time>2025-07-10T23:46:28.601Z</time>
      </trkpt>
      <trkpt lat="47.802954" lon="10.108550">
        <ele>717.644974</ele>
        <time>2025-07-10T23:46:38.623Z</time>
      </trkpt>
      <trkpt lat="47.803420" lon="10.108391">
        <ele>716.441632</ele>
        <time>2025-07-10T23:46:45.576Z</time>
      </trkpt>
      <trkpt lat="47.803725" lon="10.108376">
        <ele>715.673521</ele>
        <time>2025-07-10T23:46:50.195Z</time>
      </trkpt>
      <trkpt lat="47.804051" lon="10.108473">
        <ele>714.836744</ele>
        <time>2025-07-10T23:46:55.412Z</time>
      </trkpt>
      <trkpt lat="47.804324" lon="10.108682">
        <ele>714.334384</ele>
        <time>2025-07-10T23:47:00.527Z</time>
      </trkpt>
      <trkpt lat="47.804563" lon="10.108972">
        <ele>714.342968</ele>
        <time>2025-07-10T23:47:06.191Z</time>
      </trkpt>
      <trkpt lat="47.804729" lon="10.109296">
        <ele>714.350587</ele>
        <time>2025-07-10T23:47:11.783Z</time>
      </trkpt>
      <trkpt lat="47.805653" lon="10.111864">
        <ele>715.359443</ele>
        <time>2025-07-10T23:47:56.156Z</time>
      </trkpt>
      <trkpt lat="47.806133" lon="10.112927">
        <ele>716.353564</ele>
        <time>2025-07-10T23:48:18.000Z</time>
      </trkpt>
      <trkpt lat="47.806362" lon="10.113373">
        <ele>717.485657</ele>
        <time>2025-07-10T23:48:28.905Z</time>
      </trkpt>
      <trkpt lat="47.806486" lon="10.113587">
        <ele>718.168786</ele>
        <time>2025-07-10T23:48:34.726Z</time>
      </trkpt>
      <trkpt lat="47.806659" lon="10.113756">
        <ele>718.913398</ele>
        <time>2025-07-10T23:48:41.295Z</time>
      </trkpt>
      <trkpt lat="47.806669" lon="10.113649">
        <ele>719.174509</ele>
        <time>2025-07-10T23:48:43.642Z</time>
      </trkpt>
      <trkpt lat="47.806763" lon="10.113687">
        <ele>719.525033</ele>
        <time>2025-07-10T23:48:46.341Z</time>
      </trkpt>
      <trkpt lat="47.806908" lon="10.113669">
        <ele>720.048653</ele>
        <time>2025-07-10T23:48:50.472Z</time>
      </trkpt>
      <trkpt lat="47.806608" lon="10.110880">
        <ele>729.289758</ele>
        <time>2025-07-10T23:49:55.664Z</time>
      </trkpt>
      <trkpt lat="47.806791" lon="10.110932">
        <ele>730.370708</ele>
        <time>2025-07-10T23:50:04.527Z</time>
      </trkpt>
      <trkpt lat="47.807039" lon="10.111105">
        <ele>731.959732</ele>
        <time>2025-07-10T23:50:17.856Z</time>
      </trkpt>
      <trkpt lat="47.808392" lon="10.112385">
        <ele>742.226314</ele>
        <time>2025-07-10T23:51:38.048Z</time>
      </trkpt>
      <trkpt lat="47.808524" lon="10.112469">
        <ele>743.161128</ele>
        <time>2025-07-10T23:51:44.344Z</time>
      </trkpt>
      <trkpt lat="47.808836" lon="10.112589">
        <ele>745.100890</ele>
        <time>2025-07-10T23:51:57.591Z</time>
      </trkpt>
      <trkpt lat="47.808954" lon="10.112678">
        <ele>745.194566</ele>
        <time>2025-07-10T23:52:02.597Z</time>
      </trkpt>
      <trkpt lat="47.809443" lon="10.113376">
        <ele>745.674296</ele>
        <time>2025-07-10T23:52:21.800Z</time>
      </trkpt>
      <trkpt lat="47.809598" lon="10.113499">
        <ele>745.798682</ele>
        <time>2025-07-10T23:52:25.226Z</time>
      </trkpt>
      <trkpt lat="47.809828" lon="10.113619">
        <ele>745.971275</ele>
        <time>2025-07-10T23:52:29.384Z</time>
      </trkpt>
      <trkpt lat="47.810976" lon="10.114278">
        <ele>744.492282</ele>
        <time>2025-07-10T23:52:48.525Z</time>
      </trkpt>
      <trkpt lat="47.811195" lon="10.114384">
        <ele>743.868787</ele>
        <time>2025-07-10T23:52:51.995Z</time>
      </trkpt>
      <trkpt lat="47.811314" lon="10.114400">
        <ele>743.545278</ele>
        <time>2025-07-10T23:52:53.804Z</time>
      </trkpt>
      <trkpt lat="47.811742" lon="10.114338">
        <ele>742.380973</ele>
        <time>2025-07-10T23:53:00.313Z</time>
      </trkpt>
      <trkpt lat="47.811837" lon="10.114351">
        <ele>742.122671</ele>
        <time>2025-07-10T23:53:01.769Z</time>
      </trkpt>
      <trkpt lat="47.811909" lon="10.114409">
        <ele>741.901029</ele>
        <time>2025-07-10T23:53:03.022Z</time>
      </trkpt>
      <trkpt lat="47.811973" lon="10.114521">
        <ele>741.633633</ele>
        <time>2025-07-10T23:53:04.519Z</time>
      </trkpt>
      <trkpt lat="47.812683" lon="10.116574">
        <ele>733.786307</ele>
        <time>2025-07-10T23:53:25.609Z</time>
      </trkpt>
      <trkpt lat="47.812884" lon="10.117360">
        <ele>730.376347</ele>
        <time>2025-07-10T23:53:32.816Z</time>
      </trkpt>
      <trkpt lat="47.812942" lon="10.118415">
        <ele>725.353768</ele>
        <time>2025-07-10T23:53:41.772Z</time>
      </trkpt>
      <trkpt lat="47.812989" lon="10.118692">
        <ele>723.998139</ele>
        <time>2025-07-10T23:53:44.195Z</time>
      </trkpt>
      <trkpt lat="47.813133" lon="10.119139">
        <ele>721.645779</ele>
        <time>2025-07-10T23:53:48.447Z</time>
      </trkpt>
      <trkpt lat="47.813272" lon="10.119509">
        <ele>719.634156</ele>
        <time>2025-07-10T23:53:52.122Z</time>
      </trkpt>
      <trkpt lat="47.813343" lon="10.119638">
        <ele>719.089823</ele>
        <time>2025-07-10T23:53:53.585Z</time>
      </trkpt>
      <trkpt lat="47.813407" lon="10.119688">
        <ele>718.765275</ele>
        <time>2025-07-10T23:53:54.530Z</time>
      </trkpt>
      <trkpt lat="47.813517" lon="10.119707">
        <ele>718.268002</ele>
        <time>2025-07-10T23:53:55.996Z</time>
      </trkpt>
      <trkpt lat="47.814514" lon="10.119603">
        <ele>713.779944</ele>
        <time>2025-07-10T23:54:09.684Z</time>
      </trkpt>
      <trkpt lat="47.815458" lon="10.119757">
        <ele>710.691890</ele>
        <time>2025-07-10T23:54:23.641Z</time>
      </trkpt>
      <trkpt lat="47.815597" lon="10.119786">
        <ele>710.446128</ele>
        <time>2025-07-10T23:54:25.824Z</time>
      </trkpt>
      <trkpt lat="47.816075" lon="10.119869">
        <ele>709.603493</ele>
        <time>2025-07-10T23:54:33.644Z</time>
      </trkpt>
      <trkpt lat="47.816135" lon="10.119905">
        <ele>709.490228</ele>
        <time>2025-07-10T23:54:34.738Z</time>
      </trkpt>
      <trkpt lat="47.816782" lon="10.118890">
        <ele>708.114119</ele>
        <time>2025-07-10T23:54:51.447Z</time>
      </trkpt>
      <trkpt lat="47.816847" lon="10.118844">
        <ele>708.063600</ele>
        <time>2025-07-10T23:54:52.762Z</time>
      </trkpt>
      <trkpt lat="47.817295" lon="10.118709">
        <ele>707.742741</ele>
        <time>2025-07-10T23:55:01.013Z</time>
      </trkpt>
      <trkpt lat="47.817772" lon="10.118420">
        <ele>707.381248</ele>
        <time>2025-07-10T23:55:10.258Z</time>
      </trkpt>
      <trkpt lat="47.818116" lon="10.118847">
        <ele>707.066885</ele>
        <time>2025-07-10T23:55:18.280Z</time>
      </trkpt>
      <trkpt lat="47.818418" lon="10.119679">
        <ele>706.859352</ele>
        <time>2025-07-10T23:55:30.140Z</time>
      </trkpt>
      <trkpt lat="47.818494" lon="10.119944">
        <ele>706.802324</ele>
        <time>2025-07-10T23:55:33.920Z</time>
      </trkpt>
      <trkpt lat="47.818545" lon="10.120243">
        <ele>706.741272</ele>
        <time>2025-07-10T23:55:38.015Z</time>
      </trkpt>
      <trkpt lat="47.818757" lon="10.121901">
        <ele>706.375172</ele>
        <time>2025-07-10T23:56:00.394Z</time>
      </trkpt>
      <trkpt lat="47.819087" lon="10.122961">
        <ele>706.065389</ele>
        <time>2025-07-10T23:56:15.320Z</time>
      </trkpt>
      <trkpt lat="47.819386" lon="10.122634">
        <ele>705.918912</ele>
        <time>2025-07-10T23:56:22.031Z</time>
      </trkpt>
      <trkpt lat="47.819581" lon="10.122544">
        <ele>705.838302</ele>
        <time>2025-07-10T23:56:25.763Z</time>
      </trkpt>
      <trkpt lat="47.819998" lon="10.122548">
        <ele>705.567815</ele>
        <time>2025-07-10T23:56:33.379Z</time>
      </trkpt>
      <trkpt lat="47.820072" lon="10.122554">
        <ele>705.512271</ele>
        <time>2025-07-10T23:56:34.737Z</time>
      </trkpt>
      <trkpt lat="47.820352" lon="10.122562">
        <ele>705.302376</ele>
        <time>2025-07-10T23:56:39.754Z</time>
      </trkpt>
      <trkpt lat="47.820553" lon="10.122472">
        <ele>705.145068</ele>
        <time>2025-07-10T23:56:43.494Z</time>
      </trkpt>
      <trkpt lat="47.820694" lon="10.122348">
        <ele>705.022341</ele>
        <time>2025-07-10T23:56:46.365Z</time>
      </trkpt>
      <trkpt lat="47.821037" lon="10.122020">
        <ele>704.716836</ele>
        <time>2025-07-10T23:56:53.496Z</time>
      </trkpt>
      <trkpt lat="47.821561" lon="10.121734">
        <ele>704.465993</ele>
        <time>2025-07-10T23:57:03.425Z</time>
      </trkpt>
      <trkpt lat="47.822125" lon="10.121309">
        <ele>704.539832</ele>
        <time>2025-07-10T23:57:15.427Z</time>
      </trkpt>
      <trkpt lat="47.822262" lon="10.121238">
        <ele>704.556777</ele>
        <time>2025-07-10T23:57:18.422Z</time>
      </trkpt>
      <trkpt lat="47.822410" lon="10.121212">
        <ele>704.574186</ele>
        <time>2025-07-10T23:57:21.606Z</time>
      </trkpt>
      <trkpt lat="47.823316" lon="10.121331">
        <ele>704.788859</ele>
        <time>2025-07-10T23:57:43.177Z</time>
      </trkpt>
      <trkpt lat="47.824016" lon="10.121382">
        <ele>705.200671</ele>
        <time>2025-07-10T23:58:00.131Z</time>
      </trkpt>
      <trkpt lat="47.824236" lon="10.121425">
        <ele>705.331051</ele>
        <time>2025-07-10T23:58:05.221Z</time>
      </trkpt>
      <trkpt lat="47.825276" lon="10.121958">
        <ele>705.515655</ele>
        <time>2025-07-10T23:58:28.033Z</time>
      </trkpt>
      <trkpt lat="47.826212" lon="10.122260">
        <ele>705.105027</ele>
        <time>2025-07-10T23:58:45.566Z</time>
      </trkpt>
      <trkpt lat="47.826566" lon="10.122311">
        <ele>704.952537</ele>
        <time>2025-07-10T23:58:51.829Z</time>
      </trkpt>
      <trkpt lat="47.827349" lon="10.122254">
        <ele>704.473695</ele>
        <time>2025-07-10T23:59:05.730Z</time>
      </trkpt>
      <trkpt lat="47.827743" lon="10.122268">
        <ele>704.230005</ele>
        <time>2025-07-10T23:59:12.834Z</time>
      </trkpt>
      <trkpt lat="47.828157" lon="10.122477">
        <ele>703.959715</ele>
        <time>2025-07-10T23:59:20.945Z</time>
      </trkpt>
      <trkpt lat="47.828933" lon="10.123062">
        <ele>703.696710</ele>
        <time>2025-07-10T23:59:37.992Z</time>
      </trkpt>
      <trkpt lat="47.829300" lon="10.123233">
        <ele>703.620200</ele>
        <time>2025-07-10T23:59:45.783Z</time>
      </trkpt>
      <trkpt lat="47.830067" lon="10.123490">
        <ele>703.449516</ele>
        <time>2025-07-11T00:00:01.108Z</time>
      </trkpt>
      <trkpt lat="47.830433" lon="10.123653">
        <ele>703.173716</ele>
        <time>2025-07-11T00:00:08.265Z</time>
      </trkpt>
      <trkpt lat="47.830922" lon="10.123874">
        <ele>702.804778</ele>
        <time>2025-07-11T00:00:17.545Z</time>
      </trkpt>
      <trkpt lat="47.831640" lon="10.124090">
        <ele>702.275934</ele>
        <time>2025-07-11T00:00:30.273Z</time>
      </trkpt>
      <trkpt lat="47.832052" lon="10.124297">
        <ele>701.931770</ele>
        <time>2025-07-11T00:00:37.813Z</time>
      </trkpt>
      <trkpt lat="47.832125" lon="10.124334">
        <ele>701.868027</ele>
        <time>2025-07-11T00:00:39.163Z</time>
      </trkpt>
      <trkpt lat="47.832140" lon="10.124341">
        <ele>701.855033</ele>
        <time>2025-07-11T00:00:39.429Z</time>
      </trkpt>
      <trkpt lat="47.833129" lon="10.124832">
        <ele>700.993262</ele>
        <time>2025-07-11T00:00:57.813Z</time>
      </trkpt>
      <trkpt lat="47.833480" lon="10.125026">
        <ele>700.683778</ele>
        <time>2025-07-11T00:01:04.565Z</time>
      </trkpt>
      <trkpt lat="47.834088" lon="10.125464">
        <ele>700.227127</ele>
        <time>2025-07-11T00:01:17.142Z</time>
      </trkpt>
      <trkpt lat="47.834800" lon="10.125805">
        <ele>699.721436</ele>
        <time>2025-07-11T00:01:30.926Z</time>
      </trkpt>
      <trkpt lat="47.835200" lon="10.125996">
        <ele>699.394891</ele>
        <time>2025-07-11T00:01:38.438Z</time>
      </trkpt>
      <trkpt lat="47.836086" lon="10.126553">
        <ele>697.828608</ele>
        <time>2025-07-11T00:01:54.363Z</time>
      </trkpt>
      <trkpt lat="47.836400" lon="10.126715">
        <ele>697.287388</ele>
        <time>2025-07-11T00:01:59.604Z</time>
      </trkpt>
      <trkpt lat="47.836813" lon="10.126730">
        <ele>696.614523</ele>
        <time>2025-07-11T00:02:06.101Z</time>
      </trkpt>
      <trkpt lat="47.837279" lon="10.126717">
        <ele>695.545744</ele>
        <time>2025-07-11T00:02:13.313Z</time>
      </trkpt>
      <trkpt lat="47.837709" lon="10.126668">
        <ele>694.524753</ele>
        <time>2025-07-11T00:02:19.887Z</time>
      </trkpt>
      <trkpt lat="47.838007" lon="10.126691">
        <ele>693.818297</ele>
        <time>2025-07-11T00:02:24.401Z</time>
      </trkpt>
      <trkpt lat="47.838203" lon="10.126748">
        <ele>693.345512</ele>
        <time>2025-07-11T00:02:27.412Z</time>
      </trkpt>
      <trkpt lat="47.838839" lon="10.126757">
        <ele>691.908857</ele>
        <time>2025-07-11T00:02:37.038Z</time>
      </trkpt>
      <trkpt lat="47.839585" lon="10.126822">
        <ele>690.417579</ele>
        <time>2025-07-11T00:02:49.065Z</time>
      </trkpt>
      <trkpt lat="47.840088" lon="10.126831">
        <ele>689.413709</ele>
        <time>2025-07-11T00:02:57.244Z</time>
      </trkpt>
      <trkpt lat="47.840633" lon="10.126800">
        <ele>688.182871</ele>
        <time>2025-07-11T00:03:05.738Z</time>
      </trkpt>
      <trkpt lat="47.841180" lon="10.127049">
        <ele>686.596208</ele>
        <time>2025-07-11T00:03:14.394Z</time>
      </trkpt>
      <trkpt lat="47.841578" lon="10.127343">
        <ele>685.363875</ele>
        <time>2025-07-11T00:03:20.883Z</time>
      </trkpt>
      <trkpt lat="47.842096" lon="10.127793">
        <ele>683.700594</ele>
        <time>2025-07-11T00:03:29.540Z</time>
      </trkpt>
      <trkpt lat="47.842373" lon="10.127940">
        <ele>683.118047</ele>
        <time>2025-07-11T00:03:33.966Z</time>
      </trkpt>
      <trkpt lat="47.842737" lon="10.128057">
        <ele>682.380321</ele>
        <time>2025-07-11T00:03:39.814Z</time>
      </trkpt>
      <trkpt lat="47.843107" lon="10.128185">
        <ele>681.627799</ele>
        <time>2025-07-11T00:03:45.904Z</time>
      </trkpt>
      <trkpt lat="47.843580" lon="10.128234">
        <ele>680.688458</ele>
        <time>2025-07-11T00:03:53.588Z</time>
      </trkpt>
      <trkpt lat="47.844498" lon="10.128236">
        <ele>679.291394</ele>
        <time>2025-07-11T00:04:08.795Z</time>
      </trkpt>
      <trkpt lat="47.845765" lon="10.128313">
        <ele>677.624637</ele>
        <time>2025-07-11T00:04:30.213Z</time>
      </trkpt>
      <trkpt lat="47.846209" lon="10.128306">
        <ele>677.077868</ele>
        <time>2025-07-11T00:04:37.809Z</time>
      </trkpt>
      <trkpt lat="47.847047" lon="10.128331">
        <ele>676.045754</ele>
        <time>2025-07-11T00:04:52.034Z</time>
      </trkpt>
      <trkpt lat="47.847582" lon="10.128292">
        <ele>675.374597</ele>
        <time>2025-07-11T00:05:01.045Z</time>
      </trkpt>
      <trkpt lat="47.848840" lon="10.127916">
        <ele>673.679098</ele>
        <time>2025-07-11T00:05:22.362Z</time>
      </trkpt>
      <trkpt lat="47.849115" lon="10.127894">
        <ele>673.315175</ele>
        <time>2025-07-11T00:05:26.992Z</time>
      </trkpt>
      <trkpt lat="47.849366" lon="10.127937">
        <ele>673.027832</ele>
        <time>2025-07-11T00:05:31.275Z</time>
      </trkpt>
      <trkpt lat="47.849565" lon="10.128015">
        <ele>672.823831</ele>
        <time>2025-07-11T00:05:34.781Z</time>
      </trkpt>
      <trkpt lat="47.850207" lon="10.128387">
        <ele>672.140922</ele>
        <time>2025-07-11T00:05:46.732Z</time>
      </trkpt>
      <trkpt lat="47.850424" lon="10.128434">
        <ele>671.923526</ele>
        <time>2025-07-11T00:05:50.600Z</time>
      </trkpt>
      <trkpt lat="47.851340" lon="10.128475">
        <ele>671.101051</ele>
        <time>2025-07-11T00:06:06.840Z</time>
      </trkpt>
      <trkpt lat="47.851690" lon="10.128555">
        <ele>670.831786</ele>
        <time>2025-07-11T00:06:13.083Z</time>
      </trkpt>
      <trkpt lat="47.852784" lon="10.129020">
        <ele>669.981567</ele>
        <time>2025-07-11T00:06:33.533Z</time>
      </trkpt>
      <trkpt lat="47.853167" lon="10.129244">
        <ele>669.761856</ele>
        <time>2025-07-11T00:06:41.060Z</time>
      </trkpt>
      <trkpt lat="47.853676" lon="10.129515">
        <ele>669.473221</ele>
        <time>2025-07-11T00:06:51.165Z</time>
      </trkpt>
      <trkpt lat="47.853816" lon="10.129572">
        <ele>669.395720</ele>
        <time>2025-07-11T00:06:53.933Z</time>
      </trkpt>
      <trkpt lat="47.854109" lon="10.129681">
        <ele>669.234455</ele>
        <time>2025-07-11T00:06:59.714Z</time>
      </trkpt>
      <trkpt lat="47.854315" lon="10.129773">
        <ele>669.119616</ele>
        <time>2025-07-11T00:07:03.709Z</time>
      </trkpt>
      <trkpt lat="47.854842" lon="10.130095">
        <ele>668.811780</ele>
        <time>2025-07-11T00:07:13.878Z</time>
      </trkpt>
      <trkpt lat="47.854905" lon="10.129860">
        <ele>668.719716</ele>
        <time>2025-07-11T00:07:16.019Z</time>
      </trkpt>
      <trkpt lat="47.854946" lon="10.129109">
        <ele>668.445597</ele>
        <time>2025-07-11T00:07:22.446Z</time>
      </trkpt>
      <trkpt lat="47.854985" lon="10.128888">
        <ele>668.362463</ele>
        <time>2025-07-11T00:07:24.429Z</time>
      </trkpt>
      <trkpt lat="47.855662" lon="10.129162">
        <ele>668.023258</ele>
        <time>2025-07-11T00:07:34.054Z</time>
      </trkpt>
      <trkpt lat="47.855871" lon="10.129269">
        <ele>667.953298</ele>
        <time>2025-07-11T00:07:37.443Z</time>
      </trkpt>
      <trkpt lat="47.856046" lon="10.129359">
        <ele>667.894690</ele>
        <time>2025-07-11T00:07:40.296Z</time>
      </trkpt>
      <trkpt lat="47.856184" lon="10.129428">
        <ele>667.848609</ele>
        <time>2025-07-11T00:07:42.560Z</time>
      </trkpt>
      <trkpt lat="47.856518" lon="10.129608">
        <ele>667.736170</ele>
        <time>2025-07-11T00:07:47.677Z</time>
      </trkpt>
      <trkpt lat="47.856805" lon="10.129836">
        <ele>667.633209</ele>
        <time>2025-07-11T00:07:51.997Z</time>
      </trkpt>
      <trkpt lat="47.856982" lon="10.129929">
        <ele>667.573794</ele>
        <time>2025-07-11T00:07:54.386Z</time>
      </trkpt>
      <trkpt lat="47.857505" lon="10.129997">
        <ele>667.228937</ele>
        <time>2025-07-11T00:08:01.111Z</time>
      </trkpt>
      <trkpt lat="47.857985" lon="10.129964">
        <ele>666.815451</ele>
        <time>2025-07-11T00:08:06.991Z</time>
      </trkpt>
      <trkpt lat="47.858418" lon="10.129954">
        <ele>666.442804</ele>
        <time>2025-07-11T00:08:12.239Z</time>
      </trkpt>
      <trkpt lat="47.858896" lon="10.129759">
        <ele>666.016348</ele>
        <time>2025-07-11T00:08:18.502Z</time>
      </trkpt>
      <trkpt lat="47.859399" lon="10.129500">
        <ele>665.557988</ele>
        <time>2025-07-11T00:08:25.275Z</time>
      </trkpt>
      <trkpt lat="47.859575" lon="10.129447">
        <ele>665.403318</ele>
        <time>2025-07-11T00:08:27.483Z</time>
      </trkpt>
      <trkpt lat="47.859625" lon="10.129065">
        <ele>665.178377</ele>
        <time>2025-07-11T00:08:30.693Z</time>
      </trkpt>
      <trkpt lat="47.859705" lon="10.128850">
        <ele>665.036287</ele>
        <time>2025-07-11T00:08:32.701Z</time>
      </trkpt>
      <trkpt lat="47.859888" lon="10.128400">
        <ele>664.732164</ele>
        <time>2025-07-11T00:08:36.996Z</time>
      </trkpt>
      <trkpt lat="47.860038" lon="10.128125">
        <ele>664.527332</ele>
        <time>2025-07-11T00:08:39.988Z</time>
      </trkpt>
      <trkpt lat="47.860258" lon="10.127892">
        <ele>664.319421</ele>
        <time>2025-07-11T00:08:43.428Z</time>
      </trkpt>
      <trkpt lat="47.860424" lon="10.127733">
        <ele>664.184361</ele>
        <time>2025-07-11T00:08:45.946Z</time>
      </trkpt>
      <trkpt lat="47.860677" lon="10.127490">
        <ele>663.978350</ele>
        <time>2025-07-11T00:08:49.850Z</time>
      </trkpt>
      <trkpt lat="47.860876" lon="10.127320">
        <ele>663.821356</ele>
        <time>2025-07-11T00:08:52.939Z</time>
      </trkpt>
      <trkpt lat="47.861381" lon="10.126768">
        <ele>663.392714</ele>
        <time>2025-07-11T00:09:01.072Z</time>
      </trkpt>
      <trkpt lat="47.861484" lon="10.126620">
        <ele>663.294789</ele>
        <time>2025-07-11T00:09:02.900Z</time>
      </trkpt>
      <trkpt lat="47.861620" lon="10.126470">
        <ele>663.178176</ele>
        <time>2025-07-11T00:09:05.054Z</time>
      </trkpt>
      <trkpt lat="47.862066" lon="10.125679">
        <ele>662.615812</ele>
        <time>2025-07-11T00:09:13.592Z</time>
      </trkpt>
      <trkpt lat="47.862600" lon="10.125016">
        <ele>662.052010</ele>
        <time>2025-07-11T00:09:22.371Z</time>
      </trkpt>
      <trkpt lat="47.862992" lon="10.124564">
        <ele>661.635230</ele>
        <time>2025-07-11T00:09:28.658Z</time>
      </trkpt>
      <trkpt lat="47.863491" lon="10.124105">
        <ele>661.065234</ele>
        <time>2025-07-11T00:09:35.976Z</time>
      </trkpt>
      <trkpt lat="47.864587" lon="10.123278">
        <ele>659.912872</ele>
        <time>2025-07-11T00:09:50.726Z</time>
      </trkpt>
      <trkpt lat="47.864918" lon="10.122853">
        <ele>659.657562</ele>
        <time>2025-07-11T00:09:56.171Z</time>
      </trkpt>
      <trkpt lat="47.865331" lon="10.122240">
        <ele>659.316952</ele>
        <time>2025-07-11T00:10:03.841Z</time>
      </trkpt>
      <trkpt lat="47.865572" lon="10.121957">
        <ele>659.137657</ele>
        <time>2025-07-11T00:10:08.119Z</time>
      </trkpt>
      <trkpt lat="47.867326" lon="10.120142">
        <ele>658.368245</ele>
        <time>2025-07-11T00:10:38.018Z</time>
      </trkpt>
      <trkpt lat="47.867664" lon="10.119795">
        <ele>658.042780</ele>
        <time>2025-07-11T00:10:43.245Z</time>
      </trkpt>
      <trkpt lat="47.868793" lon="10.118892">
        <ele>656.982068</ele>
        <time>2025-07-11T00:10:58.950Z</time>
      </trkpt>
      <trkpt lat="47.869255" lon="10.118617">
        <ele>656.572402</ele>
        <time>2025-07-11T00:11:05.069Z</time>
      </trkpt>
      <trkpt lat="47.870448" lon="10.117998">
        <ele>655.534213</ele>
        <time>2025-07-11T00:11:21.076Z</time>
      </trkpt>
      <trkpt lat="47.870960" lon="10.117808">
        <ele>655.196711</ele>
        <time>2025-07-11T00:11:27.815Z</time>
      </trkpt>
      <trkpt lat="47.871691" lon="10.117588">
        <ele>654.785863</ele>
        <time>2025-07-11T00:11:37.594Z</time>
      </trkpt>
      <trkpt lat="47.872096" lon="10.117482">
        <ele>654.559327</ele>
        <time>2025-07-11T00:11:43.026Z</time>
      </trkpt>
      <trkpt lat="47.872332" lon="10.117473">
        <ele>654.429267</ele>
        <time>2025-07-11T00:11:46.179Z</time>
      </trkpt>
      <trkpt lat="47.872581" lon="10.117527">
        <ele>654.324345</ele>
        <time>2025-07-11T00:11:49.557Z</time>
      </trkpt>
      <trkpt lat="47.873156" lon="10.117829">
        <ele>654.090792</ele>
        <time>2025-07-11T00:11:57.855Z</time>
      </trkpt>
      <trkpt lat="47.873577" lon="10.117998">
        <ele>653.923763</ele>
        <time>2025-07-11T00:12:03.790Z</time>
      </trkpt>
      <trkpt lat="47.873886" lon="10.118063">
        <ele>653.804213</ele>
        <time>2025-07-11T00:12:08.120Z</time>
      </trkpt>
      <trkpt lat="47.874989" lon="10.118093">
        <ele>653.086023</ele>
        <time>2025-07-11T00:12:22.981Z</time>
      </trkpt>
      <trkpt lat="47.876588" lon="10.118303">
        <ele>651.643483</ele>
        <time>2025-07-11T00:12:42.589Z</time>
      </trkpt>
      <trkpt lat="47.877091" lon="10.118326">
        <ele>651.069518</ele>
        <time>2025-07-11T00:12:48.579Z</time>
      </trkpt>
      <trkpt lat="47.877634" lon="10.118283">
        <ele>650.449328</ele>
        <time>2025-07-11T00:12:54.999Z</time>
      </trkpt>
      <trkpt lat="47.877964" lon="10.118318">
        <ele>650.286409</ele>
        <time>2025-07-11T00:12:58.890Z</time>
      </trkpt>
      <trkpt lat="47.878274" lon="10.118464">
        <ele>650.195792</ele>
        <time>2025-07-11T00:13:02.748Z</time>
      </trkpt>
      <trkpt lat="47.878620" lon="10.118686">
        <ele>650.090798</ele>
        <time>2025-07-11T00:13:07.572Z</time>
      </trkpt>
      <trkpt lat="47.878875" lon="10.118809">
        <ele>650.016093</ele>
        <time>2025-07-11T00:13:11.476Z</time>
      </trkpt>
      <trkpt lat="47.879205" lon="10.118828">
        <ele>649.924042</ele>
        <time>2025-07-11T00:13:17.076Z</time>
      </trkpt>
      <trkpt lat="47.879286" lon="10.118104">
        <ele>650.016510</ele>
        <time>2025-07-11T00:13:26.347Z</time>
      </trkpt>
      <trkpt lat="47.879331" lon="10.117916">
        <ele>650.106010</ele>
        <time>2025-07-11T00:13:28.913Z</time>
      </trkpt>
      <trkpt lat="47.879370" lon="10.117805">
        <ele>650.162195</ele>
        <time>2025-07-11T00:13:30.559Z</time>
      </trkpt>
      <trkpt lat="47.879621" lon="10.117555">
        <ele>650.363988</ele>
        <time>2025-07-11T00:13:36.418Z</time>
      </trkpt>
      <trkpt lat="47.879783" lon="10.117114">
        <ele>650.589434</ele>
        <time>2025-07-11T00:13:42.894Z</time>
      </trkpt>
      <trkpt lat="47.879932" lon="10.116964">
        <ele>650.709622</ele>
        <time>2025-07-11T00:13:46.113Z</time>
      </trkpt>
      <trkpt lat="47.880482" lon="10.116591">
        <ele>651.020000</ele>
        <time>2025-07-11T00:13:55.536Z</time>
      </trkpt>
      <trkpt lat="47.881157" lon="10.116177">
        <ele>650.703189</ele>
        <time>2025-07-11T00:14:05.225Z</time>
      </trkpt>
      <trkpt lat="47.881563" lon="10.115982">
        <ele>650.518043</ele>
        <time>2025-07-11T00:14:10.944Z</time>
      </trkpt>
      <trkpt lat="47.882787" lon="10.115787">
        <ele>649.581554</ele>
        <time>2025-07-11T00:14:26.695Z</time>
      </trkpt>
      <trkpt lat="47.883487" lon="10.115806">
        <ele>648.859649</ele>
        <time>2025-07-11T00:14:34.973Z</time>
      </trkpt>
      <trkpt lat="47.883763" lon="10.115756">
        <ele>648.572967</ele>
        <time>2025-07-11T00:14:38.243Z</time>
      </trkpt>
      <trkpt lat="47.884486" lon="10.115529">
        <ele>647.891120</ele>
        <time>2025-07-11T00:14:47.102Z</time>
      </trkpt>
      <trkpt lat="47.884932" lon="10.115332">
        <ele>647.474352</ele>
        <time>2025-07-11T00:14:52.911Z</time>
      </trkpt>
      <trkpt lat="47.885780" lon="10.114677">
        <ele>646.625186</ele>
        <time>2025-07-11T00:15:05.275Z</time>
      </trkpt>
      <trkpt lat="47.886335" lon="10.114310">
        <ele>646.099709</ele>
        <time>2025-07-11T00:15:12.862Z</time>
      </trkpt>
      <trkpt lat="47.887413" lon="10.113723">
        <ele>645.079862</ele>
        <time>2025-07-11T00:15:26.956Z</time>
      </trkpt>
      <trkpt lat="47.887946" lon="10.113349">
        <ele>644.477769</ele>
        <time>2025-07-11T00:15:34.122Z</time>
      </trkpt>
      <trkpt lat="47.888894" lon="10.112881">
        <ele>643.457077</ele>
        <time>2025-07-11T00:15:46.250Z</time>
      </trkpt>
      <trkpt lat="47.888975" lon="10.112706">
        <ele>643.330635</ele>
        <time>2025-07-11T00:15:47.986Z</time>
      </trkpt>
      <trkpt lat="47.889314" lon="10.112734">
        <ele>643.048382</ele>
        <time>2025-07-11T00:15:52.130Z</time>
      </trkpt>
      <trkpt lat="47.889822" lon="10.112697">
        <ele>642.625563</ele>
        <time>2025-07-11T00:15:58.504Z</time>
      </trkpt>
      <trkpt lat="47.890309" lon="10.112672">
        <ele>642.220465</ele>
        <time>2025-07-11T00:16:04.785Z</time>
      </trkpt>
      <trkpt lat="47.890773" lon="10.112694">
        <ele>641.817062</ele>
        <time>2025-07-11T00:16:10.728Z</time>
      </trkpt>
      <trkpt lat="47.891041" lon="10.112717">
        <ele>641.547995</ele>
        <time>2025-07-11T00:16:14.086Z</time>
      </trkpt>
      <trkpt lat="47.891764" lon="10.112898">
        <ele>640.813177</ele>
        <time>2025-07-11T00:16:23.012Z</time>
      </trkpt>
      <trkpt lat="47.893132" lon="10.113424">
        <ele>639.462108</ele>
        <time>2025-07-11T00:16:39.905Z</time>
      </trkpt>
      <trkpt lat="47.893833" lon="10.113763">
        <ele>638.790139</ele>
        <time>2025-07-11T00:16:49.555Z</time>
      </trkpt>
      <trkpt lat="47.894518" lon="10.114044">
        <ele>638.110496</ele>
        <time>2025-07-11T00:16:58.399Z</time>
      </trkpt>
      <trkpt lat="47.894583" lon="10.114035">
        <ele>638.045302</ele>
        <time>2025-07-11T00:16:59.194Z</time>
      </trkpt>
      <trkpt lat="47.895001" lon="10.114130">
        <ele>637.623032</ele>
        <time>2025-07-11T00:17:04.325Z</time>
      </trkpt>
      <trkpt lat="47.895171" lon="10.114164">
        <ele>637.451736</ele>
        <time>2025-07-11T00:17:06.406Z</time>
      </trkpt>
      <trkpt lat="47.895671" lon="10.114400">
        <ele>636.927984</ele>
        <time>2025-07-11T00:17:12.699Z</time>
      </trkpt>
      <trkpt lat="47.896052" lon="10.114536">
        <ele>636.670538</ele>
        <time>2025-07-11T00:17:17.413Z</time>
      </trkpt>
      <trkpt lat="47.896562" lon="10.114762">
        <ele>636.634444</ele>
        <time>2025-07-11T00:17:23.990Z</time>
      </trkpt>
      <trkpt lat="47.896720" lon="10.114909">
        <ele>636.621811</ele>
        <time>2025-07-11T00:17:26.558Z</time>
      </trkpt>
      <trkpt lat="47.897127" lon="10.115401">
        <ele>636.586270</ele>
        <time>2025-07-11T00:17:35.286Z</time>
      </trkpt>
      <trkpt lat="47.897230" lon="10.115526">
        <ele>636.577261</ele>
        <time>2025-07-11T00:17:37.614Z</time>
      </trkpt>
      <trkpt lat="47.897578" lon="10.115904">
        <ele>636.600022</ele>
        <time>2025-07-11T00:17:45.530Z</time>
      </trkpt>
      <trkpt lat="47.897638" lon="10.116020">
        <ele>636.627268</ele>
        <time>2025-07-11T00:17:47.335Z</time>
      </trkpt>
      <trkpt lat="47.897662" lon="10.116126">
        <ele>636.648074</ele>
        <time>2025-07-11T00:17:48.716Z</time>
      </trkpt>
      <trkpt lat="47.897625" lon="10.116607">
        <ele>636.738110</ele>
        <time>2025-07-11T00:17:54.834Z</time>
      </trkpt>
      <trkpt lat="47.897535" lon="10.117246">
        <ele>636.859537</ele>
        <time>2025-07-11T00:18:03.566Z</time>
      </trkpt>
      <trkpt lat="47.897515" lon="10.117446">
        <ele>636.897141</ele>
        <time>2025-07-11T00:18:05.931Z</time>
      </trkpt>
      <trkpt lat="47.897389" lon="10.118849">
        <ele>635.855035</ele>
        <time>2025-07-11T00:18:17.618Z</time>
      </trkpt>
      <trkpt lat="47.897365" lon="10.119233">
        <ele>635.019766</ele>
        <time>2025-07-11T00:18:20.339Z</time>
      </trkpt>
      <trkpt lat="47.897328" lon="10.119430">
        <ele>634.576680</ele>
        <time>2025-07-11T00:18:21.743Z</time>
      </trkpt>
      <trkpt lat="47.897270" lon="10.119549">
        <ele>634.258047</ele>
        <time>2025-07-11T00:18:22.744Z</time>
      </trkpt>
      <trkpt lat="47.897057" lon="10.119718">
        <ele>633.478695</ele>
        <time>2025-07-11T00:18:25.160Z</time>
      </trkpt>
      <trkpt lat="47.897031" lon="10.119795">
        <ele>633.291973</ele>
        <time>2025-07-11T00:18:25.722Z</time>
      </trkpt>
      <trkpt lat="47.897012" lon="10.119855">
        <ele>633.148259</ele>
        <time>2025-07-11T00:18:26.159Z</time>
      </trkpt>
      <trkpt lat="47.898402" lon="10.119766">
        <ele>626.322381</ele>
        <time>2025-07-11T00:18:39.289Z</time>
      </trkpt>
      <trkpt lat="47.898968" lon="10.119659">
        <ele>622.822198</ele>
        <time>2025-07-11T00:18:44.452Z</time>
      </trkpt>
      <trkpt lat="47.899647" lon="10.119685">
        <ele>618.493202</ele>
        <time>2025-07-11T00:18:50.482Z</time>
      </trkpt>
      <trkpt lat="47.899816" lon="10.119710">
        <ele>617.342932</ele>
        <time>2025-07-11T00:18:51.998Z</time>
      </trkpt>
      <trkpt lat="47.900013" lon="10.119689">
        <ele>616.005227</ele>
        <time>2025-07-11T00:18:53.750Z</time>
      </trkpt>
      <trkpt lat="47.900113" lon="10.119679">
        <ele>615.326396</ele>
        <time>2025-07-11T00:18:54.642Z</time>
      </trkpt>
      <trkpt lat="47.900775" lon="10.119525">
        <ele>610.788399</ele>
        <time>2025-07-11T00:19:00.609Z</time>
      </trkpt>
      <trkpt lat="47.901159" lon="10.119402">
        <ele>608.128235</ele>
        <time>2025-07-11T00:19:04.221Z</time>
      </trkpt>
      <trkpt lat="47.901307" lon="10.119351">
        <ele>607.820797</ele>
        <time>2025-07-11T00:19:05.689Z</time>
      </trkpt>
      <trkpt lat="47.901440" lon="10.119919">
        <ele>607.206761</ele>
        <time>2025-07-11T00:19:09.691Z</time>
      </trkpt>
      <trkpt lat="47.901746" lon="10.121165">
        <ele>605.852475</ele>
        <time>2025-07-11T00:19:20.157Z</time>
      </trkpt>
      <trkpt lat="47.901873" lon="10.121536">
        <ele>605.427336</ele>
        <time>2025-07-11T00:19:25.840Z</time>
      </trkpt>
      <trkpt lat="47.901978" lon="10.121717">
        <ele>605.499058</ele>
        <time>2025-07-11T00:19:29.624Z</time>
      </trkpt>
      <trkpt lat="47.902146" lon="10.121925">
        <ele>606.132492</ele>
        <time>2025-07-11T00:19:35.179Z</time>
      </trkpt>
      <trkpt lat="47.902762" lon="10.122525">
        <ele>608.266940</ele>
        <time>2025-07-11T00:19:56.618Z</time>
      </trkpt>
      <trkpt lat="47.903397" lon="10.123234">
        <ele>610.534428</ele>
        <time>2025-07-11T00:20:19.263Z</time>
      </trkpt>
      <trkpt lat="47.903470" lon="10.123327">
        <ele>610.651032</ele>
        <time>2025-07-11T00:20:21.836Z</time>
      </trkpt>
      <trkpt lat="47.903873" lon="10.123835">
        <ele>611.291897</ele>
        <time>2025-07-11T00:20:34.493Z</time>
      </trkpt>
      <trkpt lat="47.903951" lon="10.123711">
        <ele>611.430355</ele>
        <time>2025-07-11T00:20:36.841Z</time>
      </trkpt>
      <trkpt lat="47.903999" lon="10.123693">
        <ele>611.490471</ele>
        <time>2025-07-11T00:20:37.813Z</time>
      </trkpt>
      <trkpt lat="47.904071" lon="10.123666">
        <ele>611.580645</ele>
        <time>2025-07-11T00:20:39.232Z</time>
      </trkpt>
      <trkpt lat="47.904502" lon="10.123708">
        <ele>612.105266</ele>
        <time>2025-07-11T00:20:46.410Z</time>
      </trkpt>
      <trkpt lat="47.904631" lon="10.123718">
        <ele>612.262165</ele>
        <time>2025-07-11T00:20:48.353Z</time>
      </trkpt>
      <trkpt lat="47.905158" lon="10.123737">
        <ele>612.590516</ele>
        <time>2025-07-11T00:20:56.162Z</time>
      </trkpt>
      <trkpt lat="47.905700" lon="10.123698">
        <ele>612.259456</ele>
        <time>2025-07-11T00:21:03.271Z</time>
      </trkpt>
      <trkpt lat="47.906117" lon="10.123720">
        <ele>612.004885</ele>
        <time>2025-07-11T00:21:08.570Z</time>
      </trkpt>
      <trkpt lat="47.907367" lon="10.123876">
        <ele>610.876302</ele>
        <time>2025-07-11T00:21:24.197Z</time>
      </trkpt>
      <trkpt lat="47.908848" lon="10.124066">
        <ele>609.164493</ele>
        <time>2025-07-11T00:21:41.420Z</time>
      </trkpt>
      <trkpt lat="47.909182" lon="10.124055">
        <ele>608.894661</ele>
        <time>2025-07-11T00:21:45.340Z</time>
      </trkpt>
      <trkpt lat="47.909430" lon="10.124002">
        <ele>608.692311</ele>
        <time>2025-07-11T00:21:48.320Z</time>
      </trkpt>
      <trkpt lat="47.909475" lon="10.123992">
        <ele>608.655565</ele>
        <time>2025-07-11T00:21:48.869Z</time>
      </trkpt>
      <trkpt lat="47.911799" lon="10.123497">
        <ele>607.697567</ele>
        <time>2025-07-11T00:22:21.323Z</time>
      </trkpt>
      <trkpt lat="47.912509" lon="10.123564">
        <ele>607.928080</ele>
        <time>2025-07-11T00:22:32.498Z</time>
      </trkpt>
      <trkpt lat="47.913392" lon="10.123921">
        <ele>608.643882</ele>
        <time>2025-07-11T00:22:47.166Z</time>
      </trkpt>
      <trkpt lat="47.914274" lon="10.124445">
        <ele>610.481759</ele>
        <time>2025-07-11T00:23:08.342Z</time>
      </trkpt>
      <trkpt lat="47.914683" lon="10.124735">
        <ele>611.984613</ele>
        <time>2025-07-11T00:23:21.426Z</time>
      </trkpt>
      <trkpt lat="47.915029" lon="10.124981">
        <ele>613.256614</ele>
        <time>2025-07-11T00:23:33.728Z</time>
      </trkpt>
      <trkpt lat="47.915605" lon="10.125193">
        <ele>615.075933</ele>
        <time>2025-07-11T00:23:54.362Z</time>
      </trkpt>
      <trkpt lat="47.916666" lon="10.125226">
        <ele>616.057574</ele>
        <time>2025-07-11T00:24:18.566Z</time>
      </trkpt>
      <trkpt lat="47.917234" lon="10.125059">
        <ele>616.593079</ele>
        <time>2025-07-11T00:24:25.026Z</time>
      </trkpt>
      <trkpt lat="47.917780" lon="10.124713">
        <ele>616.770212</ele>
        <time>2025-07-11T00:24:31.204Z</time>
      </trkpt>
      <trkpt lat="47.919193" lon="10.123352">
        <ele>618.311932</ele>
        <time>2025-07-11T00:25:03.296Z</time>
      </trkpt>
      <trkpt lat="47.919589" lon="10.123084">
        <ele>619.809995</ele>
        <time>2025-07-11T00:25:17.930Z</time>
      </trkpt>
      <trkpt lat="47.920337" lon="10.122649">
        <ele>622.575798</ele>
        <time>2025-07-11T00:25:45.286Z</time>
      </trkpt>
      <trkpt lat="47.920898" lon="10.122582">
        <ele>623.935164</ele>
        <time>2025-07-11T00:25:59.664Z</time>
      </trkpt>
      <trkpt lat="47.921236" lon="10.122508">
        <ele>624.594029</ele>
        <time>2025-07-11T00:26:07.384Z</time>
      </trkpt>
      <trkpt lat="47.921257" lon="10.122427">
        <ele>624.706282</ele>
        <time>2025-07-11T00:26:08.929Z</time>
      </trkpt>
      <trkpt lat="47.921620" lon="10.122245">
        <ele>625.444847</ele>
        <time>2025-07-11T00:26:16.768Z</time>
      </trkpt>
      <trkpt lat="47.922103" lon="10.122162">
        <ele>626.382545</ele>
        <time>2025-07-11T00:26:26.012Z</time>
      </trkpt>
      <trkpt lat="47.922961" lon="10.122305">
        <ele>628.760362</ele>
        <time>2025-07-11T00:26:43.826Z</time>
      </trkpt>
      <trkpt lat="47.923447" lon="10.122370">
        <ele>630.187300</ele>
        <time>2025-07-11T00:26:57.082Z</time>
      </trkpt>
      <trkpt lat="47.923693" lon="10.122454">
        <ele>630.925287</ele>
        <time>2025-07-11T00:27:05.446Z</time>
      </trkpt>
      <trkpt lat="47.923755" lon="10.122505">
        <ele>631.132318</ele>
        <time>2025-07-11T00:27:07.828Z</time>
      </trkpt>
      <trkpt lat="47.924034" lon="10.122853">
        <ele>632.150864</ele>
        <time>2025-07-11T00:27:20.308Z</time>
      </trkpt>
      <trkpt lat="47.924118" lon="10.122916">
        <ele>632.379930</ele>
        <time>2025-07-11T00:27:23.482Z</time>
      </trkpt>
      <trkpt lat="47.924633" lon="10.123117">
        <ele>633.676963</ele>
        <time>2025-07-11T00:27:40.803Z</time>
      </trkpt>
      <trkpt lat="47.924833" lon="10.123141">
        <ele>634.165847</ele>
        <time>2025-07-11T00:27:48.109Z</time>
      </trkpt>
      <trkpt lat="47.927672" lon="10.123062">
        <ele>636.388456</ele>
        <time>2025-07-11T00:28:49.593Z</time>
      </trkpt>
      <trkpt lat="47.928275" lon="10.122917">
        <ele>635.253654</ele>
        <time>2025-07-11T00:28:59.876Z</time>
      </trkpt>
      <trkpt lat="47.928675" lon="10.122554">
        <ele>634.383854</ele>
        <time>2025-07-11T00:29:07.175Z</time>
      </trkpt>
      <trkpt lat="47.929634" lon="10.121626">
        <ele>631.545479</ele>
        <time>2025-07-11T00:29:18.733Z</time>
      </trkpt>
      <trkpt lat="47.930100" lon="10.121176">
        <ele>629.835220</ele>
        <time>2025-07-11T00:29:24.251Z</time>
      </trkpt>
      <trkpt lat="47.930549" lon="10.120902">
        <ele>628.340519</ele>
        <time>2025-07-11T00:29:29.191Z</time>
      </trkpt>
      <trkpt lat="47.930960" lon="10.120742">
        <ele>628.259590</ele>
        <time>2025-07-11T00:29:33.676Z</time>
      </trkpt>
      <trkpt lat="47.931253" lon="10.120697">
        <ele>628.795526</ele>
        <time>2025-07-11T00:29:36.996Z</time>
      </trkpt>
      <trkpt lat="47.931612" lon="10.120766">
        <ele>629.454130</ele>
        <time>2025-07-11T00:29:42.417Z</time>
      </trkpt>
      <trkpt lat="47.931965" lon="10.120966">
        <ele>630.141144</ele>
        <time>2025-07-11T00:29:52.466Z</time>
      </trkpt>
      <trkpt lat="47.932353" lon="10.121315">
        <ele>630.965416</ele>
        <time>2025-07-11T00:30:09.041Z</time>
      </trkpt>
      <trkpt lat="47.932359" lon="10.121321">
        <ele>630.978557</ele>
        <time>2025-07-11T00:30:09.354Z</time>
      </trkpt>
      <trkpt lat="47.932431" lon="10.121386">
        <ele>631.289070</ele>
        <time>2025-07-11T00:30:12.937Z</time>
      </trkpt>
      <trkpt lat="47.932707" lon="10.121771">
        <ele>633.934266</ele>
        <time>2025-07-11T00:30:30.026Z</time>
      </trkpt>
      <trkpt lat="47.932888" lon="10.122119">
        <ele>636.001045</ele>
        <time>2025-07-11T00:30:44.785Z</time>
      </trkpt>
      <trkpt lat="47.933099" lon="10.122385">
        <ele>637.934961</ele>
        <time>2025-07-11T00:30:59.070Z</time>
      </trkpt>
      <trkpt lat="47.933378" lon="10.122472">
        <ele>639.930702</ele>
        <time>2025-07-11T00:31:13.603Z</time>
      </trkpt>
      <trkpt lat="47.933881" lon="10.122793">
        <ele>643.683554</ele>
        <time>2025-07-11T00:31:35.256Z</time>
      </trkpt>
      <trkpt lat="47.934310" lon="10.123420">
        <ele>644.288131</ele>
        <time>2025-07-11T00:31:51.188Z</time>
      </trkpt>
      <trkpt lat="47.934602" lon="10.123795">
        <ele>644.676006</ele>
        <time>2025-07-11T00:31:58.152Z</time>
      </trkpt>
      <trkpt lat="47.934630" lon="10.123830">
        <ele>644.712780</ele>
        <time>2025-07-11T00:31:58.682Z</time>
      </trkpt>
      <trkpt lat="47.934796" lon="10.124035">
        <ele>644.929723</ele>
        <time>2025-07-11T00:32:02.735Z</time>
      </trkpt>
      <trkpt lat="47.937866" lon="10.127009">
        <ele>639.764014</ele>
        <time>2025-07-11T00:33:00.686Z</time>
      </trkpt>
      <trkpt lat="47.938353" lon="10.127621">
        <ele>638.823073</ele>
        <time>2025-07-11T00:33:11.195Z</time>
      </trkpt>
      <trkpt lat="47.938734" lon="10.128188">
        <ele>638.478733</ele>
        <time>2025-07-11T00:33:20.659Z</time>
      </trkpt>
      <trkpt lat="47.939002" lon="10.128693">
        <ele>638.202495</ele>
        <time>2025-07-11T00:33:28.704Z</time>
      </trkpt>
      <trkpt lat="47.939118" lon="10.129057">
        <ele>638.029663</ele>
        <time>2025-07-11T00:33:34.012Z</time>
      </trkpt>
      <trkpt lat="47.939658" lon="10.131502">
        <ele>637.403448</ele>
        <time>2025-07-11T00:34:07.349Z</time>
      </trkpt>
      <trkpt lat="47.939712" lon="10.131714">
        <ele>637.361313</ele>
        <time>2025-07-11T00:34:10.210Z</time>
      </trkpt>
      <trkpt lat="47.939773" lon="10.131843">
        <ele>637.331980</ele>
        <time>2025-07-11T00:34:12.198Z</time>
      </trkpt>
      <trkpt lat="47.939956" lon="10.132006">
        <ele>637.272885</ele>
        <time>2025-07-11T00:34:16.203Z</time>
      </trkpt>
      <trkpt lat="47.940115" lon="10.132060">
        <ele>637.254685</ele>
        <time>2025-07-11T00:34:19.281Z</time>
      </trkpt>
      <trkpt lat="47.941063" lon="10.132019">
        <ele>637.160250</ele>
        <time>2025-07-11T00:34:37.819Z</time>
      </trkpt>
      <trkpt lat="47.941278" lon="10.132073">
        <ele>637.138541</ele>
        <time>2025-07-11T00:34:42.351Z</time>
      </trkpt>
      <trkpt lat="47.941401" lon="10.132160">
        <ele>637.124988</ele>
        <time>2025-07-11T00:34:45.188Z</time>
      </trkpt>
      <trkpt lat="47.941477" lon="10.132454">
        <ele>637.103968</ele>
        <time>2025-07-11T00:34:48.387Z</time>
      </trkpt>
      <trkpt lat="47.941531" lon="10.133212">
        <ele>637.122984</ele>
        <time>2025-07-11T00:34:55.984Z</time>
      </trkpt>
      <trkpt lat="47.941769" lon="10.135199">
        <ele>637.238490</ele>
        <time>2025-07-11T00:35:16.360Z</time>
      </trkpt>
      <trkpt lat="47.942630" lon="10.134829">
        <ele>637.329174</ele>
        <time>2025-07-11T00:35:30.721Z</time>
      </trkpt>
      <trkpt lat="47.943029" lon="10.134697">
        <ele>637.371075</ele>
        <time>2025-07-11T00:35:37.361Z</time>
      </trkpt>
      <trkpt lat="47.943367" lon="10.134632">
        <ele>637.406016</ele>
        <time>2025-07-11T00:35:42.681Z</time>
      </trkpt>
      <trkpt lat="47.943891" lon="10.134640">
        <ele>637.144351</ele>
        <time>2025-07-11T00:35:49.749Z</time>
      </trkpt>
      <trkpt lat="47.944264" lon="10.134622">
        <ele>636.792864</ele>
        <time>2025-07-11T00:35:54.420Z</time>
      </trkpt>
      <trkpt lat="47.945047" lon="10.134833">
        <ele>636.043491</ele>
        <time>2025-07-11T00:36:03.952Z</time>
      </trkpt>
      <trkpt lat="47.945237" lon="10.134818">
        <ele>635.864293</ele>
        <time>2025-07-11T00:36:06.174Z</time>
      </trkpt>
      <trkpt lat="47.945316" lon="10.134748">
        <ele>635.777769</ele>
        <time>2025-07-11T00:36:07.233Z</time>
      </trkpt>
      <trkpt lat="47.946336" lon="10.135538">
        <ele>634.538663</ele>
        <time>2025-07-11T00:36:20.748Z</time>
      </trkpt>
      <trkpt lat="47.946724" lon="10.135876">
        <ele>634.051714</ele>
        <time>2025-07-11T00:36:26.350Z</time>
      </trkpt>
      <trkpt lat="47.947120" lon="10.136287">
        <ele>633.639910</ele>
        <time>2025-07-11T00:36:32.511Z</time>
      </trkpt>
      <trkpt lat="47.947705" lon="10.136728">
        <ele>633.237342</ele>
        <time>2025-07-11T00:36:41.106Z</time>
      </trkpt>
      <trkpt lat="47.949978" lon="10.138064">
        <ele>631.811658</ele>
        <time>2025-07-11T00:37:13.034Z</time>
      </trkpt>
      <trkpt lat="47.950756" lon="10.138775">
        <ele>631.380100</ele>
        <time>2025-07-11T00:37:25.057Z</time>
      </trkpt>
      <trkpt lat="47.951545" lon="10.139677">
        <ele>630.947130</ele>
        <time>2025-07-11T00:37:38.560Z</time>
      </trkpt>
      <trkpt lat="47.951884" lon="10.139998">
        <ele>630.751270</ele>
        <time>2025-07-11T00:37:43.999Z</time>
      </trkpt>
      <trkpt lat="47.952473" lon="10.140438">
        <ele>630.408167</ele>
        <time>2025-07-11T00:37:52.559Z</time>
      </trkpt>
      <trkpt lat="47.953679" lon="10.141157">
        <ele>629.824923</ele>
        <time>2025-07-11T00:38:09.574Z</time>
      </trkpt>
      <trkpt lat="47.954139" lon="10.141610">
        <ele>629.664933</ele>
        <time>2025-07-11T00:38:17.325Z</time>
      </trkpt>
      <trkpt lat="47.954360" lon="10.141923">
        <ele>629.576493</ele>
        <time>2025-07-11T00:38:21.738Z</time>
      </trkpt>
      <trkpt lat="47.954511" lon="10.142235">
        <ele>629.501642</ele>
        <time>2025-07-11T00:38:25.539Z</time>
      </trkpt>
      <trkpt lat="47.955102" lon="10.143249">
        <ele>629.162426</ele>
        <time>2025-07-11T00:38:38.105Z</time>
      </trkpt>
      <trkpt lat="47.955493" lon="10.143976">
        <ele>628.902658</ele>
        <time>2025-07-11T00:38:46.353Z</time>
      </trkpt>
      <trkpt lat="47.956002" lon="10.144739">
        <ele>628.570229</ele>
        <time>2025-07-11T00:38:55.760Z</time>
      </trkpt>
      <trkpt lat="47.956186" lon="10.145063">
        <ele>628.396520</ele>
        <time>2025-07-11T00:38:59.455Z</time>
      </trkpt>
      <trkpt lat="47.956656" lon="10.146021">
        <ele>627.910919</ele>
        <time>2025-07-11T00:39:09.795Z</time>
      </trkpt>
      <trkpt lat="47.957309" lon="10.147202">
        <ele>627.246622</ele>
        <time>2025-07-11T00:39:23.145Z</time>
      </trkpt>
      <trkpt lat="47.957716" lon="10.148121">
        <ele>626.736774</ele>
        <time>2025-07-11T00:39:32.609Z</time>
      </trkpt>
      <trkpt lat="47.958042" lon="10.148778">
        <ele>626.358390</ele>
        <time>2025-07-11T00:39:39.513Z</time>
      </trkpt>
      <trkpt lat="47.958746" lon="10.149867">
        <ele>625.503765</ele>
        <time>2025-07-11T00:39:52.121Z</time>
      </trkpt>
      <trkpt lat="47.959677" lon="10.151032">
        <ele>624.406373</ele>
        <time>2025-07-11T00:40:07.344Z</time>
      </trkpt>
      <trkpt lat="47.960417" lon="10.151883">
        <ele>623.455613</ele>
        <time>2025-07-11T00:40:18.787Z</time>
      </trkpt>
      <trkpt lat="47.960860" lon="10.152301">
        <ele>622.929638</ele>
        <time>2025-07-11T00:40:25.085Z</time>
      </trkpt>
      <trkpt lat="47.961529" lon="10.152850">
        <ele>622.268431</ele>
        <time>2025-07-11T00:40:34.243Z</time>
      </trkpt>
      <trkpt lat="47.961787" lon="10.153112">
        <ele>621.998182</ele>
        <time>2025-07-11T00:40:38.052Z</time>
      </trkpt>
      <trkpt lat="47.961944" lon="10.153317">
        <ele>621.817539</ele>
        <time>2025-07-11T00:40:40.637Z</time>
      </trkpt>
      <trkpt lat="47.962002" lon="10.153395">
        <ele>621.749932</ele>
        <time>2025-07-11T00:40:41.616Z</time>
      </trkpt>
      <trkpt lat="47.963042" lon="10.155408">
        <ele>621.025499</ele>
        <time>2025-07-11T00:41:04.711Z</time>
      </trkpt>
      <trkpt lat="47.963232" lon="10.155724">
        <ele>620.941432</ele>
        <time>2025-07-11T00:41:09.054Z</time>
      </trkpt>
      <trkpt lat="47.963491" lon="10.156020">
        <ele>620.806911</ele>
        <time>2025-07-11T00:41:13.925Z</time>
      </trkpt>
      <trkpt lat="47.963971" lon="10.156467">
        <ele>620.469662</ele>
        <time>2025-07-11T00:41:22.126Z</time>
      </trkpt>
      <trkpt lat="47.964638" lon="10.157197">
        <ele>619.976652</ele>
        <time>2025-07-11T00:41:32.780Z</time>
      </trkpt>
      <trkpt lat="47.965303" lon="10.157815">
        <ele>618.933757</ele>
        <time>2025-07-11T00:41:41.931Z</time>
      </trkpt>
      <trkpt lat="47.965414" lon="10.157886">
        <ele>618.723776</ele>
        <time>2025-07-11T00:41:43.296Z</time>
      </trkpt>
      <trkpt lat="47.965678" lon="10.158229">
        <ele>618.115290</ele>
        <time>2025-07-11T00:41:47.239Z</time>
      </trkpt>
      <trkpt lat="47.966327" lon="10.158802">
        <ele>616.804262</ele>
        <time>2025-07-11T00:41:55.468Z</time>
      </trkpt>
      <trkpt lat="47.966491" lon="10.159029">
        <ele>616.627567</ele>
        <time>2025-07-11T00:41:57.850Z</time>
      </trkpt>
      <trkpt lat="47.966876" lon="10.159662">
        <ele>616.422965</ele>
        <time>2025-07-11T00:42:04.102Z</time>
      </trkpt>
      <trkpt lat="47.967156" lon="10.159961">
        <ele>616.299969</ele>
        <time>2025-07-11T00:42:08.392Z</time>
      </trkpt>
      <trkpt lat="47.967258" lon="10.159975">
        <ele>616.263368</ele>
        <time>2025-07-11T00:42:09.965Z</time>
      </trkpt>
      <trkpt lat="47.967352" lon="10.160235">
        <ele>616.192674</ele>
        <time>2025-07-11T00:42:13.284Z</time>
      </trkpt>
      <trkpt lat="47.967258" lon="10.159975">
        <ele>616.121979</ele>
        <time>2025-07-11T00:42:17.390Z</time>
      </trkpt>
      <trkpt lat="47.967448" lon="10.159655">
        <ele>616.137125</ele>
        <time>2025-07-11T00:42:24.076Z</time>
      </trkpt>
      <trkpt lat="47.967664" lon="10.159361">
        <ele>616.643811</ele>
        <time>2025-07-11T00:42:31.357Z</time>
      </trkpt>
      <trkpt lat="47.968088" lon="10.158952">
        <ele>617.518933</ele>
        <time>2025-07-11T00:42:44.832Z</time>
      </trkpt>
      <trkpt lat="47.968248" lon="10.158708">
        <ele>617.915397</ele>
        <time>2025-07-11T00:42:50.608Z</time>
      </trkpt>
      <trkpt lat="47.968521" lon="10.158271">
        <ele>618.609212</ele>
        <time>2025-07-11T00:42:59.385Z</time>
      </trkpt>
      <trkpt lat="47.968892" lon="10.157786">
        <ele>619.018882</ele>
        <time>2025-07-11T00:43:07.219Z</time>
      </trkpt>
      <trkpt lat="47.969197" lon="10.157210">
        <ele>618.630558</ele>
        <time>2025-07-11T00:43:13.254Z</time>
      </trkpt>
      <trkpt lat="47.969629" lon="10.156717">
        <ele>618.201176</ele>
        <time>2025-07-11T00:43:19.961Z</time>
      </trkpt>
      <trkpt lat="47.970466" lon="10.155989">
        <ele>616.871411</ele>
        <time>2025-07-11T00:43:31.351Z</time>
      </trkpt>
      <trkpt lat="47.971078" lon="10.155262">
        <ele>615.096722</ele>
        <time>2025-07-11T00:43:40.238Z</time>
      </trkpt>
      <trkpt lat="47.971280" lon="10.154864">
        <ele>614.337842</ele>
        <time>2025-07-11T00:43:43.707Z</time>
      </trkpt>
      <trkpt lat="47.971517" lon="10.154197">
        <ele>612.672484</ele>
        <time>2025-07-11T00:43:48.676Z</time>
      </trkpt>
      <trkpt lat="47.971691" lon="10.153916">
        <ele>611.443136</ele>
        <time>2025-07-11T00:43:51.113Z</time>
      </trkpt>
      <trkpt lat="47.971855" lon="10.153791">
        <ele>610.559868</ele>
        <time>2025-07-11T00:43:52.852Z</time>
      </trkpt>
      <trkpt lat="47.972017" lon="10.153744">
        <ele>609.768182</ele>
        <time>2025-07-11T00:43:54.408Z</time>
      </trkpt>
      <trkpt lat="47.972737" lon="10.153652">
        <ele>606.301517</ele>
        <time>2025-07-11T00:44:01.121Z</time>
      </trkpt>
      <trkpt lat="47.973479" lon="10.153305">
        <ele>603.796793</ele>
        <time>2025-07-11T00:44:08.471Z</time>
      </trkpt>
      <trkpt lat="47.973635" lon="10.153148">
        <ele>603.344698</ele>
        <time>2025-07-11T00:44:10.337Z</time>
      </trkpt>
      <trkpt lat="47.973669" lon="10.153107">
        <ele>603.239676</ele>
        <time>2025-07-11T00:44:10.781Z</time>
      </trkpt>
      <trkpt lat="47.973762" lon="10.153002">
        <ele>602.959492</ele>
        <time>2025-07-11T00:44:11.977Z</time>
      </trkpt>
      <trkpt lat="47.974196" lon="10.154021">
        <ele>601.016235</ele>
        <time>2025-07-11T00:44:25.213Z</time>
      </trkpt>
      <trkpt lat="47.974322" lon="10.154276">
        <ele>600.960948</ele>
        <time>2025-07-11T00:44:29.930Z</time>
      </trkpt>
      <trkpt lat="47.974818" lon="10.155282">
        <ele>603.572600</ele>
        <time>2025-07-11T00:44:55.375Z</time>
      </trkpt>
      <trkpt lat="47.974904" lon="10.155479">
        <ele>604.064214</ele>
        <time>2025-07-11T00:45:00.348Z</time>
      </trkpt>
      <trkpt lat="47.975148" lon="10.156118">
        <ele>605.601942</ele>
        <time>2025-07-11T00:45:17.389Z</time>
      </trkpt>
      <trkpt lat="47.975927" lon="10.158673">
        <ele>613.079132</ele>
        <time>2025-07-11T00:46:20.367Z</time>
      </trkpt>
      <trkpt lat="47.976124" lon="10.159184">
        <ele>613.986301</ele>
        <time>2025-07-11T00:46:29.036Z</time>
      </trkpt>
      <trkpt lat="47.976516" lon="10.160074">
        <ele>614.845472</ele>
        <time>2025-07-11T00:46:41.417Z</time>
      </trkpt>
      <trkpt lat="47.976718" lon="10.160526">
        <ele>615.283755</ele>
        <time>2025-07-11T00:46:46.667Z</time>
      </trkpt>
      <trkpt lat="47.977178" lon="10.161580">
        <ele>616.275428</ele>
        <time>2025-07-11T00:47:03.363Z</time>
      </trkpt>
      <trkpt lat="47.977353" lon="10.161561">
        <ele>616.475777</ele>
        <time>2025-07-11T00:47:07.136Z</time>
      </trkpt>
      <trkpt lat="47.978020" lon="10.161480">
        <ele>617.239899</ele>
        <time>2025-07-11T00:47:20.849Z</time>
      </trkpt>
      <trkpt lat="47.978012" lon="10.161356">
        <ele>617.335119</ele>
        <time>2025-07-11T00:47:22.432Z</time>
      </trkpt>
      <trkpt lat="47.977962" lon="10.161350">
        <ele>617.392395</ele>
        <time>2025-07-11T00:47:23.433Z</time>
      </trkpt>
      <trkpt lat="47.978012" lon="10.161356">
        <ele>617.449671</ele>
        <time>2025-07-11T00:47:26.888Z</time>
      </trkpt>
      <trkpt lat="47.978005" lon="10.161254">
        <ele>617.528045</ele>
        <time>2025-07-11T00:47:28.121Z</time>
      </trkpt>
      <trkpt lat="47.977857" lon="10.160818">
        <ele>617.901708</ele>
        <time>2025-07-11T00:47:34.384Z</time>
      </trkpt>
      <trkpt lat="47.977546" lon="10.159901">
        <ele>617.881524</ele>
        <time>2025-07-11T00:47:45.414Z</time>
      </trkpt>
      <trkpt lat="47.977510" lon="10.159776">
        <ele>617.877570</ele>
        <time>2025-07-11T00:47:46.701Z</time>
      </trkpt>
      <trkpt lat="47.977490" lon="10.159569">
        <ele>617.871491</ele>
        <time>2025-07-11T00:47:48.771Z</time>
      </trkpt>
      <trkpt lat="47.977511" lon="10.159369">
        <ele>617.865608</ele>
        <time>2025-07-11T00:47:50.748Z</time>
      </trkpt>
      <trkpt lat="47.977570" lon="10.159188">
        <ele>617.859757</ele>
        <time>2025-07-11T00:47:52.684Z</time>
      </trkpt>
      <trkpt lat="47.977726" lon="10.158943">
        <ele>617.849931</ele>
        <time>2025-07-11T00:47:55.815Z</time>
      </trkpt>
      <trkpt lat="47.978017" lon="10.158593">
        <ele>617.833712</ele>
        <time>2025-07-11T00:48:00.744Z</time>
      </trkpt>
      <trkpt lat="47.978598" lon="10.157919">
        <ele>617.832959</ele>
        <time>2025-07-11T00:48:09.701Z</time>
      </trkpt>
      <trkpt lat="47.979157" lon="10.157355">
        <ele>617.832959</ele>
        <time>2025-07-11T00:48:17.534Z</time>
      </trkpt>
      <trkpt lat="47.979329" lon="10.157232">
        <ele>617.832959</ele>
        <time>2025-07-11T00:48:19.797Z</time>
      </trkpt>
      <trkpt lat="47.979371" lon="10.157190">
        <ele>617.832959</ele>
        <time>2025-07-11T00:48:20.410Z</time>
      </trkpt>
      <trkpt lat="47.979390" lon="10.157243">
        <ele>617.832959</ele>
        <time>2025-07-11T00:48:23.185Z</time>
      </trkpt>
    </trkseg>
  </trk>
</gpx>